sample_id,source_dataset,participant_id,label_lsm,label_group,label_status,split_external,video_internal_path,source_filename_stem,feature_status,feature_path,feature_error
mendeley_labeled15_P01_be5d0f3e7cd2a007,5s4mt7xrd9.1,P01,a,dactylology,accepted,train,Mexican Sign Languages Dactylology and Ten First Numbers - Labeled images and videos. From person #1 to #5/persona_1/Ciclo_1_5_Derecha/Ciclo_1_5_Derecha_a.mp4,Ciclo_1_5_Derecha_a,pending,,
mendeley_labeled15_P01_585a1dbe4cab96a4,5s4mt7xrd9.1,P01,a,dactylology,accepted,train,Mexican Sign Languages Dactylology and Ten First Numbers - Labeled images and videos. From person #1 to #5/persona_1/Ciclo_1_5_Izquierda/Ciclo_1_5_Izquierda_a.mp4,Ciclo_1_5_Izquierda_a,pending,,
mendeley_labeled15_P01_869b602446e8c7ff,5s4mt7xrd9.1,P01,a,dactylology,accepted,train,Mexican Sign Languages Dactylology and Ten First Numbers - Labeled images and videos. From person #1 to #5/persona_1/Ciclo_2_5_Derecha/Ciclo_2_5_Derecha_a.mp4,Ciclo_2_5_Derecha_a,pending,,
mendeley_labeled15_P01_713561ef8d9a5b24,5s4mt7xrd9.1,P01,a,dactylology,accepted,train,Mexican Sign Languages Dactylology and Ten First Numbers - Labeled images and videos. From person #1 to #5/persona_1/Ciclo_2_5_Izquierda/Ciclo_2_5_Izquierda_a.mp4,Ciclo_2_5_Izquierda_a,pending,,
mendeley_labeled15_P01_9dc52e75df670fb2,5s4mt7xrd9.1,P01,a,dactylology,accepted,train,Mexican Sign Languages Dactylology and Ten First Numbers - Labeled images and videos. From person #1 to #5/persona_1/Ciclo_3_5_Derecha/Ciclo_3_5_Derecha_a.mp4,Ciclo_3_5_Derecha_a,pending,,
mendeley_labeled15_P01_41a43569787d0edf,5s4mt7xrd9.1,P01,a,dactylology,accepted,train,Mexican Sign Languages Dactylology and Ten First Numbers - Labeled images and videos. From person #1 to #5/persona_1/Ciclo_3_5_Izquierda/Ciclo_3_5_Izquierda_a.mp4,Ciclo_3_5_Izquierda_a,pending,,
mendeley_labeled15_P01_6240ea136ba239f1,5s4mt7xrd9.1,P01,a,dactylology,accepted,train,Mexican Sign Languages Dactylology and Ten First Numbers - Labeled images and videos. From person #1 to #5/persona_1/Ciclo_4_5_Derecha/Ciclo_4_5_Derecha_a.mp4,Ciclo_4_5_Derecha_a,pending,,
mendeley_labeled15_P01_a279a7d2a68ec246,5s4mt7xrd9.1,P01,a,dactylology,accepted,train,Mexican Sign Languages Dactylology and Ten First Numbers - Labeled images and videos. From person #1 to #5/persona_1/Ciclo_4_5_Izquierda/Ciclo_4_5_Izquierda_a.mp4,Ciclo_4_5_Izquierda_a,pending,,
mendeley_labeled15_P01_95c8eec77c790374,5s4mt7xrd9.1,P01,a,dactylology,accepted,train,Mexican Sign Languages Dactylology and Ten First Numbers - Labeled images and videos. From person #1 to #5/persona_1/Ciclo_5_5_Derecha/Ciclo_5_5_Derecha_a.mp4,Ciclo_5_5_Derecha_a,pending,,
mendeley_labeled15_P01_81f230160b7b1d56,5s4mt7xrd9.1,P01,a,dactylology,accepted,train,Mexican Sign Languages Dactylology and Ten First Numbers - Labeled images and videos. From person #1 to #5/persona_1/Ciclo_5_5_Izquierda/Ciclo_5_5_Izquierda_a.mp4,Ciclo_5_5_Izquierda_a,pending,,
mendeley_labeled15_P01_d4728572d445905e,5s4mt7xrd9.1,P01,b,dactylology,accepted,train,Mexican Sign Languages Dactylology and Ten First Numbers - Labeled images and videos. From person #1 to #5/persona_1/Ciclo_1_5_Derecha/Ciclo_1_5_Derecha_b.mp4,Ciclo_1_5_Derecha_b,pending,,
mendeley_labeled15_P01_68b93bad65a70d64,5s4mt7xrd9.1,P01,b,dactylology,accepted,train,Mexican Sign Languages Dactylology and Ten First Numbers - Labeled images and videos. From person #1 to #5/persona_1/Ciclo_1_5_Izquierda/Ciclo_1_5_Izquierda_b.mp4,Ciclo_1_5_Izquierda_b,pending,,
mendeley_labeled15_P01_8bd6711101f03cf4,5s4mt7xrd9.1,P01,b,dactylology,accepted,train,Mexican Sign Languages Dactylology and Ten First Numbers - Labeled images and videos. From person #1 to #5/persona_1/Ciclo_2_5_Derecha/Ciclo_2_5_Derecha_b.mp4,Ciclo_2_5_Derecha_b,pending,,
mendeley_labeled15_P01_42221b1c6dc29b64,5s4mt7xrd9.1,P01,b,dactylology,accepted,train,Mexican Sign Languages Dactylology and Ten First Numbers - Labeled images and videos. From person #1 to #5/persona_1/Ciclo_2_5_Izquierda/Ciclo_2_5_Izquierda_b.mp4,Ciclo_2_5_Izquierda_b,pending,,
mendeley_labeled15_P01_b1f3871f30d1c849,5s4mt7xrd9.1,P01,b,dactylology,accepted,train,Mexican Sign Languages Dactylology and Ten First Numbers - Labeled images and videos. From person #1 to #5/persona_1/Ciclo_3_5_Derecha/Ciclo_3_5_Derecha_b.mp4,Ciclo_3_5_Derecha_b,pending,,
mendeley_labeled15_P01_27fabd2a50b09dae,5s4mt7xrd9.1,P01,b,dactylology,accepted,train,Mexican Sign Languages Dactylology and Ten First Numbers - Labeled images and videos. From person #1 to #5/persona_1/Ciclo_3_5_Izquierda/Ciclo_3_5_Izquierda_b.mp4,Ciclo_3_5_Izquierda_b,pending,,
mendeley_labeled15_P01_e34d7048f26a7c68,5s4mt7xrd9.1,P01,b,dactylology,accepted,train,Mexican Sign Languages Dactylology and Ten First Numbers - Labeled images and videos. From person #1 to #5/persona_1/Ciclo_4_5_Derecha/Ciclo_4_5_Derecha_b.mp4,Ciclo_4_5_Derecha_b,pending,,
mendeley_labeled15_P01_4cd628f8a1e683d3,5s4mt7xrd9.1,P01,b,dactylology,accepted,train,Mexican Sign Languages Dactylology and Ten First Numbers - Labeled images and videos. From person #1 to #5/persona_1/Ciclo_4_5_Izquierda/Ciclo_4_5_Izquierda_b.mp4,Ciclo_4_5_Izquierda_b,pending,,
mendeley_labeled15_P01_ae08387ad5841a5b,5s4mt7xrd9.1,P01,b,dactylology,accepted,train,Mexican Sign Languages Dactylology and Ten First Numbers - Labeled images and videos. From person #1 to #5/persona_1/Ciclo_5_5_Derecha/Ciclo_5_5_Derecha_b.mp4,Ciclo_5_5_Derecha_b,pending,,
mendeley_labeled15_P01_bf8a5ea5234ed12a,5s4mt7xrd9.1,P01,b,dactylology,accepted,train,Mexican Sign Languages Dactylology and Ten First Numbers - Labeled images and videos. From person #1 to #5/persona_1/Ciclo_5_5_Izquierda/Ciclo_5_5_Izquierda_b.mp4,Ciclo_5_5_Izquierda_b,pending,,
mendeley_labeled15_P01_85dc38c1e0ebbc1e,5s4mt7xrd9.1,P01,c,dactylology,accepted,train,Mexican Sign Languages Dactylology and Ten First Numbers - Labeled images and videos. From person #1 to #5/persona_1/Ciclo_1_5_Derecha/Ciclo_1_5_Derecha_c.mp4,Ciclo_1_5_Derecha_c,pending,,
mendeley_labeled15_P01_d7dbf6667c9b5ec1,5s4mt7xrd9.1,P01,c,dactylology,accepted,train,Mexican Sign Languages Dactylology and Ten First Numbers - Labeled images and videos. From person #1 to #5/persona_1/Ciclo_1_5_Izquierda/Ciclo_1_5_Izquierda_c.mp4,Ciclo_1_5_Izquierda_c,pending,,
mendeley_labeled15_P01_55dc420165704271,5s4mt7xrd9.1,P01,c,dactylology,accepted,train,Mexican Sign Languages Dactylology and Ten First Numbers - Labeled images and videos. From person #1 to #5/persona_1/Ciclo_2_5_Derecha/Ciclo_2_5_Derecha_c.mp4,Ciclo_2_5_Derecha_c,pending,,
mendeley_labeled15_P01_2b54d53c51fe2cc8,5s4mt7xrd9.1,P01,c,dactylology,accepted,train,Mexican Sign Languages Dactylology and Ten First Numbers - Labeled images and videos. From person #1 to #5/persona_1/Ciclo_2_5_Izquierda/Ciclo_2_5_Izquierda_c.mp4,Ciclo_2_5_Izquierda_c,pending,,
mendeley_labeled15_P01_fa95b90e6fac6e60,5s4mt7xrd9.1,P01,c,dactylology,accepted,train,Mexican Sign Languages Dactylology and Ten First Numbers - Labeled images and videos. From person #1 to #5/persona_1/Ciclo_3_5_Derecha/Ciclo_3_5_Derecha_c.mp4,Ciclo_3_5_Derecha_c,pending,,
mendeley_labeled15_P01_d38563ceea55e508,5s4mt7xrd9.1,P01,c,dactylology,accepted,train,Mexican Sign Languages Dactylology and Ten First Numbers - Labeled images and videos. From person #1 to #5/persona_1/Ciclo_3_5_Izquierda/Ciclo_3_5_Izquierda_c.mp4,Ciclo_3_5_Izquierda_c,pending,,
mendeley_labeled15_P01_f77bd4a46c095d1a,5s4mt7xrd9.1,P01,c,dactylology,accepted,train,Mexican Sign Languages Dactylology and Ten First Numbers - Labeled images and videos. From person #1 to #5/persona_1/Ciclo_4_5_Derecha/Ciclo_4_5_Derecha_c.mp4,Ciclo_4_5_Derecha_c,pending,,
mendeley_labeled15_P01_c8b8ee1d6d380d9b,5s4mt7xrd9.1,P01,c,dactylology,accepted,train,Mexican Sign Languages Dactylology and Ten First Numbers - Labeled images and videos. From person #1 to #5/persona_1/Ciclo_4_5_Izquierda/Ciclo_4_5_Izquierda_c.mp4,Ciclo_4_5_Izquierda_c,pending,,
mendeley_labeled15_P01_1204375e0af18c05,5s4mt7xrd9.1,P01,c,dactylology,accepted,train,Mexican Sign Languages Dactylology and Ten First Numbers - Labeled images and videos. From person #1 to #5/persona_1/Ciclo_5_5_Derecha/Ciclo_5_5_Derecha_c.mp4,Ciclo_5_5_Derecha_c,pending,,
mendeley_labeled15_P01_a4ad5dab0640e1d9,5s4mt7xrd9.1,P01,c,dactylology,accepted,train,Mexican Sign Languages Dactylology and Ten First Numbers - Labeled images and videos. From person #1 to #5/persona_1/Ciclo_5_5_Izquierda/Ciclo_5_5_Izquierda_c.mp4,Ciclo_5_5_Izquierda_c,pending,,
mendeley_labeled15_P01_1b0a5e76733d1955,5s4mt7xrd9.1,P01,d,dactylology,accepted,train,Mexican Sign Languages Dactylology and Ten First Numbers - Labeled images and videos. From person #1 to #5/persona_1/Ciclo_1_5_Derecha/Ciclo_1_5_Derecha_d.mp4,Ciclo_1_5_Derecha_d,pending,,
mendeley_labeled15_P01_cc2eacaa6791e197,5s4mt7xrd9.1,P01,d,dactylology,accepted,train,Mexican Sign Languages Dactylology and Ten First Numbers - Labeled images and videos. From person #1 to #5/persona_1/Ciclo_1_5_Izquierda/Ciclo_1_5_Izquierda_d.mp4,Ciclo_1_5_Izquierda_d,pending,,
mendeley_labeled15_P01_60d15985e012d306,5s4mt7xrd9.1,P01,d,dactylology,accepted,train,Mexican Sign Languages Dactylology and Ten First Numbers - Labeled images and videos. From person #1 to #5/persona_1/Ciclo_2_5_Derecha/Ciclo_2_5_Derecha_d.mp4,Ciclo_2_5_Derecha_d,pending,,
mendeley_labeled15_P01_6d76a76d558326c6,5s4mt7xrd9.1,P01,d,dactylology,accepted,train,Mexican Sign Languages Dactylology and Ten First Numbers - Labeled images and videos. From person #1 to #5/persona_1/Ciclo_2_5_Izquierda/Ciclo_2_5_Izquierda_d.mp4,Ciclo_2_5_Izquierda_d,pending,,
mendeley_labeled15_P01_03e1c189d87cace2,5s4mt7xrd9.1,P01,d,dactylology,accepted,train,Mexican Sign Languages Dactylology and Ten First Numbers - Labeled images and videos. From person #1 to #5/persona_1/Ciclo_3_5_Derecha/Ciclo_3_5_Derecha_d.mp4,Ciclo_3_5_Derecha_d,pending,,
mendeley_labeled15_P01_3386cd13efad8771,5s4mt7xrd9.1,P01,d,dactylology,accepted,train,Mexican Sign Languages Dactylology and Ten First Numbers - Labeled images and videos. From person #1 to #5/persona_1/Ciclo_3_5_Izquierda/Ciclo_3_5_Izquierda_d.mp4,Ciclo_3_5_Izquierda_d,pending,,
mendeley_labeled15_P01_6137b30f9511f4d4,5s4mt7xrd9.1,P01,d,dactylology,accepted,train,Mexican Sign Languages Dactylology and Ten First Numbers - Labeled images and videos. From person #1 to #5/persona_1/Ciclo_4_5_Derecha/Ciclo_4_5_Derecha_d.mp4,Ciclo_4_5_Derecha_d,pending,,
mendeley_labeled15_P01_3616f3663b574170,5s4mt7xrd9.1,P01,d,dactylology,accepted,train,Mexican Sign Languages Dactylology and Ten First Numbers - Labeled images and videos. From person #1 to #5/persona_1/Ciclo_4_5_Izquierda/Ciclo_4_5_Izquierda_d.mp4,Ciclo_4_5_Izquierda_d,pending,,
mendeley_labeled15_P01_b0b2d3e01f88679a,5s4mt7xrd9.1,P01,d,dactylology,accepted,train,Mexican Sign Languages Dactylology and Ten First Numbers - Labeled images and videos. From person #1 to #5/persona_1/Ciclo_5_5_Derecha/Ciclo_5_5_Derecha_d.mp4,Ciclo_5_5_Derecha_d,pending,,
mendeley_labeled15_P01_2b418951275eb305,5s4mt7xrd9.1,P01,d,dactylology,accepted,train,Mexican Sign Languages Dactylology and Ten First Numbers - Labeled images and videos. From person #1 to #5/persona_1/Ciclo_5_5_Izquierda/Ciclo_5_5_Izquierda_d.mp4,Ciclo_5_5_Izquierda_d,pending,,
mendeley_labeled15_P01_9d26ff433a1ecc15,5s4mt7xrd9.1,P01,e,dactylology,accepted,train,Mexican Sign Languages Dactylology and Ten First Numbers - Labeled images and videos. From person #1 to #5/persona_1/Ciclo_1_5_Derecha/Ciclo_1_5_Derecha_e.mp4,Ciclo_1_5_Derecha_e,pending,,
mendeley_labeled15_P01_4dc612631719a104,5s4mt7xrd9.1,P01,e,dactylology,accepted,train,Mexican Sign Languages Dactylology and Ten First Numbers - Labeled images and videos. From person #1 to #5/persona_1/Ciclo_1_5_Izquierda/Ciclo_1_5_Izquierda_e.mp4,Ciclo_1_5_Izquierda_e,pending,,
mendeley_labeled15_P01_c11579e1a868917b,5s4mt7xrd9.1,P01,e,dactylology,accepted,train,Mexican Sign Languages Dactylology and Ten First Numbers - Labeled images and videos. From person #1 to #5/persona_1/Ciclo_2_5_Derecha/Ciclo_2_5_Derecha_e.mp4,Ciclo_2_5_Derecha_e,pending,,
mendeley_labeled15_P01_d23d298bc5d52ec7,5s4mt7xrd9.1,P01,e,dactylology,accepted,train,Mexican Sign Languages Dactylology and Ten First Numbers - Labeled images and videos. From person #1 to #5/persona_1/Ciclo_2_5_Izquierda/Ciclo_2_5_Izquierda_e.mp4,Ciclo_2_5_Izquierda_e,pending,,
mendeley_labeled15_P01_ce83c1892d471d43,5s4mt7xrd9.1,P01,e,dactylology,accepted,train,Mexican Sign Languages Dactylology and Ten First Numbers - Labeled images and videos. From person #1 to #5/persona_1/Ciclo_3_5_Derecha/Ciclo_3_5_Derecha_e.mp4,Ciclo_3_5_Derecha_e,pending,,
mendeley_labeled15_P01_3c4b9497b373466a,5s4mt7xrd9.1,P01,e,dactylology,accepted,train,Mexican Sign Languages Dactylology and Ten First Numbers - Labeled images and videos. From person #1 to #5/persona_1/Ciclo_3_5_Izquierda/Ciclo_3_5_Izquierda_e.mp4,Ciclo_3_5_Izquierda_e,pending,,
mendeley_labeled15_P01_c08540a748c4e7a4,5s4mt7xrd9.1,P01,e,dactylology,accepted,train,Mexican Sign Languages Dactylology and Ten First Numbers - Labeled images and videos. From person #1 to #5/persona_1/Ciclo_4_5_Derecha/Ciclo_4_5_Derecha_e.mp4,Ciclo_4_5_Derecha_e,pending,,
mendeley_labeled15_P01_46096b8ef4bedf75,5s4mt7xrd9.1,P01,e,dactylology,accepted,train,Mexican Sign Languages Dactylology and Ten First Numbers - Labeled images and videos. From person #1 to #5/persona_1/Ciclo_4_5_Izquierda/Ciclo_4_5_Izquierda_e.mp4,Ciclo_4_5_Izquierda_e,pending,,
mendeley_labeled15_P01_90b5edcf8b044351,5s4mt7xrd9.1,P01,e,dactylology,accepted,train,Mexican Sign Languages Dactylology and Ten First Numbers - Labeled images and videos. From person #1 to #5/persona_1/Ciclo_5_5_Derecha/Ciclo_5_5_Derecha_e.mp4,Ciclo_5_5_Derecha_e,pending,,
mendeley_labeled15_P01_6951674f9d0dc5de,5s4mt7xrd9.1,P01,e,dactylology,accepted,train,Mexican Sign Languages Dactylology and Ten First Numbers - Labeled images and videos. From person #1 to #5/persona_1/Ciclo_5_5_Izquierda/Ciclo_5_5_Izquierda_e.mp4,Ciclo_5_5_Izquierda_e,pending,,
mendeley_labeled15_P01_a782884d94698bd9,5s4mt7xrd9.1,P01,f,dactylology,accepted,train,Mexican Sign Languages Dactylology and Ten First Numbers - Labeled images and videos. From person #1 to #5/persona_1/Ciclo_1_5_Derecha/Ciclo_1_5_Derecha_f.mp4,Ciclo_1_5_Derecha_f,pending,,
mendeley_labeled15_P01_f3772487b7385377,5s4mt7xrd9.1,P01,f,dactylology,accepted,train,Mexican Sign Languages Dactylology and Ten First Numbers - Labeled images and videos. From person #1 to #5/persona_1/Ciclo_1_5_Izquierda/Ciclo_1_5_Izquierda_f.mp4,Ciclo_1_5_Izquierda_f,pending,,
mendeley_labeled15_P01_a4cfe4856d099b07,5s4mt7xrd9.1,P01,f,dactylology,accepted,train,Mexican Sign Languages Dactylology and Ten First Numbers - Labeled images and videos. From person #1 to #5/persona_1/Ciclo_2_5_Derecha/Ciclo_2_5_Derecha_f.mp4,Ciclo_2_5_Derecha_f,pending,,
mendeley_labeled15_P01_4cd09df5a4585231,5s4mt7xrd9.1,P01,f,dactylology,accepted,train,Mexican Sign Languages Dactylology and Ten First Numbers - Labeled images and videos. From person #1 to #5/persona_1/Ciclo_2_5_Izquierda/Ciclo_2_5_Izquierda_f.mp4,Ciclo_2_5_Izquierda_f,pending,,
mendeley_labeled15_P01_f2b1850574092d63,5s4mt7xrd9.1,P01,f,dactylology,accepted,train,Mexican Sign Languages Dactylology and Ten First Numbers - Labeled images and videos. From person #1 to #5/persona_1/Ciclo_3_5_Derecha/Ciclo_3_5_Derecha_f.mp4,Ciclo_3_5_Derecha_f,pending,,
mendeley_labeled15_P01_bf890c2803c8c6d3,5s4mt7xrd9.1,P01,f,dactylology,accepted,train,Mexican Sign Languages Dactylology and Ten First Numbers - Labeled images and videos. From person #1 to #5/persona_1/Ciclo_3_5_Izquierda/Ciclo_3_5_Izquierda_f.mp4,Ciclo_3_5_Izquierda_f,pending,,
mendeley_labeled15_P01_7580c502dfab7dc2,5s4mt7xrd9.1,P01,f,dactylology,accepted,train,Mexican Sign Languages Dactylology and Ten First Numbers - Labeled images and videos. From person #1 to #5/persona_1/Ciclo_4_5_Derecha/Ciclo_4_5_Derecha_f.mp4,Ciclo_4_5_Derecha_f,pending,,
mendeley_labeled15_P01_ff68d97df1c3ed79,5s4mt7xrd9.1,P01,f,dactylology,accepted,train,Mexican Sign Languages Dactylology and Ten First Numbers - Labeled images and videos. From person #1 to #5/persona_1/Ciclo_4_5_Izquierda/Ciclo_4_5_Izquierda_f.mp4,Ciclo_4_5_Izquierda_f,pending,,
mendeley_labeled15_P01_d9f3d35e67a11f96,5s4mt7xrd9.1,P01,f,dactylology,accepted,train,Mexican Sign Languages Dactylology and Ten First Numbers - Labeled images and videos. From person #1 to #5/persona_1/Ciclo_5_5_Derecha/Ciclo_5_5_Derecha_f.mp4,Ciclo_5_5_Derecha_f,pending,,
mendeley_labeled15_P01_6d59c82bf90f2fcc,5s4mt7xrd9.1,P01,f,dactylology,accepted,train,Mexican Sign Languages Dactylology and Ten First Numbers - Labeled images and videos. From person #1 to #5/persona_1/Ciclo_5_5_Izquierda/Ciclo_5_5_Izquierda_f.mp4,Ciclo_5_5_Izquierda_f,pending,,
mendeley_labeled15_P01_357f2a1b51e314e3,5s4mt7xrd9.1,P01,g,dactylology,accepted,train,Mexican Sign Languages Dactylology and Ten First Numbers - Labeled images and videos. From person #1 to #5/persona_1/Ciclo_1_5_Derecha/Ciclo_1_5_Derecha_g.mp4,Ciclo_1_5_Derecha_g,pending,,
mendeley_labeled15_P01_8f3e1d92c87d6fdc,5s4mt7xrd9.1,P01,g,dactylology,accepted,train,Mexican Sign Languages Dactylology and Ten First Numbers - Labeled images and videos. From person #1 to #5/persona_1/Ciclo_1_5_Izquierda/Ciclo_1_5_Izquierda_g.mp4,Ciclo_1_5_Izquierda_g,pending,,
mendeley_labeled15_P01_d7903f8700b19665,5s4mt7xrd9.1,P01,g,dactylology,accepted,train,Mexican Sign Languages Dactylology and Ten First Numbers - Labeled images and videos. From person #1 to #5/persona_1/Ciclo_2_5_Derecha/Ciclo_2_5_Derecha_g.mp4,Ciclo_2_5_Derecha_g,pending,,
mendeley_labeled15_P01_f75560086c32e069,5s4mt7xrd9.1,P01,g,dactylology,accepted,train,Mexican Sign Languages Dactylology and Ten First Numbers - Labeled images and videos. From person #1 to #5/persona_1/Ciclo_2_5_Izquierda/Ciclo_2_5_Izquierda_g.mp4,Ciclo_2_5_Izquierda_g,pending,,
mendeley_labeled15_P01_2b7d5aed509b8ea1,5s4mt7xrd9.1,P01,g,dactylology,accepted,train,Mexican Sign Languages Dactylology and Ten First Numbers - Labeled images and videos. From person #1 to #5/persona_1/Ciclo_3_5_Derecha/Ciclo_3_5_derecha_g.mp4,Ciclo_3_5_derecha_g,pending,,
mendeley_labeled15_P01_1ed8390242eaa027,5s4mt7xrd9.1,P01,g,dactylology,accepted,train,Mexican Sign Languages Dactylology and Ten First Numbers - Labeled images and videos. From person #1 to #5/persona_1/Ciclo_3_5_Izquierda/Ciclo_3_5_Izquierda_g.mp4,Ciclo_3_5_Izquierda_g,pending,,
mendeley_labeled15_P01_811995396f0b1869,5s4mt7xrd9.1,P01,g,dactylology,accepted,train,Mexican Sign Languages Dactylology and Ten First Numbers - Labeled images and videos. From person #1 to #5/persona_1/Ciclo_4_5_Derecha/Ciclo_4_5_Derecha_g.mp4,Ciclo_4_5_Derecha_g,pending,,
mendeley_labeled15_P01_13e1c4e38e27fefe,5s4mt7xrd9.1,P01,g,dactylology,accepted,train,Mexican Sign Languages Dactylology and Ten First Numbers - Labeled images and videos. From person #1 to #5/persona_1/Ciclo_4_5_Izquierda/Ciclo_4_5_Izquierda_g.mp4,Ciclo_4_5_Izquierda_g,pending,,
mendeley_labeled15_P01_f5aa4afa66d5ae4c,5s4mt7xrd9.1,P01,g,dactylology,accepted,train,Mexican Sign Languages Dactylology and Ten First Numbers - Labeled images and videos. From person #1 to #5/persona_1/Ciclo_5_5_Derecha/Ciclo_5_5_Derecha_g.mp4,Ciclo_5_5_Derecha_g,pending,,
mendeley_labeled15_P01_f4615a4cd1423276,5s4mt7xrd9.1,P01,g,dactylology,accepted,train,Mexican Sign Languages Dactylology and Ten First Numbers - Labeled images and videos. From person #1 to #5/persona_1/Ciclo_5_5_Izquierda/Ciclo_5_5_Izquierda_g.mp4,Ciclo_5_5_Izquierda_g,pending,,
mendeley_labeled15_P01_ae1e99fefb3031d7,5s4mt7xrd9.1,P01,h,dactylology,accepted,train,Mexican Sign Languages Dactylology and Ten First Numbers - Labeled images and videos. From person #1 to #5/persona_1/Ciclo_1_5_Derecha/Ciclo_1_5_Derecha_h.mp4,Ciclo_1_5_Derecha_h,pending,,
mendeley_labeled15_P01_45fa84e5d15ce05a,5s4mt7xrd9.1,P01,h,dactylology,accepted,train,Mexican Sign Languages Dactylology and Ten First Numbers - Labeled images and videos. From person #1 to #5/persona_1/Ciclo_1_5_Izquierda/Ciclo_1_5_Izquierda_h.mp4,Ciclo_1_5_Izquierda_h,pending,,
mendeley_labeled15_P01_f9411b7921ee713a,5s4mt7xrd9.1,P01,h,dactylology,accepted,train,Mexican Sign Languages Dactylology and Ten First Numbers - Labeled images and videos. From person #1 to #5/persona_1/Ciclo_2_5_Derecha/Ciclo_2_5_Derecha_h.mp4,Ciclo_2_5_Derecha_h,pending,,
mendeley_labeled15_P01_151531c70540af5f,5s4mt7xrd9.1,P01,h,dactylology,accepted,train,Mexican Sign Languages Dactylology and Ten First Numbers - Labeled images and videos. From person #1 to #5/persona_1/Ciclo_2_5_Izquierda/Ciclo_2_5_Izquierda_h.mp4,Ciclo_2_5_Izquierda_h,pending,,
mendeley_labeled15_P01_9e84ea227a6d9d09,5s4mt7xrd9.1,P01,h,dactylology,accepted,train,Mexican Sign Languages Dactylology and Ten First Numbers - Labeled images and videos. From person #1 to #5/persona_1/Ciclo_3_5_Derecha/Ciclo_3_5_Derecha_h.mp4,Ciclo_3_5_Derecha_h,pending,,
mendeley_labeled15_P01_f7bb2ab9776a7b1f,5s4mt7xrd9.1,P01,h,dactylology,accepted,train,Mexican Sign Languages Dactylology and Ten First Numbers - Labeled images and videos. From person #1 to #5/persona_1/Ciclo_3_5_Izquierda/Ciclo_3_5_Izquierda_h.mp4,Ciclo_3_5_Izquierda_h,pending,,
mendeley_labeled15_P01_f5db803ec7ba1a06,5s4mt7xrd9.1,P01,h,dactylology,accepted,train,Mexican Sign Languages Dactylology and Ten First Numbers - Labeled images and videos. From person #1 to #5/persona_1/Ciclo_4_5_Derecha/Ciclo_4_5_Derecha_h.mp4,Ciclo_4_5_Derecha_h,pending,,
mendeley_labeled15_P01_cab38a98f2d0dd1c,5s4mt7xrd9.1,P01,h,dactylology,accepted,train,Mexican Sign Languages Dactylology and Ten First Numbers - Labeled images and videos. From person #1 to #5/persona_1/Ciclo_4_5_Izquierda/Ciclo_4_5_Izquierda_h.mp4,Ciclo_4_5_Izquierda_h,pending,,
mendeley_labeled15_P01_83a60dc39f25d1e9,5s4mt7xrd9.1,P01,h,dactylology,accepted,train,Mexican Sign Languages Dactylology and Ten First Numbers - Labeled images and videos. From person #1 to #5/persona_1/Ciclo_5_5_Derecha/Ciclo_5_5_Derecha_h.mp4,Ciclo_5_5_Derecha_h,pending,,
mendeley_labeled15_P01_071ee78c72b11527,5s4mt7xrd9.1,P01,h,dactylology,accepted,train,Mexican Sign Languages Dactylology and Ten First Numbers - Labeled images and videos. From person #1 to #5/persona_1/Ciclo_5_5_Izquierda/Ciclo_5_5_Izquierda_h.mp4,Ciclo_5_5_Izquierda_h,pending,,
mendeley_labeled15_P01_eab2279d399f8d7b,5s4mt7xrd9.1,P01,i,dactylology,accepted,train,Mexican Sign Languages Dactylology and Ten First Numbers - Labeled images and videos. From person #1 to #5/persona_1/Ciclo_1_5_Derecha/Ciclo_1_5_Derecha_i.mp4,Ciclo_1_5_Derecha_i,pending,,
mendeley_labeled15_P01_8d62aecc970d0516,5s4mt7xrd9.1,P01,i,dactylology,accepted,train,Mexican Sign Languages Dactylology and Ten First Numbers - Labeled images and videos. From person #1 to #5/persona_1/Ciclo_1_5_Izquierda/Ciclo_1_5_Izquierda_i.mp4,Ciclo_1_5_Izquierda_i,pending,,
mendeley_labeled15_P01_eb80315d16009ea9,5s4mt7xrd9.1,P01,i,dactylology,accepted,train,Mexican Sign Languages Dactylology and Ten First Numbers - Labeled images and videos. From person #1 to #5/persona_1/Ciclo_2_5_Derecha/Ciclo_2_5_Derecha_i.mp4,Ciclo_2_5_Derecha_i,pending,,
mendeley_labeled15_P01_bd93ce7ffc29da05,5s4mt7xrd9.1,P01,i,dactylology,accepted,train,Mexican Sign Languages Dactylology and Ten First Numbers - Labeled images and videos. From person #1 to #5/persona_1/Ciclo_2_5_Izquierda/Ciclo_2_5_Izquierda_i.mp4,Ciclo_2_5_Izquierda_i,pending,,
mendeley_labeled15_P01_bfa9f5084c14e03c,5s4mt7xrd9.1,P01,i,dactylology,accepted,train,Mexican Sign Languages Dactylology and Ten First Numbers - Labeled images and videos. From person #1 to #5/persona_1/Ciclo_3_5_Derecha/Ciclo_3_5_Derecha_i.mp4,Ciclo_3_5_Derecha_i,pending,,
mendeley_labeled15_P01_69b4a6df32b7f600,5s4mt7xrd9.1,P01,i,dactylology,accepted,train,Mexican Sign Languages Dactylology and Ten First Numbers - Labeled images and videos. From person #1 to #5/persona_1/Ciclo_3_5_Izquierda/Ciclo_3_5_Izquierda_i.mp4,Ciclo_3_5_Izquierda_i,pending,,
mendeley_labeled15_P01_281b8a01e6746323,5s4mt7xrd9.1,P01,i,dactylology,accepted,train,Mexican Sign Languages Dactylology and Ten First Numbers - Labeled images and videos. From person #1 to #5/persona_1/Ciclo_4_5_Derecha/Ciclo_4_5_Derecha_i.mp4,Ciclo_4_5_Derecha_i,pending,,
mendeley_labeled15_P01_c38f64a28db0b4eb,5s4mt7xrd9.1,P01,i,dactylology,accepted,train,Mexican Sign Languages Dactylology and Ten First Numbers - Labeled images and videos. From person #1 to #5/persona_1/Ciclo_4_5_Izquierda/Ciclo_4_5_Izquierda_i.mp4,Ciclo_4_5_Izquierda_i,pending,,
mendeley_labeled15_P01_a76d357c5ec77bb1,5s4mt7xrd9.1,P01,i,dactylology,accepted,train,Mexican Sign Languages Dactylology and Ten First Numbers - Labeled images and videos. From person #1 to #5/persona_1/Ciclo_5_5_Derecha/Ciclo_5_5_Derecha_i.mp4,Ciclo_5_5_Derecha_i,pending,,
mendeley_labeled15_P01_08dbfcfb8744c240,5s4mt7xrd9.1,P01,i,dactylology,accepted,train,Mexican Sign Languages Dactylology and Ten First Numbers - Labeled images and videos. From person #1 to #5/persona_1/Ciclo_5_5_Izquierda/Ciclo_5_5_Izquierda_i.mp4,Ciclo_5_5_Izquierda_i,pending,,
mendeley_labeled15_P01_b243968db9a85a8f,5s4mt7xrd9.1,P01,j,dactylology,accepted,train,Mexican Sign Languages Dactylology and Ten First Numbers - Labeled images and videos. From person #1 to #5/persona_1/Ciclo_1_5_Derecha/Ciclo_1_5_Derecha_j.mp4,Ciclo_1_5_Derecha_j,pending,,
mendeley_labeled15_P01_65dba3dd89554381,5s4mt7xrd9.1,P01,j,dactylology,accepted,train,Mexican Sign Languages Dactylology and Ten First Numbers - Labeled images and videos. From person #1 to #5/persona_1/Ciclo_1_5_Izquierda/Ciclo_1_5_Izquierda_j.mp4,Ciclo_1_5_Izquierda_j,pending,,
mendeley_labeled15_P01_d3b0fbcc9c36a2c0,5s4mt7xrd9.1,P01,j,dactylology,accepted,train,Mexican Sign Languages Dactylology and Ten First Numbers - Labeled images and videos. From person #1 to #5/persona_1/Ciclo_2_5_Derecha/Ciclo_2_5_Derecha_j.mp4,Ciclo_2_5_Derecha_j,pending,,
mendeley_labeled15_P01_fc567ff888ca694a,5s4mt7xrd9.1,P01,j,dactylology,accepted,train,Mexican Sign Languages Dactylology and Ten First Numbers - Labeled images and videos. From person #1 to #5/persona_1/Ciclo_2_5_Izquierda/Ciclo_2_5_Izquierda_j.mp4,Ciclo_2_5_Izquierda_j,pending,,
mendeley_labeled15_P01_f3bcf798ed118b55,5s4mt7xrd9.1,P01,j,dactylology,accepted,train,Mexican Sign Languages Dactylology and Ten First Numbers - Labeled images and videos. From person #1 to #5/persona_1/Ciclo_3_5_Derecha/Ciclo_3_5_Derecha_j.mp4,Ciclo_3_5_Derecha_j,pending,,
mendeley_labeled15_P01_9c955c8f5c78604b,5s4mt7xrd9.1,P01,j,dactylology,accepted,train,Mexican Sign Languages Dactylology and Ten First Numbers - Labeled images and videos. From person #1 to #5/persona_1/Ciclo_3_5_Izquierda/Ciclo_3_5_Izquierda_j.mp4,Ciclo_3_5_Izquierda_j,pending,,
mendeley_labeled15_P01_400223df28387534,5s4mt7xrd9.1,P01,j,dactylology,accepted,train,Mexican Sign Languages Dactylology and Ten First Numbers - Labeled images and videos. From person #1 to #5/persona_1/Ciclo_4_5_Derecha/Ciclo_4_5_Derecha_j.mp4,Ciclo_4_5_Derecha_j,pending,,
mendeley_labeled15_P01_e963da1046988e13,5s4mt7xrd9.1,P01,j,dactylology,accepted,train,Mexican Sign Languages Dactylology and Ten First Numbers - Labeled images and videos. From person #1 to #5/persona_1/Ciclo_4_5_Izquierda/Ciclo_4_5_Izquierda_j.mp4,Ciclo_4_5_Izquierda_j,pending,,
mendeley_labeled15_P01_b2a932db4e8f6dd7,5s4mt7xrd9.1,P01,j,dactylology,accepted,train,Mexican Sign Languages Dactylology and Ten First Numbers - Labeled images and videos. From person #1 to #5/persona_1/Ciclo_5_5_Derecha/Ciclo_5_5_Derecha_j.mp4,Ciclo_5_5_Derecha_j,pending,,
mendeley_labeled15_P01_925c5bbc2f05fe1b,5s4mt7xrd9.1,P01,j,dactylology,accepted,train,Mexican Sign Languages Dactylology and Ten First Numbers - Labeled images and videos. From person #1 to #5/persona_1/Ciclo_5_5_Izquierda/Ciclo_5_5_Izquierda_j.mp4,Ciclo_5_5_Izquierda_j,pending,,
mendeley_labeled15_P01_44231fbdea3b4505,5s4mt7xrd9.1,P01,k,dactylology,accepted,train,Mexican Sign Languages Dactylology and Ten First Numbers - Labeled images and videos. From person #1 to #5/persona_1/Ciclo_1_5_Derecha/Ciclo_1_5_Derecha_k.mp4,Ciclo_1_5_Derecha_k,pending,,
mendeley_labeled15_P01_095939008cff23ac,5s4mt7xrd9.1,P01,k,dactylology,accepted,train,Mexican Sign Languages Dactylology and Ten First Numbers - Labeled images and videos. From person #1 to #5/persona_1/Ciclo_1_5_Izquierda/Ciclo_1_5_Izquierda_k.mp4,Ciclo_1_5_Izquierda_k,pending,,
mendeley_labeled15_P01_639dc57b9d2bddb1,5s4mt7xrd9.1,P01,k,dactylology,accepted,train,Mexican Sign Languages Dactylology and Ten First Numbers - Labeled images and videos. From person #1 to #5/persona_1/Ciclo_2_5_Derecha/Ciclo_2_5_Derecha_k.mp4,Ciclo_2_5_Derecha_k,pending,,
mendeley_labeled15_P01_59055fbfb4cc4438,5s4mt7xrd9.1,P01,k,dactylology,accepted,train,Mexican Sign Languages Dactylology and Ten First Numbers - Labeled images and videos. From person #1 to #5/persona_1/Ciclo_2_5_Izquierda/Ciclo_2_5_Izquierda_k.mp4,Ciclo_2_5_Izquierda_k,pending,,
mendeley_labeled15_P01_25862669b1d56995,5s4mt7xrd9.1,P01,k,dactylology,accepted,train,Mexican Sign Languages Dactylology and Ten First Numbers - Labeled images and videos. From person #1 to #5/persona_1/Ciclo_3_5_Derecha/Ciclo_3_5_Derecha_k.mp4,Ciclo_3_5_Derecha_k,pending,,
mendeley_labeled15_P01_b365ca78ae76b17f,5s4mt7xrd9.1,P01,k,dactylology,accepted,train,Mexican Sign Languages Dactylology and Ten First Numbers - Labeled images and videos. From person #1 to #5/persona_1/Ciclo_3_5_Izquierda/Ciclo_3_5_Izquierda_k.mp4,Ciclo_3_5_Izquierda_k,pending,,
mendeley_labeled15_P01_bca5264e9b5efb0d,5s4mt7xrd9.1,P01,k,dactylology,accepted,train,Mexican Sign Languages Dactylology and Ten First Numbers - Labeled images and videos. From person #1 to #5/persona_1/Ciclo_4_5_Derecha/Ciclo_4_5_Derecha_k.mp4,Ciclo_4_5_Derecha_k,pending,,
mendeley_labeled15_P01_0b245cfadc3c5c66,5s4mt7xrd9.1,P01,k,dactylology,accepted,train,Mexican Sign Languages Dactylology and Ten First Numbers - Labeled images and videos. From person #1 to #5/persona_1/Ciclo_4_5_Izquierda/Ciclo_4_5_Izquierda_k.mp4,Ciclo_4_5_Izquierda_k,pending,,
mendeley_labeled15_P01_7682e2c93efc8c60,5s4mt7xrd9.1,P01,k,dactylology,accepted,train,Mexican Sign Languages Dactylology and Ten First Numbers - Labeled images and videos. From person #1 to #5/persona_1/Ciclo_5_5_Derecha/Ciclo_5_5_Derecha_k.mp4,Ciclo_5_5_Derecha_k,pending,,
mendeley_labeled15_P01_affe17a22cdf9ffd,5s4mt7xrd9.1,P01,k,dactylology,accepted,train,Mexican Sign Languages Dactylology and Ten First Numbers - Labeled images and videos. From person #1 to #5/persona_1/Ciclo_5_5_Izquierda/Ciclo_5_5_Izquierda_k.mp4,Ciclo_5_5_Izquierda_k,pending,,
mendeley_labeled15_P01_470f808bdb20757c,5s4mt7xrd9.1,P01,l,dactylology,accepted,train,Mexican Sign Languages Dactylology and Ten First Numbers - Labeled images and videos. From person #1 to #5/persona_1/Ciclo_1_5_Derecha/Ciclo_1_5_Derecha_l.mp4,Ciclo_1_5_Derecha_l,pending,,
mendeley_labeled15_P01_df0f8a1bf3beb6fe,5s4mt7xrd9.1,P01,l,dactylology,accepted,train,Mexican Sign Languages Dactylology and Ten First Numbers - Labeled images and videos. From person #1 to #5/persona_1/Ciclo_1_5_Izquierda/Ciclo_1_5_Izquierda_l.mp4,Ciclo_1_5_Izquierda_l,pending,,
mendeley_labeled15_P01_4d35f38af28bf9c3,5s4mt7xrd9.1,P01,l,dactylology,accepted,train,Mexican Sign Languages Dactylology and Ten First Numbers - Labeled images and videos. From person #1 to #5/persona_1/Ciclo_2_5_Derecha/Ciclo_2_5_Derecha_l.mp4,Ciclo_2_5_Derecha_l,pending,,
mendeley_labeled15_P01_eab36e0629bcae8b,5s4mt7xrd9.1,P01,l,dactylology,accepted,train,Mexican Sign Languages Dactylology and Ten First Numbers - Labeled images and videos. From person #1 to #5/persona_1/Ciclo_2_5_Izquierda/Ciclo_2_5_Izquierda_l.mp4,Ciclo_2_5_Izquierda_l,pending,,
mendeley_labeled15_P01_b5157bfc0b8ada36,5s4mt7xrd9.1,P01,l,dactylology,accepted,train,Mexican Sign Languages Dactylology and Ten First Numbers - Labeled images and videos. From person #1 to #5/persona_1/Ciclo_3_5_Derecha/Ciclo_3_5_Derecha_l.mp4,Ciclo_3_5_Derecha_l,pending,,
mendeley_labeled15_P01_4f7841faaf7c4ca4,5s4mt7xrd9.1,P01,l,dactylology,accepted,train,Mexican Sign Languages Dactylology and Ten First Numbers - Labeled images and videos. From person #1 to #5/persona_1/Ciclo_3_5_Izquierda/Ciclo_3_5_Izquierda_l.mp4,Ciclo_3_5_Izquierda_l,pending,,
mendeley_labeled15_P01_c6e0ba2d427aadc2,5s4mt7xrd9.1,P01,l,dactylology,accepted,train,Mexican Sign Languages Dactylology and Ten First Numbers - Labeled images and videos. From person #1 to #5/persona_1/Ciclo_4_5_Derecha/Ciclo_4_5_Derecha_l.mp4,Ciclo_4_5_Derecha_l,pending,,
mendeley_labeled15_P01_3642428136fb9cc3,5s4mt7xrd9.1,P01,l,dactylology,accepted,train,Mexican Sign Languages Dactylology and Ten First Numbers - Labeled images and videos. From person #1 to #5/persona_1/Ciclo_4_5_Izquierda/Ciclo_4_5_Izquierda_l.mp4,Ciclo_4_5_Izquierda_l,pending,,
mendeley_labeled15_P01_53c2c087496c3988,5s4mt7xrd9.1,P01,l,dactylology,accepted,train,Mexican Sign Languages Dactylology and Ten First Numbers - Labeled images and videos. From person #1 to #5/persona_1/Ciclo_5_5_Derecha/Ciclo_5_5_Derecha_l.mp4,Ciclo_5_5_Derecha_l,pending,,
mendeley_labeled15_P01_00e4e973f7a1e0ca,5s4mt7xrd9.1,P01,l,dactylology,accepted,train,Mexican Sign Languages Dactylology and Ten First Numbers - Labeled images and videos. From person #1 to #5/persona_1/Ciclo_5_5_Izquierda/Ciclo_5_5_Izquierda_l.mp4,Ciclo_5_5_Izquierda_l,pending,,
mendeley_labeled15_P01_112594bc8436f4fc,5s4mt7xrd9.1,P01,ll,dactylology,accepted,train,Mexican Sign Languages Dactylology and Ten First Numbers - Labeled images and videos. From person #1 to #5/persona_1/Ciclo_1_5_Derecha/Ciclo_1_5_Derecha_ll.mp4,Ciclo_1_5_Derecha_ll,pending,,
mendeley_labeled15_P01_137bb68dc7b6c299,5s4mt7xrd9.1,P01,ll,dactylology,accepted,train,Mexican Sign Languages Dactylology and Ten First Numbers - Labeled images and videos. From person #1 to #5/persona_1/Ciclo_1_5_Izquierda/Ciclo_1_5_Izquierda_ll.mp4,Ciclo_1_5_Izquierda_ll,pending,,
mendeley_labeled15_P01_8bbb6305f80dafec,5s4mt7xrd9.1,P01,ll,dactylology,accepted,train,Mexican Sign Languages Dactylology and Ten First Numbers - Labeled images and videos. From person #1 to #5/persona_1/Ciclo_2_5_Derecha/Ciclo_2_5_Derecha_ll.mp4,Ciclo_2_5_Derecha_ll,pending,,
mendeley_labeled15_P01_c44018b397b9d1fd,5s4mt7xrd9.1,P01,ll,dactylology,accepted,train,Mexican Sign Languages Dactylology and Ten First Numbers - Labeled images and videos. From person #1 to #5/persona_1/Ciclo_2_5_Izquierda/Ciclo_2_5_Izquierda_ll.mp4,Ciclo_2_5_Izquierda_ll,pending,,
mendeley_labeled15_P01_a96a8c7d137410d4,5s4mt7xrd9.1,P01,ll,dactylology,accepted,train,Mexican Sign Languages Dactylology and Ten First Numbers - Labeled images and videos. From person #1 to #5/persona_1/Ciclo_3_5_Derecha/Ciclo_3_5_Derecha_ll.mp4,Ciclo_3_5_Derecha_ll,pending,,
mendeley_labeled15_P01_95dea080324c96f8,5s4mt7xrd9.1,P01,ll,dactylology,accepted,train,Mexican Sign Languages Dactylology and Ten First Numbers - Labeled images and videos. From person #1 to #5/persona_1/Ciclo_3_5_Izquierda/Ciclo_3_5_Izquierda_ll.mp4,Ciclo_3_5_Izquierda_ll,pending,,
mendeley_labeled15_P01_31e060da4c839530,5s4mt7xrd9.1,P01,ll,dactylology,accepted,train,Mexican Sign Languages Dactylology and Ten First Numbers - Labeled images and videos. From person #1 to #5/persona_1/Ciclo_4_5_Derecha/Ciclo_4_5_Derecha_ll.mp4,Ciclo_4_5_Derecha_ll,pending,,
mendeley_labeled15_P01_d60135d47c10e669,5s4mt7xrd9.1,P01,ll,dactylology,accepted,train,Mexican Sign Languages Dactylology and Ten First Numbers - Labeled images and videos. From person #1 to #5/persona_1/Ciclo_4_5_Izquierda/Ciclo_4_5_Izquierda_ll.mp4,Ciclo_4_5_Izquierda_ll,pending,,
mendeley_labeled15_P01_013a3382c6dc8941,5s4mt7xrd9.1,P01,ll,dactylology,accepted,train,Mexican Sign Languages Dactylology and Ten First Numbers - Labeled images and videos. From person #1 to #5/persona_1/Ciclo_5_5_Derecha/Ciclo_5_5_Derecha_ll.mp4,Ciclo_5_5_Derecha_ll,pending,,
mendeley_labeled15_P01_035e927f0ba3f536,5s4mt7xrd9.1,P01,ll,dactylology,accepted,train,Mexican Sign Languages Dactylology and Ten First Numbers - Labeled images and videos. From person #1 to #5/persona_1/Ciclo_5_5_Izquierda/Ciclo_5_5_Izquierda_ll.mp4,Ciclo_5_5_Izquierda_ll,pending,,
mendeley_labeled15_P01_ed3f80ba83160a57,5s4mt7xrd9.1,P01,m,dactylology,accepted,train,Mexican Sign Languages Dactylology and Ten First Numbers - Labeled images and videos. From person #1 to #5/persona_1/Ciclo_1_5_Derecha/Ciclo_1_5_Derecha_m.mp4,Ciclo_1_5_Derecha_m,pending,,
mendeley_labeled15_P01_56a1bc04b6173064,5s4mt7xrd9.1,P01,m,dactylology,accepted,train,Mexican Sign Languages Dactylology and Ten First Numbers - Labeled images and videos. From person #1 to #5/persona_1/Ciclo_1_5_Izquierda/Ciclo_1_5_Izquierda_m.mp4,Ciclo_1_5_Izquierda_m,pending,,
mendeley_labeled15_P01_ed11a77f5c352ecb,5s4mt7xrd9.1,P01,m,dactylology,accepted,train,Mexican Sign Languages Dactylology and Ten First Numbers - Labeled images and videos. From person #1 to #5/persona_1/Ciclo_2_5_Derecha/Ciclo_2_5_Derecha_m.mp4,Ciclo_2_5_Derecha_m,pending,,
mendeley_labeled15_P01_08ceef33d52e1508,5s4mt7xrd9.1,P01,m,dactylology,accepted,train,Mexican Sign Languages Dactylology and Ten First Numbers - Labeled images and videos. From person #1 to #5/persona_1/Ciclo_2_5_Izquierda/Ciclo_2_5_Izquierda_m.mp4,Ciclo_2_5_Izquierda_m,pending,,
mendeley_labeled15_P01_d069e4c504aab514,5s4mt7xrd9.1,P01,m,dactylology,accepted,train,Mexican Sign Languages Dactylology and Ten First Numbers - Labeled images and videos. From person #1 to #5/persona_1/Ciclo_3_5_Derecha/Ciclo_3_5_Derecha_m.mp4,Ciclo_3_5_Derecha_m,pending,,
mendeley_labeled15_P01_428d0cc4f53163b4,5s4mt7xrd9.1,P01,m,dactylology,accepted,train,Mexican Sign Languages Dactylology and Ten First Numbers - Labeled images and videos. From person #1 to #5/persona_1/Ciclo_3_5_Izquierda/Ciclo_3_5_Izquierda_m.mp4,Ciclo_3_5_Izquierda_m,pending,,
mendeley_labeled15_P01_7cba179926a2e2d0,5s4mt7xrd9.1,P01,m,dactylology,accepted,train,Mexican Sign Languages Dactylology and Ten First Numbers - Labeled images and videos. From person #1 to #5/persona_1/Ciclo_4_5_Derecha/Ciclo_4_5_Derecha_m.mp4,Ciclo_4_5_Derecha_m,pending,,
mendeley_labeled15_P01_c1dfbe7defb49a1a,5s4mt7xrd9.1,P01,m,dactylology,accepted,train,Mexican Sign Languages Dactylology and Ten First Numbers - Labeled images and videos. From person #1 to #5/persona_1/Ciclo_4_5_Izquierda/Ciclo_4_5_Izquierda_m.mp4,Ciclo_4_5_Izquierda_m,pending,,
mendeley_labeled15_P01_012a350dc7c66dcd,5s4mt7xrd9.1,P01,m,dactylology,accepted,train,Mexican Sign Languages Dactylology and Ten First Numbers - Labeled images and videos. From person #1 to #5/persona_1/Ciclo_5_5_Derecha/Ciclo_5_5_Derecha_m.mp4,Ciclo_5_5_Derecha_m,pending,,
mendeley_labeled15_P01_4c2adb8532522ff0,5s4mt7xrd9.1,P01,m,dactylology,accepted,train,Mexican Sign Languages Dactylology and Ten First Numbers - Labeled images and videos. From person #1 to #5/persona_1/Ciclo_5_5_Izquierda/Ciclo_5_5_Izquierda_m.mp4,Ciclo_5_5_Izquierda_m,pending,,
mendeley_labeled15_P01_906f9d1527130a75,5s4mt7xrd9.1,P01,n,dactylology,accepted,train,Mexican Sign Languages Dactylology and Ten First Numbers - Labeled images and videos. From person #1 to #5/persona_1/Ciclo_1_5_Derecha/Ciclo_1_5_Derecha_n.mp4,Ciclo_1_5_Derecha_n,pending,,
mendeley_labeled15_P01_9755f128200f4896,5s4mt7xrd9.1,P01,n,dactylology,accepted,train,Mexican Sign Languages Dactylology and Ten First Numbers - Labeled images and videos. From person #1 to #5/persona_1/Ciclo_1_5_Izquierda/Ciclo_1_5_Izquierda_n.mp4,Ciclo_1_5_Izquierda_n,pending,,
mendeley_labeled15_P01_74070eb6b351492a,5s4mt7xrd9.1,P01,n,dactylology,accepted,train,Mexican Sign Languages Dactylology and Ten First Numbers - Labeled images and videos. From person #1 to #5/persona_1/Ciclo_3_5_Derecha/Ciclo_3_5_Derecha_n.mp4,Ciclo_3_5_Derecha_n,pending,,
mendeley_labeled15_P01_c4d3cf5b9a133864,5s4mt7xrd9.1,P01,n,dactylology,accepted,train,Mexican Sign Languages Dactylology and Ten First Numbers - Labeled images and videos. From person #1 to #5/persona_1/Ciclo_4_5_Izquierda/Ciclo_4_5_Izquierda_n.mp4,Ciclo_4_5_Izquierda_n,pending,,
mendeley_labeled15_P01_3aed1b39c06331e4,5s4mt7xrd9.1,P01,o,dactylology,accepted,train,Mexican Sign Languages Dactylology and Ten First Numbers - Labeled images and videos. From person #1 to #5/persona_1/Ciclo_1_5_Derecha/Ciclo_1_5_Derecha_o.mp4,Ciclo_1_5_Derecha_o,pending,,
mendeley_labeled15_P01_629fc0f0107e9693,5s4mt7xrd9.1,P01,o,dactylology,accepted,train,Mexican Sign Languages Dactylology and Ten First Numbers - Labeled images and videos. From person #1 to #5/persona_1/Ciclo_1_5_Izquierda/Ciclo_1_5_Izquierda_o.mp4,Ciclo_1_5_Izquierda_o,pending,,
mendeley_labeled15_P01_0c35922bfa7beae4,5s4mt7xrd9.1,P01,o,dactylology,accepted,train,Mexican Sign Languages Dactylology and Ten First Numbers - Labeled images and videos. From person #1 to #5/persona_1/Ciclo_2_5_Derecha/Ciclo_2_5_Derecha_o.mp4,Ciclo_2_5_Derecha_o,pending,,
mendeley_labeled15_P01_082b1f32f31dbc21,5s4mt7xrd9.1,P01,o,dactylology,accepted,train,Mexican Sign Languages Dactylology and Ten First Numbers - Labeled images and videos. From person #1 to #5/persona_1/Ciclo_2_5_Izquierda/Ciclo_2_5_Izquierda_o.mp4,Ciclo_2_5_Izquierda_o,pending,,
mendeley_labeled15_P01_03b4ed4462a8cea9,5s4mt7xrd9.1,P01,o,dactylology,accepted,train,Mexican Sign Languages Dactylology and Ten First Numbers - Labeled images and videos. From person #1 to #5/persona_1/Ciclo_3_5_Derecha/Ciclo_3_5_Derecha_o.mp4,Ciclo_3_5_Derecha_o,pending,,
mendeley_labeled15_P01_8e198ea28754240d,5s4mt7xrd9.1,P01,o,dactylology,accepted,train,Mexican Sign Languages Dactylology and Ten First Numbers - Labeled images and videos. From person #1 to #5/persona_1/Ciclo_3_5_Izquierda/Ciclo_3_5_Izquierda_o.mp4,Ciclo_3_5_Izquierda_o,pending,,
mendeley_labeled15_P01_b2fd1ff6d9069581,5s4mt7xrd9.1,P01,o,dactylology,accepted,train,Mexican Sign Languages Dactylology and Ten First Numbers - Labeled images and videos. From person #1 to #5/persona_1/Ciclo_4_5_Derecha/Ciclo_4_5_Derecha_o.mp4,Ciclo_4_5_Derecha_o,pending,,
mendeley_labeled15_P01_0086373ddb6e7d2a,5s4mt7xrd9.1,P01,o,dactylology,accepted,train,Mexican Sign Languages Dactylology and Ten First Numbers - Labeled images and videos. From person #1 to #5/persona_1/Ciclo_4_5_Izquierda/Ciclo_4_5_Izquierda_o.mp4,Ciclo_4_5_Izquierda_o,pending,,
mendeley_labeled15_P01_e38ccad9c319775f,5s4mt7xrd9.1,P01,o,dactylology,accepted,train,Mexican Sign Languages Dactylology and Ten First Numbers - Labeled images and videos. From person #1 to #5/persona_1/Ciclo_5_5_Derecha/Ciclo_5_5_Derecha_o.mp4,Ciclo_5_5_Derecha_o,pending,,
mendeley_labeled15_P01_90db5ec79c931872,5s4mt7xrd9.1,P01,o,dactylology,accepted,train,Mexican Sign Languages Dactylology and Ten First Numbers - Labeled images and videos. From person #1 to #5/persona_1/Ciclo_5_5_Izquierda/Ciclo_5_5_Izquierda_o.mp4,Ciclo_5_5_Izquierda_o,pending,,
mendeley_labeled15_P01_86ecdac458b11189,5s4mt7xrd9.1,P01,p,dactylology,accepted,train,Mexican Sign Languages Dactylology and Ten First Numbers - Labeled images and videos. From person #1 to #5/persona_1/Ciclo_1_5_Derecha/Ciclo_1_5_Derecha_p.mp4,Ciclo_1_5_Derecha_p,pending,,
mendeley_labeled15_P01_93da845181ecdaee,5s4mt7xrd9.1,P01,p,dactylology,accepted,train,Mexican Sign Languages Dactylology and Ten First Numbers - Labeled images and videos. From person #1 to #5/persona_1/Ciclo_1_5_Izquierda/Ciclo_1_5_Izquierda_p.mp4,Ciclo_1_5_Izquierda_p,pending,,
mendeley_labeled15_P01_e72d6d16a9c13f76,5s4mt7xrd9.1,P01,p,dactylology,accepted,train,Mexican Sign Languages Dactylology and Ten First Numbers - Labeled images and videos. From person #1 to #5/persona_1/Ciclo_2_5_Derecha/Ciclo_2_5_Derecha_p.mp4,Ciclo_2_5_Derecha_p,pending,,
mendeley_labeled15_P01_0d87c0a5b7d117e8,5s4mt7xrd9.1,P01,p,dactylology,accepted,train,Mexican Sign Languages Dactylology and Ten First Numbers - Labeled images and videos. From person #1 to #5/persona_1/Ciclo_2_5_Izquierda/Ciclo_2_5_Izquierda_p.mp4,Ciclo_2_5_Izquierda_p,pending,,
mendeley_labeled15_P01_40e96b7b5e2c030e,5s4mt7xrd9.1,P01,p,dactylology,accepted,train,Mexican Sign Languages Dactylology and Ten First Numbers - Labeled images and videos. From person #1 to #5/persona_1/Ciclo_3_5_Derecha/Ciclo_3_5_Derecha_p.mp4,Ciclo_3_5_Derecha_p,pending,,
mendeley_labeled15_P01_2c4648c2c93c6b9d,5s4mt7xrd9.1,P01,p,dactylology,accepted,train,Mexican Sign Languages Dactylology and Ten First Numbers - Labeled images and videos. From person #1 to #5/persona_1/Ciclo_3_5_Izquierda/Ciclo_3_5_Izquierda_p.mp4,Ciclo_3_5_Izquierda_p,pending,,
mendeley_labeled15_P01_4a897c74e922db97,5s4mt7xrd9.1,P01,p,dactylology,accepted,train,Mexican Sign Languages Dactylology and Ten First Numbers - Labeled images and videos. From person #1 to #5/persona_1/Ciclo_4_5_Derecha/Ciclo_4_5_Derecha_p.mp4,Ciclo_4_5_Derecha_p,pending,,
mendeley_labeled15_P01_e3df92c7c70fdf80,5s4mt7xrd9.1,P01,p,dactylology,accepted,train,Mexican Sign Languages Dactylology and Ten First Numbers - Labeled images and videos. From person #1 to #5/persona_1/Ciclo_4_5_Izquierda/Ciclo_4_5_Izquierda_p.mp4,Ciclo_4_5_Izquierda_p,pending,,
mendeley_labeled15_P01_f503b130ec649cf0,5s4mt7xrd9.1,P01,p,dactylology,accepted,train,Mexican Sign Languages Dactylology and Ten First Numbers - Labeled images and videos. From person #1 to #5/persona_1/Ciclo_5_5_Derecha/Ciclo_5_5_Derecha_p.mp4,Ciclo_5_5_Derecha_p,pending,,
mendeley_labeled15_P01_df84923679a0b9bc,5s4mt7xrd9.1,P01,p,dactylology,accepted,train,Mexican Sign Languages Dactylology and Ten First Numbers - Labeled images and videos. From person #1 to #5/persona_1/Ciclo_5_5_Izquierda/Ciclo_5_5_Izquierda_p.mp4,Ciclo_5_5_Izquierda_p,pending,,
mendeley_labeled15_P01_833e494377a30520,5s4mt7xrd9.1,P01,q,dactylology,accepted,train,Mexican Sign Languages Dactylology and Ten First Numbers - Labeled images and videos. From person #1 to #5/persona_1/Ciclo_1_5_Derecha/Ciclo_1_5_Derecha_q.mp4,Ciclo_1_5_Derecha_q,pending,,
mendeley_labeled15_P01_aafb79cc644b41d5,5s4mt7xrd9.1,P01,q,dactylology,accepted,train,Mexican Sign Languages Dactylology and Ten First Numbers - Labeled images and videos. From person #1 to #5/persona_1/Ciclo_1_5_Izquierda/Ciclo_1_5_Izquierda_q.mp4,Ciclo_1_5_Izquierda_q,pending,,
mendeley_labeled15_P01_054ed6a54272c28a,5s4mt7xrd9.1,P01,q,dactylology,accepted,train,Mexican Sign Languages Dactylology and Ten First Numbers - Labeled images and videos. From person #1 to #5/persona_1/Ciclo_2_5_Derecha/Ciclo_2_5_Derecha_q.mp4,Ciclo_2_5_Derecha_q,pending,,
mendeley_labeled15_P01_b26c6d07f71d0515,5s4mt7xrd9.1,P01,q,dactylology,accepted,train,Mexican Sign Languages Dactylology and Ten First Numbers - Labeled images and videos. From person #1 to #5/persona_1/Ciclo_2_5_Izquierda/Ciclo_2_5_Izquierda_q.mp4,Ciclo_2_5_Izquierda_q,pending,,
mendeley_labeled15_P01_3ec52dada5fa5ae4,5s4mt7xrd9.1,P01,q,dactylology,accepted,train,Mexican Sign Languages Dactylology and Ten First Numbers - Labeled images and videos. From person #1 to #5/persona_1/Ciclo_3_5_Derecha/Ciclo_3_5_Derecha_q.mp4,Ciclo_3_5_Derecha_q,pending,,
mendeley_labeled15_P01_d0841405d99c4573,5s4mt7xrd9.1,P01,q,dactylology,accepted,train,Mexican Sign Languages Dactylology and Ten First Numbers - Labeled images and videos. From person #1 to #5/persona_1/Ciclo_3_5_Izquierda/Ciclo_3_5_Izquierda_q.mp4,Ciclo_3_5_Izquierda_q,pending,,
mendeley_labeled15_P01_55538aa0802cb519,5s4mt7xrd9.1,P01,q,dactylology,accepted,train,Mexican Sign Languages Dactylology and Ten First Numbers - Labeled images and videos. From person #1 to #5/persona_1/Ciclo_4_5_Derecha/Ciclo_4_5_Derecha_q.mp4,Ciclo_4_5_Derecha_q,pending,,
mendeley_labeled15_P01_5c6b7801fa12e666,5s4mt7xrd9.1,P01,q,dactylology,accepted,train,Mexican Sign Languages Dactylology and Ten First Numbers - Labeled images and videos. From person #1 to #5/persona_1/Ciclo_4_5_Izquierda/Ciclo_4_5_Izquierda_q.mp4,Ciclo_4_5_Izquierda_q,pending,,
mendeley_labeled15_P01_c786f36d861f6024,5s4mt7xrd9.1,P01,q,dactylology,accepted,train,Mexican Sign Languages Dactylology and Ten First Numbers - Labeled images and videos. From person #1 to #5/persona_1/Ciclo_5_5_Derecha/Ciclo_5_5_Derecha_q.mp4,Ciclo_5_5_Derecha_q,pending,,
mendeley_labeled15_P01_2acf1667fd11c17f,5s4mt7xrd9.1,P01,q,dactylology,accepted,train,Mexican Sign Languages Dactylology and Ten First Numbers - Labeled images and videos. From person #1 to #5/persona_1/Ciclo_5_5_Izquierda/Ciclo_5_5_Izquierda_q.mp4,Ciclo_5_5_Izquierda_q,pending,,
mendeley_labeled15_P01_ddde8cbab16d23a6,5s4mt7xrd9.1,P01,r,dactylology,accepted,train,Mexican Sign Languages Dactylology and Ten First Numbers - Labeled images and videos. From person #1 to #5/persona_1/Ciclo_1_5_Derecha/Ciclo_1_5_Derecha_r.mp4,Ciclo_1_5_Derecha_r,pending,,
mendeley_labeled15_P01_9f234059f99d4491,5s4mt7xrd9.1,P01,r,dactylology,accepted,train,Mexican Sign Languages Dactylology and Ten First Numbers - Labeled images and videos. From person #1 to #5/persona_1/Ciclo_1_5_Izquierda/Ciclo_1_5_Izquierda_r.mp4,Ciclo_1_5_Izquierda_r,pending,,
mendeley_labeled15_P01_e6641987fb26e101,5s4mt7xrd9.1,P01,r,dactylology,accepted,train,Mexican Sign Languages Dactylology and Ten First Numbers - Labeled images and videos. From person #1 to #5/persona_1/Ciclo_2_5_Derecha/Ciclo_2_5_Derecha_r.mp4,Ciclo_2_5_Derecha_r,pending,,
mendeley_labeled15_P01_32b2309e14e2e3cd,5s4mt7xrd9.1,P01,r,dactylology,accepted,train,Mexican Sign Languages Dactylology and Ten First Numbers - Labeled images and videos. From person #1 to #5/persona_1/Ciclo_2_5_Izquierda/Ciclo_2_5_Izquierda_r.mp4,Ciclo_2_5_Izquierda_r,pending,,
mendeley_labeled15_P01_9082a74f0c8cf7b2,5s4mt7xrd9.1,P01,r,dactylology,accepted,train,Mexican Sign Languages Dactylology and Ten First Numbers - Labeled images and videos. From person #1 to #5/persona_1/Ciclo_3_5_Derecha/Ciclo_3_5_Derecha_r.mp4,Ciclo_3_5_Derecha_r,pending,,
mendeley_labeled15_P01_c4be06f6b71ecdc3,5s4mt7xrd9.1,P01,r,dactylology,accepted,train,Mexican Sign Languages Dactylology and Ten First Numbers - Labeled images and videos. From person #1 to #5/persona_1/Ciclo_3_5_Izquierda/Ciclo_3_5_Izquierda_r.mp4,Ciclo_3_5_Izquierda_r,pending,,
mendeley_labeled15_P01_6c20a02f6b097736,5s4mt7xrd9.1,P01,r,dactylology,accepted,train,Mexican Sign Languages Dactylology and Ten First Numbers - Labeled images and videos. From person #1 to #5/persona_1/Ciclo_4_5_Derecha/Ciclo_4_5_Derecha_r.mp4,Ciclo_4_5_Derecha_r,pending,,
mendeley_labeled15_P01_011cf69f840e20bd,5s4mt7xrd9.1,P01,r,dactylology,accepted,train,Mexican Sign Languages Dactylology and Ten First Numbers - Labeled images and videos. From person #1 to #5/persona_1/Ciclo_4_5_Izquierda/Ciclo_4_5_Izquierda_r.mp4,Ciclo_4_5_Izquierda_r,pending,,
mendeley_labeled15_P01_d874ce72676d7a8f,5s4mt7xrd9.1,P01,r,dactylology,accepted,train,Mexican Sign Languages Dactylology and Ten First Numbers - Labeled images and videos. From person #1 to #5/persona_1/Ciclo_5_5_Derecha/Ciclo_5_5_Derecha_r.mp4,Ciclo_5_5_Derecha_r,pending,,
mendeley_labeled15_P01_e1748df0a5acaa97,5s4mt7xrd9.1,P01,r,dactylology,accepted,train,Mexican Sign Languages Dactylology and Ten First Numbers - Labeled images and videos. From person #1 to #5/persona_1/Ciclo_5_5_Izquierda/Ciclo_5_5_Izquierda_r.mp4,Ciclo_5_5_Izquierda_r,pending,,
mendeley_labeled15_P01_fe509bd670bcd667,5s4mt7xrd9.1,P01,rr,dactylology,accepted,train,Mexican Sign Languages Dactylology and Ten First Numbers - Labeled images and videos. From person #1 to #5/persona_1/Ciclo_1_5_Derecha/Ciclo_1_5_Derecha_rr.mp4,Ciclo_1_5_Derecha_rr,pending,,
mendeley_labeled15_P01_0570467c4b1f1c15,5s4mt7xrd9.1,P01,rr,dactylology,accepted,train,Mexican Sign Languages Dactylology and Ten First Numbers - Labeled images and videos. From person #1 to #5/persona_1/Ciclo_1_5_Izquierda/Ciclo_1_5_Izquierda_rr.mp4,Ciclo_1_5_Izquierda_rr,pending,,
mendeley_labeled15_P01_979a31098804578b,5s4mt7xrd9.1,P01,rr,dactylology,accepted,train,Mexican Sign Languages Dactylology and Ten First Numbers - Labeled images and videos. From person #1 to #5/persona_1/Ciclo_2_5_Derecha/Ciclo_2_5_Derecha_rr.mp4,Ciclo_2_5_Derecha_rr,pending,,
mendeley_labeled15_P01_d9d21c9e97c113d3,5s4mt7xrd9.1,P01,rr,dactylology,accepted,train,Mexican Sign Languages Dactylology and Ten First Numbers - Labeled images and videos. From person #1 to #5/persona_1/Ciclo_2_5_Izquierda/Ciclo_2_5_Izquierda_rr.mp4,Ciclo_2_5_Izquierda_rr,pending,,
mendeley_labeled15_P01_b65d46a0e1f6cb59,5s4mt7xrd9.1,P01,rr,dactylology,accepted,train,Mexican Sign Languages Dactylology and Ten First Numbers - Labeled images and videos. From person #1 to #5/persona_1/Ciclo_3_5_Derecha/Ciclo_3_5_Derecha_rr.mp4,Ciclo_3_5_Derecha_rr,pending,,
mendeley_labeled15_P01_5a6493c70bcfb7ff,5s4mt7xrd9.1,P01,rr,dactylology,accepted,train,Mexican Sign Languages Dactylology and Ten First Numbers - Labeled images and videos. From person #1 to #5/persona_1/Ciclo_3_5_Izquierda/Ciclo_3_5_Izquierda_rr.mp4,Ciclo_3_5_Izquierda_rr,pending,,
mendeley_labeled15_P01_c36350eed8dc5fbf,5s4mt7xrd9.1,P01,rr,dactylology,accepted,train,Mexican Sign Languages Dactylology and Ten First Numbers - Labeled images and videos. From person #1 to #5/persona_1/Ciclo_4_5_Derecha/Ciclo_4_5_Derecha_rr.mp4,Ciclo_4_5_Derecha_rr,pending,,
mendeley_labeled15_P01_780f28ff801e7d3f,5s4mt7xrd9.1,P01,rr,dactylology,accepted,train,Mexican Sign Languages Dactylology and Ten First Numbers - Labeled images and videos. From person #1 to #5/persona_1/Ciclo_4_5_Izquierda/Ciclo_4_5_Izquierda_rr.mp4,Ciclo_4_5_Izquierda_rr,pending,,
mendeley_labeled15_P01_17c805c10d5e840b,5s4mt7xrd9.1,P01,rr,dactylology,accepted,train,Mexican Sign Languages Dactylology and Ten First Numbers - Labeled images and videos. From person #1 to #5/persona_1/Ciclo_5_5_Derecha/Ciclo_5_5_Derecha_rr.mp4,Ciclo_5_5_Derecha_rr,pending,,
mendeley_labeled15_P01_a16c152ca50c780c,5s4mt7xrd9.1,P01,rr,dactylology,accepted,train,Mexican Sign Languages Dactylology and Ten First Numbers - Labeled images and videos. From person #1 to #5/persona_1/Ciclo_5_5_Izquierda/Ciclo_5_5_Izquierda_rr.mp4,Ciclo_5_5_Izquierda_rr,pending,,
mendeley_labeled15_P01_999db045a5cf4c13,5s4mt7xrd9.1,P01,s,dactylology,accepted,train,Mexican Sign Languages Dactylology and Ten First Numbers - Labeled images and videos. From person #1 to #5/persona_1/Ciclo_1_5_Derecha/Ciclo_1_5_Derecha_s.mp4,Ciclo_1_5_Derecha_s,pending,,
mendeley_labeled15_P01_6a5fcdc3b851e2b7,5s4mt7xrd9.1,P01,s,dactylology,accepted,train,Mexican Sign Languages Dactylology and Ten First Numbers - Labeled images and videos. From person #1 to #5/persona_1/Ciclo_1_5_Izquierda/Ciclo_1_5_Izquierda_s.mp4,Ciclo_1_5_Izquierda_s,pending,,
mendeley_labeled15_P01_3328a7ab6d327635,5s4mt7xrd9.1,P01,s,dactylology,accepted,train,Mexican Sign Languages Dactylology and Ten First Numbers - Labeled images and videos. From person #1 to #5/persona_1/Ciclo_2_5_Derecha/Ciclo_2_5_Derecha_s.mp4,Ciclo_2_5_Derecha_s,pending,,
mendeley_labeled15_P01_5669db31792ffcba,5s4mt7xrd9.1,P01,s,dactylology,accepted,train,Mexican Sign Languages Dactylology and Ten First Numbers - Labeled images and videos. From person #1 to #5/persona_1/Ciclo_2_5_Izquierda/Ciclo_2_5_Izquierda_s.mp4,Ciclo_2_5_Izquierda_s,pending,,
mendeley_labeled15_P01_8afa65fae934a9f9,5s4mt7xrd9.1,P01,s,dactylology,accepted,train,Mexican Sign Languages Dactylology and Ten First Numbers - Labeled images and videos. From person #1 to #5/persona_1/Ciclo_3_5_Derecha/Ciclo_3_5_Derecha_s.mp4,Ciclo_3_5_Derecha_s,pending,,
mendeley_labeled15_P01_2addb8de008fe00d,5s4mt7xrd9.1,P01,s,dactylology,accepted,train,Mexican Sign Languages Dactylology and Ten First Numbers - Labeled images and videos. From person #1 to #5/persona_1/Ciclo_3_5_Izquierda/Ciclo_3_5_Izquierda_s.mp4,Ciclo_3_5_Izquierda_s,pending,,
mendeley_labeled15_P01_c023e9c30e62f305,5s4mt7xrd9.1,P01,s,dactylology,accepted,train,Mexican Sign Languages Dactylology and Ten First Numbers - Labeled images and videos. From person #1 to #5/persona_1/Ciclo_4_5_Derecha/Ciclo_4_5_Derecha_s.mp4,Ciclo_4_5_Derecha_s,pending,,
mendeley_labeled15_P01_a7d55e12a2da8a84,5s4mt7xrd9.1,P01,s,dactylology,accepted,train,Mexican Sign Languages Dactylology and Ten First Numbers - Labeled images and videos. From person #1 to #5/persona_1/Ciclo_4_5_Izquierda/Ciclo_4_5_Izquierda_s.mp4,Ciclo_4_5_Izquierda_s,pending,,
mendeley_labeled15_P01_ab5c053b41972f09,5s4mt7xrd9.1,P01,s,dactylology,accepted,train,Mexican Sign Languages Dactylology and Ten First Numbers - Labeled images and videos. From person #1 to #5/persona_1/Ciclo_5_5_Derecha/Ciclo_5_5_Derecha_s.mp4,Ciclo_5_5_Derecha_s,pending,,
mendeley_labeled15_P01_aa033e524be673ba,5s4mt7xrd9.1,P01,s,dactylology,accepted,train,Mexican Sign Languages Dactylology and Ten First Numbers - Labeled images and videos. From person #1 to #5/persona_1/Ciclo_5_5_Izquierda/Ciclo_5_5_Izquierda_s.mp4,Ciclo_5_5_Izquierda_s,pending,,
mendeley_labeled15_P01_ad3b48473d861261,5s4mt7xrd9.1,P01,t,dactylology,accepted,train,Mexican Sign Languages Dactylology and Ten First Numbers - Labeled images and videos. From person #1 to #5/persona_1/Ciclo_1_5_Derecha/Ciclo_1_5_Derecha_t.mp4,Ciclo_1_5_Derecha_t,pending,,
mendeley_labeled15_P01_c32d6c20c20311cc,5s4mt7xrd9.1,P01,t,dactylology,accepted,train,Mexican Sign Languages Dactylology and Ten First Numbers - Labeled images and videos. From person #1 to #5/persona_1/Ciclo_1_5_Izquierda/Ciclo_1_5_Izquierda_t.mp4,Ciclo_1_5_Izquierda_t,pending,,
mendeley_labeled15_P01_9e838bdf40e9accc,5s4mt7xrd9.1,P01,t,dactylology,accepted,train,Mexican Sign Languages Dactylology and Ten First Numbers - Labeled images and videos. From person #1 to #5/persona_1/Ciclo_2_5_Derecha/Ciclo_2_5_Derecha_t.mp4,Ciclo_2_5_Derecha_t,pending,,
mendeley_labeled15_P01_2f2b2bc344de05ae,5s4mt7xrd9.1,P01,t,dactylology,accepted,train,Mexican Sign Languages Dactylology and Ten First Numbers - Labeled images and videos. From person #1 to #5/persona_1/Ciclo_2_5_Izquierda/Ciclo_2_5_Izquierda_t.mp4,Ciclo_2_5_Izquierda_t,pending,,
mendeley_labeled15_P01_d30dfa2fc18f6e38,5s4mt7xrd9.1,P01,t,dactylology,accepted,train,Mexican Sign Languages Dactylology and Ten First Numbers - Labeled images and videos. From person #1 to #5/persona_1/Ciclo_3_5_Derecha/Ciclo_3_5_Derecha_t.mp4,Ciclo_3_5_Derecha_t,pending,,
mendeley_labeled15_P01_007b919991e313f7,5s4mt7xrd9.1,P01,t,dactylology,accepted,train,Mexican Sign Languages Dactylology and Ten First Numbers - Labeled images and videos. From person #1 to #5/persona_1/Ciclo_3_5_Izquierda/Ciclo_3_5_Izquierda_t.mp4,Ciclo_3_5_Izquierda_t,pending,,
mendeley_labeled15_P01_f86a09ed6626842c,5s4mt7xrd9.1,P01,t,dactylology,accepted,train,Mexican Sign Languages Dactylology and Ten First Numbers - Labeled images and videos. From person #1 to #5/persona_1/Ciclo_4_5_Derecha/Ciclo_4_5_Derecha_t.mp4,Ciclo_4_5_Derecha_t,pending,,
mendeley_labeled15_P01_84a3c0ce5626e3ce,5s4mt7xrd9.1,P01,t,dactylology,accepted,train,Mexican Sign Languages Dactylology and Ten First Numbers - Labeled images and videos. From person #1 to #5/persona_1/Ciclo_4_5_Izquierda/Ciclo_4_5_Izquierda_t.mp4,Ciclo_4_5_Izquierda_t,pending,,
mendeley_labeled15_P01_64f9f5db708913e6,5s4mt7xrd9.1,P01,t,dactylology,accepted,train,Mexican Sign Languages Dactylology and Ten First Numbers - Labeled images and videos. From person #1 to #5/persona_1/Ciclo_5_5_Derecha/Ciclo_5_5_Derecha_t.mp4,Ciclo_5_5_Derecha_t,pending,,
mendeley_labeled15_P01_162b920629472390,5s4mt7xrd9.1,P01,t,dactylology,accepted,train,Mexican Sign Languages Dactylology and Ten First Numbers - Labeled images and videos. From person #1 to #5/persona_1/Ciclo_5_5_Izquierda/Ciclo_5_5_Izquierda_t.mp4,Ciclo_5_5_Izquierda_t,pending,,
mendeley_labeled15_P01_0b142874df9fe0b8,5s4mt7xrd9.1,P01,u,dactylology,accepted,train,Mexican Sign Languages Dactylology and Ten First Numbers - Labeled images and videos. From person #1 to #5/persona_1/Ciclo_1_5_Derecha/Ciclo_1_5_Derecha_u.mp4,Ciclo_1_5_Derecha_u,pending,,
mendeley_labeled15_P01_db983944a82ab171,5s4mt7xrd9.1,P01,u,dactylology,accepted,train,Mexican Sign Languages Dactylology and Ten First Numbers - Labeled images and videos. From person #1 to #5/persona_1/Ciclo_1_5_Izquierda/Ciclo_1_5_Izquierda_u.mp4,Ciclo_1_5_Izquierda_u,pending,,
mendeley_labeled15_P01_5d8469d72ffd476f,5s4mt7xrd9.1,P01,u,dactylology,accepted,train,Mexican Sign Languages Dactylology and Ten First Numbers - Labeled images and videos. From person #1 to #5/persona_1/Ciclo_2_5_Derecha/Ciclo_2_5_Derecha_u.mp4,Ciclo_2_5_Derecha_u,pending,,
mendeley_labeled15_P01_c32f2169d88b5178,5s4mt7xrd9.1,P01,u,dactylology,accepted,train,Mexican Sign Languages Dactylology and Ten First Numbers - Labeled images and videos. From person #1 to #5/persona_1/Ciclo_2_5_Izquierda/Ciclo_2_5_Izquierda_u.mp4,Ciclo_2_5_Izquierda_u,pending,,
mendeley_labeled15_P01_1084f14800ca52a7,5s4mt7xrd9.1,P01,u,dactylology,accepted,train,Mexican Sign Languages Dactylology and Ten First Numbers - Labeled images and videos. From person #1 to #5/persona_1/Ciclo_3_5_Derecha/Ciclo_3_5_Derecha_u.mp4,Ciclo_3_5_Derecha_u,pending,,
mendeley_labeled15_P01_c4dca4c3e1d28016,5s4mt7xrd9.1,P01,u,dactylology,accepted,train,Mexican Sign Languages Dactylology and Ten First Numbers - Labeled images and videos. From person #1 to #5/persona_1/Ciclo_3_5_Izquierda/Ciclo_3_5_Izquierda_u.mp4,Ciclo_3_5_Izquierda_u,pending,,
mendeley_labeled15_P01_755250de6f8f9fbc,5s4mt7xrd9.1,P01,u,dactylology,accepted,train,Mexican Sign Languages Dactylology and Ten First Numbers - Labeled images and videos. From person #1 to #5/persona_1/Ciclo_4_5_Derecha/Ciclo_4_5_Derecha_u.mp4,Ciclo_4_5_Derecha_u,pending,,
mendeley_labeled15_P01_ac9db5b099253bc0,5s4mt7xrd9.1,P01,u,dactylology,accepted,train,Mexican Sign Languages Dactylology and Ten First Numbers - Labeled images and videos. From person #1 to #5/persona_1/Ciclo_4_5_Izquierda/Ciclo_4_5_Izquierda_u.mp4,Ciclo_4_5_Izquierda_u,pending,,
mendeley_labeled15_P01_7b5ed427da10c6a7,5s4mt7xrd9.1,P01,u,dactylology,accepted,train,Mexican Sign Languages Dactylology and Ten First Numbers - Labeled images and videos. From person #1 to #5/persona_1/Ciclo_5_5_Derecha/Ciclo_5_5_Derecha_u.mp4,Ciclo_5_5_Derecha_u,pending,,
mendeley_labeled15_P01_60978ce4b23b1fb6,5s4mt7xrd9.1,P01,u,dactylology,accepted,train,Mexican Sign Languages Dactylology and Ten First Numbers - Labeled images and videos. From person #1 to #5/persona_1/Ciclo_5_5_Izquierda/Ciclo_5_5_Izquierda_u.mp4,Ciclo_5_5_Izquierda_u,pending,,
mendeley_labeled15_P01_bff46406d926427c,5s4mt7xrd9.1,P01,v,dactylology,accepted,train,Mexican Sign Languages Dactylology and Ten First Numbers - Labeled images and videos. From person #1 to #5/persona_1/Ciclo_1_5_Derecha/Ciclo_1_5_Derecha_v.mp4,Ciclo_1_5_Derecha_v,pending,,
mendeley_labeled15_P01_76760b20effebe11,5s4mt7xrd9.1,P01,v,dactylology,accepted,train,Mexican Sign Languages Dactylology and Ten First Numbers - Labeled images and videos. From person #1 to #5/persona_1/Ciclo_1_5_Izquierda/Ciclo_1_5_Izquierda_v.mp4,Ciclo_1_5_Izquierda_v,pending,,
mendeley_labeled15_P01_c4e344a1a2c29a8d,5s4mt7xrd9.1,P01,v,dactylology,accepted,train,Mexican Sign Languages Dactylology and Ten First Numbers - Labeled images and videos. From person #1 to #5/persona_1/Ciclo_2_5_Derecha/Ciclo_2_5_Derecha_v.mp4,Ciclo_2_5_Derecha_v,pending,,
mendeley_labeled15_P01_877dc571d6df590c,5s4mt7xrd9.1,P01,v,dactylology,accepted,train,Mexican Sign Languages Dactylology and Ten First Numbers - Labeled images and videos. From person #1 to #5/persona_1/Ciclo_2_5_Izquierda/Ciclo_2_5_Izquierda_v.mp4,Ciclo_2_5_Izquierda_v,pending,,
mendeley_labeled15_P01_01afde934183ca9e,5s4mt7xrd9.1,P01,v,dactylology,accepted,train,Mexican Sign Languages Dactylology and Ten First Numbers - Labeled images and videos. From person #1 to #5/persona_1/Ciclo_3_5_Derecha/Ciclo_3_5_Derecha_v.mp4,Ciclo_3_5_Derecha_v,pending,,
mendeley_labeled15_P01_a42f94a617aab80e,5s4mt7xrd9.1,P01,v,dactylology,accepted,train,Mexican Sign Languages Dactylology and Ten First Numbers - Labeled images and videos. From person #1 to #5/persona_1/Ciclo_3_5_Izquierda/Ciclo_3_5_Izquierda_v.mp4,Ciclo_3_5_Izquierda_v,pending,,
mendeley_labeled15_P01_4d249f9a415fa2a7,5s4mt7xrd9.1,P01,v,dactylology,accepted,train,Mexican Sign Languages Dactylology and Ten First Numbers - Labeled images and videos. From person #1 to #5/persona_1/Ciclo_4_5_Derecha/Ciclo_4_5_Derecha_v.mp4,Ciclo_4_5_Derecha_v,pending,,
mendeley_labeled15_P01_b10e523cadda8dd3,5s4mt7xrd9.1,P01,v,dactylology,accepted,train,Mexican Sign Languages Dactylology and Ten First Numbers - Labeled images and videos. From person #1 to #5/persona_1/Ciclo_4_5_Izquierda/Ciclo_4_5_Izquierda_v.mp4,Ciclo_4_5_Izquierda_v,pending,,
mendeley_labeled15_P01_fcaab6c4a9b0f56b,5s4mt7xrd9.1,P01,v,dactylology,accepted,train,Mexican Sign Languages Dactylology and Ten First Numbers - Labeled images and videos. From person #1 to #5/persona_1/Ciclo_5_5_Derecha/Ciclo_5_5_Derecha_v.mp4,Ciclo_5_5_Derecha_v,pending,,
mendeley_labeled15_P01_59485dc1261f9a35,5s4mt7xrd9.1,P01,v,dactylology,accepted,train,Mexican Sign Languages Dactylology and Ten First Numbers - Labeled images and videos. From person #1 to #5/persona_1/Ciclo_5_5_Izquierda/Ciclo_5_5_Izquierda_v.mp4,Ciclo_5_5_Izquierda_v,pending,,
mendeley_labeled15_P01_a61f6e5d75cc6de8,5s4mt7xrd9.1,P01,w,dactylology,accepted,train,Mexican Sign Languages Dactylology and Ten First Numbers - Labeled images and videos. From person #1 to #5/persona_1/Ciclo_1_5_Derecha/Ciclo_1_5_Derecha_w.mp4,Ciclo_1_5_Derecha_w,pending,,
mendeley_labeled15_P01_a554653580c31a5e,5s4mt7xrd9.1,P01,w,dactylology,accepted,train,Mexican Sign Languages Dactylology and Ten First Numbers - Labeled images and videos. From person #1 to #5/persona_1/Ciclo_1_5_Izquierda/Ciclo_1_5_Izquierda_w.mp4,Ciclo_1_5_Izquierda_w,pending,,
mendeley_labeled15_P01_858a190b3e361993,5s4mt7xrd9.1,P01,w,dactylology,accepted,train,Mexican Sign Languages Dactylology and Ten First Numbers - Labeled images and videos. From person #1 to #5/persona_1/Ciclo_2_5_Derecha/Ciclo_2_5_Derecha_w.mp4,Ciclo_2_5_Derecha_w,pending,,
mendeley_labeled15_P01_6fc5fefc749fa526,5s4mt7xrd9.1,P01,w,dactylology,accepted,train,Mexican Sign Languages Dactylology and Ten First Numbers - Labeled images and videos. From person #1 to #5/persona_1/Ciclo_2_5_Izquierda/Ciclo_2_5_Izquierda_w.mp4,Ciclo_2_5_Izquierda_w,pending,,
mendeley_labeled15_P01_c7b99763f98543ec,5s4mt7xrd9.1,P01,w,dactylology,accepted,train,Mexican Sign Languages Dactylology and Ten First Numbers - Labeled images and videos. From person #1 to #5/persona_1/Ciclo_3_5_Derecha/Ciclo_3_5_Derecha_w.mp4,Ciclo_3_5_Derecha_w,pending,,
mendeley_labeled15_P01_87890763cbc667d9,5s4mt7xrd9.1,P01,w,dactylology,accepted,train,Mexican Sign Languages Dactylology and Ten First Numbers - Labeled images and videos. From person #1 to #5/persona_1/Ciclo_3_5_Izquierda/Ciclo_3_5_Izquierda_w.mp4,Ciclo_3_5_Izquierda_w,pending,,
mendeley_labeled15_P01_b3fdd49f040e04c4,5s4mt7xrd9.1,P01,w,dactylology,accepted,train,Mexican Sign Languages Dactylology and Ten First Numbers - Labeled images and videos. From person #1 to #5/persona_1/Ciclo_4_5_Derecha/Ciclo_4_5_Derecha_w.mp4,Ciclo_4_5_Derecha_w,pending,,
mendeley_labeled15_P01_b1c78ad379802819,5s4mt7xrd9.1,P01,w,dactylology,accepted,train,Mexican Sign Languages Dactylology and Ten First Numbers - Labeled images and videos. From person #1 to #5/persona_1/Ciclo_4_5_Izquierda/Ciclo_4_5_Izquierda_w.mp4,Ciclo_4_5_Izquierda_w,pending,,
mendeley_labeled15_P01_333f37226558a2f5,5s4mt7xrd9.1,P01,w,dactylology,accepted,train,Mexican Sign Languages Dactylology and Ten First Numbers - Labeled images and videos. From person #1 to #5/persona_1/Ciclo_5_5_Derecha/Ciclo_5_5_Derecha_w.mp4,Ciclo_5_5_Derecha_w,pending,,
mendeley_labeled15_P01_9499717bc48a5180,5s4mt7xrd9.1,P01,w,dactylology,accepted,train,Mexican Sign Languages Dactylology and Ten First Numbers - Labeled images and videos. From person #1 to #5/persona_1/Ciclo_5_5_Izquierda/Ciclo_5_5_Izquierda_w.mp4,Ciclo_5_5_Izquierda_w,pending,,
mendeley_labeled15_P01_3315c47328b2b694,5s4mt7xrd9.1,P01,x,dactylology,accepted,train,Mexican Sign Languages Dactylology and Ten First Numbers - Labeled images and videos. From person #1 to #5/persona_1/Ciclo_1_5_Derecha/Ciclo_1_5_Derecha_x.mp4,Ciclo_1_5_Derecha_x,pending,,
mendeley_labeled15_P01_085e76389b00ce33,5s4mt7xrd9.1,P01,x,dactylology,accepted,train,Mexican Sign Languages Dactylology and Ten First Numbers - Labeled images and videos. From person #1 to #5/persona_1/Ciclo_1_5_Izquierda/Ciclo_1_5_Izquierda_x.mp4,Ciclo_1_5_Izquierda_x,pending,,
mendeley_labeled15_P01_ed5cbde737b489c6,5s4mt7xrd9.1,P01,x,dactylology,accepted,train,Mexican Sign Languages Dactylology and Ten First Numbers - Labeled images and videos. From person #1 to #5/persona_1/Ciclo_2_5_Derecha/Ciclo_2_5_Derecha_x.mp4,Ciclo_2_5_Derecha_x,pending,,
mendeley_labeled15_P01_0313556eaab1d494,5s4mt7xrd9.1,P01,x,dactylology,accepted,train,Mexican Sign Languages Dactylology and Ten First Numbers - Labeled images and videos. From person #1 to #5/persona_1/Ciclo_2_5_Izquierda/Ciclo_2_5_Izquierda_x.mp4,Ciclo_2_5_Izquierda_x,pending,,
mendeley_labeled15_P01_4a6a1ec6c165fbb8,5s4mt7xrd9.1,P01,x,dactylology,accepted,train,Mexican Sign Languages Dactylology and Ten First Numbers - Labeled images and videos. From person #1 to #5/persona_1/Ciclo_3_5_Derecha/Ciclo_3_5_Derecha_x.mp4,Ciclo_3_5_Derecha_x,pending,,
mendeley_labeled15_P01_808742079ae4d0d6,5s4mt7xrd9.1,P01,x,dactylology,accepted,train,Mexican Sign Languages Dactylology and Ten First Numbers - Labeled images and videos. From person #1 to #5/persona_1/Ciclo_3_5_Izquierda/Ciclo_3_5_Izquierda_x.mp4,Ciclo_3_5_Izquierda_x,pending,,
mendeley_labeled15_P01_ba7cd910e58de03c,5s4mt7xrd9.1,P01,x,dactylology,accepted,train,Mexican Sign Languages Dactylology and Ten First Numbers - Labeled images and videos. From person #1 to #5/persona_1/Ciclo_4_5_Derecha/Ciclo_4_5_Derecha_x.mp4,Ciclo_4_5_Derecha_x,pending,,
mendeley_labeled15_P01_10a8bc55ab37f4ba,5s4mt7xrd9.1,P01,x,dactylology,accepted,train,Mexican Sign Languages Dactylology and Ten First Numbers - Labeled images and videos. From person #1 to #5/persona_1/Ciclo_4_5_Izquierda/Ciclo_4_5_Izquierda_x.mp4,Ciclo_4_5_Izquierda_x,pending,,
mendeley_labeled15_P01_dc566f7ace77c706,5s4mt7xrd9.1,P01,x,dactylology,accepted,train,Mexican Sign Languages Dactylology and Ten First Numbers - Labeled images and videos. From person #1 to #5/persona_1/Ciclo_5_5_Derecha/Ciclo_5_5_Derecha_x.mp4,Ciclo_5_5_Derecha_x,pending,,
mendeley_labeled15_P01_868a457af6d40e8a,5s4mt7xrd9.1,P01,x,dactylology,accepted,train,Mexican Sign Languages Dactylology and Ten First Numbers - Labeled images and videos. From person #1 to #5/persona_1/Ciclo_5_5_Izquierda/Ciclo_5_5_Izquierda_x.mp4,Ciclo_5_5_Izquierda_x,pending,,
mendeley_labeled15_P01_3f9299146f2e7891,5s4mt7xrd9.1,P01,y,dactylology,accepted,train,Mexican Sign Languages Dactylology and Ten First Numbers - Labeled images and videos. From person #1 to #5/persona_1/Ciclo_1_5_Derecha/Ciclo_1_5_Derecha_y.mp4,Ciclo_1_5_Derecha_y,pending,,
mendeley_labeled15_P01_22235fd889fe0826,5s4mt7xrd9.1,P01,y,dactylology,accepted,train,Mexican Sign Languages Dactylology and Ten First Numbers - Labeled images and videos. From person #1 to #5/persona_1/Ciclo_1_5_Izquierda/Ciclo_1_5_Izquierda_y.mp4,Ciclo_1_5_Izquierda_y,pending,,
mendeley_labeled15_P01_03d1302219d493e5,5s4mt7xrd9.1,P01,y,dactylology,accepted,train,Mexican Sign Languages Dactylology and Ten First Numbers - Labeled images and videos. From person #1 to #5/persona_1/Ciclo_2_5_Derecha/Ciclo_2_5_Derecha_y.mp4,Ciclo_2_5_Derecha_y,pending,,
mendeley_labeled15_P01_87284941ac04d688,5s4mt7xrd9.1,P01,y,dactylology,accepted,train,Mexican Sign Languages Dactylology and Ten First Numbers - Labeled images and videos. From person #1 to #5/persona_1/Ciclo_2_5_Izquierda/Ciclo_2_5_Izquierda_y.mp4,Ciclo_2_5_Izquierda_y,pending,,
mendeley_labeled15_P01_3f3c7fbeebbca856,5s4mt7xrd9.1,P01,y,dactylology,accepted,train,Mexican Sign Languages Dactylology and Ten First Numbers - Labeled images and videos. From person #1 to #5/persona_1/Ciclo_3_5_Derecha/Ciclo_3_5_Derecha_y.mp4,Ciclo_3_5_Derecha_y,pending,,
mendeley_labeled15_P01_0294e7bbae2860ce,5s4mt7xrd9.1,P01,y,dactylology,accepted,train,Mexican Sign Languages Dactylology and Ten First Numbers - Labeled images and videos. From person #1 to #5/persona_1/Ciclo_3_5_Izquierda/Ciclo_3_5_Izquierda_y.mp4,Ciclo_3_5_Izquierda_y,pending,,
mendeley_labeled15_P01_9ac16cea622804cd,5s4mt7xrd9.1,P01,y,dactylology,accepted,train,Mexican Sign Languages Dactylology and Ten First Numbers - Labeled images and videos. From person #1 to #5/persona_1/Ciclo_4_5_Derecha/Ciclo_4_5_Derecha_y.mp4,Ciclo_4_5_Derecha_y,pending,,
mendeley_labeled15_P01_9809a554effe7198,5s4mt7xrd9.1,P01,y,dactylology,accepted,train,Mexican Sign Languages Dactylology and Ten First Numbers - Labeled images and videos. From person #1 to #5/persona_1/Ciclo_4_5_Izquierda/Ciclo_4_5_Izquierda_y.mp4,Ciclo_4_5_Izquierda_y,pending,,
mendeley_labeled15_P01_874f0cd359fbea14,5s4mt7xrd9.1,P01,y,dactylology,accepted,train,Mexican Sign Languages Dactylology and Ten First Numbers - Labeled images and videos. From person #1 to #5/persona_1/Ciclo_5_5_Derecha/Ciclo_5_5_Derecha_y.mp4,Ciclo_5_5_Derecha_y,pending,,
mendeley_labeled15_P01_7d9903c2111f7399,5s4mt7xrd9.1,P01,y,dactylology,accepted,train,Mexican Sign Languages Dactylology and Ten First Numbers - Labeled images and videos. From person #1 to #5/persona_1/Ciclo_5_5_Izquierda/Ciclo_5_5_Izquierda_y.mp4,Ciclo_5_5_Izquierda_y,pending,,
mendeley_labeled15_P01_42830d4231cea4c1,5s4mt7xrd9.1,P01,z,dactylology,accepted,train,Mexican Sign Languages Dactylology and Ten First Numbers - Labeled images and videos. From person #1 to #5/persona_1/Ciclo_1_5_Derecha/Ciclo_1_5_Derecha_z.mp4,Ciclo_1_5_Derecha_z,pending,,
mendeley_labeled15_P01_17c071911e8360b3,5s4mt7xrd9.1,P01,z,dactylology,accepted,train,Mexican Sign Languages Dactylology and Ten First Numbers - Labeled images and videos. From person #1 to #5/persona_1/Ciclo_1_5_Izquierda/Ciclo_1_5_Izquierda_z.mp4,Ciclo_1_5_Izquierda_z,pending,,
mendeley_labeled15_P01_ebf6d9e4021bed1c,5s4mt7xrd9.1,P01,z,dactylology,accepted,train,Mexican Sign Languages Dactylology and Ten First Numbers - Labeled images and videos. From person #1 to #5/persona_1/Ciclo_2_5_Derecha/Ciclo_2_5_Derecha_z.mp4,Ciclo_2_5_Derecha_z,pending,,
mendeley_labeled15_P01_1efc726d484c05d0,5s4mt7xrd9.1,P01,z,dactylology,accepted,train,Mexican Sign Languages Dactylology and Ten First Numbers - Labeled images and videos. From person #1 to #5/persona_1/Ciclo_2_5_Izquierda/Ciclo_2_5_Izquierda_z.mp4,Ciclo_2_5_Izquierda_z,pending,,
mendeley_labeled15_P01_1d75567041905db9,5s4mt7xrd9.1,P01,z,dactylology,accepted,train,Mexican Sign Languages Dactylology and Ten First Numbers - Labeled images and videos. From person #1 to #5/persona_1/Ciclo_3_5_Derecha/Ciclo_3_5_Derecha_z.mp4,Ciclo_3_5_Derecha_z,pending,,
mendeley_labeled15_P01_bd84f54d7b8129d2,5s4mt7xrd9.1,P01,z,dactylology,accepted,train,Mexican Sign Languages Dactylology and Ten First Numbers - Labeled images and videos. From person #1 to #5/persona_1/Ciclo_3_5_Izquierda/Ciclo_3_5_Izquierda_z.mp4,Ciclo_3_5_Izquierda_z,pending,,
mendeley_labeled15_P01_56a9595de47bd8f0,5s4mt7xrd9.1,P01,z,dactylology,accepted,train,Mexican Sign Languages Dactylology and Ten First Numbers - Labeled images and videos. From person #1 to #5/persona_1/Ciclo_4_5_Derecha/Ciclo_4_5_Derecha_z.mp4,Ciclo_4_5_Derecha_z,pending,,
mendeley_labeled15_P01_3b0f300aa2f8891f,5s4mt7xrd9.1,P01,z,dactylology,accepted,train,Mexican Sign Languages Dactylology and Ten First Numbers - Labeled images and videos. From person #1 to #5/persona_1/Ciclo_4_5_Izquierda/Ciclo_4_5_Izquierda_z.mp4,Ciclo_4_5_Izquierda_z,pending,,
mendeley_labeled15_P01_1d7cc4b857477462,5s4mt7xrd9.1,P01,z,dactylology,accepted,train,Mexican Sign Languages Dactylology and Ten First Numbers - Labeled images and videos. From person #1 to #5/persona_1/Ciclo_5_5_Derecha/Ciclo_5_5_Derecha_z.mp4,Ciclo_5_5_Derecha_z,pending,,
mendeley_labeled15_P01_073678daa9ee3459,5s4mt7xrd9.1,P01,z,dactylology,accepted,train,Mexican Sign Languages Dactylology and Ten First Numbers - Labeled images and videos. From person #1 to #5/persona_1/Ciclo_5_5_Izquierda/Ciclo_5_5_Izquierda_z.mp4,Ciclo_5_5_Izquierda_z,pending,,
mendeley_labeled15_P01_100ae4f2ef7244a7,5s4mt7xrd9.1,P01,ñ,dactylology,accepted,train,Mexican Sign Languages Dactylology and Ten First Numbers - Labeled images and videos. From person #1 to #5/persona_1/Ciclo_2_5_Derecha/Ciclo_2_5_Derecha_ñ.mp4,Ciclo_2_5_Derecha_ñ,pending,,
mendeley_labeled15_P01_f5ecc2055c6a2729,5s4mt7xrd9.1,P01,ñ,dactylology,accepted,train,Mexican Sign Languages Dactylology and Ten First Numbers - Labeled images and videos. From person #1 to #5/persona_1/Ciclo_2_5_Izquierda/Ciclo_2_5_Izquierda_ñ.mp4,Ciclo_2_5_Izquierda_ñ,pending,,
mendeley_labeled15_P01_d445264c0a2ebbb2,5s4mt7xrd9.1,P01,ñ,dactylology,accepted,train,Mexican Sign Languages Dactylology and Ten First Numbers - Labeled images and videos. From person #1 to #5/persona_1/Ciclo_3_5_Izquierda/Ciclo_3_5_Izquierda_ñ.mp4,Ciclo_3_5_Izquierda_ñ,pending,,
mendeley_labeled15_P01_93b4e750f249ad02,5s4mt7xrd9.1,P01,ñ,dactylology,accepted,train,Mexican Sign Languages Dactylology and Ten First Numbers - Labeled images and videos. From person #1 to #5/persona_1/Ciclo_4_5_Derecha/Ciclo_4_5_Derecha_ñ.mp4,Ciclo_4_5_Derecha_ñ,pending,,
mendeley_labeled15_P01_22413e68643ea6a1,5s4mt7xrd9.1,P01,ñ,dactylology,accepted,train,Mexican Sign Languages Dactylology and Ten First Numbers - Labeled images and videos. From person #1 to #5/persona_1/Ciclo_5_5_Derecha/Ciclo_5_5_Derecha_ñ.mp4,Ciclo_5_5_Derecha_ñ,pending,,
mendeley_labeled15_P01_8ae89238c2cbedc9,5s4mt7xrd9.1,P01,ñ,dactylology,accepted,train,Mexican Sign Languages Dactylology and Ten First Numbers - Labeled images and videos. From person #1 to #5/persona_1/Ciclo_5_5_Izquierda/Ciclo_5_5_Izquierda_ñ.mp4,Ciclo_5_5_Izquierda_ñ,pending,,
mendeley_labeled15_P01_a2fee206a12e0b5f,5s4mt7xrd9.1,P01,0,number,accepted,train,Mexican Sign Languages Dactylology and Ten First Numbers - Labeled images and videos. From person #1 to #5/persona_1/Ciclo_1_5_Derecha/Ciclo_1_5_Derecha_0.mp4,Ciclo_1_5_Derecha_0,pending,,
mendeley_labeled15_P01_108e0998d0a45134,5s4mt7xrd9.1,P01,0,number,accepted,train,Mexican Sign Languages Dactylology and Ten First Numbers - Labeled images and videos. From person #1 to #5/persona_1/Ciclo_1_5_Izquierda/Ciclo_1_5_Izquierda_0.mp4,Ciclo_1_5_Izquierda_0,pending,,
mendeley_labeled15_P01_af2d621fc22dfc41,5s4mt7xrd9.1,P01,0,number,accepted,train,Mexican Sign Languages Dactylology and Ten First Numbers - Labeled images and videos. From person #1 to #5/persona_1/Ciclo_2_5_Derecha/Ciclo_2_5_Derecha_0.mp4,Ciclo_2_5_Derecha_0,pending,,
mendeley_labeled15_P01_d8c6777712e33556,5s4mt7xrd9.1,P01,0,number,accepted,train,Mexican Sign Languages Dactylology and Ten First Numbers - Labeled images and videos. From person #1 to #5/persona_1/Ciclo_2_5_Izquierda/Ciclo_2_5_Izquierda_0.mp4,Ciclo_2_5_Izquierda_0,pending,,
mendeley_labeled15_P01_2066c9ebb33c04fb,5s4mt7xrd9.1,P01,0,number,accepted,train,Mexican Sign Languages Dactylology and Ten First Numbers - Labeled images and videos. From person #1 to #5/persona_1/Ciclo_3_5_Derecha/Ciclo_3_5_Derecha_0.mp4,Ciclo_3_5_Derecha_0,pending,,
mendeley_labeled15_P01_a517a94901ada964,5s4mt7xrd9.1,P01,0,number,accepted,train,Mexican Sign Languages Dactylology and Ten First Numbers - Labeled images and videos. From person #1 to #5/persona_1/Ciclo_3_5_Izquierda/Ciclo_3_5_Izquierda_0.mp4,Ciclo_3_5_Izquierda_0,pending,,
mendeley_labeled15_P01_c1f8d2349e807e37,5s4mt7xrd9.1,P01,0,number,accepted,train,Mexican Sign Languages Dactylology and Ten First Numbers - Labeled images and videos. From person #1 to #5/persona_1/Ciclo_4_5_Derecha/Ciclo_4_5_Derecha_0.mp4,Ciclo_4_5_Derecha_0,pending,,
mendeley_labeled15_P01_c612b4b5ad17622f,5s4mt7xrd9.1,P01,0,number,accepted,train,Mexican Sign Languages Dactylology and Ten First Numbers - Labeled images and videos. From person #1 to #5/persona_1/Ciclo_4_5_Izquierda/Ciclo_4_5_Izquierda_0.mp4,Ciclo_4_5_Izquierda_0,pending,,
mendeley_labeled15_P01_52ef35f71d9f65f6,5s4mt7xrd9.1,P01,0,number,accepted,train,Mexican Sign Languages Dactylology and Ten First Numbers - Labeled images and videos. From person #1 to #5/persona_1/Ciclo_5_5_Derecha/Ciclo_5_5_Derecha_0.mp4,Ciclo_5_5_Derecha_0,pending,,
mendeley_labeled15_P01_bf4daa7f28a5dfee,5s4mt7xrd9.1,P01,0,number,accepted,train,Mexican Sign Languages Dactylology and Ten First Numbers - Labeled images and videos. From person #1 to #5/persona_1/Ciclo_5_5_Izquierda/Ciclo_5_5_Izquierda_0.mp4,Ciclo_5_5_Izquierda_0,pending,,
mendeley_labeled15_P01_feeb3511e40b137d,5s4mt7xrd9.1,P01,1,number,accepted,train,Mexican Sign Languages Dactylology and Ten First Numbers - Labeled images and videos. From person #1 to #5/persona_1/Ciclo_1_5_Derecha/Ciclo_1_5_Derecha_1.mp4,Ciclo_1_5_Derecha_1,pending,,
mendeley_labeled15_P01_dbab38b0bd4e79f9,5s4mt7xrd9.1,P01,1,number,accepted,train,Mexican Sign Languages Dactylology and Ten First Numbers - Labeled images and videos. From person #1 to #5/persona_1/Ciclo_1_5_Izquierda/Ciclo_1_5_Izquierda_1.mp4,Ciclo_1_5_Izquierda_1,pending,,
mendeley_labeled15_P01_e6823e2dbbf4abee,5s4mt7xrd9.1,P01,1,number,accepted,train,Mexican Sign Languages Dactylology and Ten First Numbers - Labeled images and videos. From person #1 to #5/persona_1/Ciclo_2_5_Derecha/Ciclo_2_5_Derecha_1.mp4,Ciclo_2_5_Derecha_1,pending,,
mendeley_labeled15_P01_cadb1730268df619,5s4mt7xrd9.1,P01,1,number,accepted,train,Mexican Sign Languages Dactylology and Ten First Numbers - Labeled images and videos. From person #1 to #5/persona_1/Ciclo_2_5_Izquierda/Ciclo_2_5_Izquierda_1.mp4,Ciclo_2_5_Izquierda_1,pending,,
mendeley_labeled15_P01_f50efd0c0f7ae448,5s4mt7xrd9.1,P01,1,number,accepted,train,Mexican Sign Languages Dactylology and Ten First Numbers - Labeled images and videos. From person #1 to #5/persona_1/Ciclo_3_5_Derecha/Ciclo_3_5_Derecha_1.mp4,Ciclo_3_5_Derecha_1,pending,,
mendeley_labeled15_P01_0e4705a727283948,5s4mt7xrd9.1,P01,1,number,accepted,train,Mexican Sign Languages Dactylology and Ten First Numbers - Labeled images and videos. From person #1 to #5/persona_1/Ciclo_3_5_Izquierda/Ciclo_3_5_Izquierda_1.mp4,Ciclo_3_5_Izquierda_1,pending,,
mendeley_labeled15_P01_9fdfe8dbeb45b0aa,5s4mt7xrd9.1,P01,1,number,accepted,train,Mexican Sign Languages Dactylology and Ten First Numbers - Labeled images and videos. From person #1 to #5/persona_1/Ciclo_4_5_Derecha/Ciclo_4_5_Derecha_1.mp4,Ciclo_4_5_Derecha_1,pending,,
mendeley_labeled15_P01_9cc2e27a40c7d232,5s4mt7xrd9.1,P01,1,number,accepted,train,Mexican Sign Languages Dactylology and Ten First Numbers - Labeled images and videos. From person #1 to #5/persona_1/Ciclo_4_5_Izquierda/Ciclo_4_5_Izquierda_1.mp4,Ciclo_4_5_Izquierda_1,pending,,
mendeley_labeled15_P01_61a06fa559894063,5s4mt7xrd9.1,P01,1,number,accepted,train,Mexican Sign Languages Dactylology and Ten First Numbers - Labeled images and videos. From person #1 to #5/persona_1/Ciclo_5_5_Derecha/Ciclo_5_5_Derecha_1.mp4,Ciclo_5_5_Derecha_1,pending,,
mendeley_labeled15_P01_b7e68c70a5fb0d68,5s4mt7xrd9.1,P01,1,number,accepted,train,Mexican Sign Languages Dactylology and Ten First Numbers - Labeled images and videos. From person #1 to #5/persona_1/Ciclo_5_5_Izquierda/Ciclo_5_5_Izquierda_1.mp4,Ciclo_5_5_Izquierda_1,pending,,
mendeley_labeled15_P01_a94d58f8604d1dad,5s4mt7xrd9.1,P01,10,number,accepted,train,Mexican Sign Languages Dactylology and Ten First Numbers - Labeled images and videos. From person #1 to #5/persona_1/Ciclo_1_5_Derecha/Ciclo_1_5_Derecha_10.mp4,Ciclo_1_5_Derecha_10,pending,,
mendeley_labeled15_P01_25f8400ddbc461f7,5s4mt7xrd9.1,P01,10,number,accepted,train,Mexican Sign Languages Dactylology and Ten First Numbers - Labeled images and videos. From person #1 to #5/persona_1/Ciclo_1_5_Izquierda/Ciclo_1_5_Izquierda_10.mp4,Ciclo_1_5_Izquierda_10,pending,,
mendeley_labeled15_P01_849c9c9cbfe1faea,5s4mt7xrd9.1,P01,10,number,accepted,train,Mexican Sign Languages Dactylology and Ten First Numbers - Labeled images and videos. From person #1 to #5/persona_1/Ciclo_2_5_Derecha/Ciclo_2_5_Derecha_10.mp4,Ciclo_2_5_Derecha_10,pending,,
mendeley_labeled15_P01_eeefe1e7e984f8a7,5s4mt7xrd9.1,P01,10,number,accepted,train,Mexican Sign Languages Dactylology and Ten First Numbers - Labeled images and videos. From person #1 to #5/persona_1/Ciclo_2_5_Izquierda/Ciclo_2_5_Izquierda_10.mp4,Ciclo_2_5_Izquierda_10,pending,,
mendeley_labeled15_P01_44ed7c1db5635a6a,5s4mt7xrd9.1,P01,10,number,accepted,train,Mexican Sign Languages Dactylology and Ten First Numbers - Labeled images and videos. From person #1 to #5/persona_1/Ciclo_3_5_Derecha/Ciclo_3_5_Derecha_10.mp4,Ciclo_3_5_Derecha_10,pending,,
mendeley_labeled15_P01_06aaf200fbb93ff7,5s4mt7xrd9.1,P01,10,number,accepted,train,Mexican Sign Languages Dactylology and Ten First Numbers - Labeled images and videos. From person #1 to #5/persona_1/Ciclo_3_5_Izquierda/Ciclo_3_5_Izquierda_10.mp4,Ciclo_3_5_Izquierda_10,pending,,
mendeley_labeled15_P01_6b0d51100558289b,5s4mt7xrd9.1,P01,10,number,accepted,train,Mexican Sign Languages Dactylology and Ten First Numbers - Labeled images and videos. From person #1 to #5/persona_1/Ciclo_4_5_Derecha/Ciclo_4_5_Derecha_10.mp4,Ciclo_4_5_Derecha_10,pending,,
mendeley_labeled15_P01_479a4bb8cc108613,5s4mt7xrd9.1,P01,10,number,accepted,train,Mexican Sign Languages Dactylology and Ten First Numbers - Labeled images and videos. From person #1 to #5/persona_1/Ciclo_4_5_Izquierda/Ciclo_4_5_Izquierda_10.mp4,Ciclo_4_5_Izquierda_10,pending,,
mendeley_labeled15_P01_d5ebfe49b672a208,5s4mt7xrd9.1,P01,10,number,accepted,train,Mexican Sign Languages Dactylology and Ten First Numbers - Labeled images and videos. From person #1 to #5/persona_1/Ciclo_5_5_Derecha/Ciclo_5_5_Derecha_10.mp4,Ciclo_5_5_Derecha_10,pending,,
mendeley_labeled15_P01_e25a57076235ee20,5s4mt7xrd9.1,P01,10,number,accepted,train,Mexican Sign Languages Dactylology and Ten First Numbers - Labeled images and videos. From person #1 to #5/persona_1/Ciclo_5_5_Izquierda/Ciclo_5_5_Izquierda_10.mp4,Ciclo_5_5_Izquierda_10,pending,,
mendeley_labeled15_P01_b9e04a1f20535d69,5s4mt7xrd9.1,P01,2,number,accepted,train,Mexican Sign Languages Dactylology and Ten First Numbers - Labeled images and videos. From person #1 to #5/persona_1/Ciclo_1_5_Derecha/Ciclo_1_5_Derecha_2.mp4,Ciclo_1_5_Derecha_2,pending,,
mendeley_labeled15_P01_e1e6ae526782b889,5s4mt7xrd9.1,P01,2,number,accepted,train,Mexican Sign Languages Dactylology and Ten First Numbers - Labeled images and videos. From person #1 to #5/persona_1/Ciclo_1_5_Izquierda/Ciclo_1_5_Izquierda_2.mp4,Ciclo_1_5_Izquierda_2,pending,,
mendeley_labeled15_P01_736abfccd2be61fa,5s4mt7xrd9.1,P01,2,number,accepted,train,Mexican Sign Languages Dactylology and Ten First Numbers - Labeled images and videos. From person #1 to #5/persona_1/Ciclo_2_5_Derecha/Ciclo_2_5_Derecha_2.mp4,Ciclo_2_5_Derecha_2,pending,,
mendeley_labeled15_P01_a3fd8960085d77aa,5s4mt7xrd9.1,P01,2,number,accepted,train,Mexican Sign Languages Dactylology and Ten First Numbers - Labeled images and videos. From person #1 to #5/persona_1/Ciclo_2_5_Izquierda/Ciclo_2_5_Izquierda_2.mp4,Ciclo_2_5_Izquierda_2,pending,,
mendeley_labeled15_P01_24316dc9137e5864,5s4mt7xrd9.1,P01,2,number,accepted,train,Mexican Sign Languages Dactylology and Ten First Numbers - Labeled images and videos. From person #1 to #5/persona_1/Ciclo_3_5_Derecha/Ciclo_3_5_Derecha_2.mp4,Ciclo_3_5_Derecha_2,pending,,
mendeley_labeled15_P01_905fdb9e32f18088,5s4mt7xrd9.1,P01,2,number,accepted,train,Mexican Sign Languages Dactylology and Ten First Numbers - Labeled images and videos. From person #1 to #5/persona_1/Ciclo_3_5_Izquierda/Ciclo_3_5_Izquierda_2.mp4,Ciclo_3_5_Izquierda_2,pending,,
mendeley_labeled15_P01_5fccfc9dd16c1c8f,5s4mt7xrd9.1,P01,2,number,accepted,train,Mexican Sign Languages Dactylology and Ten First Numbers - Labeled images and videos. From person #1 to #5/persona_1/Ciclo_4_5_Derecha/Ciclo_4_5_Derecha_2.mp4,Ciclo_4_5_Derecha_2,pending,,
mendeley_labeled15_P01_dfb9062d1ed6e60b,5s4mt7xrd9.1,P01,2,number,accepted,train,Mexican Sign Languages Dactylology and Ten First Numbers - Labeled images and videos. From person #1 to #5/persona_1/Ciclo_4_5_Izquierda/Ciclo_4_5_Izquierda_2.mp4,Ciclo_4_5_Izquierda_2,pending,,
mendeley_labeled15_P01_11c616772272353b,5s4mt7xrd9.1,P01,2,number,accepted,train,Mexican Sign Languages Dactylology and Ten First Numbers - Labeled images and videos. From person #1 to #5/persona_1/Ciclo_5_5_Derecha/Ciclo_5_5_Derecha_2.mp4,Ciclo_5_5_Derecha_2,pending,,
mendeley_labeled15_P01_76114b80437ccfce,5s4mt7xrd9.1,P01,2,number,accepted,train,Mexican Sign Languages Dactylology and Ten First Numbers - Labeled images and videos. From person #1 to #5/persona_1/Ciclo_5_5_Izquierda/Ciclo_5_5_Izquierda_2.mp4,Ciclo_5_5_Izquierda_2,pending,,
mendeley_labeled15_P01_58ef333d4d9e143b,5s4mt7xrd9.1,P01,3,number,accepted,train,Mexican Sign Languages Dactylology and Ten First Numbers - Labeled images and videos. From person #1 to #5/persona_1/Ciclo_1_5_Derecha/Ciclo_1_5_Derecha_3.mp4,Ciclo_1_5_Derecha_3,pending,,
mendeley_labeled15_P01_1a0a7142806c8e0a,5s4mt7xrd9.1,P01,3,number,accepted,train,Mexican Sign Languages Dactylology and Ten First Numbers - Labeled images and videos. From person #1 to #5/persona_1/Ciclo_1_5_Izquierda/Ciclo_1_5_Izquierda_3.mp4,Ciclo_1_5_Izquierda_3,pending,,
mendeley_labeled15_P01_7f04f0fc86df8632,5s4mt7xrd9.1,P01,3,number,accepted,train,Mexican Sign Languages Dactylology and Ten First Numbers - Labeled images and videos. From person #1 to #5/persona_1/Ciclo_2_5_Derecha/Ciclo_2_5_Derecha_3.mp4,Ciclo_2_5_Derecha_3,pending,,
mendeley_labeled15_P01_b9f6bf17f003b146,5s4mt7xrd9.1,P01,3,number,accepted,train,Mexican Sign Languages Dactylology and Ten First Numbers - Labeled images and videos. From person #1 to #5/persona_1/Ciclo_2_5_Izquierda/Ciclo_2_5_Izquierda_3.mp4,Ciclo_2_5_Izquierda_3,pending,,
mendeley_labeled15_P01_2e547238e5540b70,5s4mt7xrd9.1,P01,3,number,accepted,train,Mexican Sign Languages Dactylology and Ten First Numbers - Labeled images and videos. From person #1 to #5/persona_1/Ciclo_3_5_Derecha/Ciclo_3_5_Derecha_3.mp4,Ciclo_3_5_Derecha_3,pending,,
mendeley_labeled15_P01_b82cfe5c50b8dca6,5s4mt7xrd9.1,P01,3,number,accepted,train,Mexican Sign Languages Dactylology and Ten First Numbers - Labeled images and videos. From person #1 to #5/persona_1/Ciclo_3_5_Izquierda/Ciclo_3_5_Izquierda_3.mp4,Ciclo_3_5_Izquierda_3,pending,,
mendeley_labeled15_P01_48eedc7aa63660fb,5s4mt7xrd9.1,P01,3,number,accepted,train,Mexican Sign Languages Dactylology and Ten First Numbers - Labeled images and videos. From person #1 to #5/persona_1/Ciclo_4_5_Derecha/Ciclo_4_5_Derecha_3.mp4,Ciclo_4_5_Derecha_3,pending,,
mendeley_labeled15_P01_e1c58071c11fbf7e,5s4mt7xrd9.1,P01,3,number,accepted,train,Mexican Sign Languages Dactylology and Ten First Numbers - Labeled images and videos. From person #1 to #5/persona_1/Ciclo_4_5_Izquierda/Ciclo_4_5_Izquierda_3.mp4,Ciclo_4_5_Izquierda_3,pending,,
mendeley_labeled15_P01_ad6a9950eb77c226,5s4mt7xrd9.1,P01,3,number,accepted,train,Mexican Sign Languages Dactylology and Ten First Numbers - Labeled images and videos. From person #1 to #5/persona_1/Ciclo_5_5_Derecha/Ciclo_5_5_Derecha_3.mp4,Ciclo_5_5_Derecha_3,pending,,
mendeley_labeled15_P01_928379e9695e0372,5s4mt7xrd9.1,P01,3,number,accepted,train,Mexican Sign Languages Dactylology and Ten First Numbers - Labeled images and videos. From person #1 to #5/persona_1/Ciclo_5_5_Izquierda/Ciclo_5_5_Izquierda_3.mp4,Ciclo_5_5_Izquierda_3,pending,,
mendeley_labeled15_P01_d4427fd8898e73d8,5s4mt7xrd9.1,P01,4,number,accepted,train,Mexican Sign Languages Dactylology and Ten First Numbers - Labeled images and videos. From person #1 to #5/persona_1/Ciclo_1_5_Derecha/Ciclo_1_5_Derecha_4.mp4,Ciclo_1_5_Derecha_4,pending,,
mendeley_labeled15_P01_767d2d954398a23c,5s4mt7xrd9.1,P01,4,number,accepted,train,Mexican Sign Languages Dactylology and Ten First Numbers - Labeled images and videos. From person #1 to #5/persona_1/Ciclo_1_5_Izquierda/Ciclo_1_5_Izquierda_4.mp4,Ciclo_1_5_Izquierda_4,pending,,
mendeley_labeled15_P01_49ab395aeba4d012,5s4mt7xrd9.1,P01,4,number,accepted,train,Mexican Sign Languages Dactylology and Ten First Numbers - Labeled images and videos. From person #1 to #5/persona_1/Ciclo_2_5_Derecha/Ciclo_2_5_Derecha_4.mp4,Ciclo_2_5_Derecha_4,pending,,
mendeley_labeled15_P01_40cd9899e5d5c9da,5s4mt7xrd9.1,P01,4,number,accepted,train,Mexican Sign Languages Dactylology and Ten First Numbers - Labeled images and videos. From person #1 to #5/persona_1/Ciclo_2_5_Izquierda/Ciclo_2_5_Izquierda_4.mp4,Ciclo_2_5_Izquierda_4,pending,,
mendeley_labeled15_P01_e41cda2e4f02f15d,5s4mt7xrd9.1,P01,4,number,accepted,train,Mexican Sign Languages Dactylology and Ten First Numbers - Labeled images and videos. From person #1 to #5/persona_1/Ciclo_3_5_Derecha/Ciclo_3_5_Derecha_4.mp4,Ciclo_3_5_Derecha_4,pending,,
mendeley_labeled15_P01_8b9e1847c6ecf665,5s4mt7xrd9.1,P01,4,number,accepted,train,Mexican Sign Languages Dactylology and Ten First Numbers - Labeled images and videos. From person #1 to #5/persona_1/Ciclo_3_5_Izquierda/Ciclo_3_5_Izquierda_4.mp4,Ciclo_3_5_Izquierda_4,pending,,
mendeley_labeled15_P01_cd2b4d31b2136117,5s4mt7xrd9.1,P01,4,number,accepted,train,Mexican Sign Languages Dactylology and Ten First Numbers - Labeled images and videos. From person #1 to #5/persona_1/Ciclo_4_5_Derecha/Ciclo_4_5_Derecha_4.mp4,Ciclo_4_5_Derecha_4,pending,,
mendeley_labeled15_P01_76789e40a194322b,5s4mt7xrd9.1,P01,4,number,accepted,train,Mexican Sign Languages Dactylology and Ten First Numbers - Labeled images and videos. From person #1 to #5/persona_1/Ciclo_4_5_Izquierda/Ciclo_4_5_Izquierda_4.mp4,Ciclo_4_5_Izquierda_4,pending,,
mendeley_labeled15_P01_2e42ad01cd60c75b,5s4mt7xrd9.1,P01,4,number,accepted,train,Mexican Sign Languages Dactylology and Ten First Numbers - Labeled images and videos. From person #1 to #5/persona_1/Ciclo_5_5_Derecha/Ciclo_5_5_Derecha_4.mp4,Ciclo_5_5_Derecha_4,pending,,
mendeley_labeled15_P01_0cc105cfa7c648a7,5s4mt7xrd9.1,P01,4,number,accepted,train,Mexican Sign Languages Dactylology and Ten First Numbers - Labeled images and videos. From person #1 to #5/persona_1/Ciclo_5_5_Izquierda/Ciclo_5_5_Izquierda_4.mp4,Ciclo_5_5_Izquierda_4,pending,,
mendeley_labeled15_P01_ec5d884200a79a5e,5s4mt7xrd9.1,P01,5,number,accepted,train,Mexican Sign Languages Dactylology and Ten First Numbers - Labeled images and videos. From person #1 to #5/persona_1/Ciclo_1_5_Derecha/Ciclo_1_5_Derecha_5.mp4,Ciclo_1_5_Derecha_5,pending,,
mendeley_labeled15_P01_bc14b04ef61ba4d4,5s4mt7xrd9.1,P01,5,number,accepted,train,Mexican Sign Languages Dactylology and Ten First Numbers - Labeled images and videos. From person #1 to #5/persona_1/Ciclo_1_5_Izquierda/Ciclo_1_5_Izquierda_5.mp4,Ciclo_1_5_Izquierda_5,pending,,
mendeley_labeled15_P01_751adc5f273ac3c8,5s4mt7xrd9.1,P01,5,number,accepted,train,Mexican Sign Languages Dactylology and Ten First Numbers - Labeled images and videos. From person #1 to #5/persona_1/Ciclo_2_5_Derecha/Ciclo_2_5_Derecha_5.mp4,Ciclo_2_5_Derecha_5,pending,,
mendeley_labeled15_P01_d7e63c59f95568f1,5s4mt7xrd9.1,P01,5,number,accepted,train,Mexican Sign Languages Dactylology and Ten First Numbers - Labeled images and videos. From person #1 to #5/persona_1/Ciclo_2_5_Izquierda/Ciclo_2_5_Izquierda_5.mp4,Ciclo_2_5_Izquierda_5,pending,,
mendeley_labeled15_P01_8ae1deb902228fbd,5s4mt7xrd9.1,P01,5,number,accepted,train,Mexican Sign Languages Dactylology and Ten First Numbers - Labeled images and videos. From person #1 to #5/persona_1/Ciclo_3_5_Derecha/Ciclo_3_5_Derecha_5.mp4,Ciclo_3_5_Derecha_5,pending,,
mendeley_labeled15_P01_257f17778083c350,5s4mt7xrd9.1,P01,5,number,accepted,train,Mexican Sign Languages Dactylology and Ten First Numbers - Labeled images and videos. From person #1 to #5/persona_1/Ciclo_3_5_Izquierda/Ciclo_3_5_Izquierda_5.mp4,Ciclo_3_5_Izquierda_5,pending,,
mendeley_labeled15_P01_b11c4112c22a4ce3,5s4mt7xrd9.1,P01,5,number,accepted,train,Mexican Sign Languages Dactylology and Ten First Numbers - Labeled images and videos. From person #1 to #5/persona_1/Ciclo_4_5_Derecha/Ciclo_4_5_Derecha_5.mp4,Ciclo_4_5_Derecha_5,pending,,
mendeley_labeled15_P01_7154f022d8b24194,5s4mt7xrd9.1,P01,5,number,accepted,train,Mexican Sign Languages Dactylology and Ten First Numbers - Labeled images and videos. From person #1 to #5/persona_1/Ciclo_4_5_Izquierda/Ciclo_4_5_Izquierda_5.mp4,Ciclo_4_5_Izquierda_5,pending,,
mendeley_labeled15_P01_85dc5a6c8a7a20aa,5s4mt7xrd9.1,P01,5,number,accepted,train,Mexican Sign Languages Dactylology and Ten First Numbers - Labeled images and videos. From person #1 to #5/persona_1/Ciclo_5_5_Derecha/Ciclo_5_5_Derecha_5.mp4,Ciclo_5_5_Derecha_5,pending,,
mendeley_labeled15_P01_3e9cc652884b7d3d,5s4mt7xrd9.1,P01,5,number,accepted,train,Mexican Sign Languages Dactylology and Ten First Numbers - Labeled images and videos. From person #1 to #5/persona_1/Ciclo_5_5_Izquierda/Ciclo_5_5_Izquierda_5.mp4,Ciclo_5_5_Izquierda_5,pending,,
mendeley_labeled15_P01_c26954edd32cef57,5s4mt7xrd9.1,P01,6,number,accepted,train,Mexican Sign Languages Dactylology and Ten First Numbers - Labeled images and videos. From person #1 to #5/persona_1/Ciclo_1_5_Derecha/Ciclo_1_5_Derecha_6.mp4,Ciclo_1_5_Derecha_6,pending,,
mendeley_labeled15_P01_ffb8519f4213266f,5s4mt7xrd9.1,P01,6,number,accepted,train,Mexican Sign Languages Dactylology and Ten First Numbers - Labeled images and videos. From person #1 to #5/persona_1/Ciclo_1_5_Izquierda/Ciclo_1_5_Izquierda_6.mp4,Ciclo_1_5_Izquierda_6,pending,,
mendeley_labeled15_P01_56abdc5a30389490,5s4mt7xrd9.1,P01,6,number,accepted,train,Mexican Sign Languages Dactylology and Ten First Numbers - Labeled images and videos. From person #1 to #5/persona_1/Ciclo_2_5_Derecha/Ciclo_2_5_Derecha_6.mp4,Ciclo_2_5_Derecha_6,pending,,
mendeley_labeled15_P01_151977470e752f51,5s4mt7xrd9.1,P01,6,number,accepted,train,Mexican Sign Languages Dactylology and Ten First Numbers - Labeled images and videos. From person #1 to #5/persona_1/Ciclo_2_5_Izquierda/Ciclo_2_5_Izquierda_6.mp4,Ciclo_2_5_Izquierda_6,pending,,
mendeley_labeled15_P01_f7de975b9daaaa4d,5s4mt7xrd9.1,P01,6,number,accepted,train,Mexican Sign Languages Dactylology and Ten First Numbers - Labeled images and videos. From person #1 to #5/persona_1/Ciclo_3_5_Derecha/Ciclo_3_5_Derecha_6.mp4,Ciclo_3_5_Derecha_6,pending,,
mendeley_labeled15_P01_0c9992e69205da18,5s4mt7xrd9.1,P01,6,number,accepted,train,Mexican Sign Languages Dactylology and Ten First Numbers - Labeled images and videos. From person #1 to #5/persona_1/Ciclo_3_5_Izquierda/Ciclo_3_5_Izquierda_6.mp4,Ciclo_3_5_Izquierda_6,pending,,
mendeley_labeled15_P01_91a4b6fd98c80618,5s4mt7xrd9.1,P01,6,number,accepted,train,Mexican Sign Languages Dactylology and Ten First Numbers - Labeled images and videos. From person #1 to #5/persona_1/Ciclo_4_5_Derecha/Ciclo_4_5_Derecha_6.mp4,Ciclo_4_5_Derecha_6,pending,,
mendeley_labeled15_P01_107da6545a366eee,5s4mt7xrd9.1,P01,6,number,accepted,train,Mexican Sign Languages Dactylology and Ten First Numbers - Labeled images and videos. From person #1 to #5/persona_1/Ciclo_4_5_Izquierda/Ciclo_4_5_Izquierda_6.mp4,Ciclo_4_5_Izquierda_6,pending,,
mendeley_labeled15_P01_4cb6815bfef1613f,5s4mt7xrd9.1,P01,6,number,accepted,train,Mexican Sign Languages Dactylology and Ten First Numbers - Labeled images and videos. From person #1 to #5/persona_1/Ciclo_5_5_Derecha/Ciclo_5_5_Derecha_6.mp4,Ciclo_5_5_Derecha_6,pending,,
mendeley_labeled15_P01_7659efd2f6cce7a1,5s4mt7xrd9.1,P01,6,number,accepted,train,Mexican Sign Languages Dactylology and Ten First Numbers - Labeled images and videos. From person #1 to #5/persona_1/Ciclo_5_5_Izquierda/Ciclo_5_5_Izquierda_6.mp4,Ciclo_5_5_Izquierda_6,pending,,
mendeley_labeled15_P01_7ff648e6ea84b1ce,5s4mt7xrd9.1,P01,7,number,accepted,train,Mexican Sign Languages Dactylology and Ten First Numbers - Labeled images and videos. From person #1 to #5/persona_1/Ciclo_1_5_Derecha/Ciclo_1_5_Derecha_7.mp4,Ciclo_1_5_Derecha_7,pending,,
mendeley_labeled15_P01_c327cff1a32d2ab1,5s4mt7xrd9.1,P01,7,number,accepted,train,Mexican Sign Languages Dactylology and Ten First Numbers - Labeled images and videos. From person #1 to #5/persona_1/Ciclo_1_5_Izquierda/Ciclo_1_5_Izquierda_7.mp4,Ciclo_1_5_Izquierda_7,pending,,
mendeley_labeled15_P01_9dee68978079aecb,5s4mt7xrd9.1,P01,7,number,accepted,train,Mexican Sign Languages Dactylology and Ten First Numbers - Labeled images and videos. From person #1 to #5/persona_1/Ciclo_2_5_Derecha/Ciclo_2_5_Derecha_7.mp4,Ciclo_2_5_Derecha_7,pending,,
mendeley_labeled15_P01_1f3a6ebae69bee18,5s4mt7xrd9.1,P01,7,number,accepted,train,Mexican Sign Languages Dactylology and Ten First Numbers - Labeled images and videos. From person #1 to #5/persona_1/Ciclo_2_5_Izquierda/Ciclo_2_5_Izquierda_7.mp4,Ciclo_2_5_Izquierda_7,pending,,
mendeley_labeled15_P01_ccc7f174b1f03e55,5s4mt7xrd9.1,P01,7,number,accepted,train,Mexican Sign Languages Dactylology and Ten First Numbers - Labeled images and videos. From person #1 to #5/persona_1/Ciclo_3_5_Derecha/Ciclo_3_5_Derecha_7.mp4,Ciclo_3_5_Derecha_7,pending,,
mendeley_labeled15_P01_1026b56aff8b2f21,5s4mt7xrd9.1,P01,7,number,accepted,train,Mexican Sign Languages Dactylology and Ten First Numbers - Labeled images and videos. From person #1 to #5/persona_1/Ciclo_3_5_Izquierda/Ciclo_3_5_Izquierda_7.mp4,Ciclo_3_5_Izquierda_7,pending,,
mendeley_labeled15_P01_ccc60a7b3dccaf11,5s4mt7xrd9.1,P01,7,number,accepted,train,Mexican Sign Languages Dactylology and Ten First Numbers - Labeled images and videos. From person #1 to #5/persona_1/Ciclo_4_5_Derecha/Ciclo_4_5_Derecha_7.mp4,Ciclo_4_5_Derecha_7,pending,,
mendeley_labeled15_P01_1ecfaf871de42698,5s4mt7xrd9.1,P01,7,number,accepted,train,Mexican Sign Languages Dactylology and Ten First Numbers - Labeled images and videos. From person #1 to #5/persona_1/Ciclo_4_5_Izquierda/Ciclo_4_5_Izquierda_7.mp4,Ciclo_4_5_Izquierda_7,pending,,
mendeley_labeled15_P01_bebda7b0196f47e5,5s4mt7xrd9.1,P01,7,number,accepted,train,Mexican Sign Languages Dactylology and Ten First Numbers - Labeled images and videos. From person #1 to #5/persona_1/Ciclo_5_5_Derecha/Ciclo_5_5_Derecha_7.mp4,Ciclo_5_5_Derecha_7,pending,,
mendeley_labeled15_P01_a3f6c9ca275dbbc8,5s4mt7xrd9.1,P01,7,number,accepted,train,Mexican Sign Languages Dactylology and Ten First Numbers - Labeled images and videos. From person #1 to #5/persona_1/Ciclo_5_5_Izquierda/Ciclo_5_5_Izquierda_7.mp4,Ciclo_5_5_Izquierda_7,pending,,
mendeley_labeled15_P01_a83330a70e82170b,5s4mt7xrd9.1,P01,8,number,accepted,train,Mexican Sign Languages Dactylology and Ten First Numbers - Labeled images and videos. From person #1 to #5/persona_1/Ciclo_1_5_Derecha/Ciclo_1_5_Derecha_8.mp4,Ciclo_1_5_Derecha_8,pending,,
mendeley_labeled15_P01_46d81341d7d55d1f,5s4mt7xrd9.1,P01,8,number,accepted,train,Mexican Sign Languages Dactylology and Ten First Numbers - Labeled images and videos. From person #1 to #5/persona_1/Ciclo_1_5_Izquierda/Ciclo_1_5_Izquierda_8.mp4,Ciclo_1_5_Izquierda_8,pending,,
mendeley_labeled15_P01_1dbaf4526757addd,5s4mt7xrd9.1,P01,8,number,accepted,train,Mexican Sign Languages Dactylology and Ten First Numbers - Labeled images and videos. From person #1 to #5/persona_1/Ciclo_2_5_Derecha/Ciclo_2_5_Derecha_8.mp4,Ciclo_2_5_Derecha_8,pending,,
mendeley_labeled15_P01_3917fc823dba0dc4,5s4mt7xrd9.1,P01,8,number,accepted,train,Mexican Sign Languages Dactylology and Ten First Numbers - Labeled images and videos. From person #1 to #5/persona_1/Ciclo_2_5_Izquierda/Ciclo_2_5_Izquierda_8.mp4,Ciclo_2_5_Izquierda_8,pending,,
mendeley_labeled15_P01_0473b161acca0827,5s4mt7xrd9.1,P01,8,number,accepted,train,Mexican Sign Languages Dactylology and Ten First Numbers - Labeled images and videos. From person #1 to #5/persona_1/Ciclo_3_5_Derecha/Ciclo_3_5_Derecha_8.mp4,Ciclo_3_5_Derecha_8,pending,,
mendeley_labeled15_P01_884bd4a26e378043,5s4mt7xrd9.1,P01,8,number,accepted,train,Mexican Sign Languages Dactylology and Ten First Numbers - Labeled images and videos. From person #1 to #5/persona_1/Ciclo_3_5_Izquierda/Ciclo_3_5_Izquierda_8.mp4,Ciclo_3_5_Izquierda_8,pending,,
mendeley_labeled15_P01_a11d302dca56c2bf,5s4mt7xrd9.1,P01,8,number,accepted,train,Mexican Sign Languages Dactylology and Ten First Numbers - Labeled images and videos. From person #1 to #5/persona_1/Ciclo_4_5_Derecha/Ciclo_4_5_Derecha_8.mp4,Ciclo_4_5_Derecha_8,pending,,
mendeley_labeled15_P01_363e6abda60af6cb,5s4mt7xrd9.1,P01,8,number,accepted,train,Mexican Sign Languages Dactylology and Ten First Numbers - Labeled images and videos. From person #1 to #5/persona_1/Ciclo_4_5_Izquierda/Ciclo_4_5_Izquierda_8.mp4,Ciclo_4_5_Izquierda_8,pending,,
mendeley_labeled15_P01_109b406c34aafac8,5s4mt7xrd9.1,P01,8,number,accepted,train,Mexican Sign Languages Dactylology and Ten First Numbers - Labeled images and videos. From person #1 to #5/persona_1/Ciclo_5_5_Derecha/Ciclo_5_5_Derecha_8.mp4,Ciclo_5_5_Derecha_8,pending,,
mendeley_labeled15_P01_f75686a2a822aad0,5s4mt7xrd9.1,P01,8,number,accepted,train,Mexican Sign Languages Dactylology and Ten First Numbers - Labeled images and videos. From person #1 to #5/persona_1/Ciclo_5_5_Izquierda/Ciclo_5_5_Izquierda_8.mp4,Ciclo_5_5_Izquierda_8,pending,,
mendeley_labeled15_P01_41295793317eaf65,5s4mt7xrd9.1,P01,9,number,accepted,train,Mexican Sign Languages Dactylology and Ten First Numbers - Labeled images and videos. From person #1 to #5/persona_1/Ciclo_1_5_Derecha/Ciclo_1_5_Derecha_9.mp4,Ciclo_1_5_Derecha_9,pending,,
mendeley_labeled15_P01_fea7d7b15f8cb92f,5s4mt7xrd9.1,P01,9,number,accepted,train,Mexican Sign Languages Dactylology and Ten First Numbers - Labeled images and videos. From person #1 to #5/persona_1/Ciclo_1_5_Izquierda/Ciclo_1_5_Izquierda_9.mp4,Ciclo_1_5_Izquierda_9,pending,,
mendeley_labeled15_P01_1869c90d1982f420,5s4mt7xrd9.1,P01,9,number,accepted,train,Mexican Sign Languages Dactylology and Ten First Numbers - Labeled images and videos. From person #1 to #5/persona_1/Ciclo_2_5_Derecha/Ciclo_2_5_Derecha_9.mp4,Ciclo_2_5_Derecha_9,pending,,
mendeley_labeled15_P01_937c9d888698e67a,5s4mt7xrd9.1,P01,9,number,accepted,train,Mexican Sign Languages Dactylology and Ten First Numbers - Labeled images and videos. From person #1 to #5/persona_1/Ciclo_2_5_Izquierda/Ciclo_2_5_Izquierda_9.mp4,Ciclo_2_5_Izquierda_9,pending,,
mendeley_labeled15_P01_b80e2437819c32d2,5s4mt7xrd9.1,P01,9,number,accepted,train,Mexican Sign Languages Dactylology and Ten First Numbers - Labeled images and videos. From person #1 to #5/persona_1/Ciclo_3_5_Derecha/Ciclo_3_5_Derecha_9.mp4,Ciclo_3_5_Derecha_9,pending,,
mendeley_labeled15_P01_9b7df31eb64d18d4,5s4mt7xrd9.1,P01,9,number,accepted,train,Mexican Sign Languages Dactylology and Ten First Numbers - Labeled images and videos. From person #1 to #5/persona_1/Ciclo_3_5_Izquierda/Ciclo_3_5_Izquierda_9.mp4,Ciclo_3_5_Izquierda_9,pending,,
mendeley_labeled15_P01_55b27dda222b1e96,5s4mt7xrd9.1,P01,9,number,accepted,train,Mexican Sign Languages Dactylology and Ten First Numbers - Labeled images and videos. From person #1 to #5/persona_1/Ciclo_4_5_Derecha/Ciclo_4_5_Derecha_9.mp4,Ciclo_4_5_Derecha_9,pending,,
mendeley_labeled15_P01_1981711ab685778a,5s4mt7xrd9.1,P01,9,number,accepted,train,Mexican Sign Languages Dactylology and Ten First Numbers - Labeled images and videos. From person #1 to #5/persona_1/Ciclo_4_5_Izquierda/Ciclo_4_5_Izquierda_9.mp4,Ciclo_4_5_Izquierda_9,pending,,
mendeley_labeled15_P01_813a70c5ba389389,5s4mt7xrd9.1,P01,9,number,accepted,train,Mexican Sign Languages Dactylology and Ten First Numbers - Labeled images and videos. From person #1 to #5/persona_1/Ciclo_5_5_Derecha/Ciclo_5_5_Derecha_9.mp4,Ciclo_5_5_Derecha_9,pending,,
mendeley_labeled15_P01_3ef050946ac480ed,5s4mt7xrd9.1,P01,9,number,accepted,train,Mexican Sign Languages Dactylology and Ten First Numbers - Labeled images and videos. From person #1 to #5/persona_1/Ciclo_5_5_Izquierda/Ciclo_5_5_Izquierda_9.mp4,Ciclo_5_5_Izquierda_9,pending,,
mendeley_labeled15_P01_f44f1feb0d1b77a5,5s4mt7xrd9.1,P01,n-aqre7q,unknown,quarantined_ambiguous,train,Mexican Sign Languages Dactylology and Ten First Numbers - Labeled images and videos. From person #1 to #5/persona_1/Ciclo_3_5_Izquierda/Ciclo_3_5_Izquierda_n-AQrE7Q.mp4,Ciclo_3_5_Izquierda_n-AQrE7Q,quarantined,,ambiguous_or_unrecognized_filename_suffix
mendeley_labeled15_P01_a9e5aa30c2cdd782,5s4mt7xrd9.1,P01,n-fadaec,unknown,quarantined_ambiguous,train,Mexican Sign Languages Dactylology and Ten First Numbers - Labeled images and videos. From person #1 to #5/persona_1/Ciclo_2_5_Izquierda/Ciclo_2_5_Izquierda_n-FADaEc.mp4,Ciclo_2_5_Izquierda_n-FADaEc,quarantined,,ambiguous_or_unrecognized_filename_suffix
mendeley_labeled15_P01_134f7581f52cedf6,5s4mt7xrd9.1,P01,n-jnue2y,unknown,quarantined_ambiguous,train,Mexican Sign Languages Dactylology and Ten First Numbers - Labeled images and videos. From person #1 to #5/persona_1/Ciclo_2_5_Derecha/Ciclo_2_5_Derecha_n-jNue2y.mp4,Ciclo_2_5_Derecha_n-jNue2y,quarantined,,ambiguous_or_unrecognized_filename_suffix
mendeley_labeled15_P01_fa0c6ce994015a18,5s4mt7xrd9.1,P01,n-mvebpb,unknown,quarantined_ambiguous,train,Mexican Sign Languages Dactylology and Ten First Numbers - Labeled images and videos. From person #1 to #5/persona_1/Ciclo_4_5_Derecha/Ciclo_4_5_Derecha_n-mVEBpB.mp4,Ciclo_4_5_Derecha_n-mVEBpB,quarantined,,ambiguous_or_unrecognized_filename_suffix
mendeley_labeled15_P01_033de99450ab03ab,5s4mt7xrd9.1,P01,n-njrhj5,unknown,quarantined_ambiguous,train,Mexican Sign Languages Dactylology and Ten First Numbers - Labeled images and videos. From person #1 to #5/persona_1/Ciclo_5_5_Izquierda/Ciclo_5_5_Izquierda_n-nJrHJ5.mp4,Ciclo_5_5_Izquierda_n-nJrHJ5,quarantined,,ambiguous_or_unrecognized_filename_suffix
mendeley_labeled15_P01_b18fa370db6980ff,5s4mt7xrd9.1,P01,n-nsxvd5,unknown,quarantined_ambiguous,train,Mexican Sign Languages Dactylology and Ten First Numbers - Labeled images and videos. From person #1 to #5/persona_1/Ciclo_5_5_Derecha/Ciclo_5_5_Derecha_n-nsxvD5.mp4,Ciclo_5_5_Derecha_n-nsxvD5,quarantined,,ambiguous_or_unrecognized_filename_suffix
mendeley_labeled15_P01_73217844d8d9e43d,5s4mt7xrd9.1,P01,ñ-ize35y,unknown,quarantined_unknown_label,train,Mexican Sign Languages Dactylology and Ten First Numbers - Labeled images and videos. From person #1 to #5/persona_1/Ciclo_1_5_Derecha/Ciclo_1_5_Derecha_ñ-iZE35Y.mp4,Ciclo_1_5_Derecha_ñ-iZE35Y,quarantined,,ambiguous_or_unrecognized_filename_suffix
mendeley_labeled15_P01_1ce420f5cb18cd48,5s4mt7xrd9.1,P01,ñ-oe6r4l,unknown,quarantined_unknown_label,train,Mexican Sign Languages Dactylology and Ten First Numbers - Labeled images and videos. From person #1 to #5/persona_1/Ciclo_4_5_Izquierda/Ciclo_4_5_Izquierda_ñ-oE6r4l.mp4,Ciclo_4_5_Izquierda_ñ-oE6r4l,quarantined,,ambiguous_or_unrecognized_filename_suffix
mendeley_labeled15_P01_e223e2fd6ca64f25,5s4mt7xrd9.1,P01,ñ-thxg2o,unknown,quarantined_unknown_label,train,Mexican Sign Languages Dactylology and Ten First Numbers - Labeled images and videos. From person #1 to #5/persona_1/Ciclo_1_5_Izquierda/Ciclo_1_5_Izquierda_ñ-tHXG2o.mp4,Ciclo_1_5_Izquierda_ñ-tHXG2o,quarantined,,ambiguous_or_unrecognized_filename_suffix
mendeley_labeled15_P01_2c7a59608c43496a,5s4mt7xrd9.1,P01,ñ-xrvmzg,unknown,quarantined_unknown_label,train,Mexican Sign Languages Dactylology and Ten First Numbers - Labeled images and videos. From person #1 to #5/persona_1/Ciclo_3_5_Derecha/Ciclo_3_5_Derecha_ñ-xrVMZg.mp4,Ciclo_3_5_Derecha_ñ-xrVMZg,quarantined,,ambiguous_or_unrecognized_filename_suffix
mendeley_labeled15_P02_885445125ae8c676,5s4mt7xrd9.1,P02,a,dactylology,accepted,train,Mexican Sign Languages Dactylology and Ten First Numbers - Labeled images and videos. From person #1 to #5/persona_2/Ciclo_1_5_Derecha/Ciclo_1_5_Derecha_a.mp4,Ciclo_1_5_Derecha_a,pending,,
mendeley_labeled15_P02_f4a2e768ce55b5f4,5s4mt7xrd9.1,P02,a,dactylology,accepted,train,Mexican Sign Languages Dactylology and Ten First Numbers - Labeled images and videos. From person #1 to #5/persona_2/Ciclo_1_5_Izquierda/Ciclo_1_5_Izquierda_a.mp4,Ciclo_1_5_Izquierda_a,pending,,
mendeley_labeled15_P02_d9fb9523d6f1aaaa,5s4mt7xrd9.1,P02,a,dactylology,accepted,train,Mexican Sign Languages Dactylology and Ten First Numbers - Labeled images and videos. From person #1 to #5/persona_2/Ciclo_2_5_Derecha/Ciclo_2_5_Derecha_a.mp4,Ciclo_2_5_Derecha_a,pending,,
mendeley_labeled15_P02_a73c35288a4eb458,5s4mt7xrd9.1,P02,a,dactylology,accepted,train,Mexican Sign Languages Dactylology and Ten First Numbers - Labeled images and videos. From person #1 to #5/persona_2/Ciclo_2_5_Izquierda/Ciclo_2_5_Izquierda_a.mp4,Ciclo_2_5_Izquierda_a,pending,,
mendeley_labeled15_P02_49ab34098b5cfc9f,5s4mt7xrd9.1,P02,a,dactylology,accepted,train,Mexican Sign Languages Dactylology and Ten First Numbers - Labeled images and videos. From person #1 to #5/persona_2/Ciclo_3_5_Derecha/Ciclo_3_5_Derecha_a.mp4,Ciclo_3_5_Derecha_a,pending,,
mendeley_labeled15_P02_53d03a4925bbfec8,5s4mt7xrd9.1,P02,a,dactylology,accepted,train,Mexican Sign Languages Dactylology and Ten First Numbers - Labeled images and videos. From person #1 to #5/persona_2/Ciclo_3_5_Izquierda/Ciclo_3_5_Izquierda_a.mp4,Ciclo_3_5_Izquierda_a,pending,,
mendeley_labeled15_P02_9d5d5440f2b3e4d6,5s4mt7xrd9.1,P02,a,dactylology,accepted,train,Mexican Sign Languages Dactylology and Ten First Numbers - Labeled images and videos. From person #1 to #5/persona_2/Ciclo_4_5_Derecha/Ciclo_4_5_Derecha_a.mp4,Ciclo_4_5_Derecha_a,pending,,
mendeley_labeled15_P02_9526509d99d9bc55,5s4mt7xrd9.1,P02,a,dactylology,accepted,train,Mexican Sign Languages Dactylology and Ten First Numbers - Labeled images and videos. From person #1 to #5/persona_2/Ciclo_4_5_Izquierda/Ciclo_4_5_Izquierda_a.mp4,Ciclo_4_5_Izquierda_a,pending,,
mendeley_labeled15_P02_599958e07c73f6b4,5s4mt7xrd9.1,P02,a,dactylology,accepted,train,Mexican Sign Languages Dactylology and Ten First Numbers - Labeled images and videos. From person #1 to #5/persona_2/Ciclo_5_5_Derecha/Ciclo_5_5_Derecha_a.mp4,Ciclo_5_5_Derecha_a,pending,,
mendeley_labeled15_P02_d2caf965865cab79,5s4mt7xrd9.1,P02,a,dactylology,accepted,train,Mexican Sign Languages Dactylology and Ten First Numbers - Labeled images and videos. From person #1 to #5/persona_2/Ciclo_5_5_Izquierda/Ciclo_6_5_Derecha_a.mp4,Ciclo_6_5_Derecha_a,pending,,
mendeley_labeled15_P02_0852e69f58071c0e,5s4mt7xrd9.1,P02,b,dactylology,accepted,train,Mexican Sign Languages Dactylology and Ten First Numbers - Labeled images and videos. From person #1 to #5/persona_2/Ciclo_1_5_Derecha/Ciclo_1_5_Derecha_b.mp4,Ciclo_1_5_Derecha_b,pending,,
mendeley_labeled15_P02_a0a69cf134b334de,5s4mt7xrd9.1,P02,b,dactylology,accepted,train,Mexican Sign Languages Dactylology and Ten First Numbers - Labeled images and videos. From person #1 to #5/persona_2/Ciclo_1_5_Izquierda/Ciclo_1_5_Izquierda_b.mp4,Ciclo_1_5_Izquierda_b,pending,,
mendeley_labeled15_P02_f575e45ca9334498,5s4mt7xrd9.1,P02,b,dactylology,accepted,train,Mexican Sign Languages Dactylology and Ten First Numbers - Labeled images and videos. From person #1 to #5/persona_2/Ciclo_2_5_Derecha/Ciclo_2_5_Derecha_b.mp4,Ciclo_2_5_Derecha_b,pending,,
mendeley_labeled15_P02_df1d4903a5f0730d,5s4mt7xrd9.1,P02,b,dactylology,accepted,train,Mexican Sign Languages Dactylology and Ten First Numbers - Labeled images and videos. From person #1 to #5/persona_2/Ciclo_2_5_Izquierda/Ciclo_2_5_Izquierda_b.mp4,Ciclo_2_5_Izquierda_b,pending,,
mendeley_labeled15_P02_8657dcdca62d0e94,5s4mt7xrd9.1,P02,b,dactylology,accepted,train,Mexican Sign Languages Dactylology and Ten First Numbers - Labeled images and videos. From person #1 to #5/persona_2/Ciclo_3_5_Derecha/Ciclo_3_5_Derecha_b.mp4,Ciclo_3_5_Derecha_b,pending,,
mendeley_labeled15_P02_d43b9b220813d134,5s4mt7xrd9.1,P02,b,dactylology,accepted,train,Mexican Sign Languages Dactylology and Ten First Numbers - Labeled images and videos. From person #1 to #5/persona_2/Ciclo_3_5_Izquierda/Ciclo_3_5_Izquierda_b.mp4,Ciclo_3_5_Izquierda_b,pending,,
mendeley_labeled15_P02_b11da20c5b2c0639,5s4mt7xrd9.1,P02,b,dactylology,accepted,train,Mexican Sign Languages Dactylology and Ten First Numbers - Labeled images and videos. From person #1 to #5/persona_2/Ciclo_4_5_Derecha/Ciclo_4_5_Derecha_b.mp4,Ciclo_4_5_Derecha_b,pending,,
mendeley_labeled15_P02_a456585261426101,5s4mt7xrd9.1,P02,b,dactylology,accepted,train,Mexican Sign Languages Dactylology and Ten First Numbers - Labeled images and videos. From person #1 to #5/persona_2/Ciclo_4_5_Izquierda/Ciclo_4_5_Izquierda_b.mp4,Ciclo_4_5_Izquierda_b,pending,,
mendeley_labeled15_P02_8ffb16989cc52797,5s4mt7xrd9.1,P02,b,dactylology,accepted,train,Mexican Sign Languages Dactylology and Ten First Numbers - Labeled images and videos. From person #1 to #5/persona_2/Ciclo_5_5_Derecha/Ciclo_5_5_Derecha_b.mp4,Ciclo_5_5_Derecha_b,pending,,
mendeley_labeled15_P02_cff640ad54f19737,5s4mt7xrd9.1,P02,b,dactylology,accepted,train,Mexican Sign Languages Dactylology and Ten First Numbers - Labeled images and videos. From person #1 to #5/persona_2/Ciclo_5_5_Izquierda/Ciclo_6_5_Derecha_b.mp4,Ciclo_6_5_Derecha_b,pending,,
mendeley_labeled15_P02_b9e1069536d1100a,5s4mt7xrd9.1,P02,c,dactylology,accepted,train,Mexican Sign Languages Dactylology and Ten First Numbers - Labeled images and videos. From person #1 to #5/persona_2/Ciclo_1_5_Derecha/Ciclo_1_5_Derecha_c.mp4,Ciclo_1_5_Derecha_c,pending,,
mendeley_labeled15_P02_ee5ba3110fedac0d,5s4mt7xrd9.1,P02,c,dactylology,accepted,train,Mexican Sign Languages Dactylology and Ten First Numbers - Labeled images and videos. From person #1 to #5/persona_2/Ciclo_1_5_Izquierda/Ciclo_1_5_Izquierda_c.mp4,Ciclo_1_5_Izquierda_c,pending,,
mendeley_labeled15_P02_52b4541f697409ae,5s4mt7xrd9.1,P02,c,dactylology,accepted,train,Mexican Sign Languages Dactylology and Ten First Numbers - Labeled images and videos. From person #1 to #5/persona_2/Ciclo_2_5_Derecha/Ciclo_2_5_Derecha_c.mp4,Ciclo_2_5_Derecha_c,pending,,
mendeley_labeled15_P02_d82d269100a444b1,5s4mt7xrd9.1,P02,c,dactylology,accepted,train,Mexican Sign Languages Dactylology and Ten First Numbers - Labeled images and videos. From person #1 to #5/persona_2/Ciclo_2_5_Izquierda/Ciclo_2_5_Izquierda_c.mp4,Ciclo_2_5_Izquierda_c,pending,,
mendeley_labeled15_P02_7c8a31dd4a848b96,5s4mt7xrd9.1,P02,c,dactylology,accepted,train,Mexican Sign Languages Dactylology and Ten First Numbers - Labeled images and videos. From person #1 to #5/persona_2/Ciclo_3_5_Derecha/Ciclo_3_5_Derecha_c.mp4,Ciclo_3_5_Derecha_c,pending,,
mendeley_labeled15_P02_c7bdf23a3128d69c,5s4mt7xrd9.1,P02,c,dactylology,accepted,train,Mexican Sign Languages Dactylology and Ten First Numbers - Labeled images and videos. From person #1 to #5/persona_2/Ciclo_3_5_Izquierda/Ciclo_3_5_Izquierda_c.mp4,Ciclo_3_5_Izquierda_c,pending,,
mendeley_labeled15_P02_13a414b08601fdc6,5s4mt7xrd9.1,P02,c,dactylology,accepted,train,Mexican Sign Languages Dactylology and Ten First Numbers - Labeled images and videos. From person #1 to #5/persona_2/Ciclo_4_5_Derecha/Ciclo_4_5_Derecha_c.mp4,Ciclo_4_5_Derecha_c,pending,,
mendeley_labeled15_P02_4432db6f7eafd996,5s4mt7xrd9.1,P02,c,dactylology,accepted,train,Mexican Sign Languages Dactylology and Ten First Numbers - Labeled images and videos. From person #1 to #5/persona_2/Ciclo_4_5_Izquierda/Ciclo_4_5_Izquierda_c.mp4,Ciclo_4_5_Izquierda_c,pending,,
mendeley_labeled15_P02_3438428bc1b39eac,5s4mt7xrd9.1,P02,c,dactylology,accepted,train,Mexican Sign Languages Dactylology and Ten First Numbers - Labeled images and videos. From person #1 to #5/persona_2/Ciclo_5_5_Derecha/Ciclo_5_5_Derecha_c.mp4,Ciclo_5_5_Derecha_c,pending,,
mendeley_labeled15_P02_651dbd9b17be4ffe,5s4mt7xrd9.1,P02,c,dactylology,accepted,train,Mexican Sign Languages Dactylology and Ten First Numbers - Labeled images and videos. From person #1 to #5/persona_2/Ciclo_5_5_Izquierda/Ciclo_6_5_Derecha_c.mp4,Ciclo_6_5_Derecha_c,pending,,
mendeley_labeled15_P02_d9ca18ecbd509356,5s4mt7xrd9.1,P02,d,dactylology,accepted,train,Mexican Sign Languages Dactylology and Ten First Numbers - Labeled images and videos. From person #1 to #5/persona_2/Ciclo_1_5_Derecha/Ciclo_1_5_Derecha_d.mp4,Ciclo_1_5_Derecha_d,pending,,
mendeley_labeled15_P02_b185ef4a5fa49c54,5s4mt7xrd9.1,P02,d,dactylology,accepted,train,Mexican Sign Languages Dactylology and Ten First Numbers - Labeled images and videos. From person #1 to #5/persona_2/Ciclo_1_5_Izquierda/Ciclo_1_5_Izquierda_d.mp4,Ciclo_1_5_Izquierda_d,pending,,
mendeley_labeled15_P02_e7159edc6ee4c506,5s4mt7xrd9.1,P02,d,dactylology,accepted,train,Mexican Sign Languages Dactylology and Ten First Numbers - Labeled images and videos. From person #1 to #5/persona_2/Ciclo_2_5_Derecha/Ciclo_2_5_Derecha_d.mp4,Ciclo_2_5_Derecha_d,pending,,
mendeley_labeled15_P02_61d99e285749282a,5s4mt7xrd9.1,P02,d,dactylology,accepted,train,Mexican Sign Languages Dactylology and Ten First Numbers - Labeled images and videos. From person #1 to #5/persona_2/Ciclo_2_5_Izquierda/Ciclo_2_5_Izquierda_d.mp4,Ciclo_2_5_Izquierda_d,pending,,
mendeley_labeled15_P02_e60aa19c371928d3,5s4mt7xrd9.1,P02,d,dactylology,accepted,train,Mexican Sign Languages Dactylology and Ten First Numbers - Labeled images and videos. From person #1 to #5/persona_2/Ciclo_3_5_Derecha/Ciclo_3_5_Derecha_d.mp4,Ciclo_3_5_Derecha_d,pending,,
mendeley_labeled15_P02_b85b9b10b392c4df,5s4mt7xrd9.1,P02,d,dactylology,accepted,train,Mexican Sign Languages Dactylology and Ten First Numbers - Labeled images and videos. From person #1 to #5/persona_2/Ciclo_3_5_Izquierda/Ciclo_3_5_Izquierda_d.mp4,Ciclo_3_5_Izquierda_d,pending,,
mendeley_labeled15_P02_83530a5bd99f42d6,5s4mt7xrd9.1,P02,d,dactylology,accepted,train,Mexican Sign Languages Dactylology and Ten First Numbers - Labeled images and videos. From person #1 to #5/persona_2/Ciclo_4_5_Derecha/Ciclo_4_5_Derecha_d.mp4,Ciclo_4_5_Derecha_d,pending,,
mendeley_labeled15_P02_918f2237dd20f112,5s4mt7xrd9.1,P02,d,dactylology,accepted,train,Mexican Sign Languages Dactylology and Ten First Numbers - Labeled images and videos. From person #1 to #5/persona_2/Ciclo_4_5_Izquierda/Ciclo_4_5_Izquierda_d.mp4,Ciclo_4_5_Izquierda_d,pending,,
mendeley_labeled15_P02_880c2c634d0d86ac,5s4mt7xrd9.1,P02,d,dactylology,accepted,train,Mexican Sign Languages Dactylology and Ten First Numbers - Labeled images and videos. From person #1 to #5/persona_2/Ciclo_5_5_Derecha/Ciclo_5_5_Derecha_d.mp4,Ciclo_5_5_Derecha_d,pending,,
mendeley_labeled15_P02_2baa65ccae412aa8,5s4mt7xrd9.1,P02,d,dactylology,accepted,train,Mexican Sign Languages Dactylology and Ten First Numbers - Labeled images and videos. From person #1 to #5/persona_2/Ciclo_5_5_Izquierda/Ciclo_6_5_Derecha_d.mp4,Ciclo_6_5_Derecha_d,pending,,
mendeley_labeled15_P02_a68c45ee4fc5b2f1,5s4mt7xrd9.1,P02,e,dactylology,accepted,train,Mexican Sign Languages Dactylology and Ten First Numbers - Labeled images and videos. From person #1 to #5/persona_2/Ciclo_1_5_Derecha/Ciclo_1_5_Derecha_e.mp4,Ciclo_1_5_Derecha_e,pending,,
mendeley_labeled15_P02_8ba33b443535b86d,5s4mt7xrd9.1,P02,e,dactylology,accepted,train,Mexican Sign Languages Dactylology and Ten First Numbers - Labeled images and videos. From person #1 to #5/persona_2/Ciclo_1_5_Izquierda/Ciclo_1_5_Izquierda_e.mp4,Ciclo_1_5_Izquierda_e,pending,,
mendeley_labeled15_P02_78d563ce740540d8,5s4mt7xrd9.1,P02,e,dactylology,accepted,train,Mexican Sign Languages Dactylology and Ten First Numbers - Labeled images and videos. From person #1 to #5/persona_2/Ciclo_2_5_Derecha/Ciclo_2_5_Derecha_e.mp4,Ciclo_2_5_Derecha_e,pending,,
mendeley_labeled15_P02_a0824b3d8899dd49,5s4mt7xrd9.1,P02,e,dactylology,accepted,train,Mexican Sign Languages Dactylology and Ten First Numbers - Labeled images and videos. From person #1 to #5/persona_2/Ciclo_2_5_Izquierda/Ciclo_2_5_Izquierda_e.mp4,Ciclo_2_5_Izquierda_e,pending,,
mendeley_labeled15_P02_df9837c7c073dfa7,5s4mt7xrd9.1,P02,e,dactylology,accepted,train,Mexican Sign Languages Dactylology and Ten First Numbers - Labeled images and videos. From person #1 to #5/persona_2/Ciclo_3_5_Derecha/Ciclo_3_5_Derecha_e.mp4,Ciclo_3_5_Derecha_e,pending,,
mendeley_labeled15_P02_6aa828a9dea5d7d1,5s4mt7xrd9.1,P02,e,dactylology,accepted,train,Mexican Sign Languages Dactylology and Ten First Numbers - Labeled images and videos. From person #1 to #5/persona_2/Ciclo_3_5_Izquierda/Ciclo_3_5_Izquierda_e.mp4,Ciclo_3_5_Izquierda_e,pending,,
mendeley_labeled15_P02_5f1424bdd3acfcc8,5s4mt7xrd9.1,P02,e,dactylology,accepted,train,Mexican Sign Languages Dactylology and Ten First Numbers - Labeled images and videos. From person #1 to #5/persona_2/Ciclo_4_5_Derecha/Ciclo_4_5_Derecha_e.mp4,Ciclo_4_5_Derecha_e,pending,,
mendeley_labeled15_P02_a35b0dbb145b2b4e,5s4mt7xrd9.1,P02,e,dactylology,accepted,train,Mexican Sign Languages Dactylology and Ten First Numbers - Labeled images and videos. From person #1 to #5/persona_2/Ciclo_4_5_Izquierda/Ciclo_4_5_Izquierda_e.mp4,Ciclo_4_5_Izquierda_e,pending,,
mendeley_labeled15_P02_23401c6dfeac1831,5s4mt7xrd9.1,P02,e,dactylology,accepted,train,Mexican Sign Languages Dactylology and Ten First Numbers - Labeled images and videos. From person #1 to #5/persona_2/Ciclo_5_5_Derecha/Ciclo_5_5_Derecha_e.mp4,Ciclo_5_5_Derecha_e,pending,,
mendeley_labeled15_P02_1330038c2e1e97b4,5s4mt7xrd9.1,P02,e,dactylology,accepted,train,Mexican Sign Languages Dactylology and Ten First Numbers - Labeled images and videos. From person #1 to #5/persona_2/Ciclo_5_5_Izquierda/Ciclo_6_5_Derecha_e.mp4,Ciclo_6_5_Derecha_e,pending,,
mendeley_labeled15_P02_14b181fa4fb1406f,5s4mt7xrd9.1,P02,f,dactylology,accepted,train,Mexican Sign Languages Dactylology and Ten First Numbers - Labeled images and videos. From person #1 to #5/persona_2/Ciclo_1_5_Derecha/Ciclo_1_5_Derecha_f.mp4,Ciclo_1_5_Derecha_f,pending,,
mendeley_labeled15_P02_9336557d78a53d31,5s4mt7xrd9.1,P02,f,dactylology,accepted,train,Mexican Sign Languages Dactylology and Ten First Numbers - Labeled images and videos. From person #1 to #5/persona_2/Ciclo_1_5_Izquierda/Ciclo_1_5_Izquierda_f.mp4,Ciclo_1_5_Izquierda_f,pending,,
mendeley_labeled15_P02_61d628f187516cef,5s4mt7xrd9.1,P02,f,dactylology,accepted,train,Mexican Sign Languages Dactylology and Ten First Numbers - Labeled images and videos. From person #1 to #5/persona_2/Ciclo_2_5_Derecha/Ciclo_2_5_Derecha_f.mp4,Ciclo_2_5_Derecha_f,pending,,
mendeley_labeled15_P02_e04665de06d565c1,5s4mt7xrd9.1,P02,f,dactylology,accepted,train,Mexican Sign Languages Dactylology and Ten First Numbers - Labeled images and videos. From person #1 to #5/persona_2/Ciclo_2_5_Izquierda/Ciclo_2_5_Izquierda_f.mp4,Ciclo_2_5_Izquierda_f,pending,,
mendeley_labeled15_P02_36dd655abfef0a3d,5s4mt7xrd9.1,P02,f,dactylology,accepted,train,Mexican Sign Languages Dactylology and Ten First Numbers - Labeled images and videos. From person #1 to #5/persona_2/Ciclo_3_5_Derecha/Ciclo_3_5_Derecha_f.mp4,Ciclo_3_5_Derecha_f,pending,,
mendeley_labeled15_P02_461ac6a41e48c572,5s4mt7xrd9.1,P02,f,dactylology,accepted,train,Mexican Sign Languages Dactylology and Ten First Numbers - Labeled images and videos. From person #1 to #5/persona_2/Ciclo_3_5_Izquierda/Ciclo_3_5_Izquierda_f.mp4,Ciclo_3_5_Izquierda_f,pending,,
mendeley_labeled15_P02_0dbb3fa249b0dcc4,5s4mt7xrd9.1,P02,f,dactylology,accepted,train,Mexican Sign Languages Dactylology and Ten First Numbers - Labeled images and videos. From person #1 to #5/persona_2/Ciclo_4_5_Derecha/Ciclo_4_5_Derecha_f.mp4,Ciclo_4_5_Derecha_f,pending,,
mendeley_labeled15_P02_06887543d23689cf,5s4mt7xrd9.1,P02,f,dactylology,accepted,train,Mexican Sign Languages Dactylology and Ten First Numbers - Labeled images and videos. From person #1 to #5/persona_2/Ciclo_4_5_Izquierda/Ciclo_4_5_Izquierda_f.mp4,Ciclo_4_5_Izquierda_f,pending,,
mendeley_labeled15_P02_c5b3c1e23931a961,5s4mt7xrd9.1,P02,f,dactylology,accepted,train,Mexican Sign Languages Dactylology and Ten First Numbers - Labeled images and videos. From person #1 to #5/persona_2/Ciclo_5_5_Derecha/Ciclo_5_5_Derecha_f.mp4,Ciclo_5_5_Derecha_f,pending,,
mendeley_labeled15_P02_a24bdff345f9344a,5s4mt7xrd9.1,P02,f,dactylology,accepted,train,Mexican Sign Languages Dactylology and Ten First Numbers - Labeled images and videos. From person #1 to #5/persona_2/Ciclo_5_5_Izquierda/Ciclo_6_5_Derecha_f.mp4,Ciclo_6_5_Derecha_f,pending,,
mendeley_labeled15_P02_d1ebe1b1597f9b67,5s4mt7xrd9.1,P02,g,dactylology,accepted,train,Mexican Sign Languages Dactylology and Ten First Numbers - Labeled images and videos. From person #1 to #5/persona_2/Ciclo_1_5_Derecha/Ciclo_1_5_Derecha_g.mp4,Ciclo_1_5_Derecha_g,pending,,
mendeley_labeled15_P02_eef1bc311139fd1d,5s4mt7xrd9.1,P02,g,dactylology,accepted,train,Mexican Sign Languages Dactylology and Ten First Numbers - Labeled images and videos. From person #1 to #5/persona_2/Ciclo_1_5_Izquierda/Ciclo_1_5_Izquierda_g.mp4,Ciclo_1_5_Izquierda_g,pending,,
mendeley_labeled15_P02_56eb10ced2fe189e,5s4mt7xrd9.1,P02,g,dactylology,accepted,train,Mexican Sign Languages Dactylology and Ten First Numbers - Labeled images and videos. From person #1 to #5/persona_2/Ciclo_2_5_Derecha/Ciclo_2_5_Derecha_g.mp4,Ciclo_2_5_Derecha_g,pending,,
mendeley_labeled15_P02_de1d2b0a686ddc54,5s4mt7xrd9.1,P02,g,dactylology,accepted,train,Mexican Sign Languages Dactylology and Ten First Numbers - Labeled images and videos. From person #1 to #5/persona_2/Ciclo_2_5_Izquierda/Ciclo_2_5_Izquierda_g.mp4,Ciclo_2_5_Izquierda_g,pending,,
mendeley_labeled15_P02_8ec4ce28cadf3390,5s4mt7xrd9.1,P02,g,dactylology,accepted,train,Mexican Sign Languages Dactylology and Ten First Numbers - Labeled images and videos. From person #1 to #5/persona_2/Ciclo_3_5_Derecha/Ciclo_3_5_Derecha_g.mp4,Ciclo_3_5_Derecha_g,pending,,
mendeley_labeled15_P02_2f461a577a9e17f7,5s4mt7xrd9.1,P02,g,dactylology,accepted,train,Mexican Sign Languages Dactylology and Ten First Numbers - Labeled images and videos. From person #1 to #5/persona_2/Ciclo_3_5_Izquierda/Ciclo_3_5_Izquierda_g.mp4,Ciclo_3_5_Izquierda_g,pending,,
mendeley_labeled15_P02_f55a0bc4790f0c6d,5s4mt7xrd9.1,P02,g,dactylology,accepted,train,Mexican Sign Languages Dactylology and Ten First Numbers - Labeled images and videos. From person #1 to #5/persona_2/Ciclo_4_5_Derecha/Ciclo_4_5_Derecha_g.mp4,Ciclo_4_5_Derecha_g,pending,,
mendeley_labeled15_P02_b0da9501d382e997,5s4mt7xrd9.1,P02,g,dactylology,accepted,train,Mexican Sign Languages Dactylology and Ten First Numbers - Labeled images and videos. From person #1 to #5/persona_2/Ciclo_4_5_Izquierda/Ciclo_4_5_Izquierda_g.mp4,Ciclo_4_5_Izquierda_g,pending,,
mendeley_labeled15_P02_ed0fd6ac8dc91999,5s4mt7xrd9.1,P02,g,dactylology,accepted,train,Mexican Sign Languages Dactylology and Ten First Numbers - Labeled images and videos. From person #1 to #5/persona_2/Ciclo_5_5_Derecha/Ciclo_5_5_Derecha_g.mp4,Ciclo_5_5_Derecha_g,pending,,
mendeley_labeled15_P02_ff8f77d323994b50,5s4mt7xrd9.1,P02,g,dactylology,accepted,train,Mexican Sign Languages Dactylology and Ten First Numbers - Labeled images and videos. From person #1 to #5/persona_2/Ciclo_5_5_Izquierda/Ciclo_6_5_Derecha_g.mp4,Ciclo_6_5_Derecha_g,pending,,
mendeley_labeled15_P02_ef8605e94db736f8,5s4mt7xrd9.1,P02,h,dactylology,accepted,train,Mexican Sign Languages Dactylology and Ten First Numbers - Labeled images and videos. From person #1 to #5/persona_2/Ciclo_1_5_Derecha/Ciclo_1_5_Derecha_h.mp4,Ciclo_1_5_Derecha_h,pending,,
mendeley_labeled15_P02_1590fe2467174240,5s4mt7xrd9.1,P02,h,dactylology,accepted,train,Mexican Sign Languages Dactylology and Ten First Numbers - Labeled images and videos. From person #1 to #5/persona_2/Ciclo_1_5_Izquierda/Ciclo_1_5_Izquierda_h.mp4,Ciclo_1_5_Izquierda_h,pending,,
mendeley_labeled15_P02_c8b90251ee7eb322,5s4mt7xrd9.1,P02,h,dactylology,accepted,train,Mexican Sign Languages Dactylology and Ten First Numbers - Labeled images and videos. From person #1 to #5/persona_2/Ciclo_2_5_Derecha/Ciclo_2_5_Derecha_h.mp4,Ciclo_2_5_Derecha_h,pending,,
mendeley_labeled15_P02_b18a01c8d2f3dc92,5s4mt7xrd9.1,P02,h,dactylology,accepted,train,Mexican Sign Languages Dactylology and Ten First Numbers - Labeled images and videos. From person #1 to #5/persona_2/Ciclo_2_5_Izquierda/Ciclo_2_5_Izquierda_h.mp4,Ciclo_2_5_Izquierda_h,pending,,
mendeley_labeled15_P02_0d78cc805dbe71b7,5s4mt7xrd9.1,P02,h,dactylology,accepted,train,Mexican Sign Languages Dactylology and Ten First Numbers - Labeled images and videos. From person #1 to #5/persona_2/Ciclo_3_5_Derecha/Ciclo_3_5_Derecha_h.mp4,Ciclo_3_5_Derecha_h,pending,,
mendeley_labeled15_P02_2123ab1675d3a682,5s4mt7xrd9.1,P02,h,dactylology,accepted,train,Mexican Sign Languages Dactylology and Ten First Numbers - Labeled images and videos. From person #1 to #5/persona_2/Ciclo_3_5_Izquierda/Ciclo_3_5_Izquierda_h.mp4,Ciclo_3_5_Izquierda_h,pending,,
mendeley_labeled15_P02_fb0498872cd0e7e4,5s4mt7xrd9.1,P02,h,dactylology,accepted,train,Mexican Sign Languages Dactylology and Ten First Numbers - Labeled images and videos. From person #1 to #5/persona_2/Ciclo_4_5_Derecha/Ciclo_4_5_Derecha_h.mp4,Ciclo_4_5_Derecha_h,pending,,
mendeley_labeled15_P02_ed5eaf9ff34de734,5s4mt7xrd9.1,P02,h,dactylology,accepted,train,Mexican Sign Languages Dactylology and Ten First Numbers - Labeled images and videos. From person #1 to #5/persona_2/Ciclo_4_5_Izquierda/Ciclo_4_5_Izquierda_h.mp4,Ciclo_4_5_Izquierda_h,pending,,
mendeley_labeled15_P02_1c8a949d0c85db04,5s4mt7xrd9.1,P02,h,dactylology,accepted,train,Mexican Sign Languages Dactylology and Ten First Numbers - Labeled images and videos. From person #1 to #5/persona_2/Ciclo_5_5_Derecha/Ciclo_5_5_Derecha_h.mp4,Ciclo_5_5_Derecha_h,pending,,
mendeley_labeled15_P02_51199e30b6e2617b,5s4mt7xrd9.1,P02,h,dactylology,accepted,train,Mexican Sign Languages Dactylology and Ten First Numbers - Labeled images and videos. From person #1 to #5/persona_2/Ciclo_5_5_Izquierda/Ciclo_6_5_Derecha_h.mp4,Ciclo_6_5_Derecha_h,pending,,
mendeley_labeled15_P02_74f59b35579dd964,5s4mt7xrd9.1,P02,i,dactylology,accepted,train,Mexican Sign Languages Dactylology and Ten First Numbers - Labeled images and videos. From person #1 to #5/persona_2/Ciclo_1_5_Derecha/Ciclo_1_5_Derecha_i.mp4,Ciclo_1_5_Derecha_i,pending,,
mendeley_labeled15_P02_9e450f8c4da7ce34,5s4mt7xrd9.1,P02,i,dactylology,accepted,train,Mexican Sign Languages Dactylology and Ten First Numbers - Labeled images and videos. From person #1 to #5/persona_2/Ciclo_1_5_Izquierda/Ciclo_1_5_Izquierda_i.mp4,Ciclo_1_5_Izquierda_i,pending,,
mendeley_labeled15_P02_0170494b1a55b46f,5s4mt7xrd9.1,P02,i,dactylology,accepted,train,Mexican Sign Languages Dactylology and Ten First Numbers - Labeled images and videos. From person #1 to #5/persona_2/Ciclo_2_5_Derecha/Ciclo_2_5_Derecha_i.mp4,Ciclo_2_5_Derecha_i,pending,,
mendeley_labeled15_P02_0c1e981d58961ff1,5s4mt7xrd9.1,P02,i,dactylology,accepted,train,Mexican Sign Languages Dactylology and Ten First Numbers - Labeled images and videos. From person #1 to #5/persona_2/Ciclo_2_5_Izquierda/Ciclo_2_5_Izquierda_i.mp4,Ciclo_2_5_Izquierda_i,pending,,
mendeley_labeled15_P02_6179c77f177efa05,5s4mt7xrd9.1,P02,i,dactylology,accepted,train,Mexican Sign Languages Dactylology and Ten First Numbers - Labeled images and videos. From person #1 to #5/persona_2/Ciclo_3_5_Derecha/Ciclo_3_5_Derecha_i.mp4,Ciclo_3_5_Derecha_i,pending,,
mendeley_labeled15_P02_cc1c54ecb229726b,5s4mt7xrd9.1,P02,i,dactylology,accepted,train,Mexican Sign Languages Dactylology and Ten First Numbers - Labeled images and videos. From person #1 to #5/persona_2/Ciclo_3_5_Izquierda/Ciclo_3_5_Izquierda_i.mp4,Ciclo_3_5_Izquierda_i,pending,,
mendeley_labeled15_P02_6e50a52e06e27223,5s4mt7xrd9.1,P02,i,dactylology,accepted,train,Mexican Sign Languages Dactylology and Ten First Numbers - Labeled images and videos. From person #1 to #5/persona_2/Ciclo_4_5_Derecha/Ciclo_4_5_Derecha_i.mp4,Ciclo_4_5_Derecha_i,pending,,
mendeley_labeled15_P02_ac047b2343c1cde8,5s4mt7xrd9.1,P02,i,dactylology,accepted,train,Mexican Sign Languages Dactylology and Ten First Numbers - Labeled images and videos. From person #1 to #5/persona_2/Ciclo_4_5_Izquierda/Ciclo_4_5_Izquierda_i.mp4,Ciclo_4_5_Izquierda_i,pending,,
mendeley_labeled15_P02_0300368781d2161d,5s4mt7xrd9.1,P02,i,dactylology,accepted,train,Mexican Sign Languages Dactylology and Ten First Numbers - Labeled images and videos. From person #1 to #5/persona_2/Ciclo_5_5_Derecha/Ciclo_5_5_Derecha_i.mp4,Ciclo_5_5_Derecha_i,pending,,
mendeley_labeled15_P02_0d550deab6b21fbf,5s4mt7xrd9.1,P02,i,dactylology,accepted,train,Mexican Sign Languages Dactylology and Ten First Numbers - Labeled images and videos. From person #1 to #5/persona_2/Ciclo_5_5_Izquierda/Ciclo_6_5_Derecha_i.mp4,Ciclo_6_5_Derecha_i,pending,,
mendeley_labeled15_P02_5d3b0894cc4f9790,5s4mt7xrd9.1,P02,j,dactylology,accepted,train,Mexican Sign Languages Dactylology and Ten First Numbers - Labeled images and videos. From person #1 to #5/persona_2/Ciclo_1_5_Derecha/Ciclo_1_5_Derecha_j.mp4,Ciclo_1_5_Derecha_j,pending,,
mendeley_labeled15_P02_5e9c42daa03ab044,5s4mt7xrd9.1,P02,j,dactylology,accepted,train,Mexican Sign Languages Dactylology and Ten First Numbers - Labeled images and videos. From person #1 to #5/persona_2/Ciclo_1_5_Izquierda/Ciclo_1_5_Izquierda_j.mp4,Ciclo_1_5_Izquierda_j,pending,,
mendeley_labeled15_P02_8fa776ba9c5e5653,5s4mt7xrd9.1,P02,j,dactylology,accepted,train,Mexican Sign Languages Dactylology and Ten First Numbers - Labeled images and videos. From person #1 to #5/persona_2/Ciclo_2_5_Derecha/Ciclo_2_5_Derecha_j.mp4,Ciclo_2_5_Derecha_j,pending,,
mendeley_labeled15_P02_8590a524231ab1a1,5s4mt7xrd9.1,P02,j,dactylology,accepted,train,Mexican Sign Languages Dactylology and Ten First Numbers - Labeled images and videos. From person #1 to #5/persona_2/Ciclo_2_5_Izquierda/Ciclo_2_5_Izquierda_j.mp4,Ciclo_2_5_Izquierda_j,pending,,
mendeley_labeled15_P02_ff7fa650493129a4,5s4mt7xrd9.1,P02,j,dactylology,accepted,train,Mexican Sign Languages Dactylology and Ten First Numbers - Labeled images and videos. From person #1 to #5/persona_2/Ciclo_3_5_Derecha/Ciclo_3_5_Derecha_j.mp4,Ciclo_3_5_Derecha_j,pending,,
mendeley_labeled15_P02_96ed6661194b7c61,5s4mt7xrd9.1,P02,j,dactylology,accepted,train,Mexican Sign Languages Dactylology and Ten First Numbers - Labeled images and videos. From person #1 to #5/persona_2/Ciclo_3_5_Izquierda/Ciclo_3_5_Izquierda_j.mp4,Ciclo_3_5_Izquierda_j,pending,,
mendeley_labeled15_P02_3ae3ee54265f4b5a,5s4mt7xrd9.1,P02,j,dactylology,accepted,train,Mexican Sign Languages Dactylology and Ten First Numbers - Labeled images and videos. From person #1 to #5/persona_2/Ciclo_4_5_Derecha/Ciclo_4_5_Derecha_j.mp4,Ciclo_4_5_Derecha_j,pending,,
mendeley_labeled15_P02_6600fa6b572bf590,5s4mt7xrd9.1,P02,j,dactylology,accepted,train,Mexican Sign Languages Dactylology and Ten First Numbers - Labeled images and videos. From person #1 to #5/persona_2/Ciclo_4_5_Izquierda/Ciclo_4_5_Izquierda_j.mp4,Ciclo_4_5_Izquierda_j,pending,,
mendeley_labeled15_P02_25e876208826698e,5s4mt7xrd9.1,P02,j,dactylology,accepted,train,Mexican Sign Languages Dactylology and Ten First Numbers - Labeled images and videos. From person #1 to #5/persona_2/Ciclo_5_5_Derecha/Ciclo_5_5_Derecha_j.mp4,Ciclo_5_5_Derecha_j,pending,,
mendeley_labeled15_P02_20b7fe79b6be2aab,5s4mt7xrd9.1,P02,j,dactylology,accepted,train,Mexican Sign Languages Dactylology and Ten First Numbers - Labeled images and videos. From person #1 to #5/persona_2/Ciclo_5_5_Izquierda/Ciclo_5_5_Derecha_j.mp4,Ciclo_5_5_Derecha_j,pending,,
mendeley_labeled15_P02_a08d9e0ccf4bc315,5s4mt7xrd9.1,P02,k,dactylology,accepted,train,Mexican Sign Languages Dactylology and Ten First Numbers - Labeled images and videos. From person #1 to #5/persona_2/Ciclo_1_5_Derecha/Ciclo_1_5_Derecha_k.mp4,Ciclo_1_5_Derecha_k,pending,,
mendeley_labeled15_P02_dffba49608f5567e,5s4mt7xrd9.1,P02,k,dactylology,accepted,train,Mexican Sign Languages Dactylology and Ten First Numbers - Labeled images and videos. From person #1 to #5/persona_2/Ciclo_1_5_Izquierda/Ciclo_1_5_Izquierda_k.mp4,Ciclo_1_5_Izquierda_k,pending,,
mendeley_labeled15_P02_325cd9e6584b21f4,5s4mt7xrd9.1,P02,k,dactylology,accepted,train,Mexican Sign Languages Dactylology and Ten First Numbers - Labeled images and videos. From person #1 to #5/persona_2/Ciclo_2_5_Derecha/Ciclo_2_5_Derecha_k.mp4,Ciclo_2_5_Derecha_k,pending,,
mendeley_labeled15_P02_fd0b068f12800675,5s4mt7xrd9.1,P02,k,dactylology,accepted,train,Mexican Sign Languages Dactylology and Ten First Numbers - Labeled images and videos. From person #1 to #5/persona_2/Ciclo_2_5_Izquierda/Ciclo_2_5_Izquierda_k.mp4,Ciclo_2_5_Izquierda_k,pending,,
mendeley_labeled15_P02_161cc48f1d7112e4,5s4mt7xrd9.1,P02,k,dactylology,accepted,train,Mexican Sign Languages Dactylology and Ten First Numbers - Labeled images and videos. From person #1 to #5/persona_2/Ciclo_3_5_Derecha/Ciclo_3_5_Derecha_k.mp4,Ciclo_3_5_Derecha_k,pending,,
mendeley_labeled15_P02_04e0c76f479b4d26,5s4mt7xrd9.1,P02,k,dactylology,accepted,train,Mexican Sign Languages Dactylology and Ten First Numbers - Labeled images and videos. From person #1 to #5/persona_2/Ciclo_3_5_Izquierda/Ciclo_3_5_Izquierda_k.mp4,Ciclo_3_5_Izquierda_k,pending,,
mendeley_labeled15_P02_4b8adf93c2b22ea4,5s4mt7xrd9.1,P02,k,dactylology,accepted,train,Mexican Sign Languages Dactylology and Ten First Numbers - Labeled images and videos. From person #1 to #5/persona_2/Ciclo_4_5_Derecha/Ciclo_4_5_Derecha_k.mp4,Ciclo_4_5_Derecha_k,pending,,
mendeley_labeled15_P02_e4590a5822f357fa,5s4mt7xrd9.1,P02,k,dactylology,accepted,train,Mexican Sign Languages Dactylology and Ten First Numbers - Labeled images and videos. From person #1 to #5/persona_2/Ciclo_4_5_Izquierda/Ciclo_4_5_Izquierda_k.mp4,Ciclo_4_5_Izquierda_k,pending,,
mendeley_labeled15_P02_42ac307c8a76abfe,5s4mt7xrd9.1,P02,k,dactylology,accepted,train,Mexican Sign Languages Dactylology and Ten First Numbers - Labeled images and videos. From person #1 to #5/persona_2/Ciclo_5_5_Derecha/Ciclo_5_5_Derecha_k.mp4,Ciclo_5_5_Derecha_k,pending,,
mendeley_labeled15_P02_5f65d315b8d406fd,5s4mt7xrd9.1,P02,k,dactylology,accepted,train,Mexican Sign Languages Dactylology and Ten First Numbers - Labeled images and videos. From person #1 to #5/persona_2/Ciclo_5_5_Izquierda/Ciclo_6_5_Derecha_k.mp4,Ciclo_6_5_Derecha_k,pending,,
mendeley_labeled15_P02_ea974c1f870fe5b7,5s4mt7xrd9.1,P02,l,dactylology,accepted,train,Mexican Sign Languages Dactylology and Ten First Numbers - Labeled images and videos. From person #1 to #5/persona_2/Ciclo_1_5_Derecha/Ciclo_1_5_Derecha_l.mp4,Ciclo_1_5_Derecha_l,pending,,
mendeley_labeled15_P02_08ca677b0f88921b,5s4mt7xrd9.1,P02,l,dactylology,accepted,train,Mexican Sign Languages Dactylology and Ten First Numbers - Labeled images and videos. From person #1 to #5/persona_2/Ciclo_1_5_Izquierda/Ciclo_1_5_Izquierda_l.mp4,Ciclo_1_5_Izquierda_l,pending,,
mendeley_labeled15_P02_cb731347b2fc588b,5s4mt7xrd9.1,P02,l,dactylology,accepted,train,Mexican Sign Languages Dactylology and Ten First Numbers - Labeled images and videos. From person #1 to #5/persona_2/Ciclo_2_5_Derecha/Ciclo_2_5_Derecha_l.mp4,Ciclo_2_5_Derecha_l,pending,,
mendeley_labeled15_P02_44617458416a6f0a,5s4mt7xrd9.1,P02,l,dactylology,accepted,train,Mexican Sign Languages Dactylology and Ten First Numbers - Labeled images and videos. From person #1 to #5/persona_2/Ciclo_2_5_Izquierda/Ciclo_2_5_Izquierda_l.mp4,Ciclo_2_5_Izquierda_l,pending,,
mendeley_labeled15_P02_219bfb02dda8562f,5s4mt7xrd9.1,P02,l,dactylology,accepted,train,Mexican Sign Languages Dactylology and Ten First Numbers - Labeled images and videos. From person #1 to #5/persona_2/Ciclo_3_5_Derecha/Ciclo_3_5_Derecha_l.mp4,Ciclo_3_5_Derecha_l,pending,,
mendeley_labeled15_P02_442042a721cafdeb,5s4mt7xrd9.1,P02,l,dactylology,accepted,train,Mexican Sign Languages Dactylology and Ten First Numbers - Labeled images and videos. From person #1 to #5/persona_2/Ciclo_3_5_Izquierda/Ciclo_3_5_Izquierda_l.mp4,Ciclo_3_5_Izquierda_l,pending,,
mendeley_labeled15_P02_313589db0ee1aa38,5s4mt7xrd9.1,P02,l,dactylology,accepted,train,Mexican Sign Languages Dactylology and Ten First Numbers - Labeled images and videos. From person #1 to #5/persona_2/Ciclo_4_5_Derecha/Ciclo_4_5_Derecha_l.mp4,Ciclo_4_5_Derecha_l,pending,,
mendeley_labeled15_P02_68c5f8060e927012,5s4mt7xrd9.1,P02,l,dactylology,accepted,train,Mexican Sign Languages Dactylology and Ten First Numbers - Labeled images and videos. From person #1 to #5/persona_2/Ciclo_4_5_Izquierda/Ciclo_4_5_Izquierda_l.mp4,Ciclo_4_5_Izquierda_l,pending,,
mendeley_labeled15_P02_5c1d47019a3552ef,5s4mt7xrd9.1,P02,l,dactylology,accepted,train,Mexican Sign Languages Dactylology and Ten First Numbers - Labeled images and videos. From person #1 to #5/persona_2/Ciclo_5_5_Derecha/Ciclo_5_5_Derecha_l.mp4,Ciclo_5_5_Derecha_l,pending,,
mendeley_labeled15_P02_79d9475cdeed2779,5s4mt7xrd9.1,P02,l,dactylology,accepted,train,Mexican Sign Languages Dactylology and Ten First Numbers - Labeled images and videos. From person #1 to #5/persona_2/Ciclo_5_5_Izquierda/Ciclo_6_5_Derecha_l.mp4,Ciclo_6_5_Derecha_l,pending,,
mendeley_labeled15_P02_34982f66388370dc,5s4mt7xrd9.1,P02,ll,dactylology,accepted,train,Mexican Sign Languages Dactylology and Ten First Numbers - Labeled images and videos. From person #1 to #5/persona_2/Ciclo_1_5_Derecha/Ciclo_1_5_Derecha_ll.mp4,Ciclo_1_5_Derecha_ll,pending,,
mendeley_labeled15_P02_520384f8815c84fa,5s4mt7xrd9.1,P02,ll,dactylology,accepted,train,Mexican Sign Languages Dactylology and Ten First Numbers - Labeled images and videos. From person #1 to #5/persona_2/Ciclo_1_5_Izquierda/Ciclo_1_5_Izquierda_ll.mp4,Ciclo_1_5_Izquierda_ll,pending,,
mendeley_labeled15_P02_0e580a7ff5904c8f,5s4mt7xrd9.1,P02,ll,dactylology,accepted,train,Mexican Sign Languages Dactylology and Ten First Numbers - Labeled images and videos. From person #1 to #5/persona_2/Ciclo_2_5_Derecha/Ciclo_2_5_Derecha_ll.mp4,Ciclo_2_5_Derecha_ll,pending,,
mendeley_labeled15_P02_ad709ff1180f8208,5s4mt7xrd9.1,P02,ll,dactylology,accepted,train,Mexican Sign Languages Dactylology and Ten First Numbers - Labeled images and videos. From person #1 to #5/persona_2/Ciclo_2_5_Izquierda/Ciclo_2_5_Izquierda_ll.mp4,Ciclo_2_5_Izquierda_ll,pending,,
mendeley_labeled15_P02_2b957955abd65d5d,5s4mt7xrd9.1,P02,ll,dactylology,accepted,train,Mexican Sign Languages Dactylology and Ten First Numbers - Labeled images and videos. From person #1 to #5/persona_2/Ciclo_3_5_Derecha/Ciclo_3_5_Derecha_ll.mp4,Ciclo_3_5_Derecha_ll,pending,,
mendeley_labeled15_P02_85903c226efe6370,5s4mt7xrd9.1,P02,ll,dactylology,accepted,train,Mexican Sign Languages Dactylology and Ten First Numbers - Labeled images and videos. From person #1 to #5/persona_2/Ciclo_3_5_Izquierda/Ciclo_3_5_Izquierda_ll.mp4,Ciclo_3_5_Izquierda_ll,pending,,
mendeley_labeled15_P02_bdad28150461dfe8,5s4mt7xrd9.1,P02,ll,dactylology,accepted,train,Mexican Sign Languages Dactylology and Ten First Numbers - Labeled images and videos. From person #1 to #5/persona_2/Ciclo_4_5_Derecha/Ciclo_4_5_Derecha_ll.mp4,Ciclo_4_5_Derecha_ll,pending,,
mendeley_labeled15_P02_e052a208a2bc081a,5s4mt7xrd9.1,P02,ll,dactylology,accepted,train,Mexican Sign Languages Dactylology and Ten First Numbers - Labeled images and videos. From person #1 to #5/persona_2/Ciclo_4_5_Izquierda/Ciclo_4_5_Izquierda_ll.mp4,Ciclo_4_5_Izquierda_ll,pending,,
mendeley_labeled15_P02_a6f7e130c46d3c33,5s4mt7xrd9.1,P02,ll,dactylology,accepted,train,Mexican Sign Languages Dactylology and Ten First Numbers - Labeled images and videos. From person #1 to #5/persona_2/Ciclo_5_5_Derecha/Ciclo_5_5_Derecha_ll.mp4,Ciclo_5_5_Derecha_ll,pending,,
mendeley_labeled15_P02_06eb856f853ec2cf,5s4mt7xrd9.1,P02,ll,dactylology,accepted,train,Mexican Sign Languages Dactylology and Ten First Numbers - Labeled images and videos. From person #1 to #5/persona_2/Ciclo_5_5_Izquierda/Ciclo_6_5_Derecha_ll.mp4,Ciclo_6_5_Derecha_ll,pending,,
mendeley_labeled15_P02_0f78bff5de76f4b8,5s4mt7xrd9.1,P02,m,dactylology,accepted,train,Mexican Sign Languages Dactylology and Ten First Numbers - Labeled images and videos. From person #1 to #5/persona_2/Ciclo_1_5_Derecha/Ciclo_1_5_Derecha_m.mp4,Ciclo_1_5_Derecha_m,pending,,
mendeley_labeled15_P02_e12ffde5d178421f,5s4mt7xrd9.1,P02,m,dactylology,accepted,train,Mexican Sign Languages Dactylology and Ten First Numbers - Labeled images and videos. From person #1 to #5/persona_2/Ciclo_1_5_Izquierda/Ciclo_1_5_Izquierda_m.mp4,Ciclo_1_5_Izquierda_m,pending,,
mendeley_labeled15_P02_be6efada5a98e881,5s4mt7xrd9.1,P02,m,dactylology,accepted,train,Mexican Sign Languages Dactylology and Ten First Numbers - Labeled images and videos. From person #1 to #5/persona_2/Ciclo_2_5_Derecha/Ciclo_2_5_Derecha_m.mp4,Ciclo_2_5_Derecha_m,pending,,
mendeley_labeled15_P02_1c3665e67a32f5d0,5s4mt7xrd9.1,P02,m,dactylology,accepted,train,Mexican Sign Languages Dactylology and Ten First Numbers - Labeled images and videos. From person #1 to #5/persona_2/Ciclo_2_5_Izquierda/Ciclo_2_5_Izquierda_m.mp4,Ciclo_2_5_Izquierda_m,pending,,
mendeley_labeled15_P02_5d4b084f6d3b400e,5s4mt7xrd9.1,P02,m,dactylology,accepted,train,Mexican Sign Languages Dactylology and Ten First Numbers - Labeled images and videos. From person #1 to #5/persona_2/Ciclo_3_5_Derecha/Ciclo_3_5_Derecha_m.mp4,Ciclo_3_5_Derecha_m,pending,,
mendeley_labeled15_P02_db1bf883e4784892,5s4mt7xrd9.1,P02,m,dactylology,accepted,train,Mexican Sign Languages Dactylology and Ten First Numbers - Labeled images and videos. From person #1 to #5/persona_2/Ciclo_3_5_Izquierda/Ciclo_3_5_Izquierda_m.mp4,Ciclo_3_5_Izquierda_m,pending,,
mendeley_labeled15_P02_f481701d25e8f4af,5s4mt7xrd9.1,P02,m,dactylology,accepted,train,Mexican Sign Languages Dactylology and Ten First Numbers - Labeled images and videos. From person #1 to #5/persona_2/Ciclo_4_5_Derecha/Ciclo_4_5_Derecha_m.mp4,Ciclo_4_5_Derecha_m,pending,,
mendeley_labeled15_P02_d73be884fdd7d1e0,5s4mt7xrd9.1,P02,m,dactylology,accepted,train,Mexican Sign Languages Dactylology and Ten First Numbers - Labeled images and videos. From person #1 to #5/persona_2/Ciclo_4_5_Izquierda/Ciclo_4_5_Izquierda_m.mp4,Ciclo_4_5_Izquierda_m,pending,,
mendeley_labeled15_P02_3e9366e1a797a368,5s4mt7xrd9.1,P02,m,dactylology,accepted,train,Mexican Sign Languages Dactylology and Ten First Numbers - Labeled images and videos. From person #1 to #5/persona_2/Ciclo_5_5_Derecha/Ciclo_5_5_Derecha_m.mp4,Ciclo_5_5_Derecha_m,pending,,
mendeley_labeled15_P02_a0f448cfd652de4d,5s4mt7xrd9.1,P02,m,dactylology,accepted,train,Mexican Sign Languages Dactylology and Ten First Numbers - Labeled images and videos. From person #1 to #5/persona_2/Ciclo_5_5_Izquierda/Ciclo_6_5_Derecha_m.mp4,Ciclo_6_5_Derecha_m,pending,,
mendeley_labeled15_P02_a258450e2cd99619,5s4mt7xrd9.1,P02,n,dactylology,accepted,train,Mexican Sign Languages Dactylology and Ten First Numbers - Labeled images and videos. From person #1 to #5/persona_2/Ciclo_3_5_Derecha/Ciclo_3_5_Derecha_n.mp4,Ciclo_3_5_Derecha_n,pending,,
mendeley_labeled15_P02_051d5acdad7d085e,5s4mt7xrd9.1,P02,n,dactylology,accepted,train,Mexican Sign Languages Dactylology and Ten First Numbers - Labeled images and videos. From person #1 to #5/persona_2/Ciclo_4_5_Derecha/Ciclo_4_5_Derecha_n.mp4,Ciclo_4_5_Derecha_n,pending,,
mendeley_labeled15_P02_56416dea246a6e10,5s4mt7xrd9.1,P02,n,dactylology,accepted,train,Mexican Sign Languages Dactylology and Ten First Numbers - Labeled images and videos. From person #1 to #5/persona_2/Ciclo_4_5_Izquierda/Ciclo_4_5_Izquierda_n.mp4,Ciclo_4_5_Izquierda_n,pending,,
mendeley_labeled15_P02_060ec199f5f583eb,5s4mt7xrd9.1,P02,n,dactylology,accepted,train,Mexican Sign Languages Dactylology and Ten First Numbers - Labeled images and videos. From person #1 to #5/persona_2/Ciclo_5_5_Derecha/Ciclo_5_5_Derecha_n.mp4,Ciclo_5_5_Derecha_n,pending,,
mendeley_labeled15_P02_6ebc0937952adbee,5s4mt7xrd9.1,P02,o,dactylology,accepted,train,Mexican Sign Languages Dactylology and Ten First Numbers - Labeled images and videos. From person #1 to #5/persona_2/Ciclo_1_5_Derecha/Ciclo_1_5_Derecha_o.mp4,Ciclo_1_5_Derecha_o,pending,,
mendeley_labeled15_P02_100f08408ced292d,5s4mt7xrd9.1,P02,o,dactylology,accepted,train,Mexican Sign Languages Dactylology and Ten First Numbers - Labeled images and videos. From person #1 to #5/persona_2/Ciclo_1_5_Izquierda/Ciclo_1_5_Izquierda_o.mp4,Ciclo_1_5_Izquierda_o,pending,,
mendeley_labeled15_P02_6497042026fc13bb,5s4mt7xrd9.1,P02,o,dactylology,accepted,train,Mexican Sign Languages Dactylology and Ten First Numbers - Labeled images and videos. From person #1 to #5/persona_2/Ciclo_2_5_Derecha/Ciclo_2_5_Derecha_o.mp4,Ciclo_2_5_Derecha_o,pending,,
mendeley_labeled15_P02_ad598798c054ac29,5s4mt7xrd9.1,P02,o,dactylology,accepted,train,Mexican Sign Languages Dactylology and Ten First Numbers - Labeled images and videos. From person #1 to #5/persona_2/Ciclo_2_5_Izquierda/Ciclo_2_5_Izquierda_o.mp4,Ciclo_2_5_Izquierda_o,pending,,
mendeley_labeled15_P02_a77aa7b2d43aee14,5s4mt7xrd9.1,P02,o,dactylology,accepted,train,Mexican Sign Languages Dactylology and Ten First Numbers - Labeled images and videos. From person #1 to #5/persona_2/Ciclo_3_5_Derecha/Ciclo_3_5_Derecha_o.mp4,Ciclo_3_5_Derecha_o,pending,,
mendeley_labeled15_P02_4273ab47a52c5b60,5s4mt7xrd9.1,P02,o,dactylology,accepted,train,Mexican Sign Languages Dactylology and Ten First Numbers - Labeled images and videos. From person #1 to #5/persona_2/Ciclo_3_5_Izquierda/Ciclo_3_5_Izquierda_o.mp4,Ciclo_3_5_Izquierda_o,pending,,
mendeley_labeled15_P02_7b1e3f633a53c0e4,5s4mt7xrd9.1,P02,o,dactylology,accepted,train,Mexican Sign Languages Dactylology and Ten First Numbers - Labeled images and videos. From person #1 to #5/persona_2/Ciclo_4_5_Derecha/Ciclo_4_5_Derecha_o.mp4,Ciclo_4_5_Derecha_o,pending,,
mendeley_labeled15_P02_27cac05cafc7fde8,5s4mt7xrd9.1,P02,o,dactylology,accepted,train,Mexican Sign Languages Dactylology and Ten First Numbers - Labeled images and videos. From person #1 to #5/persona_2/Ciclo_4_5_Izquierda/Ciclo_4_5_Izquierda_o.mp4,Ciclo_4_5_Izquierda_o,pending,,
mendeley_labeled15_P02_05e07031fac820ba,5s4mt7xrd9.1,P02,o,dactylology,accepted,train,Mexican Sign Languages Dactylology and Ten First Numbers - Labeled images and videos. From person #1 to #5/persona_2/Ciclo_5_5_Derecha/Ciclo_5_5_Derecha_o.mp4,Ciclo_5_5_Derecha_o,pending,,
mendeley_labeled15_P02_7864bce87c984c69,5s4mt7xrd9.1,P02,o,dactylology,accepted,train,Mexican Sign Languages Dactylology and Ten First Numbers - Labeled images and videos. From person #1 to #5/persona_2/Ciclo_5_5_Izquierda/Ciclo_6_5_Derecha_o.mp4,Ciclo_6_5_Derecha_o,pending,,
mendeley_labeled15_P02_9c0d72df065595b6,5s4mt7xrd9.1,P02,p,dactylology,accepted,train,Mexican Sign Languages Dactylology and Ten First Numbers - Labeled images and videos. From person #1 to #5/persona_2/Ciclo_1_5_Derecha/Ciclo_1_5_Derecha_p.mp4,Ciclo_1_5_Derecha_p,pending,,
mendeley_labeled15_P02_f56b405ca33cc930,5s4mt7xrd9.1,P02,p,dactylology,accepted,train,Mexican Sign Languages Dactylology and Ten First Numbers - Labeled images and videos. From person #1 to #5/persona_2/Ciclo_1_5_Izquierda/Ciclo_1_5_Izquierda_p.mp4,Ciclo_1_5_Izquierda_p,pending,,
mendeley_labeled15_P02_f6fccca7705582aa,5s4mt7xrd9.1,P02,p,dactylology,accepted,train,Mexican Sign Languages Dactylology and Ten First Numbers - Labeled images and videos. From person #1 to #5/persona_2/Ciclo_2_5_Derecha/Ciclo_2_5_Derecha_p.mp4,Ciclo_2_5_Derecha_p,pending,,
mendeley_labeled15_P02_5fd1243e77fa3828,5s4mt7xrd9.1,P02,p,dactylology,accepted,train,Mexican Sign Languages Dactylology and Ten First Numbers - Labeled images and videos. From person #1 to #5/persona_2/Ciclo_2_5_Izquierda/Ciclo_2_5_Izquierda_p.mp4,Ciclo_2_5_Izquierda_p,pending,,
mendeley_labeled15_P02_8cfde51bc29c62d6,5s4mt7xrd9.1,P02,p,dactylology,accepted,train,Mexican Sign Languages Dactylology and Ten First Numbers - Labeled images and videos. From person #1 to #5/persona_2/Ciclo_3_5_Derecha/Ciclo_3_5_Derecha_p.mp4,Ciclo_3_5_Derecha_p,pending,,
mendeley_labeled15_P02_75de9f7d22bcc659,5s4mt7xrd9.1,P02,p,dactylology,accepted,train,Mexican Sign Languages Dactylology and Ten First Numbers - Labeled images and videos. From person #1 to #5/persona_2/Ciclo_3_5_Izquierda/Ciclo_3_5_Izquierda_p.mp4,Ciclo_3_5_Izquierda_p,pending,,
mendeley_labeled15_P02_c4700fbb8c098d57,5s4mt7xrd9.1,P02,p,dactylology,accepted,train,Mexican Sign Languages Dactylology and Ten First Numbers - Labeled images and videos. From person #1 to #5/persona_2/Ciclo_4_5_Derecha/Ciclo_4_5_Derecha_p.mp4,Ciclo_4_5_Derecha_p,pending,,
mendeley_labeled15_P02_434f0d11a90b1f56,5s4mt7xrd9.1,P02,p,dactylology,accepted,train,Mexican Sign Languages Dactylology and Ten First Numbers - Labeled images and videos. From person #1 to #5/persona_2/Ciclo_4_5_Izquierda/Ciclo_4_5_Izquierda_p.mp4,Ciclo_4_5_Izquierda_p,pending,,
mendeley_labeled15_P02_085ff1aa3755b973,5s4mt7xrd9.1,P02,p,dactylology,accepted,train,Mexican Sign Languages Dactylology and Ten First Numbers - Labeled images and videos. From person #1 to #5/persona_2/Ciclo_5_5_Derecha/Ciclo_5_5_Derecha_p.mp4,Ciclo_5_5_Derecha_p,pending,,
mendeley_labeled15_P02_3158876817188170,5s4mt7xrd9.1,P02,p,dactylology,accepted,train,Mexican Sign Languages Dactylology and Ten First Numbers - Labeled images and videos. From person #1 to #5/persona_2/Ciclo_5_5_Izquierda/Ciclo_6_5_Derecha_p.mp4,Ciclo_6_5_Derecha_p,pending,,
mendeley_labeled15_P02_b5ec5b8955664e0d,5s4mt7xrd9.1,P02,q,dactylology,accepted,train,Mexican Sign Languages Dactylology and Ten First Numbers - Labeled images and videos. From person #1 to #5/persona_2/Ciclo_1_5_Derecha/Ciclo_1_5_Derecha_q.mp4,Ciclo_1_5_Derecha_q,pending,,
mendeley_labeled15_P02_47a1799564b233b9,5s4mt7xrd9.1,P02,q,dactylology,accepted,train,Mexican Sign Languages Dactylology and Ten First Numbers - Labeled images and videos. From person #1 to #5/persona_2/Ciclo_1_5_Izquierda/Ciclo_1_5_Izquierda_q.mp4,Ciclo_1_5_Izquierda_q,pending,,
mendeley_labeled15_P02_680bba30fb14286a,5s4mt7xrd9.1,P02,q,dactylology,accepted,train,Mexican Sign Languages Dactylology and Ten First Numbers - Labeled images and videos. From person #1 to #5/persona_2/Ciclo_2_5_Derecha/Ciclo_2_5_Derecha_q.mp4,Ciclo_2_5_Derecha_q,pending,,
mendeley_labeled15_P02_127413efa216a4d5,5s4mt7xrd9.1,P02,q,dactylology,accepted,train,Mexican Sign Languages Dactylology and Ten First Numbers - Labeled images and videos. From person #1 to #5/persona_2/Ciclo_2_5_Izquierda/Ciclo_2_5_Izquierda_q.mp4,Ciclo_2_5_Izquierda_q,pending,,
mendeley_labeled15_P02_a0a9fe2fb31113ca,5s4mt7xrd9.1,P02,q,dactylology,accepted,train,Mexican Sign Languages Dactylology and Ten First Numbers - Labeled images and videos. From person #1 to #5/persona_2/Ciclo_3_5_Derecha/Ciclo_3_5_Derecha_q.mp4,Ciclo_3_5_Derecha_q,pending,,
mendeley_labeled15_P02_d58c8ebfa3d11e72,5s4mt7xrd9.1,P02,q,dactylology,accepted,train,Mexican Sign Languages Dactylology and Ten First Numbers - Labeled images and videos. From person #1 to #5/persona_2/Ciclo_3_5_Izquierda/Ciclo_3_5_Izquierda_q.mp4,Ciclo_3_5_Izquierda_q,pending,,
mendeley_labeled15_P02_1ce55afce5dafaf3,5s4mt7xrd9.1,P02,q,dactylology,accepted,train,Mexican Sign Languages Dactylology and Ten First Numbers - Labeled images and videos. From person #1 to #5/persona_2/Ciclo_4_5_Derecha/Ciclo_4_5_Derecha_q.mp4,Ciclo_4_5_Derecha_q,pending,,
mendeley_labeled15_P02_7e0896838bc77eef,5s4mt7xrd9.1,P02,q,dactylology,accepted,train,Mexican Sign Languages Dactylology and Ten First Numbers - Labeled images and videos. From person #1 to #5/persona_2/Ciclo_4_5_Izquierda/Ciclo_4_5_Izquierda_q.mp4,Ciclo_4_5_Izquierda_q,pending,,
mendeley_labeled15_P02_8493e62d7958e58f,5s4mt7xrd9.1,P02,q,dactylology,accepted,train,Mexican Sign Languages Dactylology and Ten First Numbers - Labeled images and videos. From person #1 to #5/persona_2/Ciclo_5_5_Derecha/Ciclo_5_5_Derecha_q.mp4,Ciclo_5_5_Derecha_q,pending,,
mendeley_labeled15_P02_c431a720313f9a28,5s4mt7xrd9.1,P02,q,dactylology,accepted,train,Mexican Sign Languages Dactylology and Ten First Numbers - Labeled images and videos. From person #1 to #5/persona_2/Ciclo_5_5_Izquierda/Ciclo_6_5_Derecha_q.mp4,Ciclo_6_5_Derecha_q,pending,,
mendeley_labeled15_P02_eedf49bfb350e77c,5s4mt7xrd9.1,P02,r,dactylology,accepted,train,Mexican Sign Languages Dactylology and Ten First Numbers - Labeled images and videos. From person #1 to #5/persona_2/Ciclo_1_5_Derecha/Ciclo_1_5_Derecha_r.mp4,Ciclo_1_5_Derecha_r,pending,,
mendeley_labeled15_P02_76e46aeea82c4a43,5s4mt7xrd9.1,P02,r,dactylology,accepted,train,Mexican Sign Languages Dactylology and Ten First Numbers - Labeled images and videos. From person #1 to #5/persona_2/Ciclo_1_5_Izquierda/Ciclo_1_5_Izquierda_r.mp4,Ciclo_1_5_Izquierda_r,pending,,
mendeley_labeled15_P02_1d716f4afcf277c4,5s4mt7xrd9.1,P02,r,dactylology,accepted,train,Mexican Sign Languages Dactylology and Ten First Numbers - Labeled images and videos. From person #1 to #5/persona_2/Ciclo_2_5_Derecha/Ciclo_2_5_Derecha_r.mp4,Ciclo_2_5_Derecha_r,pending,,
mendeley_labeled15_P02_c4b1e232494f677a,5s4mt7xrd9.1,P02,r,dactylology,accepted,train,Mexican Sign Languages Dactylology and Ten First Numbers - Labeled images and videos. From person #1 to #5/persona_2/Ciclo_2_5_Izquierda/Ciclo_2_5_Izquierda_r.mp4,Ciclo_2_5_Izquierda_r,pending,,
mendeley_labeled15_P02_7ec3d871c1d73e24,5s4mt7xrd9.1,P02,r,dactylology,accepted,train,Mexican Sign Languages Dactylology and Ten First Numbers - Labeled images and videos. From person #1 to #5/persona_2/Ciclo_3_5_Derecha/Ciclo_3_5_Derecha_r.mp4,Ciclo_3_5_Derecha_r,pending,,
mendeley_labeled15_P02_538fea26dad24b85,5s4mt7xrd9.1,P02,r,dactylology,accepted,train,Mexican Sign Languages Dactylology and Ten First Numbers - Labeled images and videos. From person #1 to #5/persona_2/Ciclo_3_5_Izquierda/Ciclo_3_5_Izquierda_r.mp4,Ciclo_3_5_Izquierda_r,pending,,
mendeley_labeled15_P02_87e265dc9b5310bc,5s4mt7xrd9.1,P02,r,dactylology,accepted,train,Mexican Sign Languages Dactylology and Ten First Numbers - Labeled images and videos. From person #1 to #5/persona_2/Ciclo_4_5_Derecha/Ciclo_4_5_Derecha_r.mp4,Ciclo_4_5_Derecha_r,pending,,
mendeley_labeled15_P02_c2220b59fa558a11,5s4mt7xrd9.1,P02,r,dactylology,accepted,train,Mexican Sign Languages Dactylology and Ten First Numbers - Labeled images and videos. From person #1 to #5/persona_2/Ciclo_4_5_Izquierda/Ciclo_4_5_Izquierda_r.mp4,Ciclo_4_5_Izquierda_r,pending,,
mendeley_labeled15_P02_a9ddb6b25fe48a46,5s4mt7xrd9.1,P02,r,dactylology,accepted,train,Mexican Sign Languages Dactylology and Ten First Numbers - Labeled images and videos. From person #1 to #5/persona_2/Ciclo_5_5_Derecha/Ciclo_5_5_Derecha_r.mp4,Ciclo_5_5_Derecha_r,pending,,
mendeley_labeled15_P02_0de9831230b10daa,5s4mt7xrd9.1,P02,r,dactylology,accepted,train,Mexican Sign Languages Dactylology and Ten First Numbers - Labeled images and videos. From person #1 to #5/persona_2/Ciclo_5_5_Izquierda/Ciclo_6_5_Derecha_r.mp4,Ciclo_6_5_Derecha_r,pending,,
mendeley_labeled15_P02_0c3d9c90b573d0ec,5s4mt7xrd9.1,P02,rr,dactylology,accepted,train,Mexican Sign Languages Dactylology and Ten First Numbers - Labeled images and videos. From person #1 to #5/persona_2/Ciclo_1_5_Derecha/Ciclo_1_5_Derecha_rr.mp4,Ciclo_1_5_Derecha_rr,pending,,
mendeley_labeled15_P02_90ecd11a09bc39f8,5s4mt7xrd9.1,P02,rr,dactylology,accepted,train,Mexican Sign Languages Dactylology and Ten First Numbers - Labeled images and videos. From person #1 to #5/persona_2/Ciclo_1_5_Izquierda/Ciclo_1_5_Izquierda_rr.mp4,Ciclo_1_5_Izquierda_rr,pending,,
mendeley_labeled15_P02_30e39d979caac634,5s4mt7xrd9.1,P02,rr,dactylology,accepted,train,Mexican Sign Languages Dactylology and Ten First Numbers - Labeled images and videos. From person #1 to #5/persona_2/Ciclo_2_5_Derecha/Ciclo_2_5_Derecha_rr.mp4,Ciclo_2_5_Derecha_rr,pending,,
mendeley_labeled15_P02_27b6a2110a3e862c,5s4mt7xrd9.1,P02,rr,dactylology,accepted,train,Mexican Sign Languages Dactylology and Ten First Numbers - Labeled images and videos. From person #1 to #5/persona_2/Ciclo_2_5_Izquierda/Ciclo_2_5_Izquierda_rr.mp4,Ciclo_2_5_Izquierda_rr,pending,,
mendeley_labeled15_P02_1bceb8f38fb6cf53,5s4mt7xrd9.1,P02,rr,dactylology,accepted,train,Mexican Sign Languages Dactylology and Ten First Numbers - Labeled images and videos. From person #1 to #5/persona_2/Ciclo_3_5_Derecha/Ciclo_3_5_Derecha_rr.mp4,Ciclo_3_5_Derecha_rr,pending,,
mendeley_labeled15_P02_b069b302dd406153,5s4mt7xrd9.1,P02,rr,dactylology,accepted,train,Mexican Sign Languages Dactylology and Ten First Numbers - Labeled images and videos. From person #1 to #5/persona_2/Ciclo_3_5_Izquierda/Ciclo_3_5_Izquierda_rr.mp4,Ciclo_3_5_Izquierda_rr,pending,,
mendeley_labeled15_P02_72e80dcc1673adb5,5s4mt7xrd9.1,P02,rr,dactylology,accepted,train,Mexican Sign Languages Dactylology and Ten First Numbers - Labeled images and videos. From person #1 to #5/persona_2/Ciclo_4_5_Derecha/Ciclo_4_5_Derecha_rr.mp4,Ciclo_4_5_Derecha_rr,pending,,
mendeley_labeled15_P02_0e28e1176f75e88a,5s4mt7xrd9.1,P02,rr,dactylology,accepted,train,Mexican Sign Languages Dactylology and Ten First Numbers - Labeled images and videos. From person #1 to #5/persona_2/Ciclo_4_5_Izquierda/Ciclo_4_5_Izquierda_rr.mp4,Ciclo_4_5_Izquierda_rr,pending,,
mendeley_labeled15_P02_1584faa7e1fba483,5s4mt7xrd9.1,P02,rr,dactylology,accepted,train,Mexican Sign Languages Dactylology and Ten First Numbers - Labeled images and videos. From person #1 to #5/persona_2/Ciclo_5_5_Derecha/Ciclo_5_5_Derecha_rr.mp4,Ciclo_5_5_Derecha_rr,pending,,
mendeley_labeled15_P02_546812e294c87894,5s4mt7xrd9.1,P02,rr,dactylology,accepted,train,Mexican Sign Languages Dactylology and Ten First Numbers - Labeled images and videos. From person #1 to #5/persona_2/Ciclo_5_5_Izquierda/Ciclo_6_5_Derecha_rr.mp4,Ciclo_6_5_Derecha_rr,pending,,
mendeley_labeled15_P02_5561a94c09d9e06d,5s4mt7xrd9.1,P02,s,dactylology,accepted,train,Mexican Sign Languages Dactylology and Ten First Numbers - Labeled images and videos. From person #1 to #5/persona_2/Ciclo_1_5_Derecha/Ciclo_1_5_Derecha_s.mp4,Ciclo_1_5_Derecha_s,pending,,
mendeley_labeled15_P02_2002ef7a67958402,5s4mt7xrd9.1,P02,s,dactylology,accepted,train,Mexican Sign Languages Dactylology and Ten First Numbers - Labeled images and videos. From person #1 to #5/persona_2/Ciclo_1_5_Izquierda/Ciclo_1_5_Izquierda_s.mp4,Ciclo_1_5_Izquierda_s,pending,,
mendeley_labeled15_P02_1600033baaf550a1,5s4mt7xrd9.1,P02,s,dactylology,accepted,train,Mexican Sign Languages Dactylology and Ten First Numbers - Labeled images and videos. From person #1 to #5/persona_2/Ciclo_2_5_Derecha/Ciclo_2_5_Derecha_s.mp4,Ciclo_2_5_Derecha_s,pending,,
mendeley_labeled15_P02_3b3550583a75fd3c,5s4mt7xrd9.1,P02,s,dactylology,accepted,train,Mexican Sign Languages Dactylology and Ten First Numbers - Labeled images and videos. From person #1 to #5/persona_2/Ciclo_2_5_Izquierda/Ciclo_2_5_Izquierda_s.mp4,Ciclo_2_5_Izquierda_s,pending,,
mendeley_labeled15_P02_3e3000232f234450,5s4mt7xrd9.1,P02,s,dactylology,accepted,train,Mexican Sign Languages Dactylology and Ten First Numbers - Labeled images and videos. From person #1 to #5/persona_2/Ciclo_3_5_Derecha/Ciclo_3_5_Derecha_s.mp4,Ciclo_3_5_Derecha_s,pending,,
mendeley_labeled15_P02_5970c3e8cd8c53a2,5s4mt7xrd9.1,P02,s,dactylology,accepted,train,Mexican Sign Languages Dactylology and Ten First Numbers - Labeled images and videos. From person #1 to #5/persona_2/Ciclo_3_5_Izquierda/Ciclo_3_5_Izquierda_s.mp4,Ciclo_3_5_Izquierda_s,pending,,
mendeley_labeled15_P02_115d68d6f0388186,5s4mt7xrd9.1,P02,s,dactylology,accepted,train,Mexican Sign Languages Dactylology and Ten First Numbers - Labeled images and videos. From person #1 to #5/persona_2/Ciclo_4_5_Derecha/Ciclo_4_5_Derecha_s.mp4,Ciclo_4_5_Derecha_s,pending,,
mendeley_labeled15_P02_e23197dbae01f0ff,5s4mt7xrd9.1,P02,s,dactylology,accepted,train,Mexican Sign Languages Dactylology and Ten First Numbers - Labeled images and videos. From person #1 to #5/persona_2/Ciclo_4_5_Izquierda/Ciclo_4_5_Izquierda_s.mp4,Ciclo_4_5_Izquierda_s,pending,,
mendeley_labeled15_P02_132cc804a4e6bd1f,5s4mt7xrd9.1,P02,s,dactylology,accepted,train,Mexican Sign Languages Dactylology and Ten First Numbers - Labeled images and videos. From person #1 to #5/persona_2/Ciclo_5_5_Derecha/Ciclo_5_5_Derecha_s.mp4,Ciclo_5_5_Derecha_s,pending,,
mendeley_labeled15_P02_ddc8506b5f349c88,5s4mt7xrd9.1,P02,s,dactylology,accepted,train,Mexican Sign Languages Dactylology and Ten First Numbers - Labeled images and videos. From person #1 to #5/persona_2/Ciclo_5_5_Izquierda/Ciclo_6_5_Derecha_s.mp4,Ciclo_6_5_Derecha_s,pending,,
mendeley_labeled15_P02_452076cb338df506,5s4mt7xrd9.1,P02,t,dactylology,accepted,train,Mexican Sign Languages Dactylology and Ten First Numbers - Labeled images and videos. From person #1 to #5/persona_2/Ciclo_1_5_Derecha/Ciclo_1_5_Derecha_t.mp4,Ciclo_1_5_Derecha_t,pending,,
mendeley_labeled15_P02_000098686238b6bf,5s4mt7xrd9.1,P02,t,dactylology,accepted,train,Mexican Sign Languages Dactylology and Ten First Numbers - Labeled images and videos. From person #1 to #5/persona_2/Ciclo_1_5_Izquierda/Ciclo_1_5_Izquierda_t.mp4,Ciclo_1_5_Izquierda_t,pending,,
mendeley_labeled15_P02_d27ceec230aef771,5s4mt7xrd9.1,P02,t,dactylology,accepted,train,Mexican Sign Languages Dactylology and Ten First Numbers - Labeled images and videos. From person #1 to #5/persona_2/Ciclo_2_5_Derecha/Ciclo_2_5_Derecha_t.mp4,Ciclo_2_5_Derecha_t,pending,,
mendeley_labeled15_P02_496f24cafc8d196b,5s4mt7xrd9.1,P02,t,dactylology,accepted,train,Mexican Sign Languages Dactylology and Ten First Numbers - Labeled images and videos. From person #1 to #5/persona_2/Ciclo_2_5_Izquierda/Ciclo_2_5_Izquierda_t.mp4,Ciclo_2_5_Izquierda_t,pending,,
mendeley_labeled15_P02_f7f939f6ef00be45,5s4mt7xrd9.1,P02,t,dactylology,accepted,train,Mexican Sign Languages Dactylology and Ten First Numbers - Labeled images and videos. From person #1 to #5/persona_2/Ciclo_3_5_Derecha/Ciclo_3_5_Derecha_t.mp4,Ciclo_3_5_Derecha_t,pending,,
mendeley_labeled15_P02_8ed1af97370049cb,5s4mt7xrd9.1,P02,t,dactylology,accepted,train,Mexican Sign Languages Dactylology and Ten First Numbers - Labeled images and videos. From person #1 to #5/persona_2/Ciclo_3_5_Izquierda/Ciclo_3_5_Izquierda_t.mp4,Ciclo_3_5_Izquierda_t,pending,,
mendeley_labeled15_P02_69490608147e7cb1,5s4mt7xrd9.1,P02,t,dactylology,accepted,train,Mexican Sign Languages Dactylology and Ten First Numbers - Labeled images and videos. From person #1 to #5/persona_2/Ciclo_4_5_Derecha/Ciclo_4_5_Derecha_t.mp4,Ciclo_4_5_Derecha_t,pending,,
mendeley_labeled15_P02_7f9f80c4f2d4f0cc,5s4mt7xrd9.1,P02,t,dactylology,accepted,train,Mexican Sign Languages Dactylology and Ten First Numbers - Labeled images and videos. From person #1 to #5/persona_2/Ciclo_4_5_Izquierda/Ciclo_4_5_Izquierda_t.mp4,Ciclo_4_5_Izquierda_t,pending,,
mendeley_labeled15_P02_5d27a4e61c816555,5s4mt7xrd9.1,P02,t,dactylology,accepted,train,Mexican Sign Languages Dactylology and Ten First Numbers - Labeled images and videos. From person #1 to #5/persona_2/Ciclo_5_5_Derecha/Ciclo_5_5_Derecha_t.mp4,Ciclo_5_5_Derecha_t,pending,,
mendeley_labeled15_P02_6c2dc934fe6ec7c7,5s4mt7xrd9.1,P02,t,dactylology,accepted,train,Mexican Sign Languages Dactylology and Ten First Numbers - Labeled images and videos. From person #1 to #5/persona_2/Ciclo_5_5_Izquierda/Ciclo_6_5_Derecha_t.mp4,Ciclo_6_5_Derecha_t,pending,,
mendeley_labeled15_P02_8915633a7280d1be,5s4mt7xrd9.1,P02,u,dactylology,accepted,train,Mexican Sign Languages Dactylology and Ten First Numbers - Labeled images and videos. From person #1 to #5/persona_2/Ciclo_1_5_Derecha/Ciclo_1_5_Derecha_u.mp4,Ciclo_1_5_Derecha_u,pending,,
mendeley_labeled15_P02_4db1d8740c3062e7,5s4mt7xrd9.1,P02,u,dactylology,accepted,train,Mexican Sign Languages Dactylology and Ten First Numbers - Labeled images and videos. From person #1 to #5/persona_2/Ciclo_1_5_Izquierda/Ciclo_1_5_Izquierda_u.mp4,Ciclo_1_5_Izquierda_u,pending,,
mendeley_labeled15_P02_e90691fdf9e14b6c,5s4mt7xrd9.1,P02,u,dactylology,accepted,train,Mexican Sign Languages Dactylology and Ten First Numbers - Labeled images and videos. From person #1 to #5/persona_2/Ciclo_2_5_Derecha/Ciclo_2_5_Derecha_u.mp4,Ciclo_2_5_Derecha_u,pending,,
mendeley_labeled15_P02_def90270c97e2ab6,5s4mt7xrd9.1,P02,u,dactylology,accepted,train,Mexican Sign Languages Dactylology and Ten First Numbers - Labeled images and videos. From person #1 to #5/persona_2/Ciclo_2_5_Izquierda/Ciclo_2_5_Izquierda_u.mp4,Ciclo_2_5_Izquierda_u,pending,,
mendeley_labeled15_P02_52d44c74dabe449a,5s4mt7xrd9.1,P02,u,dactylology,accepted,train,Mexican Sign Languages Dactylology and Ten First Numbers - Labeled images and videos. From person #1 to #5/persona_2/Ciclo_3_5_Derecha/Ciclo_3_5_Derecha_u.mp4,Ciclo_3_5_Derecha_u,pending,,
mendeley_labeled15_P02_5596aab62300dff2,5s4mt7xrd9.1,P02,u,dactylology,accepted,train,Mexican Sign Languages Dactylology and Ten First Numbers - Labeled images and videos. From person #1 to #5/persona_2/Ciclo_3_5_Izquierda/Ciclo_3_5_Izquierda_u.mp4,Ciclo_3_5_Izquierda_u,pending,,
mendeley_labeled15_P02_420a541f53c3a577,5s4mt7xrd9.1,P02,u,dactylology,accepted,train,Mexican Sign Languages Dactylology and Ten First Numbers - Labeled images and videos. From person #1 to #5/persona_2/Ciclo_4_5_Derecha/Ciclo_4_5_Derecha_u.mp4,Ciclo_4_5_Derecha_u,pending,,
mendeley_labeled15_P02_e87bfae5185d2592,5s4mt7xrd9.1,P02,u,dactylology,accepted,train,Mexican Sign Languages Dactylology and Ten First Numbers - Labeled images and videos. From person #1 to #5/persona_2/Ciclo_4_5_Izquierda/Ciclo_4_5_Izquierda_u.mp4,Ciclo_4_5_Izquierda_u,pending,,
mendeley_labeled15_P02_ad7c04997f044828,5s4mt7xrd9.1,P02,u,dactylology,accepted,train,Mexican Sign Languages Dactylology and Ten First Numbers - Labeled images and videos. From person #1 to #5/persona_2/Ciclo_5_5_Derecha/Ciclo_5_5_Derecha_u.mp4,Ciclo_5_5_Derecha_u,pending,,
mendeley_labeled15_P02_29e1a0f703abb525,5s4mt7xrd9.1,P02,u,dactylology,accepted,train,Mexican Sign Languages Dactylology and Ten First Numbers - Labeled images and videos. From person #1 to #5/persona_2/Ciclo_5_5_Izquierda/Ciclo_6_5_Derecha_u.mp4,Ciclo_6_5_Derecha_u,pending,,
mendeley_labeled15_P02_b8a921797a130fde,5s4mt7xrd9.1,P02,v,dactylology,accepted,train,Mexican Sign Languages Dactylology and Ten First Numbers - Labeled images and videos. From person #1 to #5/persona_2/Ciclo_1_5_Derecha/Ciclo_1_5_Derecha_v.mp4,Ciclo_1_5_Derecha_v,pending,,
mendeley_labeled15_P02_1c00c53d7a2e9032,5s4mt7xrd9.1,P02,v,dactylology,accepted,train,Mexican Sign Languages Dactylology and Ten First Numbers - Labeled images and videos. From person #1 to #5/persona_2/Ciclo_1_5_Izquierda/Ciclo_1_5_Izquierda_v.mp4,Ciclo_1_5_Izquierda_v,pending,,
mendeley_labeled15_P02_d5d01632a4f7fc2e,5s4mt7xrd9.1,P02,v,dactylology,accepted,train,Mexican Sign Languages Dactylology and Ten First Numbers - Labeled images and videos. From person #1 to #5/persona_2/Ciclo_2_5_Derecha/Ciclo_2_5_Derecha_v.mp4,Ciclo_2_5_Derecha_v,pending,,
mendeley_labeled15_P02_1c8354775e34b011,5s4mt7xrd9.1,P02,v,dactylology,accepted,train,Mexican Sign Languages Dactylology and Ten First Numbers - Labeled images and videos. From person #1 to #5/persona_2/Ciclo_2_5_Izquierda/Ciclo_2_5_Izquierda_v.mp4,Ciclo_2_5_Izquierda_v,pending,,
mendeley_labeled15_P02_46f919ec868aa524,5s4mt7xrd9.1,P02,v,dactylology,accepted,train,Mexican Sign Languages Dactylology and Ten First Numbers - Labeled images and videos. From person #1 to #5/persona_2/Ciclo_3_5_Derecha/Ciclo_3_5_Derecha_v.mp4,Ciclo_3_5_Derecha_v,pending,,
mendeley_labeled15_P02_5160a1db16783d63,5s4mt7xrd9.1,P02,v,dactylology,accepted,train,Mexican Sign Languages Dactylology and Ten First Numbers - Labeled images and videos. From person #1 to #5/persona_2/Ciclo_3_5_Izquierda/Ciclo_3_5_Izquierda_v.mp4,Ciclo_3_5_Izquierda_v,pending,,
mendeley_labeled15_P02_404ccb16b384d110,5s4mt7xrd9.1,P02,v,dactylology,accepted,train,Mexican Sign Languages Dactylology and Ten First Numbers - Labeled images and videos. From person #1 to #5/persona_2/Ciclo_4_5_Derecha/Ciclo_4_5_Derecha_v.mp4,Ciclo_4_5_Derecha_v,pending,,
mendeley_labeled15_P02_ecd4d3f7381e2e98,5s4mt7xrd9.1,P02,v,dactylology,accepted,train,Mexican Sign Languages Dactylology and Ten First Numbers - Labeled images and videos. From person #1 to #5/persona_2/Ciclo_4_5_Izquierda/Ciclo_4_5_Izquierda_v.mp4,Ciclo_4_5_Izquierda_v,pending,,
mendeley_labeled15_P02_eb31646baf6d4a89,5s4mt7xrd9.1,P02,v,dactylology,accepted,train,Mexican Sign Languages Dactylology and Ten First Numbers - Labeled images and videos. From person #1 to #5/persona_2/Ciclo_5_5_Derecha/Ciclo_5_5_Derecha_v.mp4,Ciclo_5_5_Derecha_v,pending,,
mendeley_labeled15_P02_705c389aadd3fe57,5s4mt7xrd9.1,P02,v,dactylology,accepted,train,Mexican Sign Languages Dactylology and Ten First Numbers - Labeled images and videos. From person #1 to #5/persona_2/Ciclo_5_5_Izquierda/Ciclo_6_5_Derecha_v.mp4,Ciclo_6_5_Derecha_v,pending,,
mendeley_labeled15_P02_14038771b80ea0ff,5s4mt7xrd9.1,P02,w,dactylology,accepted,train,Mexican Sign Languages Dactylology and Ten First Numbers - Labeled images and videos. From person #1 to #5/persona_2/Ciclo_1_5_Derecha/Ciclo_1_5_Derecha_w.mp4,Ciclo_1_5_Derecha_w,pending,,
mendeley_labeled15_P02_1572762f3aad1712,5s4mt7xrd9.1,P02,w,dactylology,accepted,train,Mexican Sign Languages Dactylology and Ten First Numbers - Labeled images and videos. From person #1 to #5/persona_2/Ciclo_1_5_Izquierda/Ciclo_1_5_Izquierda_w.mp4,Ciclo_1_5_Izquierda_w,pending,,
mendeley_labeled15_P02_2ed98dce7a07d82c,5s4mt7xrd9.1,P02,w,dactylology,accepted,train,Mexican Sign Languages Dactylology and Ten First Numbers - Labeled images and videos. From person #1 to #5/persona_2/Ciclo_2_5_Derecha/Ciclo_2_5_Derecha_w.mp4,Ciclo_2_5_Derecha_w,pending,,
mendeley_labeled15_P02_c078b1d1b5934130,5s4mt7xrd9.1,P02,w,dactylology,accepted,train,Mexican Sign Languages Dactylology and Ten First Numbers - Labeled images and videos. From person #1 to #5/persona_2/Ciclo_2_5_Izquierda/Ciclo_2_5_Izquierda_w.mp4,Ciclo_2_5_Izquierda_w,pending,,
mendeley_labeled15_P02_9c88bde51a31a701,5s4mt7xrd9.1,P02,w,dactylology,accepted,train,Mexican Sign Languages Dactylology and Ten First Numbers - Labeled images and videos. From person #1 to #5/persona_2/Ciclo_3_5_Derecha/Ciclo_3_5_Derecha_w.mp4,Ciclo_3_5_Derecha_w,pending,,
mendeley_labeled15_P02_3d9052537832bc5b,5s4mt7xrd9.1,P02,w,dactylology,accepted,train,Mexican Sign Languages Dactylology and Ten First Numbers - Labeled images and videos. From person #1 to #5/persona_2/Ciclo_3_5_Izquierda/Ciclo_3_5_Izquierda_w.mp4,Ciclo_3_5_Izquierda_w,pending,,
mendeley_labeled15_P02_c3a70525f316c029,5s4mt7xrd9.1,P02,w,dactylology,accepted,train,Mexican Sign Languages Dactylology and Ten First Numbers - Labeled images and videos. From person #1 to #5/persona_2/Ciclo_4_5_Derecha/Ciclo_4_5_Derecha_w.mp4,Ciclo_4_5_Derecha_w,pending,,
mendeley_labeled15_P02_fb86349e11e47b66,5s4mt7xrd9.1,P02,w,dactylology,accepted,train,Mexican Sign Languages Dactylology and Ten First Numbers - Labeled images and videos. From person #1 to #5/persona_2/Ciclo_4_5_Izquierda/Ciclo_4_5_Izquierda_w.mp4,Ciclo_4_5_Izquierda_w,pending,,
mendeley_labeled15_P02_b74cfeabd4512d5b,5s4mt7xrd9.1,P02,w,dactylology,accepted,train,Mexican Sign Languages Dactylology and Ten First Numbers - Labeled images and videos. From person #1 to #5/persona_2/Ciclo_5_5_Derecha/Ciclo_5_5_Derecha_w.mp4,Ciclo_5_5_Derecha_w,pending,,
mendeley_labeled15_P02_295bd79b8f4d07d8,5s4mt7xrd9.1,P02,w,dactylology,accepted,train,Mexican Sign Languages Dactylology and Ten First Numbers - Labeled images and videos. From person #1 to #5/persona_2/Ciclo_5_5_Izquierda/Ciclo_6_5_Derecha_w.mp4,Ciclo_6_5_Derecha_w,pending,,
mendeley_labeled15_P02_d4fc88f356d6c138,5s4mt7xrd9.1,P02,x,dactylology,accepted,train,Mexican Sign Languages Dactylology and Ten First Numbers - Labeled images and videos. From person #1 to #5/persona_2/Ciclo_1_5_Derecha/Ciclo_1_5_Derecha_x.mp4,Ciclo_1_5_Derecha_x,pending,,
mendeley_labeled15_P02_6b258d85e20a9e41,5s4mt7xrd9.1,P02,x,dactylology,accepted,train,Mexican Sign Languages Dactylology and Ten First Numbers - Labeled images and videos. From person #1 to #5/persona_2/Ciclo_1_5_Izquierda/Ciclo_1_5_Izquierda_x.mp4,Ciclo_1_5_Izquierda_x,pending,,
mendeley_labeled15_P02_bc5271b32dea400d,5s4mt7xrd9.1,P02,x,dactylology,accepted,train,Mexican Sign Languages Dactylology and Ten First Numbers - Labeled images and videos. From person #1 to #5/persona_2/Ciclo_2_5_Derecha/Ciclo_2_5_Derecha_x.mp4,Ciclo_2_5_Derecha_x,pending,,
mendeley_labeled15_P02_b784dd610b5d3dcc,5s4mt7xrd9.1,P02,x,dactylology,accepted,train,Mexican Sign Languages Dactylology and Ten First Numbers - Labeled images and videos. From person #1 to #5/persona_2/Ciclo_2_5_Izquierda/Ciclo_2_5_Izquierda_x.mp4,Ciclo_2_5_Izquierda_x,pending,,
mendeley_labeled15_P02_6d26aacdac590a3e,5s4mt7xrd9.1,P02,x,dactylology,accepted,train,Mexican Sign Languages Dactylology and Ten First Numbers - Labeled images and videos. From person #1 to #5/persona_2/Ciclo_3_5_Derecha/Ciclo_3_5_Derecha_x.mp4,Ciclo_3_5_Derecha_x,pending,,
mendeley_labeled15_P02_189553b3b2140b1b,5s4mt7xrd9.1,P02,x,dactylology,accepted,train,Mexican Sign Languages Dactylology and Ten First Numbers - Labeled images and videos. From person #1 to #5/persona_2/Ciclo_3_5_Izquierda/Ciclo_3_5_Izquierda_x.mp4,Ciclo_3_5_Izquierda_x,pending,,
mendeley_labeled15_P02_b6be5a40053207aa,5s4mt7xrd9.1,P02,x,dactylology,accepted,train,Mexican Sign Languages Dactylology and Ten First Numbers - Labeled images and videos. From person #1 to #5/persona_2/Ciclo_4_5_Derecha/Ciclo_4_5_Derecha_x.mp4,Ciclo_4_5_Derecha_x,pending,,
mendeley_labeled15_P02_781616c7ab163b34,5s4mt7xrd9.1,P02,x,dactylology,accepted,train,Mexican Sign Languages Dactylology and Ten First Numbers - Labeled images and videos. From person #1 to #5/persona_2/Ciclo_4_5_Izquierda/Ciclo_4_5_Izquierda_x.mp4,Ciclo_4_5_Izquierda_x,pending,,
mendeley_labeled15_P02_5ca7e6c5ae94e646,5s4mt7xrd9.1,P02,x,dactylology,accepted,train,Mexican Sign Languages Dactylology and Ten First Numbers - Labeled images and videos. From person #1 to #5/persona_2/Ciclo_5_5_Derecha/Ciclo_5_5_Derecha_x.mp4,Ciclo_5_5_Derecha_x,pending,,
mendeley_labeled15_P02_d495a627717e64c4,5s4mt7xrd9.1,P02,x,dactylology,accepted,train,Mexican Sign Languages Dactylology and Ten First Numbers - Labeled images and videos. From person #1 to #5/persona_2/Ciclo_5_5_Izquierda/Ciclo_6_5_Derecha_x.mp4,Ciclo_6_5_Derecha_x,pending,,
mendeley_labeled15_P02_f1536087e75393cf,5s4mt7xrd9.1,P02,y,dactylology,accepted,train,Mexican Sign Languages Dactylology and Ten First Numbers - Labeled images and videos. From person #1 to #5/persona_2/Ciclo_1_5_Derecha/Ciclo_1_5_Derecha_y.mp4,Ciclo_1_5_Derecha_y,pending,,
mendeley_labeled15_P02_b5eb0e31cd6e1241,5s4mt7xrd9.1,P02,y,dactylology,accepted,train,Mexican Sign Languages Dactylology and Ten First Numbers - Labeled images and videos. From person #1 to #5/persona_2/Ciclo_1_5_Izquierda/Ciclo_1_5_Izquierda_y.mp4,Ciclo_1_5_Izquierda_y,pending,,
mendeley_labeled15_P02_0c1a0657a9a3e42a,5s4mt7xrd9.1,P02,y,dactylology,accepted,train,Mexican Sign Languages Dactylology and Ten First Numbers - Labeled images and videos. From person #1 to #5/persona_2/Ciclo_2_5_Derecha/Ciclo_2_5_Derecha_y.mp4,Ciclo_2_5_Derecha_y,pending,,
mendeley_labeled15_P02_e7ef3376bc2aff8c,5s4mt7xrd9.1,P02,y,dactylology,accepted,train,Mexican Sign Languages Dactylology and Ten First Numbers - Labeled images and videos. From person #1 to #5/persona_2/Ciclo_2_5_Izquierda/Ciclo_2_5_Izquierda_y.mp4,Ciclo_2_5_Izquierda_y,pending,,
mendeley_labeled15_P02_db3024f40a9efb69,5s4mt7xrd9.1,P02,y,dactylology,accepted,train,Mexican Sign Languages Dactylology and Ten First Numbers - Labeled images and videos. From person #1 to #5/persona_2/Ciclo_3_5_Derecha/Ciclo_3_5_Derecha_y.mp4,Ciclo_3_5_Derecha_y,pending,,
mendeley_labeled15_P02_f6d952221da56707,5s4mt7xrd9.1,P02,y,dactylology,accepted,train,Mexican Sign Languages Dactylology and Ten First Numbers - Labeled images and videos. From person #1 to #5/persona_2/Ciclo_3_5_Izquierda/Ciclo_3_5_Izquierda_y.mp4,Ciclo_3_5_Izquierda_y,pending,,
mendeley_labeled15_P02_9a963e660970beb0,5s4mt7xrd9.1,P02,y,dactylology,accepted,train,Mexican Sign Languages Dactylology and Ten First Numbers - Labeled images and videos. From person #1 to #5/persona_2/Ciclo_4_5_Derecha/Ciclo_4_5_Derecha_y.mp4,Ciclo_4_5_Derecha_y,pending,,
mendeley_labeled15_P02_69b4d9eda434352e,5s4mt7xrd9.1,P02,y,dactylology,accepted,train,Mexican Sign Languages Dactylology and Ten First Numbers - Labeled images and videos. From person #1 to #5/persona_2/Ciclo_4_5_Izquierda/Ciclo_4_5_Izquierda_y.mp4,Ciclo_4_5_Izquierda_y,pending,,
mendeley_labeled15_P02_b7bac4cb063231cf,5s4mt7xrd9.1,P02,y,dactylology,accepted,train,Mexican Sign Languages Dactylology and Ten First Numbers - Labeled images and videos. From person #1 to #5/persona_2/Ciclo_5_5_Derecha/Ciclo_5_5_Derecha_y.mp4,Ciclo_5_5_Derecha_y,pending,,
mendeley_labeled15_P02_0f1315629521fcc9,5s4mt7xrd9.1,P02,y,dactylology,accepted,train,Mexican Sign Languages Dactylology and Ten First Numbers - Labeled images and videos. From person #1 to #5/persona_2/Ciclo_5_5_Izquierda/Ciclo_6_5_Derecha_y.mp4,Ciclo_6_5_Derecha_y,pending,,
mendeley_labeled15_P02_f0808f866f7efed5,5s4mt7xrd9.1,P02,z,dactylology,accepted,train,Mexican Sign Languages Dactylology and Ten First Numbers - Labeled images and videos. From person #1 to #5/persona_2/Ciclo_1_5_Derecha/Ciclo_1_5_Derecha_z.mp4,Ciclo_1_5_Derecha_z,pending,,
mendeley_labeled15_P02_c54656ca955a786f,5s4mt7xrd9.1,P02,z,dactylology,accepted,train,Mexican Sign Languages Dactylology and Ten First Numbers - Labeled images and videos. From person #1 to #5/persona_2/Ciclo_1_5_Izquierda/Ciclo_1_5_Izquierda_z.mp4,Ciclo_1_5_Izquierda_z,pending,,
mendeley_labeled15_P02_23de4f9b4b60b45b,5s4mt7xrd9.1,P02,z,dactylology,accepted,train,Mexican Sign Languages Dactylology and Ten First Numbers - Labeled images and videos. From person #1 to #5/persona_2/Ciclo_2_5_Derecha/Ciclo_2_5_Derecha_z.mp4,Ciclo_2_5_Derecha_z,pending,,
mendeley_labeled15_P02_090d629ed48f0793,5s4mt7xrd9.1,P02,z,dactylology,accepted,train,Mexican Sign Languages Dactylology and Ten First Numbers - Labeled images and videos. From person #1 to #5/persona_2/Ciclo_2_5_Izquierda/Ciclo_2_5_Izquierda_z.mp4,Ciclo_2_5_Izquierda_z,pending,,
mendeley_labeled15_P02_4dd28e0eab4be532,5s4mt7xrd9.1,P02,z,dactylology,accepted,train,Mexican Sign Languages Dactylology and Ten First Numbers - Labeled images and videos. From person #1 to #5/persona_2/Ciclo_3_5_Derecha/Ciclo_3_5_Derecha_z.mp4,Ciclo_3_5_Derecha_z,pending,,
mendeley_labeled15_P02_896d3c6935d183e6,5s4mt7xrd9.1,P02,z,dactylology,accepted,train,Mexican Sign Languages Dactylology and Ten First Numbers - Labeled images and videos. From person #1 to #5/persona_2/Ciclo_3_5_Izquierda/Ciclo_3_5_Izquierda_z.mp4,Ciclo_3_5_Izquierda_z,pending,,
mendeley_labeled15_P02_d6b582f23ab483f7,5s4mt7xrd9.1,P02,z,dactylology,accepted,train,Mexican Sign Languages Dactylology and Ten First Numbers - Labeled images and videos. From person #1 to #5/persona_2/Ciclo_4_5_Derecha/Ciclo_4_5_Derecha_z.mp4,Ciclo_4_5_Derecha_z,pending,,
mendeley_labeled15_P02_6ed7a126e993f70a,5s4mt7xrd9.1,P02,z,dactylology,accepted,train,Mexican Sign Languages Dactylology and Ten First Numbers - Labeled images and videos. From person #1 to #5/persona_2/Ciclo_4_5_Izquierda/Ciclo_4_5_Izquierda_z.mp4,Ciclo_4_5_Izquierda_z,pending,,
mendeley_labeled15_P02_68e92dfbfcdb13a8,5s4mt7xrd9.1,P02,z,dactylology,accepted,train,Mexican Sign Languages Dactylology and Ten First Numbers - Labeled images and videos. From person #1 to #5/persona_2/Ciclo_5_5_Derecha/Ciclo_5_5_Derecha_z.mp4,Ciclo_5_5_Derecha_z,pending,,
mendeley_labeled15_P02_23af3f9096ab26cb,5s4mt7xrd9.1,P02,z,dactylology,accepted,train,Mexican Sign Languages Dactylology and Ten First Numbers - Labeled images and videos. From person #1 to #5/persona_2/Ciclo_5_5_Izquierda/Ciclo_6_5_Derecha_z.mp4,Ciclo_6_5_Derecha_z,pending,,
mendeley_labeled15_P02_7bd4e0fcd422248d,5s4mt7xrd9.1,P02,ñ,dactylology,accepted,train,Mexican Sign Languages Dactylology and Ten First Numbers - Labeled images and videos. From person #1 to #5/persona_2/Ciclo_1_5_Derecha/Ciclo_1_5_Derecha_ñ.mp4,Ciclo_1_5_Derecha_ñ,pending,,
mendeley_labeled15_P02_4bd8c466a749fa4e,5s4mt7xrd9.1,P02,ñ,dactylology,accepted,train,Mexican Sign Languages Dactylology and Ten First Numbers - Labeled images and videos. From person #1 to #5/persona_2/Ciclo_1_5_Izquierda/Ciclo_1_5_Izquierda_ñ.mp4,Ciclo_1_5_Izquierda_ñ,pending,,
mendeley_labeled15_P02_bf911e6860d2a2d4,5s4mt7xrd9.1,P02,ñ,dactylology,accepted,train,Mexican Sign Languages Dactylology and Ten First Numbers - Labeled images and videos. From person #1 to #5/persona_2/Ciclo_2_5_Derecha/Ciclo_2_5_Derecha_ñ.mp4,Ciclo_2_5_Derecha_ñ,pending,,
mendeley_labeled15_P02_ffb3c8e8f1558dbb,5s4mt7xrd9.1,P02,ñ,dactylology,accepted,train,Mexican Sign Languages Dactylology and Ten First Numbers - Labeled images and videos. From person #1 to #5/persona_2/Ciclo_2_5_Izquierda/Ciclo_2_5_Izquierda_ñ.mp4,Ciclo_2_5_Izquierda_ñ,pending,,
mendeley_labeled15_P02_56edf1456c322569,5s4mt7xrd9.1,P02,ñ,dactylology,accepted,train,Mexican Sign Languages Dactylology and Ten First Numbers - Labeled images and videos. From person #1 to #5/persona_2/Ciclo_3_5_Izquierda/Ciclo_3_5_Izquierda_ñ.mp4,Ciclo_3_5_Izquierda_ñ,pending,,
mendeley_labeled15_P02_a7a32a7cd6c24913,5s4mt7xrd9.1,P02,ñ,dactylology,accepted,train,Mexican Sign Languages Dactylology and Ten First Numbers - Labeled images and videos. From person #1 to #5/persona_2/Ciclo_5_5_Izquierda/Ciclo_6_5_Derecha_ñ.mp4,Ciclo_6_5_Derecha_ñ,pending,,
mendeley_labeled15_P02_cb052cb069f6ef2c,5s4mt7xrd9.1,P02,0,number,accepted,train,Mexican Sign Languages Dactylology and Ten First Numbers - Labeled images and videos. From person #1 to #5/persona_2/Ciclo_1_5_Derecha/Ciclo_1_5_Derecha_0.mp4,Ciclo_1_5_Derecha_0,pending,,
mendeley_labeled15_P02_9718b43eac7bc622,5s4mt7xrd9.1,P02,0,number,accepted,train,Mexican Sign Languages Dactylology and Ten First Numbers - Labeled images and videos. From person #1 to #5/persona_2/Ciclo_1_5_Izquierda/Ciclo_1_5_Izquierda_0.mp4,Ciclo_1_5_Izquierda_0,pending,,
mendeley_labeled15_P02_6b1ca47b663830f1,5s4mt7xrd9.1,P02,0,number,accepted,train,Mexican Sign Languages Dactylology and Ten First Numbers - Labeled images and videos. From person #1 to #5/persona_2/Ciclo_2_5_Derecha/Ciclo_2_5_Derecha_0.mp4,Ciclo_2_5_Derecha_0,pending,,
mendeley_labeled15_P02_3dedb567821c2365,5s4mt7xrd9.1,P02,0,number,accepted,train,Mexican Sign Languages Dactylology and Ten First Numbers - Labeled images and videos. From person #1 to #5/persona_2/Ciclo_2_5_Izquierda/Ciclo_2_5_Izquierda_0.mp4,Ciclo_2_5_Izquierda_0,pending,,
mendeley_labeled15_P02_60704ee95b54d100,5s4mt7xrd9.1,P02,0,number,accepted,train,Mexican Sign Languages Dactylology and Ten First Numbers - Labeled images and videos. From person #1 to #5/persona_2/Ciclo_3_5_Derecha/Ciclo_3_5_Derecha_0.mp4,Ciclo_3_5_Derecha_0,pending,,
mendeley_labeled15_P02_6934530f1b7cb0a8,5s4mt7xrd9.1,P02,0,number,accepted,train,Mexican Sign Languages Dactylology and Ten First Numbers - Labeled images and videos. From person #1 to #5/persona_2/Ciclo_3_5_Izquierda/Ciclo_3_5_Izquierda_0.mp4,Ciclo_3_5_Izquierda_0,pending,,
mendeley_labeled15_P02_90e08dbdba497476,5s4mt7xrd9.1,P02,0,number,accepted,train,Mexican Sign Languages Dactylology and Ten First Numbers - Labeled images and videos. From person #1 to #5/persona_2/Ciclo_4_5_Derecha/Ciclo_4_5_Derecha_0.mp4,Ciclo_4_5_Derecha_0,pending,,
mendeley_labeled15_P02_0db8513276938108,5s4mt7xrd9.1,P02,0,number,accepted,train,Mexican Sign Languages Dactylology and Ten First Numbers - Labeled images and videos. From person #1 to #5/persona_2/Ciclo_4_5_Izquierda/Ciclo_4_5_Izquierda_0.mp4,Ciclo_4_5_Izquierda_0,pending,,
mendeley_labeled15_P02_e1e6e514e3b15639,5s4mt7xrd9.1,P02,0,number,accepted,train,Mexican Sign Languages Dactylology and Ten First Numbers - Labeled images and videos. From person #1 to #5/persona_2/Ciclo_5_5_Derecha/Ciclo_5_5_Derecha_0.mp4,Ciclo_5_5_Derecha_0,pending,,
mendeley_labeled15_P02_d1719663646515d4,5s4mt7xrd9.1,P02,0,number,accepted,train,Mexican Sign Languages Dactylology and Ten First Numbers - Labeled images and videos. From person #1 to #5/persona_2/Ciclo_5_5_Izquierda/Ciclo_5_5_Derecha_0.mp4,Ciclo_5_5_Derecha_0,pending,,
mendeley_labeled15_P02_83fffd206360ab1e,5s4mt7xrd9.1,P02,1,number,accepted,train,Mexican Sign Languages Dactylology and Ten First Numbers - Labeled images and videos. From person #1 to #5/persona_2/Ciclo_1_5_Derecha/Ciclo_1_5_Derecha_1.mp4,Ciclo_1_5_Derecha_1,pending,,
mendeley_labeled15_P02_f393f3cf9710dc4f,5s4mt7xrd9.1,P02,1,number,accepted,train,Mexican Sign Languages Dactylology and Ten First Numbers - Labeled images and videos. From person #1 to #5/persona_2/Ciclo_1_5_Izquierda/Ciclo_1_5_Izquierda_1.mp4,Ciclo_1_5_Izquierda_1,pending,,
mendeley_labeled15_P02_66cf883d7b9c2e71,5s4mt7xrd9.1,P02,1,number,accepted,train,Mexican Sign Languages Dactylology and Ten First Numbers - Labeled images and videos. From person #1 to #5/persona_2/Ciclo_2_5_Derecha/Ciclo_2_5_Derecha_1.mp4,Ciclo_2_5_Derecha_1,pending,,
mendeley_labeled15_P02_41bd0f6e20b08d64,5s4mt7xrd9.1,P02,1,number,accepted,train,Mexican Sign Languages Dactylology and Ten First Numbers - Labeled images and videos. From person #1 to #5/persona_2/Ciclo_2_5_Izquierda/Ciclo_2_5_Izquierda_1.mp4,Ciclo_2_5_Izquierda_1,pending,,
mendeley_labeled15_P02_08b46ac23feea8da,5s4mt7xrd9.1,P02,1,number,accepted,train,Mexican Sign Languages Dactylology and Ten First Numbers - Labeled images and videos. From person #1 to #5/persona_2/Ciclo_3_5_Derecha/Ciclo_3_5_Derecha_1.mp4,Ciclo_3_5_Derecha_1,pending,,
mendeley_labeled15_P02_87ecfb049da51e6e,5s4mt7xrd9.1,P02,1,number,accepted,train,Mexican Sign Languages Dactylology and Ten First Numbers - Labeled images and videos. From person #1 to #5/persona_2/Ciclo_3_5_Izquierda/Ciclo_3_5_Izquierda_1.mp4,Ciclo_3_5_Izquierda_1,pending,,
mendeley_labeled15_P02_07867eb8decc054c,5s4mt7xrd9.1,P02,1,number,accepted,train,Mexican Sign Languages Dactylology and Ten First Numbers - Labeled images and videos. From person #1 to #5/persona_2/Ciclo_4_5_Derecha/Ciclo_4_5_Derecha_1.mp4,Ciclo_4_5_Derecha_1,pending,,
mendeley_labeled15_P02_e5aa8ac984a4f0dd,5s4mt7xrd9.1,P02,1,number,accepted,train,Mexican Sign Languages Dactylology and Ten First Numbers - Labeled images and videos. From person #1 to #5/persona_2/Ciclo_4_5_Izquierda/Ciclo_4_5_Izquierda_1.mp4,Ciclo_4_5_Izquierda_1,pending,,
mendeley_labeled15_P02_f57e33dae6656730,5s4mt7xrd9.1,P02,1,number,accepted,train,Mexican Sign Languages Dactylology and Ten First Numbers - Labeled images and videos. From person #1 to #5/persona_2/Ciclo_5_5_Derecha/Ciclo_5_5_Derecha_1.mp4,Ciclo_5_5_Derecha_1,pending,,
mendeley_labeled15_P02_e33eb3d3ca45491a,5s4mt7xrd9.1,P02,1,number,accepted,train,Mexican Sign Languages Dactylology and Ten First Numbers - Labeled images and videos. From person #1 to #5/persona_2/Ciclo_5_5_Izquierda/Ciclo_5_5_Derecha_1.mp4,Ciclo_5_5_Derecha_1,pending,,
mendeley_labeled15_P02_32e9c3008b576010,5s4mt7xrd9.1,P02,10,number,accepted,train,Mexican Sign Languages Dactylology and Ten First Numbers - Labeled images and videos. From person #1 to #5/persona_2/Ciclo_1_5_Derecha/Ciclo_1_5_Derecha_10.mp4,Ciclo_1_5_Derecha_10,pending,,
mendeley_labeled15_P02_a491a5603923c5fc,5s4mt7xrd9.1,P02,10,number,accepted,train,Mexican Sign Languages Dactylology and Ten First Numbers - Labeled images and videos. From person #1 to #5/persona_2/Ciclo_1_5_Izquierda/Ciclo_1_5_Izquierda_10.mp4,Ciclo_1_5_Izquierda_10,pending,,
mendeley_labeled15_P02_f6a6e1c808cf57b5,5s4mt7xrd9.1,P02,10,number,accepted,train,Mexican Sign Languages Dactylology and Ten First Numbers - Labeled images and videos. From person #1 to #5/persona_2/Ciclo_2_5_Derecha/Ciclo_2_5_Derecha_10.mp4,Ciclo_2_5_Derecha_10,pending,,
mendeley_labeled15_P02_4d7ffbf7bc49141a,5s4mt7xrd9.1,P02,10,number,accepted,train,Mexican Sign Languages Dactylology and Ten First Numbers - Labeled images and videos. From person #1 to #5/persona_2/Ciclo_2_5_Izquierda/Ciclo_2_5_Izquierda_10.mp4,Ciclo_2_5_Izquierda_10,pending,,
mendeley_labeled15_P02_f1e163eb87d59a17,5s4mt7xrd9.1,P02,10,number,accepted,train,Mexican Sign Languages Dactylology and Ten First Numbers - Labeled images and videos. From person #1 to #5/persona_2/Ciclo_3_5_Derecha/Ciclo_3_5_Derecha_10.mp4,Ciclo_3_5_Derecha_10,pending,,
mendeley_labeled15_P02_cc4d15488b2fdb4c,5s4mt7xrd9.1,P02,10,number,accepted,train,Mexican Sign Languages Dactylology and Ten First Numbers - Labeled images and videos. From person #1 to #5/persona_2/Ciclo_3_5_Izquierda/Ciclo_3_5_Izquierda_10.mp4,Ciclo_3_5_Izquierda_10,pending,,
mendeley_labeled15_P02_d92bfdbb25122362,5s4mt7xrd9.1,P02,10,number,accepted,train,Mexican Sign Languages Dactylology and Ten First Numbers - Labeled images and videos. From person #1 to #5/persona_2/Ciclo_4_5_Derecha/Ciclo_4_5_Derecha_10.mp4,Ciclo_4_5_Derecha_10,pending,,
mendeley_labeled15_P02_dcd672c0d4d27365,5s4mt7xrd9.1,P02,10,number,accepted,train,Mexican Sign Languages Dactylology and Ten First Numbers - Labeled images and videos. From person #1 to #5/persona_2/Ciclo_4_5_Izquierda/Ciclo_4_5_Izquierda_10.mp4,Ciclo_4_5_Izquierda_10,pending,,
mendeley_labeled15_P02_c892cc27fd1b4e20,5s4mt7xrd9.1,P02,10,number,accepted,train,Mexican Sign Languages Dactylology and Ten First Numbers - Labeled images and videos. From person #1 to #5/persona_2/Ciclo_5_5_Derecha/Ciclo_5_5_Derecha_10.mp4,Ciclo_5_5_Derecha_10,pending,,
mendeley_labeled15_P02_c60482c4b32f60e0,5s4mt7xrd9.1,P02,10,number,accepted,train,Mexican Sign Languages Dactylology and Ten First Numbers - Labeled images and videos. From person #1 to #5/persona_2/Ciclo_5_5_Izquierda/Ciclo_6_5_Derecha_10.mp4,Ciclo_6_5_Derecha_10,pending,,
mendeley_labeled15_P02_caa25f2773d62c4e,5s4mt7xrd9.1,P02,2,number,accepted,train,Mexican Sign Languages Dactylology and Ten First Numbers - Labeled images and videos. From person #1 to #5/persona_2/Ciclo_1_5_Derecha/Ciclo_1_5_Derecha_2.mp4,Ciclo_1_5_Derecha_2,pending,,
mendeley_labeled15_P02_d5b3d5560440280f,5s4mt7xrd9.1,P02,2,number,accepted,train,Mexican Sign Languages Dactylology and Ten First Numbers - Labeled images and videos. From person #1 to #5/persona_2/Ciclo_1_5_Izquierda/Ciclo_1_5_Izquierda_2.mp4,Ciclo_1_5_Izquierda_2,pending,,
mendeley_labeled15_P02_b7197553e5f493ef,5s4mt7xrd9.1,P02,2,number,accepted,train,Mexican Sign Languages Dactylology and Ten First Numbers - Labeled images and videos. From person #1 to #5/persona_2/Ciclo_2_5_Derecha/Ciclo_2_5_Derecha_2.mp4,Ciclo_2_5_Derecha_2,pending,,
mendeley_labeled15_P02_e66378476a8841ed,5s4mt7xrd9.1,P02,2,number,accepted,train,Mexican Sign Languages Dactylology and Ten First Numbers - Labeled images and videos. From person #1 to #5/persona_2/Ciclo_2_5_Izquierda/Ciclo_2_5_Izquierda_2.mp4,Ciclo_2_5_Izquierda_2,pending,,
mendeley_labeled15_P02_1ff89d370ec5a612,5s4mt7xrd9.1,P02,2,number,accepted,train,Mexican Sign Languages Dactylology and Ten First Numbers - Labeled images and videos. From person #1 to #5/persona_2/Ciclo_3_5_Derecha/Ciclo_3_5_Derecha_2.mp4,Ciclo_3_5_Derecha_2,pending,,
mendeley_labeled15_P02_4075570391c60104,5s4mt7xrd9.1,P02,2,number,accepted,train,Mexican Sign Languages Dactylology and Ten First Numbers - Labeled images and videos. From person #1 to #5/persona_2/Ciclo_3_5_Izquierda/Ciclo_3_5_Izquierda_2.mp4,Ciclo_3_5_Izquierda_2,pending,,
mendeley_labeled15_P02_93bd63d2b9985b2a,5s4mt7xrd9.1,P02,2,number,accepted,train,Mexican Sign Languages Dactylology and Ten First Numbers - Labeled images and videos. From person #1 to #5/persona_2/Ciclo_4_5_Derecha/Ciclo_4_5_Derecha_2.mp4,Ciclo_4_5_Derecha_2,pending,,
mendeley_labeled15_P02_c776586a94efde34,5s4mt7xrd9.1,P02,2,number,accepted,train,Mexican Sign Languages Dactylology and Ten First Numbers - Labeled images and videos. From person #1 to #5/persona_2/Ciclo_4_5_Izquierda/Ciclo_4_5_Izquierda_2.mp4,Ciclo_4_5_Izquierda_2,pending,,
mendeley_labeled15_P02_a370905093b04d1d,5s4mt7xrd9.1,P02,2,number,accepted,train,Mexican Sign Languages Dactylology and Ten First Numbers - Labeled images and videos. From person #1 to #5/persona_2/Ciclo_5_5_Derecha/Ciclo_5_5_Derecha_2.mp4,Ciclo_5_5_Derecha_2,pending,,
mendeley_labeled15_P02_b708508e4b2504b4,5s4mt7xrd9.1,P02,2,number,accepted,train,Mexican Sign Languages Dactylology and Ten First Numbers - Labeled images and videos. From person #1 to #5/persona_2/Ciclo_5_5_Izquierda/Ciclo_5_5_Derecha_2.mp4,Ciclo_5_5_Derecha_2,pending,,
mendeley_labeled15_P02_8f489db6a1eeadf4,5s4mt7xrd9.1,P02,3,number,accepted,train,Mexican Sign Languages Dactylology and Ten First Numbers - Labeled images and videos. From person #1 to #5/persona_2/Ciclo_1_5_Derecha/Ciclo_1_5_Derecha_3.mp4,Ciclo_1_5_Derecha_3,pending,,
mendeley_labeled15_P02_1849c53708ffec49,5s4mt7xrd9.1,P02,3,number,accepted,train,Mexican Sign Languages Dactylology and Ten First Numbers - Labeled images and videos. From person #1 to #5/persona_2/Ciclo_1_5_Izquierda/Ciclo_1_5_Izquierda_3.mp4,Ciclo_1_5_Izquierda_3,pending,,
mendeley_labeled15_P02_d65140c86f6a0222,5s4mt7xrd9.1,P02,3,number,accepted,train,Mexican Sign Languages Dactylology and Ten First Numbers - Labeled images and videos. From person #1 to #5/persona_2/Ciclo_2_5_Derecha/Ciclo_2_5_Derecha_3.mp4,Ciclo_2_5_Derecha_3,pending,,
mendeley_labeled15_P02_a9b95893cc5c6e0a,5s4mt7xrd9.1,P02,3,number,accepted,train,Mexican Sign Languages Dactylology and Ten First Numbers - Labeled images and videos. From person #1 to #5/persona_2/Ciclo_2_5_Izquierda/Ciclo_2_5_Izquierda_3.mp4,Ciclo_2_5_Izquierda_3,pending,,
mendeley_labeled15_P02_5d895e912529d787,5s4mt7xrd9.1,P02,3,number,accepted,train,Mexican Sign Languages Dactylology and Ten First Numbers - Labeled images and videos. From person #1 to #5/persona_2/Ciclo_3_5_Derecha/Ciclo_3_5_Derecha_3.mp4,Ciclo_3_5_Derecha_3,pending,,
mendeley_labeled15_P02_e7aad809221519fa,5s4mt7xrd9.1,P02,3,number,accepted,train,Mexican Sign Languages Dactylology and Ten First Numbers - Labeled images and videos. From person #1 to #5/persona_2/Ciclo_3_5_Izquierda/Ciclo_3_5_Izquierda_3.mp4,Ciclo_3_5_Izquierda_3,pending,,
mendeley_labeled15_P02_098eb8190bd48aa5,5s4mt7xrd9.1,P02,3,number,accepted,train,Mexican Sign Languages Dactylology and Ten First Numbers - Labeled images and videos. From person #1 to #5/persona_2/Ciclo_4_5_Derecha/Ciclo_4_5_Derecha_3.mp4,Ciclo_4_5_Derecha_3,pending,,
mendeley_labeled15_P02_8439366dad579b1d,5s4mt7xrd9.1,P02,3,number,accepted,train,Mexican Sign Languages Dactylology and Ten First Numbers - Labeled images and videos. From person #1 to #5/persona_2/Ciclo_4_5_Izquierda/Ciclo_4_5_Izquierda_3.mp4,Ciclo_4_5_Izquierda_3,pending,,
mendeley_labeled15_P02_7e23dfb18bf31b54,5s4mt7xrd9.1,P02,3,number,accepted,train,Mexican Sign Languages Dactylology and Ten First Numbers - Labeled images and videos. From person #1 to #5/persona_2/Ciclo_5_5_Derecha/Ciclo_5_5_Derecha_3.mp4,Ciclo_5_5_Derecha_3,pending,,
mendeley_labeled15_P02_76882029c37ae2ec,5s4mt7xrd9.1,P02,3,number,accepted,train,Mexican Sign Languages Dactylology and Ten First Numbers - Labeled images and videos. From person #1 to #5/persona_2/Ciclo_5_5_Izquierda/Ciclo_6_5_Derecha_3.mp4,Ciclo_6_5_Derecha_3,pending,,
mendeley_labeled15_P02_f24449355abf2439,5s4mt7xrd9.1,P02,4,number,accepted,train,Mexican Sign Languages Dactylology and Ten First Numbers - Labeled images and videos. From person #1 to #5/persona_2/Ciclo_1_5_Derecha/Ciclo_1_5_Derecha_4.mp4,Ciclo_1_5_Derecha_4,pending,,
mendeley_labeled15_P02_22cbe80754e82ece,5s4mt7xrd9.1,P02,4,number,accepted,train,Mexican Sign Languages Dactylology and Ten First Numbers - Labeled images and videos. From person #1 to #5/persona_2/Ciclo_1_5_Izquierda/Ciclo_1_5_Izquierda_4.mp4,Ciclo_1_5_Izquierda_4,pending,,
mendeley_labeled15_P02_de012edc0e43585f,5s4mt7xrd9.1,P02,4,number,accepted,train,Mexican Sign Languages Dactylology and Ten First Numbers - Labeled images and videos. From person #1 to #5/persona_2/Ciclo_2_5_Derecha/Ciclo_2_5_Derecha_4.mp4,Ciclo_2_5_Derecha_4,pending,,
mendeley_labeled15_P02_146d6022fc2bf49a,5s4mt7xrd9.1,P02,4,number,accepted,train,Mexican Sign Languages Dactylology and Ten First Numbers - Labeled images and videos. From person #1 to #5/persona_2/Ciclo_2_5_Izquierda/Ciclo_2_5_Izquierda_4.mp4,Ciclo_2_5_Izquierda_4,pending,,
mendeley_labeled15_P02_e2d5f36d1334b615,5s4mt7xrd9.1,P02,4,number,accepted,train,Mexican Sign Languages Dactylology and Ten First Numbers - Labeled images and videos. From person #1 to #5/persona_2/Ciclo_3_5_Derecha/Ciclo_3_5_Derecha_4.mp4,Ciclo_3_5_Derecha_4,pending,,
mendeley_labeled15_P02_658f66cf220fa900,5s4mt7xrd9.1,P02,4,number,accepted,train,Mexican Sign Languages Dactylology and Ten First Numbers - Labeled images and videos. From person #1 to #5/persona_2/Ciclo_3_5_Izquierda/Ciclo_3_5_Izquierda_4.mp4,Ciclo_3_5_Izquierda_4,pending,,
mendeley_labeled15_P02_bb9596ea60f4739a,5s4mt7xrd9.1,P02,4,number,accepted,train,Mexican Sign Languages Dactylology and Ten First Numbers - Labeled images and videos. From person #1 to #5/persona_2/Ciclo_4_5_Derecha/Ciclo_4_5_Derecha_4.mp4,Ciclo_4_5_Derecha_4,pending,,
mendeley_labeled15_P02_a67edd9040caf906,5s4mt7xrd9.1,P02,4,number,accepted,train,Mexican Sign Languages Dactylology and Ten First Numbers - Labeled images and videos. From person #1 to #5/persona_2/Ciclo_4_5_Izquierda/Ciclo_4_5_Izquierda_4.mp4,Ciclo_4_5_Izquierda_4,pending,,
mendeley_labeled15_P02_f1edb03ac2e7f21a,5s4mt7xrd9.1,P02,4,number,accepted,train,Mexican Sign Languages Dactylology and Ten First Numbers - Labeled images and videos. From person #1 to #5/persona_2/Ciclo_5_5_Derecha/Ciclo_5_5_Derecha_4.mp4,Ciclo_5_5_Derecha_4,pending,,
mendeley_labeled15_P02_e1d77afab864c4cf,5s4mt7xrd9.1,P02,4,number,accepted,train,Mexican Sign Languages Dactylology and Ten First Numbers - Labeled images and videos. From person #1 to #5/persona_2/Ciclo_5_5_Izquierda/Ciclo_6_5_Derecha_4.mp4,Ciclo_6_5_Derecha_4,pending,,
mendeley_labeled15_P02_4d395e5d0accc10f,5s4mt7xrd9.1,P02,5,number,accepted,train,Mexican Sign Languages Dactylology and Ten First Numbers - Labeled images and videos. From person #1 to #5/persona_2/Ciclo_1_5_Derecha/Ciclo_1_5_Derecha_5.mp4,Ciclo_1_5_Derecha_5,pending,,
mendeley_labeled15_P02_5b6078bd14feb328,5s4mt7xrd9.1,P02,5,number,accepted,train,Mexican Sign Languages Dactylology and Ten First Numbers - Labeled images and videos. From person #1 to #5/persona_2/Ciclo_1_5_Izquierda/Ciclo_1_5_Izquierda_5.mp4,Ciclo_1_5_Izquierda_5,pending,,
mendeley_labeled15_P02_0fa064a01525e558,5s4mt7xrd9.1,P02,5,number,accepted,train,Mexican Sign Languages Dactylology and Ten First Numbers - Labeled images and videos. From person #1 to #5/persona_2/Ciclo_2_5_Derecha/Ciclo_2_5_Derecha_5.mp4,Ciclo_2_5_Derecha_5,pending,,
mendeley_labeled15_P02_33ebcade35dcaceb,5s4mt7xrd9.1,P02,5,number,accepted,train,Mexican Sign Languages Dactylology and Ten First Numbers - Labeled images and videos. From person #1 to #5/persona_2/Ciclo_2_5_Izquierda/Ciclo_2_5_Izquierda_5.mp4,Ciclo_2_5_Izquierda_5,pending,,
mendeley_labeled15_P02_4053412bb68ef294,5s4mt7xrd9.1,P02,5,number,accepted,train,Mexican Sign Languages Dactylology and Ten First Numbers - Labeled images and videos. From person #1 to #5/persona_2/Ciclo_3_5_Derecha/Ciclo_3_5_Derecha_5.mp4,Ciclo_3_5_Derecha_5,pending,,
mendeley_labeled15_P02_c56664117787670b,5s4mt7xrd9.1,P02,5,number,accepted,train,Mexican Sign Languages Dactylology and Ten First Numbers - Labeled images and videos. From person #1 to #5/persona_2/Ciclo_3_5_Izquierda/Ciclo_3_5_Izquierda_5.mp4,Ciclo_3_5_Izquierda_5,pending,,
mendeley_labeled15_P02_cdcd3e4647e96b17,5s4mt7xrd9.1,P02,5,number,accepted,train,Mexican Sign Languages Dactylology and Ten First Numbers - Labeled images and videos. From person #1 to #5/persona_2/Ciclo_4_5_Derecha/Ciclo_4_5_Derecha_5.mp4,Ciclo_4_5_Derecha_5,pending,,
mendeley_labeled15_P02_dae88243852c49f7,5s4mt7xrd9.1,P02,5,number,accepted,train,Mexican Sign Languages Dactylology and Ten First Numbers - Labeled images and videos. From person #1 to #5/persona_2/Ciclo_4_5_Izquierda/Ciclo_4_5_Izquierda_5.mp4,Ciclo_4_5_Izquierda_5,pending,,
mendeley_labeled15_P02_cc04a6ed973b2439,5s4mt7xrd9.1,P02,5,number,accepted,train,Mexican Sign Languages Dactylology and Ten First Numbers - Labeled images and videos. From person #1 to #5/persona_2/Ciclo_5_5_Derecha/Ciclo_5_5_Derecha_5.mp4,Ciclo_5_5_Derecha_5,pending,,
mendeley_labeled15_P02_ecf4f2f1cbb7b12f,5s4mt7xrd9.1,P02,5,number,accepted,train,Mexican Sign Languages Dactylology and Ten First Numbers - Labeled images and videos. From person #1 to #5/persona_2/Ciclo_5_5_Izquierda/Ciclo_6_5_Derecha_5.mp4,Ciclo_6_5_Derecha_5,pending,,
mendeley_labeled15_P02_5009ea07a8007cee,5s4mt7xrd9.1,P02,6,number,accepted,train,Mexican Sign Languages Dactylology and Ten First Numbers - Labeled images and videos. From person #1 to #5/persona_2/Ciclo_1_5_Derecha/Ciclo_1_5_Derecha_6.mp4,Ciclo_1_5_Derecha_6,pending,,
mendeley_labeled15_P02_8c7fe11862be2be6,5s4mt7xrd9.1,P02,6,number,accepted,train,Mexican Sign Languages Dactylology and Ten First Numbers - Labeled images and videos. From person #1 to #5/persona_2/Ciclo_1_5_Izquierda/Ciclo_1_5_Izquierda_6.mp4,Ciclo_1_5_Izquierda_6,pending,,
mendeley_labeled15_P02_68c4303e869f76e7,5s4mt7xrd9.1,P02,6,number,accepted,train,Mexican Sign Languages Dactylology and Ten First Numbers - Labeled images and videos. From person #1 to #5/persona_2/Ciclo_2_5_Derecha/Ciclo_2_5_Derecha_6.mp4,Ciclo_2_5_Derecha_6,pending,,
mendeley_labeled15_P02_5b26e199cbc36771,5s4mt7xrd9.1,P02,6,number,accepted,train,Mexican Sign Languages Dactylology and Ten First Numbers - Labeled images and videos. From person #1 to #5/persona_2/Ciclo_2_5_Izquierda/Ciclo_2_5_Izquierda_6.mp4,Ciclo_2_5_Izquierda_6,pending,,
mendeley_labeled15_P02_ca909492ae103757,5s4mt7xrd9.1,P02,6,number,accepted,train,Mexican Sign Languages Dactylology and Ten First Numbers - Labeled images and videos. From person #1 to #5/persona_2/Ciclo_3_5_Derecha/Ciclo_3_5_Derecha_6.mp4,Ciclo_3_5_Derecha_6,pending,,
mendeley_labeled15_P02_33cbacb23a9abf93,5s4mt7xrd9.1,P02,6,number,accepted,train,Mexican Sign Languages Dactylology and Ten First Numbers - Labeled images and videos. From person #1 to #5/persona_2/Ciclo_3_5_Izquierda/Ciclo_3_5_Izquierda_6.mp4,Ciclo_3_5_Izquierda_6,pending,,
mendeley_labeled15_P02_22c4565717cc10a5,5s4mt7xrd9.1,P02,6,number,accepted,train,Mexican Sign Languages Dactylology and Ten First Numbers - Labeled images and videos. From person #1 to #5/persona_2/Ciclo_4_5_Derecha/Ciclo_4_5_Derecha_6.mp4,Ciclo_4_5_Derecha_6,pending,,
mendeley_labeled15_P02_dc2e4ad760a05dad,5s4mt7xrd9.1,P02,6,number,accepted,train,Mexican Sign Languages Dactylology and Ten First Numbers - Labeled images and videos. From person #1 to #5/persona_2/Ciclo_4_5_Izquierda/Ciclo_4_5_Izquierda_6.mp4,Ciclo_4_5_Izquierda_6,pending,,
mendeley_labeled15_P02_b57eb540d201a023,5s4mt7xrd9.1,P02,6,number,accepted,train,Mexican Sign Languages Dactylology and Ten First Numbers - Labeled images and videos. From person #1 to #5/persona_2/Ciclo_5_5_Derecha/Ciclo_5_5_Derecha_6.mp4,Ciclo_5_5_Derecha_6,pending,,
mendeley_labeled15_P02_81166bb9a1d492a3,5s4mt7xrd9.1,P02,6,number,accepted,train,Mexican Sign Languages Dactylology and Ten First Numbers - Labeled images and videos. From person #1 to #5/persona_2/Ciclo_5_5_Izquierda/Ciclo_6_5_Derecha_6.mp4,Ciclo_6_5_Derecha_6,pending,,
mendeley_labeled15_P02_873bb621fc5a03a8,5s4mt7xrd9.1,P02,7,number,accepted,train,Mexican Sign Languages Dactylology and Ten First Numbers - Labeled images and videos. From person #1 to #5/persona_2/Ciclo_1_5_Derecha/Ciclo_1_5_Derecha_7.mp4,Ciclo_1_5_Derecha_7,pending,,
mendeley_labeled15_P02_0810c6869ac33e89,5s4mt7xrd9.1,P02,7,number,accepted,train,Mexican Sign Languages Dactylology and Ten First Numbers - Labeled images and videos. From person #1 to #5/persona_2/Ciclo_1_5_Izquierda/Ciclo_1_5_Izquierda_7.mp4,Ciclo_1_5_Izquierda_7,pending,,
mendeley_labeled15_P02_69c1d833c0baacaf,5s4mt7xrd9.1,P02,7,number,accepted,train,Mexican Sign Languages Dactylology and Ten First Numbers - Labeled images and videos. From person #1 to #5/persona_2/Ciclo_2_5_Derecha/Ciclo_2_5_Derecha_7.mp4,Ciclo_2_5_Derecha_7,pending,,
mendeley_labeled15_P02_62d0e8d4918687ef,5s4mt7xrd9.1,P02,7,number,accepted,train,Mexican Sign Languages Dactylology and Ten First Numbers - Labeled images and videos. From person #1 to #5/persona_2/Ciclo_2_5_Izquierda/Ciclo_2_5_Izquierda_7.mp4,Ciclo_2_5_Izquierda_7,pending,,
mendeley_labeled15_P02_d64395ee928c4638,5s4mt7xrd9.1,P02,7,number,accepted,train,Mexican Sign Languages Dactylology and Ten First Numbers - Labeled images and videos. From person #1 to #5/persona_2/Ciclo_3_5_Derecha/Ciclo_3_5_Derecha_7.mp4,Ciclo_3_5_Derecha_7,pending,,
mendeley_labeled15_P02_b47533267dc25107,5s4mt7xrd9.1,P02,7,number,accepted,train,Mexican Sign Languages Dactylology and Ten First Numbers - Labeled images and videos. From person #1 to #5/persona_2/Ciclo_3_5_Izquierda/Ciclo_3_5_Izquierda_7.mp4,Ciclo_3_5_Izquierda_7,pending,,
mendeley_labeled15_P02_31450335dabfae4c,5s4mt7xrd9.1,P02,7,number,accepted,train,Mexican Sign Languages Dactylology and Ten First Numbers - Labeled images and videos. From person #1 to #5/persona_2/Ciclo_4_5_Derecha/Ciclo_4_5_Derecha_7.mp4,Ciclo_4_5_Derecha_7,pending,,
mendeley_labeled15_P02_5ca85ce2493242f1,5s4mt7xrd9.1,P02,7,number,accepted,train,Mexican Sign Languages Dactylology and Ten First Numbers - Labeled images and videos. From person #1 to #5/persona_2/Ciclo_4_5_Izquierda/Ciclo_4_5_Izquierda_7.mp4,Ciclo_4_5_Izquierda_7,pending,,
mendeley_labeled15_P02_f037572f33cbce03,5s4mt7xrd9.1,P02,7,number,accepted,train,Mexican Sign Languages Dactylology and Ten First Numbers - Labeled images and videos. From person #1 to #5/persona_2/Ciclo_5_5_Derecha/Ciclo_5_5_Derecha_7.mp4,Ciclo_5_5_Derecha_7,pending,,
mendeley_labeled15_P02_e79eea8e7c77aab7,5s4mt7xrd9.1,P02,7,number,accepted,train,Mexican Sign Languages Dactylology and Ten First Numbers - Labeled images and videos. From person #1 to #5/persona_2/Ciclo_5_5_Izquierda/Ciclo_6_5_Derecha_7.mp4,Ciclo_6_5_Derecha_7,pending,,
mendeley_labeled15_P02_9b3bdd697f723aa2,5s4mt7xrd9.1,P02,8,number,accepted,train,Mexican Sign Languages Dactylology and Ten First Numbers - Labeled images and videos. From person #1 to #5/persona_2/Ciclo_1_5_Derecha/Ciclo_1_5_Derecha_8.mp4,Ciclo_1_5_Derecha_8,pending,,
mendeley_labeled15_P02_8807c33978310464,5s4mt7xrd9.1,P02,8,number,accepted,train,Mexican Sign Languages Dactylology and Ten First Numbers - Labeled images and videos. From person #1 to #5/persona_2/Ciclo_1_5_Izquierda/Ciclo_1_5_Izquierda_8.mp4,Ciclo_1_5_Izquierda_8,pending,,
mendeley_labeled15_P02_d44041fdbd5f5901,5s4mt7xrd9.1,P02,8,number,accepted,train,Mexican Sign Languages Dactylology and Ten First Numbers - Labeled images and videos. From person #1 to #5/persona_2/Ciclo_2_5_Derecha/Ciclo_2_5_Derecha_8.mp4,Ciclo_2_5_Derecha_8,pending,,
mendeley_labeled15_P02_fc5ae418938a0c52,5s4mt7xrd9.1,P02,8,number,accepted,train,Mexican Sign Languages Dactylology and Ten First Numbers - Labeled images and videos. From person #1 to #5/persona_2/Ciclo_2_5_Izquierda/Ciclo_2_5_Izquierda_8.mp4,Ciclo_2_5_Izquierda_8,pending,,
mendeley_labeled15_P02_b4d9f386d5ef63c0,5s4mt7xrd9.1,P02,8,number,accepted,train,Mexican Sign Languages Dactylology and Ten First Numbers - Labeled images and videos. From person #1 to #5/persona_2/Ciclo_3_5_Derecha/Ciclo_3_5_Derecha_8.mp4,Ciclo_3_5_Derecha_8,pending,,
mendeley_labeled15_P02_72725c7d5ab25c36,5s4mt7xrd9.1,P02,8,number,accepted,train,Mexican Sign Languages Dactylology and Ten First Numbers - Labeled images and videos. From person #1 to #5/persona_2/Ciclo_3_5_Izquierda/Ciclo_3_5_Izquierda_8.mp4,Ciclo_3_5_Izquierda_8,pending,,
mendeley_labeled15_P02_552d89705ae1c523,5s4mt7xrd9.1,P02,8,number,accepted,train,Mexican Sign Languages Dactylology and Ten First Numbers - Labeled images and videos. From person #1 to #5/persona_2/Ciclo_4_5_Derecha/Ciclo_4_5_Derecha_8.mp4,Ciclo_4_5_Derecha_8,pending,,
mendeley_labeled15_P02_acadfa16ab72060e,5s4mt7xrd9.1,P02,8,number,accepted,train,Mexican Sign Languages Dactylology and Ten First Numbers - Labeled images and videos. From person #1 to #5/persona_2/Ciclo_4_5_Izquierda/Ciclo_4_5_Izquierda_8.mp4,Ciclo_4_5_Izquierda_8,pending,,
mendeley_labeled15_P02_2f2a0c7e82879938,5s4mt7xrd9.1,P02,8,number,accepted,train,Mexican Sign Languages Dactylology and Ten First Numbers - Labeled images and videos. From person #1 to #5/persona_2/Ciclo_5_5_Derecha/Ciclo_5_5_Derecha_8.mp4,Ciclo_5_5_Derecha_8,pending,,
mendeley_labeled15_P02_c3e0f03ed3d63a7d,5s4mt7xrd9.1,P02,8,number,accepted,train,Mexican Sign Languages Dactylology and Ten First Numbers - Labeled images and videos. From person #1 to #5/persona_2/Ciclo_5_5_Izquierda/Ciclo_6_5_Derecha_8.mp4,Ciclo_6_5_Derecha_8,pending,,
mendeley_labeled15_P02_17c535c9354dec06,5s4mt7xrd9.1,P02,9,number,accepted,train,Mexican Sign Languages Dactylology and Ten First Numbers - Labeled images and videos. From person #1 to #5/persona_2/Ciclo_1_5_Derecha/Ciclo_1_5_Derecha_9.mp4,Ciclo_1_5_Derecha_9,pending,,
mendeley_labeled15_P02_dbd6c0c38fa03e80,5s4mt7xrd9.1,P02,9,number,accepted,train,Mexican Sign Languages Dactylology and Ten First Numbers - Labeled images and videos. From person #1 to #5/persona_2/Ciclo_1_5_Izquierda/Ciclo_1_5_Izquierda_9.mp4,Ciclo_1_5_Izquierda_9,pending,,
mendeley_labeled15_P02_297a41043a5f9c1d,5s4mt7xrd9.1,P02,9,number,accepted,train,Mexican Sign Languages Dactylology and Ten First Numbers - Labeled images and videos. From person #1 to #5/persona_2/Ciclo_2_5_Derecha/Ciclo_2_5_Derecha_9.mp4,Ciclo_2_5_Derecha_9,pending,,
mendeley_labeled15_P02_badfcb768989068b,5s4mt7xrd9.1,P02,9,number,accepted,train,Mexican Sign Languages Dactylology and Ten First Numbers - Labeled images and videos. From person #1 to #5/persona_2/Ciclo_2_5_Izquierda/Ciclo_2_5_Izquierda_9.mp4,Ciclo_2_5_Izquierda_9,pending,,
mendeley_labeled15_P02_9e12d6f8b8633ce8,5s4mt7xrd9.1,P02,9,number,accepted,train,Mexican Sign Languages Dactylology and Ten First Numbers - Labeled images and videos. From person #1 to #5/persona_2/Ciclo_3_5_Derecha/Ciclo_3_5_Derecha_9.mp4,Ciclo_3_5_Derecha_9,pending,,
mendeley_labeled15_P02_7ba4298937b22dd1,5s4mt7xrd9.1,P02,9,number,accepted,train,Mexican Sign Languages Dactylology and Ten First Numbers - Labeled images and videos. From person #1 to #5/persona_2/Ciclo_3_5_Izquierda/Ciclo_3_5_Izquierda_9.mp4,Ciclo_3_5_Izquierda_9,pending,,
mendeley_labeled15_P02_58ae1c5b57acc98b,5s4mt7xrd9.1,P02,9,number,accepted,train,Mexican Sign Languages Dactylology and Ten First Numbers - Labeled images and videos. From person #1 to #5/persona_2/Ciclo_4_5_Derecha/Ciclo_4_5_Derecha_9.mp4,Ciclo_4_5_Derecha_9,pending,,
mendeley_labeled15_P02_1eb608363de176db,5s4mt7xrd9.1,P02,9,number,accepted,train,Mexican Sign Languages Dactylology and Ten First Numbers - Labeled images and videos. From person #1 to #5/persona_2/Ciclo_4_5_Izquierda/Ciclo_4_5_Izquierda_9.mp4,Ciclo_4_5_Izquierda_9,pending,,
mendeley_labeled15_P02_06cc4c66a4d3c66c,5s4mt7xrd9.1,P02,9,number,accepted,train,Mexican Sign Languages Dactylology and Ten First Numbers - Labeled images and videos. From person #1 to #5/persona_2/Ciclo_5_5_Derecha/Ciclo_5_5_Derecha_9.mp4,Ciclo_5_5_Derecha_9,pending,,
mendeley_labeled15_P02_a0323a355e5b3819,5s4mt7xrd9.1,P02,9,number,accepted,train,Mexican Sign Languages Dactylology and Ten First Numbers - Labeled images and videos. From person #1 to #5/persona_2/Ciclo_5_5_Izquierda/Ciclo_6_5_Derecha_9.mp4,Ciclo_6_5_Derecha_9,pending,,
mendeley_labeled15_P02_9e8332978f63d353,5s4mt7xrd9.1,P02,n-34fuvp,unknown,quarantined_ambiguous,train,Mexican Sign Languages Dactylology and Ten First Numbers - Labeled images and videos. From person #1 to #5/persona_2/Ciclo_1_5_Izquierda/Ciclo_1_5_Izquierda_n-34FuvP.mp4,Ciclo_1_5_Izquierda_n-34FuvP,quarantined,,ambiguous_or_unrecognized_filename_suffix
mendeley_labeled15_P02_0451cee68375a451,5s4mt7xrd9.1,P02,n-fwtb0p,unknown,quarantined_ambiguous,train,Mexican Sign Languages Dactylology and Ten First Numbers - Labeled images and videos. From person #1 to #5/persona_2/Ciclo_2_5_Derecha/Ciclo_2_5_Derecha_n-fWtb0p.mp4,Ciclo_2_5_Derecha_n-fWtb0p,quarantined,,ambiguous_or_unrecognized_filename_suffix
mendeley_labeled15_P02_61cfe65f0d55e58b,5s4mt7xrd9.1,P02,n-jexwkf,unknown,quarantined_ambiguous,train,Mexican Sign Languages Dactylology and Ten First Numbers - Labeled images and videos. From person #1 to #5/persona_2/Ciclo_3_5_Izquierda/Ciclo_3_5_Izquierda_n-jexWKF.mp4,Ciclo_3_5_Izquierda_n-jexWKF,quarantined,,ambiguous_or_unrecognized_filename_suffix
mendeley_labeled15_P02_7028d9e8e68bb413,5s4mt7xrd9.1,P02,n-oqn8ar,unknown,quarantined_ambiguous,train,Mexican Sign Languages Dactylology and Ten First Numbers - Labeled images and videos. From person #1 to #5/persona_2/Ciclo_1_5_Derecha/Ciclo_1_5_Derecha_n-Oqn8Ar.mp4,Ciclo_1_5_Derecha_n-Oqn8Ar,quarantined,,ambiguous_or_unrecognized_filename_suffix
mendeley_labeled15_P02_8c30ed3a90011801,5s4mt7xrd9.1,P02,n-u8q9kw,unknown,quarantined_ambiguous,train,Mexican Sign Languages Dactylology and Ten First Numbers - Labeled images and videos. From person #1 to #5/persona_2/Ciclo_5_5_Izquierda/Ciclo_6_5_Derecha_n-U8q9kW.mp4,Ciclo_6_5_Derecha_n-U8q9kW,quarantined,,ambiguous_or_unrecognized_filename_suffix
mendeley_labeled15_P02_32b773e2ea143fc4,5s4mt7xrd9.1,P02,n-yo0doa,unknown,quarantined_ambiguous,train,Mexican Sign Languages Dactylology and Ten First Numbers - Labeled images and videos. From person #1 to #5/persona_2/Ciclo_2_5_Izquierda/Ciclo_2_5_Izquierda_n-yo0doA.mp4,Ciclo_2_5_Izquierda_n-yo0doA,quarantined,,ambiguous_or_unrecognized_filename_suffix
mendeley_labeled15_P02_4bed1c3537e1a3e9,5s4mt7xrd9.1,P02,ñ-aek8bo,unknown,quarantined_unknown_label,train,Mexican Sign Languages Dactylology and Ten First Numbers - Labeled images and videos. From person #1 to #5/persona_2/Ciclo_3_5_Derecha/Ciclo_3_5_Derecha_ñ-aeK8bo.mp4,Ciclo_3_5_Derecha_ñ-aeK8bo,quarantined,,ambiguous_or_unrecognized_filename_suffix
mendeley_labeled15_P02_9be94a416c902473,5s4mt7xrd9.1,P02,ñ-fbtnwf,unknown,quarantined_unknown_label,train,Mexican Sign Languages Dactylology and Ten First Numbers - Labeled images and videos. From person #1 to #5/persona_2/Ciclo_4_5_Izquierda/Ciclo_4_5_Izquierda_ñ-fBTNwf.mp4,Ciclo_4_5_Izquierda_ñ-fBTNwf,quarantined,,ambiguous_or_unrecognized_filename_suffix
mendeley_labeled15_P02_46ea1cddd03fba9f,5s4mt7xrd9.1,P02,ñ-fufdwd,unknown,quarantined_unknown_label,train,Mexican Sign Languages Dactylology and Ten First Numbers - Labeled images and videos. From person #1 to #5/persona_2/Ciclo_5_5_Derecha/Ciclo_5_5_Derecha_ñ-fUFDWD.mp4,Ciclo_5_5_Derecha_ñ-fUFDWD,quarantined,,ambiguous_or_unrecognized_filename_suffix
mendeley_labeled15_P02_ecbfdc8be4de34aa,5s4mt7xrd9.1,P02,ñ-o1qjsx,unknown,quarantined_unknown_label,train,Mexican Sign Languages Dactylology and Ten First Numbers - Labeled images and videos. From person #1 to #5/persona_2/Ciclo_4_5_Derecha/Ciclo_4_5_Derecha_ñ-o1QjsX.mp4,Ciclo_4_5_Derecha_ñ-o1QjsX,quarantined,,ambiguous_or_unrecognized_filename_suffix
mendeley_labeled15_P03_8c2c8dc13f584cb1,5s4mt7xrd9.1,P03,a,dactylology,accepted,train,Mexican Sign Languages Dactylology and Ten First Numbers - Labeled images and videos. From person #1 to #5/persona_3/Ciclo_1_5_Derecha/Ciclo_1_5_Derecha_a.mp4,Ciclo_1_5_Derecha_a,pending,,
mendeley_labeled15_P03_3a05cf2ffdb0091d,5s4mt7xrd9.1,P03,a,dactylology,accepted,train,Mexican Sign Languages Dactylology and Ten First Numbers - Labeled images and videos. From person #1 to #5/persona_3/Ciclo_1_5_Izquierda/Ciclo_1_5_Izquierda_a.mp4,Ciclo_1_5_Izquierda_a,pending,,
mendeley_labeled15_P03_8820791cbea6f57b,5s4mt7xrd9.1,P03,a,dactylology,accepted,train,Mexican Sign Languages Dactylology and Ten First Numbers - Labeled images and videos. From person #1 to #5/persona_3/Ciclo_2_5_Derecha/Ciclo_2_5_Derecha_a.mp4,Ciclo_2_5_Derecha_a,pending,,
mendeley_labeled15_P03_7fc070eec78aa714,5s4mt7xrd9.1,P03,a,dactylology,accepted,train,Mexican Sign Languages Dactylology and Ten First Numbers - Labeled images and videos. From person #1 to #5/persona_3/Ciclo_2_5_Izquierda/Ciclo_2_5_Izquierda_a.mp4,Ciclo_2_5_Izquierda_a,pending,,
mendeley_labeled15_P03_e98a5b2d8d6166eb,5s4mt7xrd9.1,P03,a,dactylology,accepted,train,Mexican Sign Languages Dactylology and Ten First Numbers - Labeled images and videos. From person #1 to #5/persona_3/Ciclo_3_5_Derecha/Ciclo_3_5_Derecha_a.mp4,Ciclo_3_5_Derecha_a,pending,,
mendeley_labeled15_P03_886b8d7ac0a9bf76,5s4mt7xrd9.1,P03,a,dactylology,accepted,train,Mexican Sign Languages Dactylology and Ten First Numbers - Labeled images and videos. From person #1 to #5/persona_3/Ciclo_3_5_Izquierda/Ciclo_3_5_Izquierda_a.mp4,Ciclo_3_5_Izquierda_a,pending,,
mendeley_labeled15_P03_6995c512f5405b11,5s4mt7xrd9.1,P03,a,dactylology,accepted,train,Mexican Sign Languages Dactylology and Ten First Numbers - Labeled images and videos. From person #1 to #5/persona_3/Ciclo_4_5_Derecha/Ciclo_4_5_Derecha_a.mp4,Ciclo_4_5_Derecha_a,pending,,
mendeley_labeled15_P03_6c1deffd7cb86b13,5s4mt7xrd9.1,P03,a,dactylology,accepted,train,Mexican Sign Languages Dactylology and Ten First Numbers - Labeled images and videos. From person #1 to #5/persona_3/Ciclo_4_5_Izquierda/Ciclo_4_5_Izquierda_a.mp4,Ciclo_4_5_Izquierda_a,pending,,
mendeley_labeled15_P03_0aa5a858dbb675b2,5s4mt7xrd9.1,P03,a,dactylology,accepted,train,Mexican Sign Languages Dactylology and Ten First Numbers - Labeled images and videos. From person #1 to #5/persona_3/Ciclo_5_5_Derecha/Ciclo_5_5_Derecha_a.mp4,Ciclo_5_5_Derecha_a,pending,,
mendeley_labeled15_P03_698377c9ab409c82,5s4mt7xrd9.1,P03,a,dactylology,accepted,train,Mexican Sign Languages Dactylology and Ten First Numbers - Labeled images and videos. From person #1 to #5/persona_3/Ciclo_5_5_Izquierda/Ciclo_5_5_Izquierda_a.mp4,Ciclo_5_5_Izquierda_a,pending,,
mendeley_labeled15_P03_e328bca682e44fc5,5s4mt7xrd9.1,P03,b,dactylology,accepted,train,Mexican Sign Languages Dactylology and Ten First Numbers - Labeled images and videos. From person #1 to #5/persona_3/Ciclo_1_5_Derecha/Ciclo_1_5_Derecha_b.mp4,Ciclo_1_5_Derecha_b,pending,,
mendeley_labeled15_P03_30df8f38e32c1748,5s4mt7xrd9.1,P03,b,dactylology,accepted,train,Mexican Sign Languages Dactylology and Ten First Numbers - Labeled images and videos. From person #1 to #5/persona_3/Ciclo_1_5_Izquierda/Ciclo_1_5_Izquierda_b.mp4,Ciclo_1_5_Izquierda_b,pending,,
mendeley_labeled15_P03_9874e6a3446de146,5s4mt7xrd9.1,P03,b,dactylology,accepted,train,Mexican Sign Languages Dactylology and Ten First Numbers - Labeled images and videos. From person #1 to #5/persona_3/Ciclo_2_5_Derecha/Ciclo_2_5_Derecha_b.mp4,Ciclo_2_5_Derecha_b,pending,,
mendeley_labeled15_P03_b246b307875b8904,5s4mt7xrd9.1,P03,b,dactylology,accepted,train,Mexican Sign Languages Dactylology and Ten First Numbers - Labeled images and videos. From person #1 to #5/persona_3/Ciclo_2_5_Izquierda/Ciclo_2_5_Izquierda_b.mp4,Ciclo_2_5_Izquierda_b,pending,,
mendeley_labeled15_P03_09979ed23d1765a9,5s4mt7xrd9.1,P03,b,dactylology,accepted,train,Mexican Sign Languages Dactylology and Ten First Numbers - Labeled images and videos. From person #1 to #5/persona_3/Ciclo_3_5_Derecha/Ciclo_3_5_Derecha_b.mp4,Ciclo_3_5_Derecha_b,pending,,
mendeley_labeled15_P03_a868da8683c6bb81,5s4mt7xrd9.1,P03,b,dactylology,accepted,train,Mexican Sign Languages Dactylology and Ten First Numbers - Labeled images and videos. From person #1 to #5/persona_3/Ciclo_3_5_Izquierda/Ciclo_3_5_Izquierda_b.mp4,Ciclo_3_5_Izquierda_b,pending,,
mendeley_labeled15_P03_49bf653418749cc3,5s4mt7xrd9.1,P03,b,dactylology,accepted,train,Mexican Sign Languages Dactylology and Ten First Numbers - Labeled images and videos. From person #1 to #5/persona_3/Ciclo_4_5_Derecha/Ciclo_4_5_Derecha_b.mp4,Ciclo_4_5_Derecha_b,pending,,
mendeley_labeled15_P03_25a51899f4766679,5s4mt7xrd9.1,P03,b,dactylology,accepted,train,Mexican Sign Languages Dactylology and Ten First Numbers - Labeled images and videos. From person #1 to #5/persona_3/Ciclo_4_5_Izquierda/Ciclo_4_5_Izquierda_b.mp4,Ciclo_4_5_Izquierda_b,pending,,
mendeley_labeled15_P03_f4afcc883ce592ef,5s4mt7xrd9.1,P03,b,dactylology,accepted,train,Mexican Sign Languages Dactylology and Ten First Numbers - Labeled images and videos. From person #1 to #5/persona_3/Ciclo_5_5_Derecha/Ciclo_5_5_Derecha_b.mp4,Ciclo_5_5_Derecha_b,pending,,
mendeley_labeled15_P03_046a590d9c21ed6f,5s4mt7xrd9.1,P03,b,dactylology,accepted,train,Mexican Sign Languages Dactylology and Ten First Numbers - Labeled images and videos. From person #1 to #5/persona_3/Ciclo_5_5_Izquierda/Ciclo_5_5_Izquierda_b.mp4,Ciclo_5_5_Izquierda_b,pending,,
mendeley_labeled15_P03_cdb791721b0ee944,5s4mt7xrd9.1,P03,c,dactylology,accepted,train,Mexican Sign Languages Dactylology and Ten First Numbers - Labeled images and videos. From person #1 to #5/persona_3/Ciclo_1_5_Derecha/Ciclo_1_5_Derecha_c.mp4,Ciclo_1_5_Derecha_c,pending,,
mendeley_labeled15_P03_dddfd8d7157d185e,5s4mt7xrd9.1,P03,c,dactylology,accepted,train,Mexican Sign Languages Dactylology and Ten First Numbers - Labeled images and videos. From person #1 to #5/persona_3/Ciclo_1_5_Izquierda/Ciclo_1_5_Izquierda_c.mp4,Ciclo_1_5_Izquierda_c,pending,,
mendeley_labeled15_P03_2ab7f37aab80af74,5s4mt7xrd9.1,P03,c,dactylology,accepted,train,Mexican Sign Languages Dactylology and Ten First Numbers - Labeled images and videos. From person #1 to #5/persona_3/Ciclo_2_5_Derecha/Ciclo_2_5_Derecha_c.mp4,Ciclo_2_5_Derecha_c,pending,,
mendeley_labeled15_P03_1faf6682a1b4a31f,5s4mt7xrd9.1,P03,c,dactylology,accepted,train,Mexican Sign Languages Dactylology and Ten First Numbers - Labeled images and videos. From person #1 to #5/persona_3/Ciclo_2_5_Izquierda/Ciclo_2_5_Izquierda_c.mp4,Ciclo_2_5_Izquierda_c,pending,,
mendeley_labeled15_P03_f780add0d00b26b1,5s4mt7xrd9.1,P03,c,dactylology,accepted,train,Mexican Sign Languages Dactylology and Ten First Numbers - Labeled images and videos. From person #1 to #5/persona_3/Ciclo_3_5_Derecha/Ciclo_3_5_Derecha_c.mp4,Ciclo_3_5_Derecha_c,pending,,
mendeley_labeled15_P03_869287a7493cb6d1,5s4mt7xrd9.1,P03,c,dactylology,accepted,train,Mexican Sign Languages Dactylology and Ten First Numbers - Labeled images and videos. From person #1 to #5/persona_3/Ciclo_3_5_Izquierda/Ciclo_3_5_Izquierda_c.mp4,Ciclo_3_5_Izquierda_c,pending,,
mendeley_labeled15_P03_8fb6e1c727dc917e,5s4mt7xrd9.1,P03,c,dactylology,accepted,train,Mexican Sign Languages Dactylology and Ten First Numbers - Labeled images and videos. From person #1 to #5/persona_3/Ciclo_4_5_Derecha/Ciclo_4_5_Derecha_c.mp4,Ciclo_4_5_Derecha_c,pending,,
mendeley_labeled15_P03_80af385bc1fcfca3,5s4mt7xrd9.1,P03,c,dactylology,accepted,train,Mexican Sign Languages Dactylology and Ten First Numbers - Labeled images and videos. From person #1 to #5/persona_3/Ciclo_4_5_Izquierda/Ciclo_4_5_Izquierda_c.mp4,Ciclo_4_5_Izquierda_c,pending,,
mendeley_labeled15_P03_fab3d055ccb07e73,5s4mt7xrd9.1,P03,c,dactylology,accepted,train,Mexican Sign Languages Dactylology and Ten First Numbers - Labeled images and videos. From person #1 to #5/persona_3/Ciclo_5_5_Derecha/Ciclo_5_5_Derecha_c.mp4,Ciclo_5_5_Derecha_c,pending,,
mendeley_labeled15_P03_81a0604acbe8819e,5s4mt7xrd9.1,P03,c,dactylology,accepted,train,Mexican Sign Languages Dactylology and Ten First Numbers - Labeled images and videos. From person #1 to #5/persona_3/Ciclo_5_5_Izquierda/Ciclo_5_5_Izquierda_c.mp4,Ciclo_5_5_Izquierda_c,pending,,
mendeley_labeled15_P03_3258838e7e0c35c7,5s4mt7xrd9.1,P03,d,dactylology,accepted,train,Mexican Sign Languages Dactylology and Ten First Numbers - Labeled images and videos. From person #1 to #5/persona_3/Ciclo_1_5_Derecha/Ciclo_1_5_Derecha_d.mp4,Ciclo_1_5_Derecha_d,pending,,
mendeley_labeled15_P03_acd5e4241d946398,5s4mt7xrd9.1,P03,d,dactylology,accepted,train,Mexican Sign Languages Dactylology and Ten First Numbers - Labeled images and videos. From person #1 to #5/persona_3/Ciclo_1_5_Izquierda/Ciclo_1_5_Izquierda_d.mp4,Ciclo_1_5_Izquierda_d,pending,,
mendeley_labeled15_P03_4030e56af054b60f,5s4mt7xrd9.1,P03,d,dactylology,accepted,train,Mexican Sign Languages Dactylology and Ten First Numbers - Labeled images and videos. From person #1 to #5/persona_3/Ciclo_2_5_Derecha/Ciclo_2_5_Derecha_d.mp4,Ciclo_2_5_Derecha_d,pending,,
mendeley_labeled15_P03_2f4b0cdd054f1854,5s4mt7xrd9.1,P03,d,dactylology,accepted,train,Mexican Sign Languages Dactylology and Ten First Numbers - Labeled images and videos. From person #1 to #5/persona_3/Ciclo_2_5_Izquierda/Ciclo_2_5_Izquierda_d.mp4,Ciclo_2_5_Izquierda_d,pending,,
mendeley_labeled15_P03_f9c5f63975a0b89d,5s4mt7xrd9.1,P03,d,dactylology,accepted,train,Mexican Sign Languages Dactylology and Ten First Numbers - Labeled images and videos. From person #1 to #5/persona_3/Ciclo_3_5_Derecha/Ciclo_3_5_Derecha_d.mp4,Ciclo_3_5_Derecha_d,pending,,
mendeley_labeled15_P03_8142611434debda0,5s4mt7xrd9.1,P03,d,dactylology,accepted,train,Mexican Sign Languages Dactylology and Ten First Numbers - Labeled images and videos. From person #1 to #5/persona_3/Ciclo_3_5_Izquierda/Ciclo_3_5_Izquierda_d.mp4,Ciclo_3_5_Izquierda_d,pending,,
mendeley_labeled15_P03_a15f4aa565b5b9b0,5s4mt7xrd9.1,P03,d,dactylology,accepted,train,Mexican Sign Languages Dactylology and Ten First Numbers - Labeled images and videos. From person #1 to #5/persona_3/Ciclo_4_5_Derecha/Ciclo_4_5_Derecha_d.mp4,Ciclo_4_5_Derecha_d,pending,,
mendeley_labeled15_P03_e5bd97945b329774,5s4mt7xrd9.1,P03,d,dactylology,accepted,train,Mexican Sign Languages Dactylology and Ten First Numbers - Labeled images and videos. From person #1 to #5/persona_3/Ciclo_4_5_Izquierda/Ciclo_4_5_Izquierda_d.mp4,Ciclo_4_5_Izquierda_d,pending,,
mendeley_labeled15_P03_8c9c1ea00ae2d914,5s4mt7xrd9.1,P03,d,dactylology,accepted,train,Mexican Sign Languages Dactylology and Ten First Numbers - Labeled images and videos. From person #1 to #5/persona_3/Ciclo_5_5_Derecha/Ciclo_5_5_Derecha_d.mp4,Ciclo_5_5_Derecha_d,pending,,
mendeley_labeled15_P03_ab87faffbf5cb9f7,5s4mt7xrd9.1,P03,d,dactylology,accepted,train,Mexican Sign Languages Dactylology and Ten First Numbers - Labeled images and videos. From person #1 to #5/persona_3/Ciclo_5_5_Izquierda/Ciclo_5_5_Izquierda_d.mp4,Ciclo_5_5_Izquierda_d,pending,,
mendeley_labeled15_P03_497f61f79b75daf2,5s4mt7xrd9.1,P03,e,dactylology,accepted,train,Mexican Sign Languages Dactylology and Ten First Numbers - Labeled images and videos. From person #1 to #5/persona_3/Ciclo_1_5_Derecha/Ciclo_1_5_Derecha_e.mp4,Ciclo_1_5_Derecha_e,pending,,
mendeley_labeled15_P03_5335dde05e0f28b4,5s4mt7xrd9.1,P03,e,dactylology,accepted,train,Mexican Sign Languages Dactylology and Ten First Numbers - Labeled images and videos. From person #1 to #5/persona_3/Ciclo_1_5_Izquierda/Ciclo_1_5_Izquierda_e.mp4,Ciclo_1_5_Izquierda_e,pending,,
mendeley_labeled15_P03_4172692e3fae2eb6,5s4mt7xrd9.1,P03,e,dactylology,accepted,train,Mexican Sign Languages Dactylology and Ten First Numbers - Labeled images and videos. From person #1 to #5/persona_3/Ciclo_2_5_Derecha/Ciclo_2_5_Derecha_e.mp4,Ciclo_2_5_Derecha_e,pending,,
mendeley_labeled15_P03_e0135d2af31784bb,5s4mt7xrd9.1,P03,e,dactylology,accepted,train,Mexican Sign Languages Dactylology and Ten First Numbers - Labeled images and videos. From person #1 to #5/persona_3/Ciclo_2_5_Izquierda/Ciclo_2_5_Izquierda_e.mp4,Ciclo_2_5_Izquierda_e,pending,,
mendeley_labeled15_P03_72fd9d90847a07ce,5s4mt7xrd9.1,P03,e,dactylology,accepted,train,Mexican Sign Languages Dactylology and Ten First Numbers - Labeled images and videos. From person #1 to #5/persona_3/Ciclo_3_5_Derecha/Ciclo_3_5_Derecha_e.mp4,Ciclo_3_5_Derecha_e,pending,,
mendeley_labeled15_P03_b34ba89a074edef0,5s4mt7xrd9.1,P03,e,dactylology,accepted,train,Mexican Sign Languages Dactylology and Ten First Numbers - Labeled images and videos. From person #1 to #5/persona_3/Ciclo_3_5_Izquierda/Ciclo_3_5_Izquierda_e.mp4,Ciclo_3_5_Izquierda_e,pending,,
mendeley_labeled15_P03_9cfb5d0871732dfb,5s4mt7xrd9.1,P03,e,dactylology,accepted,train,Mexican Sign Languages Dactylology and Ten First Numbers - Labeled images and videos. From person #1 to #5/persona_3/Ciclo_4_5_Derecha/Ciclo_4_5_Derecha_e.mp4,Ciclo_4_5_Derecha_e,pending,,
mendeley_labeled15_P03_af97a00de21dac36,5s4mt7xrd9.1,P03,e,dactylology,accepted,train,Mexican Sign Languages Dactylology and Ten First Numbers - Labeled images and videos. From person #1 to #5/persona_3/Ciclo_4_5_Izquierda/Ciclo_4_5_Izquierda_e.mp4,Ciclo_4_5_Izquierda_e,pending,,
mendeley_labeled15_P03_4bd05620c99e5c8c,5s4mt7xrd9.1,P03,e,dactylology,accepted,train,Mexican Sign Languages Dactylology and Ten First Numbers - Labeled images and videos. From person #1 to #5/persona_3/Ciclo_5_5_Derecha/Ciclo_5_5_Derecha_e.mp4,Ciclo_5_5_Derecha_e,pending,,
mendeley_labeled15_P03_5331312858dedfc1,5s4mt7xrd9.1,P03,e,dactylology,accepted,train,Mexican Sign Languages Dactylology and Ten First Numbers - Labeled images and videos. From person #1 to #5/persona_3/Ciclo_5_5_Izquierda/Ciclo_5_5_Izquierda_e.mp4,Ciclo_5_5_Izquierda_e,pending,,
mendeley_labeled15_P03_13c2712a935755fa,5s4mt7xrd9.1,P03,f,dactylology,accepted,train,Mexican Sign Languages Dactylology and Ten First Numbers - Labeled images and videos. From person #1 to #5/persona_3/Ciclo_1_5_Derecha/Ciclo_1_5_Derecha_f.mp4,Ciclo_1_5_Derecha_f,pending,,
mendeley_labeled15_P03_4129255853644af0,5s4mt7xrd9.1,P03,f,dactylology,accepted,train,Mexican Sign Languages Dactylology and Ten First Numbers - Labeled images and videos. From person #1 to #5/persona_3/Ciclo_1_5_Izquierda/Ciclo_1_5_Izquierda_f.mp4,Ciclo_1_5_Izquierda_f,pending,,
mendeley_labeled15_P03_3fb8607fb6165169,5s4mt7xrd9.1,P03,f,dactylology,accepted,train,Mexican Sign Languages Dactylology and Ten First Numbers - Labeled images and videos. From person #1 to #5/persona_3/Ciclo_2_5_Derecha/Ciclo_2_5_Derecha_f.mp4,Ciclo_2_5_Derecha_f,pending,,
mendeley_labeled15_P03_d15c87f264f5c76e,5s4mt7xrd9.1,P03,f,dactylology,accepted,train,Mexican Sign Languages Dactylology and Ten First Numbers - Labeled images and videos. From person #1 to #5/persona_3/Ciclo_2_5_Izquierda/Ciclo_2_5_Izquierda_f.mp4,Ciclo_2_5_Izquierda_f,pending,,
mendeley_labeled15_P03_163d36ee329f9b00,5s4mt7xrd9.1,P03,f,dactylology,accepted,train,Mexican Sign Languages Dactylology and Ten First Numbers - Labeled images and videos. From person #1 to #5/persona_3/Ciclo_3_5_Derecha/Ciclo_3_5_Derecha_f.mp4,Ciclo_3_5_Derecha_f,pending,,
mendeley_labeled15_P03_c489d0d827b3321e,5s4mt7xrd9.1,P03,f,dactylology,accepted,train,Mexican Sign Languages Dactylology and Ten First Numbers - Labeled images and videos. From person #1 to #5/persona_3/Ciclo_3_5_Izquierda/Ciclo_3_5_Izquierda_f.mp4,Ciclo_3_5_Izquierda_f,pending,,
mendeley_labeled15_P03_0557c94aa34d979c,5s4mt7xrd9.1,P03,f,dactylology,accepted,train,Mexican Sign Languages Dactylology and Ten First Numbers - Labeled images and videos. From person #1 to #5/persona_3/Ciclo_4_5_Derecha/Ciclo_4_5_Derecha_f.mp4,Ciclo_4_5_Derecha_f,pending,,
mendeley_labeled15_P03_98d3c65788c4b115,5s4mt7xrd9.1,P03,f,dactylology,accepted,train,Mexican Sign Languages Dactylology and Ten First Numbers - Labeled images and videos. From person #1 to #5/persona_3/Ciclo_4_5_Izquierda/Ciclo_4_5_Izquierda_f.mp4,Ciclo_4_5_Izquierda_f,pending,,
mendeley_labeled15_P03_dd65c225e2802be9,5s4mt7xrd9.1,P03,f,dactylology,accepted,train,Mexican Sign Languages Dactylology and Ten First Numbers - Labeled images and videos. From person #1 to #5/persona_3/Ciclo_5_5_Derecha/Ciclo_5_5_Derecha_f.mp4,Ciclo_5_5_Derecha_f,pending,,
mendeley_labeled15_P03_343488b6cdd3a63c,5s4mt7xrd9.1,P03,f,dactylology,accepted,train,Mexican Sign Languages Dactylology and Ten First Numbers - Labeled images and videos. From person #1 to #5/persona_3/Ciclo_5_5_Izquierda/Ciclo_5_5_Izquierda_f.mp4,Ciclo_5_5_Izquierda_f,pending,,
mendeley_labeled15_P03_2037a4eedc6d2435,5s4mt7xrd9.1,P03,g,dactylology,accepted,train,Mexican Sign Languages Dactylology and Ten First Numbers - Labeled images and videos. From person #1 to #5/persona_3/Ciclo_1_5_Derecha/Ciclo_1_5_Derecha_g.mp4,Ciclo_1_5_Derecha_g,pending,,
mendeley_labeled15_P03_8512295a0cca5255,5s4mt7xrd9.1,P03,g,dactylology,accepted,train,Mexican Sign Languages Dactylology and Ten First Numbers - Labeled images and videos. From person #1 to #5/persona_3/Ciclo_1_5_Izquierda/Ciclo_1_5_Izquierda_g.mp4,Ciclo_1_5_Izquierda_g,pending,,
mendeley_labeled15_P03_f5f0518b00f9ff56,5s4mt7xrd9.1,P03,g,dactylology,accepted,train,Mexican Sign Languages Dactylology and Ten First Numbers - Labeled images and videos. From person #1 to #5/persona_3/Ciclo_2_5_Derecha/Ciclo_2_5_Derecha_g.mp4,Ciclo_2_5_Derecha_g,pending,,
mendeley_labeled15_P03_02d43bd35ede4bff,5s4mt7xrd9.1,P03,g,dactylology,accepted,train,Mexican Sign Languages Dactylology and Ten First Numbers - Labeled images and videos. From person #1 to #5/persona_3/Ciclo_2_5_Izquierda/Ciclo_2_5_Izquierda_g.mp4,Ciclo_2_5_Izquierda_g,pending,,
mendeley_labeled15_P03_8ff7f70a01efc57f,5s4mt7xrd9.1,P03,g,dactylology,accepted,train,Mexican Sign Languages Dactylology and Ten First Numbers - Labeled images and videos. From person #1 to #5/persona_3/Ciclo_3_5_Derecha/Ciclo_3_5_Derecha_g.mp4,Ciclo_3_5_Derecha_g,pending,,
mendeley_labeled15_P03_5998f74cd5ed6612,5s4mt7xrd9.1,P03,g,dactylology,accepted,train,Mexican Sign Languages Dactylology and Ten First Numbers - Labeled images and videos. From person #1 to #5/persona_3/Ciclo_3_5_Izquierda/Ciclo_3_5_Izquierda_g.mp4,Ciclo_3_5_Izquierda_g,pending,,
mendeley_labeled15_P03_d54b18b4441401d8,5s4mt7xrd9.1,P03,g,dactylology,accepted,train,Mexican Sign Languages Dactylology and Ten First Numbers - Labeled images and videos. From person #1 to #5/persona_3/Ciclo_4_5_Derecha/Ciclo_4_5_Derecha_g.mp4,Ciclo_4_5_Derecha_g,pending,,
mendeley_labeled15_P03_5c680688b5788c73,5s4mt7xrd9.1,P03,g,dactylology,accepted,train,Mexican Sign Languages Dactylology and Ten First Numbers - Labeled images and videos. From person #1 to #5/persona_3/Ciclo_4_5_Izquierda/Ciclo_4_5_Izquierda_g.mp4,Ciclo_4_5_Izquierda_g,pending,,
mendeley_labeled15_P03_b074ef3766c0a592,5s4mt7xrd9.1,P03,g,dactylology,accepted,train,Mexican Sign Languages Dactylology and Ten First Numbers - Labeled images and videos. From person #1 to #5/persona_3/Ciclo_5_5_Derecha/Ciclo_5_5_Derecha_g.mp4,Ciclo_5_5_Derecha_g,pending,,
mendeley_labeled15_P03_8487ec27cece9d79,5s4mt7xrd9.1,P03,g,dactylology,accepted,train,Mexican Sign Languages Dactylology and Ten First Numbers - Labeled images and videos. From person #1 to #5/persona_3/Ciclo_5_5_Izquierda/Ciclo_5_5_Izquierda_g.mp4,Ciclo_5_5_Izquierda_g,pending,,
mendeley_labeled15_P03_64852726c1b9021a,5s4mt7xrd9.1,P03,h,dactylology,accepted,train,Mexican Sign Languages Dactylology and Ten First Numbers - Labeled images and videos. From person #1 to #5/persona_3/Ciclo_1_5_Derecha/Ciclo_1_5_Derecha_h.mp4,Ciclo_1_5_Derecha_h,pending,,
mendeley_labeled15_P03_bdb9791f9c245e7b,5s4mt7xrd9.1,P03,h,dactylology,accepted,train,Mexican Sign Languages Dactylology and Ten First Numbers - Labeled images and videos. From person #1 to #5/persona_3/Ciclo_1_5_Izquierda/Ciclo_1_5_Izquierda_h.mp4,Ciclo_1_5_Izquierda_h,pending,,
mendeley_labeled15_P03_a20d827fa78c7816,5s4mt7xrd9.1,P03,h,dactylology,accepted,train,Mexican Sign Languages Dactylology and Ten First Numbers - Labeled images and videos. From person #1 to #5/persona_3/Ciclo_2_5_Derecha/Ciclo_2_5_Derecha_h.mp4,Ciclo_2_5_Derecha_h,pending,,
mendeley_labeled15_P03_cbfd36c16f5333a6,5s4mt7xrd9.1,P03,h,dactylology,accepted,train,Mexican Sign Languages Dactylology and Ten First Numbers - Labeled images and videos. From person #1 to #5/persona_3/Ciclo_2_5_Izquierda/Ciclo_2_5_Izquierda_h.mp4,Ciclo_2_5_Izquierda_h,pending,,
mendeley_labeled15_P03_e37445d127c3ff01,5s4mt7xrd9.1,P03,h,dactylology,accepted,train,Mexican Sign Languages Dactylology and Ten First Numbers - Labeled images and videos. From person #1 to #5/persona_3/Ciclo_3_5_Derecha/Ciclo_3_5_Derecha_h.mp4,Ciclo_3_5_Derecha_h,pending,,
mendeley_labeled15_P03_b32a61422da5ae0b,5s4mt7xrd9.1,P03,h,dactylology,accepted,train,Mexican Sign Languages Dactylology and Ten First Numbers - Labeled images and videos. From person #1 to #5/persona_3/Ciclo_3_5_Izquierda/Ciclo_3_5_Izquierda_h.mp4,Ciclo_3_5_Izquierda_h,pending,,
mendeley_labeled15_P03_653da9a91a0a01dd,5s4mt7xrd9.1,P03,h,dactylology,accepted,train,Mexican Sign Languages Dactylology and Ten First Numbers - Labeled images and videos. From person #1 to #5/persona_3/Ciclo_4_5_Derecha/Ciclo_4_5_Derecha_h.mp4,Ciclo_4_5_Derecha_h,pending,,
mendeley_labeled15_P03_4b8315556e605ec6,5s4mt7xrd9.1,P03,h,dactylology,accepted,train,Mexican Sign Languages Dactylology and Ten First Numbers - Labeled images and videos. From person #1 to #5/persona_3/Ciclo_4_5_Izquierda/Ciclo_4_5_Izquierda_h.mp4,Ciclo_4_5_Izquierda_h,pending,,
mendeley_labeled15_P03_686c45a16c3c4c55,5s4mt7xrd9.1,P03,h,dactylology,accepted,train,Mexican Sign Languages Dactylology and Ten First Numbers - Labeled images and videos. From person #1 to #5/persona_3/Ciclo_5_5_Derecha/Ciclo_5_5_Derecha_h.mp4,Ciclo_5_5_Derecha_h,pending,,
mendeley_labeled15_P03_d996e12281aa3f03,5s4mt7xrd9.1,P03,h,dactylology,accepted,train,Mexican Sign Languages Dactylology and Ten First Numbers - Labeled images and videos. From person #1 to #5/persona_3/Ciclo_5_5_Izquierda/Ciclo_5_5_Izquierda_h.mp4,Ciclo_5_5_Izquierda_h,pending,,
mendeley_labeled15_P03_36701b07f5559be7,5s4mt7xrd9.1,P03,i,dactylology,accepted,train,Mexican Sign Languages Dactylology and Ten First Numbers - Labeled images and videos. From person #1 to #5/persona_3/Ciclo_1_5_Derecha/Ciclo_1_5_Derecha_i.mp4,Ciclo_1_5_Derecha_i,pending,,
mendeley_labeled15_P03_6648aa10d227c9c1,5s4mt7xrd9.1,P03,i,dactylology,accepted,train,Mexican Sign Languages Dactylology and Ten First Numbers - Labeled images and videos. From person #1 to #5/persona_3/Ciclo_1_5_Izquierda/Ciclo_1_5_Izquierda_i.mp4,Ciclo_1_5_Izquierda_i,pending,,
mendeley_labeled15_P03_49adb25d1dba5114,5s4mt7xrd9.1,P03,i,dactylology,accepted,train,Mexican Sign Languages Dactylology and Ten First Numbers - Labeled images and videos. From person #1 to #5/persona_3/Ciclo_2_5_Derecha/Ciclo_2_5_Derecha_i.mp4,Ciclo_2_5_Derecha_i,pending,,
mendeley_labeled15_P03_d40b3ee8ae0e783e,5s4mt7xrd9.1,P03,i,dactylology,accepted,train,Mexican Sign Languages Dactylology and Ten First Numbers - Labeled images and videos. From person #1 to #5/persona_3/Ciclo_2_5_Izquierda/Ciclo_2_5_Izquierda_i.mp4,Ciclo_2_5_Izquierda_i,pending,,
mendeley_labeled15_P03_8697d680c5ad196f,5s4mt7xrd9.1,P03,i,dactylology,accepted,train,Mexican Sign Languages Dactylology and Ten First Numbers - Labeled images and videos. From person #1 to #5/persona_3/Ciclo_3_5_Derecha/Ciclo_3_5_Derecha_i.mp4,Ciclo_3_5_Derecha_i,pending,,
mendeley_labeled15_P03_e5348a0a26b34bb3,5s4mt7xrd9.1,P03,i,dactylology,accepted,train,Mexican Sign Languages Dactylology and Ten First Numbers - Labeled images and videos. From person #1 to #5/persona_3/Ciclo_3_5_Izquierda/Ciclo_3_5_Izquierda_i.mp4,Ciclo_3_5_Izquierda_i,pending,,
mendeley_labeled15_P03_d70ef5c21f4358af,5s4mt7xrd9.1,P03,i,dactylology,accepted,train,Mexican Sign Languages Dactylology and Ten First Numbers - Labeled images and videos. From person #1 to #5/persona_3/Ciclo_4_5_Derecha/Ciclo_4_5_Derecha_i.mp4,Ciclo_4_5_Derecha_i,pending,,
mendeley_labeled15_P03_e7641b72741b66a8,5s4mt7xrd9.1,P03,i,dactylology,accepted,train,Mexican Sign Languages Dactylology and Ten First Numbers - Labeled images and videos. From person #1 to #5/persona_3/Ciclo_4_5_Izquierda/Ciclo_4_5_Izquierda_i.mp4,Ciclo_4_5_Izquierda_i,pending,,
mendeley_labeled15_P03_0d35d7c6801ee9e5,5s4mt7xrd9.1,P03,i,dactylology,accepted,train,Mexican Sign Languages Dactylology and Ten First Numbers - Labeled images and videos. From person #1 to #5/persona_3/Ciclo_5_5_Derecha/Ciclo_5_5_Derecha_i.mp4,Ciclo_5_5_Derecha_i,pending,,
mendeley_labeled15_P03_b431b3c3498f2a88,5s4mt7xrd9.1,P03,i,dactylology,accepted,train,Mexican Sign Languages Dactylology and Ten First Numbers - Labeled images and videos. From person #1 to #5/persona_3/Ciclo_5_5_Izquierda/Ciclo_5_5_Izquierda_i.mp4,Ciclo_5_5_Izquierda_i,pending,,
mendeley_labeled15_P03_b260f830e1dfb18a,5s4mt7xrd9.1,P03,j,dactylology,accepted,train,Mexican Sign Languages Dactylology and Ten First Numbers - Labeled images and videos. From person #1 to #5/persona_3/Ciclo_1_5_Derecha/Ciclo_1_5_Derecha_j.mp4,Ciclo_1_5_Derecha_j,pending,,
mendeley_labeled15_P03_2a29831d43f26744,5s4mt7xrd9.1,P03,j,dactylology,accepted,train,Mexican Sign Languages Dactylology and Ten First Numbers - Labeled images and videos. From person #1 to #5/persona_3/Ciclo_1_5_Izquierda/Ciclo_1_5_Izquierda_j.mp4,Ciclo_1_5_Izquierda_j,pending,,
mendeley_labeled15_P03_aeaf877c49e9861d,5s4mt7xrd9.1,P03,j,dactylology,accepted,train,Mexican Sign Languages Dactylology and Ten First Numbers - Labeled images and videos. From person #1 to #5/persona_3/Ciclo_2_5_Derecha/Ciclo_2_5_Derecha_j.mp4,Ciclo_2_5_Derecha_j,pending,,
mendeley_labeled15_P03_56d164db747be210,5s4mt7xrd9.1,P03,j,dactylology,accepted,train,Mexican Sign Languages Dactylology and Ten First Numbers - Labeled images and videos. From person #1 to #5/persona_3/Ciclo_2_5_Izquierda/Ciclo_2_5_Izquierda_j.mp4,Ciclo_2_5_Izquierda_j,pending,,
mendeley_labeled15_P03_b7c0ae5b6cdbfaa9,5s4mt7xrd9.1,P03,j,dactylology,accepted,train,Mexican Sign Languages Dactylology and Ten First Numbers - Labeled images and videos. From person #1 to #5/persona_3/Ciclo_3_5_Derecha/Ciclo_3_5_Derecha_j.mp4,Ciclo_3_5_Derecha_j,pending,,
mendeley_labeled15_P03_80e7264a89ce091c,5s4mt7xrd9.1,P03,j,dactylology,accepted,train,Mexican Sign Languages Dactylology and Ten First Numbers - Labeled images and videos. From person #1 to #5/persona_3/Ciclo_3_5_Izquierda/Ciclo_3_5_Izquierda_j.mp4,Ciclo_3_5_Izquierda_j,pending,,
mendeley_labeled15_P03_33d1f44be0ad5661,5s4mt7xrd9.1,P03,j,dactylology,accepted,train,Mexican Sign Languages Dactylology and Ten First Numbers - Labeled images and videos. From person #1 to #5/persona_3/Ciclo_4_5_Derecha/Ciclo_4_5_Derecha_j.mp4,Ciclo_4_5_Derecha_j,pending,,
mendeley_labeled15_P03_c39ab4f393653101,5s4mt7xrd9.1,P03,j,dactylology,accepted,train,Mexican Sign Languages Dactylology and Ten First Numbers - Labeled images and videos. From person #1 to #5/persona_3/Ciclo_4_5_Izquierda/Ciclo_4_5_Izquierda_j.mp4,Ciclo_4_5_Izquierda_j,pending,,
mendeley_labeled15_P03_58ae982926d18819,5s4mt7xrd9.1,P03,j,dactylology,accepted,train,Mexican Sign Languages Dactylology and Ten First Numbers - Labeled images and videos. From person #1 to #5/persona_3/Ciclo_5_5_Derecha/Ciclo_5_5_Derecha_j.mp4,Ciclo_5_5_Derecha_j,pending,,
mendeley_labeled15_P03_91b899f322416835,5s4mt7xrd9.1,P03,j,dactylology,accepted,train,Mexican Sign Languages Dactylology and Ten First Numbers - Labeled images and videos. From person #1 to #5/persona_3/Ciclo_5_5_Izquierda/Ciclo_5_5_Izquierda_j.mp4,Ciclo_5_5_Izquierda_j,pending,,
mendeley_labeled15_P03_0b5cd9bf498a841f,5s4mt7xrd9.1,P03,k,dactylology,accepted,train,Mexican Sign Languages Dactylology and Ten First Numbers - Labeled images and videos. From person #1 to #5/persona_3/Ciclo_1_5_Derecha/Ciclo_1_5_Derecha_k.mp4,Ciclo_1_5_Derecha_k,pending,,
mendeley_labeled15_P03_ff4450d8cfa77ab5,5s4mt7xrd9.1,P03,k,dactylology,accepted,train,Mexican Sign Languages Dactylology and Ten First Numbers - Labeled images and videos. From person #1 to #5/persona_3/Ciclo_1_5_Izquierda/Ciclo_1_5_Izquierda_k.mp4,Ciclo_1_5_Izquierda_k,pending,,
mendeley_labeled15_P03_46fb91cb1e99cfcc,5s4mt7xrd9.1,P03,k,dactylology,accepted,train,Mexican Sign Languages Dactylology and Ten First Numbers - Labeled images and videos. From person #1 to #5/persona_3/Ciclo_2_5_Derecha/Ciclo_2_5_Derecha_k.mp4,Ciclo_2_5_Derecha_k,pending,,
mendeley_labeled15_P03_7e13f190fe56c681,5s4mt7xrd9.1,P03,k,dactylology,accepted,train,Mexican Sign Languages Dactylology and Ten First Numbers - Labeled images and videos. From person #1 to #5/persona_3/Ciclo_2_5_Izquierda/Ciclo_2_5_Izquierda_k.mp4,Ciclo_2_5_Izquierda_k,pending,,
mendeley_labeled15_P03_3c1f6159b7b15aee,5s4mt7xrd9.1,P03,k,dactylology,accepted,train,Mexican Sign Languages Dactylology and Ten First Numbers - Labeled images and videos. From person #1 to #5/persona_3/Ciclo_3_5_Derecha/Ciclo_3_5_Derecha_k.mp4,Ciclo_3_5_Derecha_k,pending,,
mendeley_labeled15_P03_3b180a20830ecd43,5s4mt7xrd9.1,P03,k,dactylology,accepted,train,Mexican Sign Languages Dactylology and Ten First Numbers - Labeled images and videos. From person #1 to #5/persona_3/Ciclo_3_5_Izquierda/Ciclo_3_5_Izquierda_k.mp4,Ciclo_3_5_Izquierda_k,pending,,
mendeley_labeled15_P03_25923d0453115f22,5s4mt7xrd9.1,P03,k,dactylology,accepted,train,Mexican Sign Languages Dactylology and Ten First Numbers - Labeled images and videos. From person #1 to #5/persona_3/Ciclo_4_5_Derecha/Ciclo_4_5_Derecha_k.mp4,Ciclo_4_5_Derecha_k,pending,,
mendeley_labeled15_P03_5c8d6cb7a8dbb92d,5s4mt7xrd9.1,P03,k,dactylology,accepted,train,Mexican Sign Languages Dactylology and Ten First Numbers - Labeled images and videos. From person #1 to #5/persona_3/Ciclo_4_5_Izquierda/Ciclo_4_5_Izquierda_k.mp4,Ciclo_4_5_Izquierda_k,pending,,
mendeley_labeled15_P03_eba0d74c3a3f1607,5s4mt7xrd9.1,P03,k,dactylology,accepted,train,Mexican Sign Languages Dactylology and Ten First Numbers - Labeled images and videos. From person #1 to #5/persona_3/Ciclo_5_5_Derecha/Ciclo_5_5_Derecha_k.mp4,Ciclo_5_5_Derecha_k,pending,,
mendeley_labeled15_P03_79be60139ed73c44,5s4mt7xrd9.1,P03,k,dactylology,accepted,train,Mexican Sign Languages Dactylology and Ten First Numbers - Labeled images and videos. From person #1 to #5/persona_3/Ciclo_5_5_Izquierda/Ciclo_5_5_Izquierda_k.mp4,Ciclo_5_5_Izquierda_k,pending,,
mendeley_labeled15_P03_2a9dadaf674b7939,5s4mt7xrd9.1,P03,l,dactylology,accepted,train,Mexican Sign Languages Dactylology and Ten First Numbers - Labeled images and videos. From person #1 to #5/persona_3/Ciclo_1_5_Derecha/Ciclo_1_5_Derecha_l.mp4,Ciclo_1_5_Derecha_l,pending,,
mendeley_labeled15_P03_3991f7b0c58e129f,5s4mt7xrd9.1,P03,l,dactylology,accepted,train,Mexican Sign Languages Dactylology and Ten First Numbers - Labeled images and videos. From person #1 to #5/persona_3/Ciclo_1_5_Izquierda/Ciclo_1_5_Izquierda_l.mp4,Ciclo_1_5_Izquierda_l,pending,,
mendeley_labeled15_P03_7363ec7046ba5aaf,5s4mt7xrd9.1,P03,l,dactylology,accepted,train,Mexican Sign Languages Dactylology and Ten First Numbers - Labeled images and videos. From person #1 to #5/persona_3/Ciclo_2_5_Derecha/Ciclo_2_5_Derecha_l.mp4,Ciclo_2_5_Derecha_l,pending,,
mendeley_labeled15_P03_c3259606ac07177f,5s4mt7xrd9.1,P03,l,dactylology,accepted,train,Mexican Sign Languages Dactylology and Ten First Numbers - Labeled images and videos. From person #1 to #5/persona_3/Ciclo_2_5_Izquierda/Ciclo_2_5_Izquierda_l.mp4,Ciclo_2_5_Izquierda_l,pending,,
mendeley_labeled15_P03_775d7c58141df32d,5s4mt7xrd9.1,P03,l,dactylology,accepted,train,Mexican Sign Languages Dactylology and Ten First Numbers - Labeled images and videos. From person #1 to #5/persona_3/Ciclo_3_5_Derecha/Ciclo_3_5_Derecha_l.mp4,Ciclo_3_5_Derecha_l,pending,,
mendeley_labeled15_P03_12778898763fdb80,5s4mt7xrd9.1,P03,l,dactylology,accepted,train,Mexican Sign Languages Dactylology and Ten First Numbers - Labeled images and videos. From person #1 to #5/persona_3/Ciclo_3_5_Izquierda/Ciclo_3_5_Izquierda_l.mp4,Ciclo_3_5_Izquierda_l,pending,,
mendeley_labeled15_P03_ffdf027f5fa3fe67,5s4mt7xrd9.1,P03,l,dactylology,accepted,train,Mexican Sign Languages Dactylology and Ten First Numbers - Labeled images and videos. From person #1 to #5/persona_3/Ciclo_4_5_Derecha/Ciclo_4_5_Derecha_l.mp4,Ciclo_4_5_Derecha_l,pending,,
mendeley_labeled15_P03_9debbc3d79dac096,5s4mt7xrd9.1,P03,l,dactylology,accepted,train,Mexican Sign Languages Dactylology and Ten First Numbers - Labeled images and videos. From person #1 to #5/persona_3/Ciclo_4_5_Izquierda/Ciclo_4_5_Izquierda_l.mp4,Ciclo_4_5_Izquierda_l,pending,,
mendeley_labeled15_P03_07b00f60c27a5d6b,5s4mt7xrd9.1,P03,l,dactylology,accepted,train,Mexican Sign Languages Dactylology and Ten First Numbers - Labeled images and videos. From person #1 to #5/persona_3/Ciclo_5_5_Derecha/Ciclo_5_5_Derecha_l.mp4,Ciclo_5_5_Derecha_l,pending,,
mendeley_labeled15_P03_c3dadec64411c57d,5s4mt7xrd9.1,P03,l,dactylology,accepted,train,Mexican Sign Languages Dactylology and Ten First Numbers - Labeled images and videos. From person #1 to #5/persona_3/Ciclo_5_5_Izquierda/Ciclo_5_5_Izquierda_l.mp4,Ciclo_5_5_Izquierda_l,pending,,
mendeley_labeled15_P03_4ab865f2153106ce,5s4mt7xrd9.1,P03,ll,dactylology,accepted,train,Mexican Sign Languages Dactylology and Ten First Numbers - Labeled images and videos. From person #1 to #5/persona_3/Ciclo_1_5_Derecha/Ciclo_1_5_Derecha_ll.mp4,Ciclo_1_5_Derecha_ll,pending,,
mendeley_labeled15_P03_3fc3ce1d7dbbf14d,5s4mt7xrd9.1,P03,ll,dactylology,accepted,train,Mexican Sign Languages Dactylology and Ten First Numbers - Labeled images and videos. From person #1 to #5/persona_3/Ciclo_1_5_Izquierda/Ciclo_1_5_Izquierda_ll.mp4,Ciclo_1_5_Izquierda_ll,pending,,
mendeley_labeled15_P03_e07e234e360cae6f,5s4mt7xrd9.1,P03,ll,dactylology,accepted,train,Mexican Sign Languages Dactylology and Ten First Numbers - Labeled images and videos. From person #1 to #5/persona_3/Ciclo_2_5_Derecha/Ciclo_2_5_Derecha_ll.mp4,Ciclo_2_5_Derecha_ll,pending,,
mendeley_labeled15_P03_b432b3de16e4552f,5s4mt7xrd9.1,P03,ll,dactylology,accepted,train,Mexican Sign Languages Dactylology and Ten First Numbers - Labeled images and videos. From person #1 to #5/persona_3/Ciclo_2_5_Izquierda/Ciclo_2_5_Izquierda_ll.mp4,Ciclo_2_5_Izquierda_ll,pending,,
mendeley_labeled15_P03_d16f7825564bf819,5s4mt7xrd9.1,P03,ll,dactylology,accepted,train,Mexican Sign Languages Dactylology and Ten First Numbers - Labeled images and videos. From person #1 to #5/persona_3/Ciclo_3_5_Derecha/Ciclo_3_5_Derecha_ll.mp4,Ciclo_3_5_Derecha_ll,pending,,
mendeley_labeled15_P03_c889d0827df2b9c5,5s4mt7xrd9.1,P03,ll,dactylology,accepted,train,Mexican Sign Languages Dactylology and Ten First Numbers - Labeled images and videos. From person #1 to #5/persona_3/Ciclo_3_5_Izquierda/Ciclo_3_5_Izquierda_ll.mp4,Ciclo_3_5_Izquierda_ll,pending,,
mendeley_labeled15_P03_e0430a7216808e24,5s4mt7xrd9.1,P03,ll,dactylology,accepted,train,Mexican Sign Languages Dactylology and Ten First Numbers - Labeled images and videos. From person #1 to #5/persona_3/Ciclo_4_5_Derecha/Ciclo_4_5_Derecha_ll.mp4,Ciclo_4_5_Derecha_ll,pending,,
mendeley_labeled15_P03_604232a3c27c523f,5s4mt7xrd9.1,P03,ll,dactylology,accepted,train,Mexican Sign Languages Dactylology and Ten First Numbers - Labeled images and videos. From person #1 to #5/persona_3/Ciclo_4_5_Izquierda/Ciclo_4_5_Izquierda_ll.mp4,Ciclo_4_5_Izquierda_ll,pending,,
mendeley_labeled15_P03_429e3563c0bff4a8,5s4mt7xrd9.1,P03,ll,dactylology,accepted,train,Mexican Sign Languages Dactylology and Ten First Numbers - Labeled images and videos. From person #1 to #5/persona_3/Ciclo_5_5_Derecha/Ciclo_5_5_Derecha_ll.mp4,Ciclo_5_5_Derecha_ll,pending,,
mendeley_labeled15_P03_db76bd189f312257,5s4mt7xrd9.1,P03,ll,dactylology,accepted,train,Mexican Sign Languages Dactylology and Ten First Numbers - Labeled images and videos. From person #1 to #5/persona_3/Ciclo_5_5_Izquierda/Ciclo_5_5_Izquierda_ll.mp4,Ciclo_5_5_Izquierda_ll,pending,,
mendeley_labeled15_P03_2a857e33d5815deb,5s4mt7xrd9.1,P03,m,dactylology,accepted,train,Mexican Sign Languages Dactylology and Ten First Numbers - Labeled images and videos. From person #1 to #5/persona_3/Ciclo_1_5_Derecha/Ciclo_1_5_Derecha_m.mp4,Ciclo_1_5_Derecha_m,pending,,
mendeley_labeled15_P03_50d88129893f4ac9,5s4mt7xrd9.1,P03,m,dactylology,accepted,train,Mexican Sign Languages Dactylology and Ten First Numbers - Labeled images and videos. From person #1 to #5/persona_3/Ciclo_1_5_Izquierda/Ciclo_1_5_Izquierda_m.mp4,Ciclo_1_5_Izquierda_m,pending,,
mendeley_labeled15_P03_11c95f03077a14ef,5s4mt7xrd9.1,P03,m,dactylology,accepted,train,Mexican Sign Languages Dactylology and Ten First Numbers - Labeled images and videos. From person #1 to #5/persona_3/Ciclo_2_5_Derecha/Ciclo_2_5_Derecha_m.mp4,Ciclo_2_5_Derecha_m,pending,,
mendeley_labeled15_P03_f627a0ea1c427569,5s4mt7xrd9.1,P03,m,dactylology,accepted,train,Mexican Sign Languages Dactylology and Ten First Numbers - Labeled images and videos. From person #1 to #5/persona_3/Ciclo_2_5_Izquierda/Ciclo_2_5_Izquierda_m.mp4,Ciclo_2_5_Izquierda_m,pending,,
mendeley_labeled15_P03_f6e089ebba45400e,5s4mt7xrd9.1,P03,m,dactylology,accepted,train,Mexican Sign Languages Dactylology and Ten First Numbers - Labeled images and videos. From person #1 to #5/persona_3/Ciclo_3_5_Derecha/Ciclo_3_5_Derecha_m.mp4,Ciclo_3_5_Derecha_m,pending,,
mendeley_labeled15_P03_427ccc502d964234,5s4mt7xrd9.1,P03,m,dactylology,accepted,train,Mexican Sign Languages Dactylology and Ten First Numbers - Labeled images and videos. From person #1 to #5/persona_3/Ciclo_3_5_Izquierda/Ciclo_3_5_Izquierda_m.mp4,Ciclo_3_5_Izquierda_m,pending,,
mendeley_labeled15_P03_26b3e6becaf3d1a8,5s4mt7xrd9.1,P03,m,dactylology,accepted,train,Mexican Sign Languages Dactylology and Ten First Numbers - Labeled images and videos. From person #1 to #5/persona_3/Ciclo_4_5_Derecha/Ciclo_4_5_Derecha_m.mp4,Ciclo_4_5_Derecha_m,pending,,
mendeley_labeled15_P03_c2bbff7ceb1ff135,5s4mt7xrd9.1,P03,m,dactylology,accepted,train,Mexican Sign Languages Dactylology and Ten First Numbers - Labeled images and videos. From person #1 to #5/persona_3/Ciclo_4_5_Izquierda/Ciclo_4_5_Izquierda_m.mp4,Ciclo_4_5_Izquierda_m,pending,,
mendeley_labeled15_P03_834b11d849ea94d0,5s4mt7xrd9.1,P03,m,dactylology,accepted,train,Mexican Sign Languages Dactylology and Ten First Numbers - Labeled images and videos. From person #1 to #5/persona_3/Ciclo_5_5_Derecha/Ciclo_5_5_Derecha_m.mp4,Ciclo_5_5_Derecha_m,pending,,
mendeley_labeled15_P03_1859459a2d5a2f30,5s4mt7xrd9.1,P03,m,dactylology,accepted,train,Mexican Sign Languages Dactylology and Ten First Numbers - Labeled images and videos. From person #1 to #5/persona_3/Ciclo_5_5_Izquierda/Ciclo_5_5_Izquierda_m.mp4,Ciclo_5_5_Izquierda_m,pending,,
mendeley_labeled15_P03_10933a6ed24e0c34,5s4mt7xrd9.1,P03,n,dactylology,accepted,train,Mexican Sign Languages Dactylology and Ten First Numbers - Labeled images and videos. From person #1 to #5/persona_3/Ciclo_1_5_Derecha/Ciclo_1_5_Derecha_n.mp4,Ciclo_1_5_Derecha_n,pending,,
mendeley_labeled15_P03_66e7cd53f14a92f8,5s4mt7xrd9.1,P03,n,dactylology,accepted,train,Mexican Sign Languages Dactylology and Ten First Numbers - Labeled images and videos. From person #1 to #5/persona_3/Ciclo_3_5_Izquierda/Ciclo_3_5_Izquierda_n.mp4,Ciclo_3_5_Izquierda_n,pending,,
mendeley_labeled15_P03_a8fa9f7641e7f952,5s4mt7xrd9.1,P03,n,dactylology,accepted,train,Mexican Sign Languages Dactylology and Ten First Numbers - Labeled images and videos. From person #1 to #5/persona_3/Ciclo_4_5_Izquierda/Ciclo_4_5_Izquierda_n.mp4,Ciclo_4_5_Izquierda_n,pending,,
mendeley_labeled15_P03_5f56a8fefd587236,5s4mt7xrd9.1,P03,n,dactylology,accepted,train,Mexican Sign Languages Dactylology and Ten First Numbers - Labeled images and videos. From person #1 to #5/persona_3/Ciclo_5_5_Izquierda/Ciclo_5_5_Izquierda_n.mp4,Ciclo_5_5_Izquierda_n,pending,,
mendeley_labeled15_P03_dc7310451c400c0e,5s4mt7xrd9.1,P03,o,dactylology,accepted,train,Mexican Sign Languages Dactylology and Ten First Numbers - Labeled images and videos. From person #1 to #5/persona_3/Ciclo_1_5_Derecha/Ciclo_1_5_Derecha_o.mp4,Ciclo_1_5_Derecha_o,pending,,
mendeley_labeled15_P03_d59ef65eba6e237b,5s4mt7xrd9.1,P03,o,dactylology,accepted,train,Mexican Sign Languages Dactylology and Ten First Numbers - Labeled images and videos. From person #1 to #5/persona_3/Ciclo_1_5_Izquierda/Ciclo_1_5_Izquierda_o.mp4,Ciclo_1_5_Izquierda_o,pending,,
mendeley_labeled15_P03_150d75147aa7be71,5s4mt7xrd9.1,P03,o,dactylology,accepted,train,Mexican Sign Languages Dactylology and Ten First Numbers - Labeled images and videos. From person #1 to #5/persona_3/Ciclo_2_5_Derecha/Ciclo_2_5_Derecha_o.mp4,Ciclo_2_5_Derecha_o,pending,,
mendeley_labeled15_P03_c564b5406605e601,5s4mt7xrd9.1,P03,o,dactylology,accepted,train,Mexican Sign Languages Dactylology and Ten First Numbers - Labeled images and videos. From person #1 to #5/persona_3/Ciclo_2_5_Izquierda/Ciclo_2_5_Izquierda_o.mp4,Ciclo_2_5_Izquierda_o,pending,,
mendeley_labeled15_P03_bc7adeb356344663,5s4mt7xrd9.1,P03,o,dactylology,accepted,train,Mexican Sign Languages Dactylology and Ten First Numbers - Labeled images and videos. From person #1 to #5/persona_3/Ciclo_3_5_Derecha/Ciclo_3_5_Derecha_o.mp4,Ciclo_3_5_Derecha_o,pending,,
mendeley_labeled15_P03_e4e2d9b95d57a6ab,5s4mt7xrd9.1,P03,o,dactylology,accepted,train,Mexican Sign Languages Dactylology and Ten First Numbers - Labeled images and videos. From person #1 to #5/persona_3/Ciclo_3_5_Izquierda/Ciclo_3_5_Izquierda_o.mp4,Ciclo_3_5_Izquierda_o,pending,,
mendeley_labeled15_P03_76197767f4e5d21d,5s4mt7xrd9.1,P03,o,dactylology,accepted,train,Mexican Sign Languages Dactylology and Ten First Numbers - Labeled images and videos. From person #1 to #5/persona_3/Ciclo_4_5_Derecha/Ciclo_4_5_Derecha_o.mp4,Ciclo_4_5_Derecha_o,pending,,
mendeley_labeled15_P03_c6a59d5d9e7655d6,5s4mt7xrd9.1,P03,o,dactylology,accepted,train,Mexican Sign Languages Dactylology and Ten First Numbers - Labeled images and videos. From person #1 to #5/persona_3/Ciclo_4_5_Izquierda/Ciclo_4_5_Izquierda_o.mp4,Ciclo_4_5_Izquierda_o,pending,,
mendeley_labeled15_P03_339656ec0ac55695,5s4mt7xrd9.1,P03,o,dactylology,accepted,train,Mexican Sign Languages Dactylology and Ten First Numbers - Labeled images and videos. From person #1 to #5/persona_3/Ciclo_5_5_Derecha/Ciclo_5_5_Derecha_o.mp4,Ciclo_5_5_Derecha_o,pending,,
mendeley_labeled15_P03_17059bb75afd6452,5s4mt7xrd9.1,P03,o,dactylology,accepted,train,Mexican Sign Languages Dactylology and Ten First Numbers - Labeled images and videos. From person #1 to #5/persona_3/Ciclo_5_5_Izquierda/Ciclo_5_5_Izquierda_o.mp4,Ciclo_5_5_Izquierda_o,pending,,
mendeley_labeled15_P03_5b38c5a7c2ccf0c7,5s4mt7xrd9.1,P03,p,dactylology,accepted,train,Mexican Sign Languages Dactylology and Ten First Numbers - Labeled images and videos. From person #1 to #5/persona_3/Ciclo_1_5_Derecha/Ciclo_1_5_Derecha_p.mp4,Ciclo_1_5_Derecha_p,pending,,
mendeley_labeled15_P03_b8f5cbdfed34c2bb,5s4mt7xrd9.1,P03,p,dactylology,accepted,train,Mexican Sign Languages Dactylology and Ten First Numbers - Labeled images and videos. From person #1 to #5/persona_3/Ciclo_1_5_Izquierda/Ciclo_1_5_Izquierda_p.mp4,Ciclo_1_5_Izquierda_p,pending,,
mendeley_labeled15_P03_131c33e2e79d8354,5s4mt7xrd9.1,P03,p,dactylology,accepted,train,Mexican Sign Languages Dactylology and Ten First Numbers - Labeled images and videos. From person #1 to #5/persona_3/Ciclo_2_5_Derecha/Ciclo_2_5_Derecha_p.mp4,Ciclo_2_5_Derecha_p,pending,,
mendeley_labeled15_P03_2d8a6271f1b9d831,5s4mt7xrd9.1,P03,p,dactylology,accepted,train,Mexican Sign Languages Dactylology and Ten First Numbers - Labeled images and videos. From person #1 to #5/persona_3/Ciclo_2_5_Izquierda/Ciclo_2_5_Izquierda_p.mp4,Ciclo_2_5_Izquierda_p,pending,,
mendeley_labeled15_P03_13a535dde7c0f3f9,5s4mt7xrd9.1,P03,p,dactylology,accepted,train,Mexican Sign Languages Dactylology and Ten First Numbers - Labeled images and videos. From person #1 to #5/persona_3/Ciclo_3_5_Derecha/Ciclo_3_5_Derecha_p.mp4,Ciclo_3_5_Derecha_p,pending,,
mendeley_labeled15_P03_311ab6d7a38df972,5s4mt7xrd9.1,P03,p,dactylology,accepted,train,Mexican Sign Languages Dactylology and Ten First Numbers - Labeled images and videos. From person #1 to #5/persona_3/Ciclo_3_5_Izquierda/Ciclo_3_5_Izquierda_p.mp4,Ciclo_3_5_Izquierda_p,pending,,
mendeley_labeled15_P03_11b36cfcba9747ac,5s4mt7xrd9.1,P03,p,dactylology,accepted,train,Mexican Sign Languages Dactylology and Ten First Numbers - Labeled images and videos. From person #1 to #5/persona_3/Ciclo_4_5_Derecha/Ciclo_4_5_Derecha_p.mp4,Ciclo_4_5_Derecha_p,pending,,
mendeley_labeled15_P03_2f9e510c5a340972,5s4mt7xrd9.1,P03,p,dactylology,accepted,train,Mexican Sign Languages Dactylology and Ten First Numbers - Labeled images and videos. From person #1 to #5/persona_3/Ciclo_4_5_Izquierda/Ciclo_4_5_Izquierda_p.mp4,Ciclo_4_5_Izquierda_p,pending,,
mendeley_labeled15_P03_906d680013b9eb54,5s4mt7xrd9.1,P03,p,dactylology,accepted,train,Mexican Sign Languages Dactylology and Ten First Numbers - Labeled images and videos. From person #1 to #5/persona_3/Ciclo_5_5_Derecha/Ciclo_5_5_Derecha_p.mp4,Ciclo_5_5_Derecha_p,pending,,
mendeley_labeled15_P03_cda5abe635a3f4d5,5s4mt7xrd9.1,P03,p,dactylology,accepted,train,Mexican Sign Languages Dactylology and Ten First Numbers - Labeled images and videos. From person #1 to #5/persona_3/Ciclo_5_5_Izquierda/Ciclo_5_5_Izquierda_p.mp4,Ciclo_5_5_Izquierda_p,pending,,
mendeley_labeled15_P03_4d185df09cf94f3c,5s4mt7xrd9.1,P03,q,dactylology,accepted,train,Mexican Sign Languages Dactylology and Ten First Numbers - Labeled images and videos. From person #1 to #5/persona_3/Ciclo_1_5_Derecha/Ciclo_1_5_Derecha_q.mp4,Ciclo_1_5_Derecha_q,pending,,
mendeley_labeled15_P03_9e397c512b19e109,5s4mt7xrd9.1,P03,q,dactylology,accepted,train,Mexican Sign Languages Dactylology and Ten First Numbers - Labeled images and videos. From person #1 to #5/persona_3/Ciclo_1_5_Izquierda/Ciclo_1_5_Izquierda_q.mp4,Ciclo_1_5_Izquierda_q,pending,,
mendeley_labeled15_P03_d1184162b3e512f2,5s4mt7xrd9.1,P03,q,dactylology,accepted,train,Mexican Sign Languages Dactylology and Ten First Numbers - Labeled images and videos. From person #1 to #5/persona_3/Ciclo_2_5_Derecha/Ciclo_2_5_Derecha_q.mp4,Ciclo_2_5_Derecha_q,pending,,
mendeley_labeled15_P03_2eee8e1e7ab14910,5s4mt7xrd9.1,P03,q,dactylology,accepted,train,Mexican Sign Languages Dactylology and Ten First Numbers - Labeled images and videos. From person #1 to #5/persona_3/Ciclo_2_5_Izquierda/Ciclo_2_5_Izquierda_q.mp4,Ciclo_2_5_Izquierda_q,pending,,
mendeley_labeled15_P03_604cd38adfba87d1,5s4mt7xrd9.1,P03,q,dactylology,accepted,train,Mexican Sign Languages Dactylology and Ten First Numbers - Labeled images and videos. From person #1 to #5/persona_3/Ciclo_3_5_Derecha/Ciclo_3_5_Derecha_q.mp4,Ciclo_3_5_Derecha_q,pending,,
mendeley_labeled15_P03_6067b2cb6759c96d,5s4mt7xrd9.1,P03,q,dactylology,accepted,train,Mexican Sign Languages Dactylology and Ten First Numbers - Labeled images and videos. From person #1 to #5/persona_3/Ciclo_3_5_Izquierda/Ciclo_3_5_Izquierda_q.mp4,Ciclo_3_5_Izquierda_q,pending,,
mendeley_labeled15_P03_9d791211ab5eda58,5s4mt7xrd9.1,P03,q,dactylology,accepted,train,Mexican Sign Languages Dactylology and Ten First Numbers - Labeled images and videos. From person #1 to #5/persona_3/Ciclo_4_5_Derecha/Ciclo_4_5_Derecha_q.mp4,Ciclo_4_5_Derecha_q,pending,,
mendeley_labeled15_P03_8b8e85e6bf22cc56,5s4mt7xrd9.1,P03,q,dactylology,accepted,train,Mexican Sign Languages Dactylology and Ten First Numbers - Labeled images and videos. From person #1 to #5/persona_3/Ciclo_4_5_Izquierda/Ciclo_4_5_Izquierda_q.mp4,Ciclo_4_5_Izquierda_q,pending,,
mendeley_labeled15_P03_389c798c778d8b31,5s4mt7xrd9.1,P03,q,dactylology,accepted,train,Mexican Sign Languages Dactylology and Ten First Numbers - Labeled images and videos. From person #1 to #5/persona_3/Ciclo_5_5_Derecha/Ciclo_5_5_Derecha_q.mp4,Ciclo_5_5_Derecha_q,pending,,
mendeley_labeled15_P03_630906ddd291fcf7,5s4mt7xrd9.1,P03,q,dactylology,accepted,train,Mexican Sign Languages Dactylology and Ten First Numbers - Labeled images and videos. From person #1 to #5/persona_3/Ciclo_5_5_Izquierda/Ciclo_5_5_Izquierda_q.mp4,Ciclo_5_5_Izquierda_q,pending,,
mendeley_labeled15_P03_14b71342955b9f27,5s4mt7xrd9.1,P03,r,dactylology,accepted,train,Mexican Sign Languages Dactylology and Ten First Numbers - Labeled images and videos. From person #1 to #5/persona_3/Ciclo_1_5_Derecha/Ciclo_1_5_Derecha_r.mp4,Ciclo_1_5_Derecha_r,pending,,
mendeley_labeled15_P03_40c4bf2021c97a05,5s4mt7xrd9.1,P03,r,dactylology,accepted,train,Mexican Sign Languages Dactylology and Ten First Numbers - Labeled images and videos. From person #1 to #5/persona_3/Ciclo_1_5_Izquierda/Ciclo_1_5_Izquierda_r.mp4,Ciclo_1_5_Izquierda_r,pending,,
mendeley_labeled15_P03_74d02e256816df23,5s4mt7xrd9.1,P03,r,dactylology,accepted,train,Mexican Sign Languages Dactylology and Ten First Numbers - Labeled images and videos. From person #1 to #5/persona_3/Ciclo_2_5_Derecha/Ciclo_2_5_Derecha_r.mp4,Ciclo_2_5_Derecha_r,pending,,
mendeley_labeled15_P03_04667a3e4f203797,5s4mt7xrd9.1,P03,r,dactylology,accepted,train,Mexican Sign Languages Dactylology and Ten First Numbers - Labeled images and videos. From person #1 to #5/persona_3/Ciclo_2_5_Izquierda/Ciclo_2_5_Izquierda_r.mp4,Ciclo_2_5_Izquierda_r,pending,,
mendeley_labeled15_P03_3213c7a04fcaa33c,5s4mt7xrd9.1,P03,r,dactylology,accepted,train,Mexican Sign Languages Dactylology and Ten First Numbers - Labeled images and videos. From person #1 to #5/persona_3/Ciclo_3_5_Derecha/Ciclo_3_5_Derecha_r.mp4,Ciclo_3_5_Derecha_r,pending,,
mendeley_labeled15_P03_ccc9d36e02046642,5s4mt7xrd9.1,P03,r,dactylology,accepted,train,Mexican Sign Languages Dactylology and Ten First Numbers - Labeled images and videos. From person #1 to #5/persona_3/Ciclo_3_5_Izquierda/Ciclo_3_5_Izquierda_r.mp4,Ciclo_3_5_Izquierda_r,pending,,
mendeley_labeled15_P03_e17fe17b1c2e1876,5s4mt7xrd9.1,P03,r,dactylology,accepted,train,Mexican Sign Languages Dactylology and Ten First Numbers - Labeled images and videos. From person #1 to #5/persona_3/Ciclo_4_5_Derecha/Ciclo_4_5_Derecha_r.mp4,Ciclo_4_5_Derecha_r,pending,,
mendeley_labeled15_P03_0d4cc62d704f92ef,5s4mt7xrd9.1,P03,r,dactylology,accepted,train,Mexican Sign Languages Dactylology and Ten First Numbers - Labeled images and videos. From person #1 to #5/persona_3/Ciclo_4_5_Izquierda/Ciclo_4_5_Izquierda_r.mp4,Ciclo_4_5_Izquierda_r,pending,,
mendeley_labeled15_P03_f3d824c40617c428,5s4mt7xrd9.1,P03,r,dactylology,accepted,train,Mexican Sign Languages Dactylology and Ten First Numbers - Labeled images and videos. From person #1 to #5/persona_3/Ciclo_5_5_Derecha/Ciclo_5_5_Derecha_r.mp4,Ciclo_5_5_Derecha_r,pending,,
mendeley_labeled15_P03_cfc3913608cce233,5s4mt7xrd9.1,P03,r,dactylology,accepted,train,Mexican Sign Languages Dactylology and Ten First Numbers - Labeled images and videos. From person #1 to #5/persona_3/Ciclo_5_5_Izquierda/Ciclo_5_5_Izquierda_r.mp4,Ciclo_5_5_Izquierda_r,pending,,
mendeley_labeled15_P03_12a824a42cb98a2d,5s4mt7xrd9.1,P03,rr,dactylology,accepted,train,Mexican Sign Languages Dactylology and Ten First Numbers - Labeled images and videos. From person #1 to #5/persona_3/Ciclo_1_5_Derecha/Ciclo_1_5_Derecha_rr.mp4,Ciclo_1_5_Derecha_rr,pending,,
mendeley_labeled15_P03_1806bc134be98206,5s4mt7xrd9.1,P03,rr,dactylology,accepted,train,Mexican Sign Languages Dactylology and Ten First Numbers - Labeled images and videos. From person #1 to #5/persona_3/Ciclo_1_5_Izquierda/Ciclo_1_5_Izquierda_rr.mp4,Ciclo_1_5_Izquierda_rr,pending,,
mendeley_labeled15_P03_519139c40c5e384b,5s4mt7xrd9.1,P03,rr,dactylology,accepted,train,Mexican Sign Languages Dactylology and Ten First Numbers - Labeled images and videos. From person #1 to #5/persona_3/Ciclo_2_5_Derecha/Ciclo_2_5_Derecha_rr.mp4,Ciclo_2_5_Derecha_rr,pending,,
mendeley_labeled15_P03_a875cf4b41dd3c76,5s4mt7xrd9.1,P03,rr,dactylology,accepted,train,Mexican Sign Languages Dactylology and Ten First Numbers - Labeled images and videos. From person #1 to #5/persona_3/Ciclo_2_5_Izquierda/Ciclo_2_5_Izquierda_rr.mp4,Ciclo_2_5_Izquierda_rr,pending,,
mendeley_labeled15_P03_19931b02df577167,5s4mt7xrd9.1,P03,rr,dactylology,accepted,train,Mexican Sign Languages Dactylology and Ten First Numbers - Labeled images and videos. From person #1 to #5/persona_3/Ciclo_3_5_Derecha/Ciclo_3_5_Derecha_rr.mp4,Ciclo_3_5_Derecha_rr,pending,,
mendeley_labeled15_P03_46c0256106a06cf5,5s4mt7xrd9.1,P03,rr,dactylology,accepted,train,Mexican Sign Languages Dactylology and Ten First Numbers - Labeled images and videos. From person #1 to #5/persona_3/Ciclo_3_5_Izquierda/Ciclo_3_5_Izquierda_rr.mp4,Ciclo_3_5_Izquierda_rr,pending,,
mendeley_labeled15_P03_eb9d257aafa4dea1,5s4mt7xrd9.1,P03,rr,dactylology,accepted,train,Mexican Sign Languages Dactylology and Ten First Numbers - Labeled images and videos. From person #1 to #5/persona_3/Ciclo_4_5_Derecha/Ciclo_4_5_Derecha_rr.mp4,Ciclo_4_5_Derecha_rr,pending,,
mendeley_labeled15_P03_6c0bf30eeb9b2d8b,5s4mt7xrd9.1,P03,rr,dactylology,accepted,train,Mexican Sign Languages Dactylology and Ten First Numbers - Labeled images and videos. From person #1 to #5/persona_3/Ciclo_4_5_Izquierda/Ciclo_4_5_Izquierda_rr.mp4,Ciclo_4_5_Izquierda_rr,pending,,
mendeley_labeled15_P03_a2bb63d165d97ee3,5s4mt7xrd9.1,P03,rr,dactylology,accepted,train,Mexican Sign Languages Dactylology and Ten First Numbers - Labeled images and videos. From person #1 to #5/persona_3/Ciclo_5_5_Derecha/Ciclo_5_5_Derecha_rr.mp4,Ciclo_5_5_Derecha_rr,pending,,
mendeley_labeled15_P03_dd3260acb99c28b4,5s4mt7xrd9.1,P03,rr,dactylology,accepted,train,Mexican Sign Languages Dactylology and Ten First Numbers - Labeled images and videos. From person #1 to #5/persona_3/Ciclo_5_5_Izquierda/Ciclo_5_5_Izquierda_rr.mp4,Ciclo_5_5_Izquierda_rr,pending,,
mendeley_labeled15_P03_d76575939307d76a,5s4mt7xrd9.1,P03,s,dactylology,accepted,train,Mexican Sign Languages Dactylology and Ten First Numbers - Labeled images and videos. From person #1 to #5/persona_3/Ciclo_1_5_Derecha/Ciclo_1_5_Derecha_s.mp4,Ciclo_1_5_Derecha_s,pending,,
mendeley_labeled15_P03_eefad8b018e13d6a,5s4mt7xrd9.1,P03,s,dactylology,accepted,train,Mexican Sign Languages Dactylology and Ten First Numbers - Labeled images and videos. From person #1 to #5/persona_3/Ciclo_1_5_Izquierda/Ciclo_1_5_Izquierda_s.mp4,Ciclo_1_5_Izquierda_s,pending,,
mendeley_labeled15_P03_8913551aabf9b2ae,5s4mt7xrd9.1,P03,s,dactylology,accepted,train,Mexican Sign Languages Dactylology and Ten First Numbers - Labeled images and videos. From person #1 to #5/persona_3/Ciclo_2_5_Derecha/Ciclo_2_5_Derecha_s.mp4,Ciclo_2_5_Derecha_s,pending,,
mendeley_labeled15_P03_7cc2217a9059e1df,5s4mt7xrd9.1,P03,s,dactylology,accepted,train,Mexican Sign Languages Dactylology and Ten First Numbers - Labeled images and videos. From person #1 to #5/persona_3/Ciclo_2_5_Izquierda/Ciclo_2_5_Izquierda_s.mp4,Ciclo_2_5_Izquierda_s,pending,,
mendeley_labeled15_P03_142272021d75ea58,5s4mt7xrd9.1,P03,s,dactylology,accepted,train,Mexican Sign Languages Dactylology and Ten First Numbers - Labeled images and videos. From person #1 to #5/persona_3/Ciclo_3_5_Derecha/Ciclo_3_5_Derecha_s.mp4,Ciclo_3_5_Derecha_s,pending,,
mendeley_labeled15_P03_62615a9ce015ebbc,5s4mt7xrd9.1,P03,s,dactylology,accepted,train,Mexican Sign Languages Dactylology and Ten First Numbers - Labeled images and videos. From person #1 to #5/persona_3/Ciclo_3_5_Izquierda/Ciclo_3_5_Izquierda_s.mp4,Ciclo_3_5_Izquierda_s,pending,,
mendeley_labeled15_P03_5279f6d65a382403,5s4mt7xrd9.1,P03,s,dactylology,accepted,train,Mexican Sign Languages Dactylology and Ten First Numbers - Labeled images and videos. From person #1 to #5/persona_3/Ciclo_4_5_Derecha/Ciclo_4_5_Derecha_s.mp4,Ciclo_4_5_Derecha_s,pending,,
mendeley_labeled15_P03_385dcfcaa9dbab6f,5s4mt7xrd9.1,P03,s,dactylology,accepted,train,Mexican Sign Languages Dactylology and Ten First Numbers - Labeled images and videos. From person #1 to #5/persona_3/Ciclo_4_5_Izquierda/Ciclo_4_5_Izquierda_s.mp4,Ciclo_4_5_Izquierda_s,pending,,
mendeley_labeled15_P03_2ca15190f72017db,5s4mt7xrd9.1,P03,s,dactylology,accepted,train,Mexican Sign Languages Dactylology and Ten First Numbers - Labeled images and videos. From person #1 to #5/persona_3/Ciclo_5_5_Derecha/Ciclo_5_5_Derecha_s.mp4,Ciclo_5_5_Derecha_s,pending,,
mendeley_labeled15_P03_5980b2937ffdf4d0,5s4mt7xrd9.1,P03,s,dactylology,accepted,train,Mexican Sign Languages Dactylology and Ten First Numbers - Labeled images and videos. From person #1 to #5/persona_3/Ciclo_5_5_Izquierda/Ciclo_5_5_Izquierda_s.mp4,Ciclo_5_5_Izquierda_s,pending,,
mendeley_labeled15_P03_cbfcac5d53a83064,5s4mt7xrd9.1,P03,t,dactylology,accepted,train,Mexican Sign Languages Dactylology and Ten First Numbers - Labeled images and videos. From person #1 to #5/persona_3/Ciclo_1_5_Derecha/Ciclo_1_5_Derecha_t.mp4,Ciclo_1_5_Derecha_t,pending,,
mendeley_labeled15_P03_1ae1f851e3bdb37a,5s4mt7xrd9.1,P03,t,dactylology,accepted,train,Mexican Sign Languages Dactylology and Ten First Numbers - Labeled images and videos. From person #1 to #5/persona_3/Ciclo_1_5_Izquierda/Ciclo_1_5_Izquierda_t.mp4,Ciclo_1_5_Izquierda_t,pending,,
mendeley_labeled15_P03_59017bc9557ea51a,5s4mt7xrd9.1,P03,t,dactylology,accepted,train,Mexican Sign Languages Dactylology and Ten First Numbers - Labeled images and videos. From person #1 to #5/persona_3/Ciclo_2_5_Derecha/Ciclo_2_5_Derecha_t.mp4,Ciclo_2_5_Derecha_t,pending,,
mendeley_labeled15_P03_97c245fcf56ac09e,5s4mt7xrd9.1,P03,t,dactylology,accepted,train,Mexican Sign Languages Dactylology and Ten First Numbers - Labeled images and videos. From person #1 to #5/persona_3/Ciclo_2_5_Izquierda/Ciclo_2_5_Izquierda_t.mp4,Ciclo_2_5_Izquierda_t,pending,,
mendeley_labeled15_P03_971336590fe82e5e,5s4mt7xrd9.1,P03,t,dactylology,accepted,train,Mexican Sign Languages Dactylology and Ten First Numbers - Labeled images and videos. From person #1 to #5/persona_3/Ciclo_3_5_Derecha/Ciclo_3_5_Derecha_t.mp4,Ciclo_3_5_Derecha_t,pending,,
mendeley_labeled15_P03_2c047c6a7fe37860,5s4mt7xrd9.1,P03,t,dactylology,accepted,train,Mexican Sign Languages Dactylology and Ten First Numbers - Labeled images and videos. From person #1 to #5/persona_3/Ciclo_3_5_Izquierda/Ciclo_3_5_Izquierda_t.mp4,Ciclo_3_5_Izquierda_t,pending,,
mendeley_labeled15_P03_43d79a3d925df6f1,5s4mt7xrd9.1,P03,t,dactylology,accepted,train,Mexican Sign Languages Dactylology and Ten First Numbers - Labeled images and videos. From person #1 to #5/persona_3/Ciclo_4_5_Derecha/Ciclo_4_5_Derecha_t.mp4,Ciclo_4_5_Derecha_t,pending,,
mendeley_labeled15_P03_093ecb15eb615a27,5s4mt7xrd9.1,P03,t,dactylology,accepted,train,Mexican Sign Languages Dactylology and Ten First Numbers - Labeled images and videos. From person #1 to #5/persona_3/Ciclo_4_5_Izquierda/Ciclo_4_5_Izquierda_t.mp4,Ciclo_4_5_Izquierda_t,pending,,
mendeley_labeled15_P03_4ace5f1495eab75d,5s4mt7xrd9.1,P03,t,dactylology,accepted,train,Mexican Sign Languages Dactylology and Ten First Numbers - Labeled images and videos. From person #1 to #5/persona_3/Ciclo_5_5_Derecha/Ciclo_5_5_Derecha_t.mp4,Ciclo_5_5_Derecha_t,pending,,
mendeley_labeled15_P03_aa76e1dec05f7df7,5s4mt7xrd9.1,P03,t,dactylology,accepted,train,Mexican Sign Languages Dactylology and Ten First Numbers - Labeled images and videos. From person #1 to #5/persona_3/Ciclo_5_5_Izquierda/Ciclo_5_5_Izquierda_t.mp4,Ciclo_5_5_Izquierda_t,pending,,
mendeley_labeled15_P03_41e536ae842193b1,5s4mt7xrd9.1,P03,u,dactylology,accepted,train,Mexican Sign Languages Dactylology and Ten First Numbers - Labeled images and videos. From person #1 to #5/persona_3/Ciclo_1_5_Derecha/Ciclo_1_5_Derecha_u.mp4,Ciclo_1_5_Derecha_u,pending,,
mendeley_labeled15_P03_5d214143fca9a4c5,5s4mt7xrd9.1,P03,u,dactylology,accepted,train,Mexican Sign Languages Dactylology and Ten First Numbers - Labeled images and videos. From person #1 to #5/persona_3/Ciclo_1_5_Izquierda/Ciclo_1_5_Izquierda_u.mp4,Ciclo_1_5_Izquierda_u,pending,,
mendeley_labeled15_P03_7d16a2fc10c7d8ae,5s4mt7xrd9.1,P03,u,dactylology,accepted,train,Mexican Sign Languages Dactylology and Ten First Numbers - Labeled images and videos. From person #1 to #5/persona_3/Ciclo_2_5_Derecha/Ciclo_2_5_Derecha_u.mp4,Ciclo_2_5_Derecha_u,pending,,
mendeley_labeled15_P03_086db3c8fe219384,5s4mt7xrd9.1,P03,u,dactylology,accepted,train,Mexican Sign Languages Dactylology and Ten First Numbers - Labeled images and videos. From person #1 to #5/persona_3/Ciclo_2_5_Izquierda/Ciclo_2_5_Izquierda_u.mp4,Ciclo_2_5_Izquierda_u,pending,,
mendeley_labeled15_P03_38a556b0d040a00b,5s4mt7xrd9.1,P03,u,dactylology,accepted,train,Mexican Sign Languages Dactylology and Ten First Numbers - Labeled images and videos. From person #1 to #5/persona_3/Ciclo_3_5_Derecha/Ciclo_3_5_Derecha_u.mp4,Ciclo_3_5_Derecha_u,pending,,
mendeley_labeled15_P03_9b707462a31daaee,5s4mt7xrd9.1,P03,u,dactylology,accepted,train,Mexican Sign Languages Dactylology and Ten First Numbers - Labeled images and videos. From person #1 to #5/persona_3/Ciclo_3_5_Izquierda/Ciclo_3_5_Izquierda_u.mp4,Ciclo_3_5_Izquierda_u,pending,,
mendeley_labeled15_P03_7c8bae0bd3c7303d,5s4mt7xrd9.1,P03,u,dactylology,accepted,train,Mexican Sign Languages Dactylology and Ten First Numbers - Labeled images and videos. From person #1 to #5/persona_3/Ciclo_4_5_Derecha/Ciclo_4_5_Derecha_u.mp4,Ciclo_4_5_Derecha_u,pending,,
mendeley_labeled15_P03_0db9df5f63888f4f,5s4mt7xrd9.1,P03,u,dactylology,accepted,train,Mexican Sign Languages Dactylology and Ten First Numbers - Labeled images and videos. From person #1 to #5/persona_3/Ciclo_4_5_Izquierda/Ciclo_4_5_Izquierda_u.mp4,Ciclo_4_5_Izquierda_u,pending,,
mendeley_labeled15_P03_431523f3f6b1df99,5s4mt7xrd9.1,P03,u,dactylology,accepted,train,Mexican Sign Languages Dactylology and Ten First Numbers - Labeled images and videos. From person #1 to #5/persona_3/Ciclo_5_5_Derecha/Ciclo_5_5_Derecha_u.mp4,Ciclo_5_5_Derecha_u,pending,,
mendeley_labeled15_P03_444bee86299a699e,5s4mt7xrd9.1,P03,u,dactylology,accepted,train,Mexican Sign Languages Dactylology and Ten First Numbers - Labeled images and videos. From person #1 to #5/persona_3/Ciclo_5_5_Izquierda/Ciclo_5_5_Izquierda_u.mp4,Ciclo_5_5_Izquierda_u,pending,,
mendeley_labeled15_P03_debaae5067e6ee72,5s4mt7xrd9.1,P03,v,dactylology,accepted,train,Mexican Sign Languages Dactylology and Ten First Numbers - Labeled images and videos. From person #1 to #5/persona_3/Ciclo_1_5_Derecha/Ciclo_1_5_Derecha_v.mp4,Ciclo_1_5_Derecha_v,pending,,
mendeley_labeled15_P03_aecfa9fc08693ec5,5s4mt7xrd9.1,P03,v,dactylology,accepted,train,Mexican Sign Languages Dactylology and Ten First Numbers - Labeled images and videos. From person #1 to #5/persona_3/Ciclo_1_5_Izquierda/Ciclo_1_5_Izquierda_v.mp4,Ciclo_1_5_Izquierda_v,pending,,
mendeley_labeled15_P03_98121385ed637b97,5s4mt7xrd9.1,P03,v,dactylology,accepted,train,Mexican Sign Languages Dactylology and Ten First Numbers - Labeled images and videos. From person #1 to #5/persona_3/Ciclo_2_5_Derecha/Ciclo_2_5_Derecha_v.mp4,Ciclo_2_5_Derecha_v,pending,,
mendeley_labeled15_P03_3d662ccb48c185d4,5s4mt7xrd9.1,P03,v,dactylology,accepted,train,Mexican Sign Languages Dactylology and Ten First Numbers - Labeled images and videos. From person #1 to #5/persona_3/Ciclo_2_5_Izquierda/Ciclo_2_5_Izquierda_v.mp4,Ciclo_2_5_Izquierda_v,pending,,
mendeley_labeled15_P03_73d625af554b54f6,5s4mt7xrd9.1,P03,v,dactylology,accepted,train,Mexican Sign Languages Dactylology and Ten First Numbers - Labeled images and videos. From person #1 to #5/persona_3/Ciclo_3_5_Derecha/Ciclo_3_5_Derecha_v.mp4,Ciclo_3_5_Derecha_v,pending,,
mendeley_labeled15_P03_5c30998560ff944d,5s4mt7xrd9.1,P03,v,dactylology,accepted,train,Mexican Sign Languages Dactylology and Ten First Numbers - Labeled images and videos. From person #1 to #5/persona_3/Ciclo_3_5_Izquierda/Ciclo_3_5_Izquierda_v.mp4,Ciclo_3_5_Izquierda_v,pending,,
mendeley_labeled15_P03_8c41709ddb007d30,5s4mt7xrd9.1,P03,v,dactylology,accepted,train,Mexican Sign Languages Dactylology and Ten First Numbers - Labeled images and videos. From person #1 to #5/persona_3/Ciclo_4_5_Derecha/Ciclo_4_5_Derecha_v.mp4,Ciclo_4_5_Derecha_v,pending,,
mendeley_labeled15_P03_a292809c98d216fa,5s4mt7xrd9.1,P03,v,dactylology,accepted,train,Mexican Sign Languages Dactylology and Ten First Numbers - Labeled images and videos. From person #1 to #5/persona_3/Ciclo_4_5_Izquierda/Ciclo_4_5_Izquierda_v.mp4,Ciclo_4_5_Izquierda_v,pending,,
mendeley_labeled15_P03_4a67e972d1e13767,5s4mt7xrd9.1,P03,v,dactylology,accepted,train,Mexican Sign Languages Dactylology and Ten First Numbers - Labeled images and videos. From person #1 to #5/persona_3/Ciclo_5_5_Derecha/Ciclo_5_5_Derecha_v.mp4,Ciclo_5_5_Derecha_v,pending,,
mendeley_labeled15_P03_ed570235a2314cd3,5s4mt7xrd9.1,P03,v,dactylology,accepted,train,Mexican Sign Languages Dactylology and Ten First Numbers - Labeled images and videos. From person #1 to #5/persona_3/Ciclo_5_5_Izquierda/Ciclo_5_5_Izquierda_v.mp4,Ciclo_5_5_Izquierda_v,pending,,
mendeley_labeled15_P03_8514854411e526c8,5s4mt7xrd9.1,P03,w,dactylology,accepted,train,Mexican Sign Languages Dactylology and Ten First Numbers - Labeled images and videos. From person #1 to #5/persona_3/Ciclo_1_5_Derecha/Ciclo_1_5_Derecha_w.mp4,Ciclo_1_5_Derecha_w,pending,,
mendeley_labeled15_P03_773396b050357a67,5s4mt7xrd9.1,P03,w,dactylology,accepted,train,Mexican Sign Languages Dactylology and Ten First Numbers - Labeled images and videos. From person #1 to #5/persona_3/Ciclo_1_5_Izquierda/Ciclo_1_5_Izquierda_w.mp4,Ciclo_1_5_Izquierda_w,pending,,
mendeley_labeled15_P03_4137efe05b6b3461,5s4mt7xrd9.1,P03,w,dactylology,accepted,train,Mexican Sign Languages Dactylology and Ten First Numbers - Labeled images and videos. From person #1 to #5/persona_3/Ciclo_2_5_Derecha/Ciclo_2_5_Derecha_w.mp4,Ciclo_2_5_Derecha_w,pending,,
mendeley_labeled15_P03_425e712e4295eb5e,5s4mt7xrd9.1,P03,w,dactylology,accepted,train,Mexican Sign Languages Dactylology and Ten First Numbers - Labeled images and videos. From person #1 to #5/persona_3/Ciclo_2_5_Izquierda/Ciclo_2_5_Izquierda_w.mp4,Ciclo_2_5_Izquierda_w,pending,,
mendeley_labeled15_P03_efcfd143cb1707d7,5s4mt7xrd9.1,P03,w,dactylology,accepted,train,Mexican Sign Languages Dactylology and Ten First Numbers - Labeled images and videos. From person #1 to #5/persona_3/Ciclo_3_5_Derecha/Ciclo_3_5_Derecha_w.mp4,Ciclo_3_5_Derecha_w,pending,,
mendeley_labeled15_P03_f77fa6cf6165f73d,5s4mt7xrd9.1,P03,w,dactylology,accepted,train,Mexican Sign Languages Dactylology and Ten First Numbers - Labeled images and videos. From person #1 to #5/persona_3/Ciclo_3_5_Izquierda/Ciclo_3_5_Izquierda_w.mp4,Ciclo_3_5_Izquierda_w,pending,,
mendeley_labeled15_P03_8b3848b6778eb2b9,5s4mt7xrd9.1,P03,w,dactylology,accepted,train,Mexican Sign Languages Dactylology and Ten First Numbers - Labeled images and videos. From person #1 to #5/persona_3/Ciclo_4_5_Derecha/Ciclo_4_5_Derecha_w.mp4,Ciclo_4_5_Derecha_w,pending,,
mendeley_labeled15_P03_104b096812dee30c,5s4mt7xrd9.1,P03,w,dactylology,accepted,train,Mexican Sign Languages Dactylology and Ten First Numbers - Labeled images and videos. From person #1 to #5/persona_3/Ciclo_4_5_Izquierda/Ciclo_4_5_Izquierda_w.mp4,Ciclo_4_5_Izquierda_w,pending,,
mendeley_labeled15_P03_856cc616c2b70d22,5s4mt7xrd9.1,P03,w,dactylology,accepted,train,Mexican Sign Languages Dactylology and Ten First Numbers - Labeled images and videos. From person #1 to #5/persona_3/Ciclo_5_5_Derecha/Ciclo_5_5_Derecha_w.mp4,Ciclo_5_5_Derecha_w,pending,,
mendeley_labeled15_P03_754716c90f874c89,5s4mt7xrd9.1,P03,w,dactylology,accepted,train,Mexican Sign Languages Dactylology and Ten First Numbers - Labeled images and videos. From person #1 to #5/persona_3/Ciclo_5_5_Izquierda/Ciclo_5_5_Izquierda_w.mp4,Ciclo_5_5_Izquierda_w,pending,,
mendeley_labeled15_P03_54ff6843c76751d3,5s4mt7xrd9.1,P03,x,dactylology,accepted,train,Mexican Sign Languages Dactylology and Ten First Numbers - Labeled images and videos. From person #1 to #5/persona_3/Ciclo_1_5_Derecha/Ciclo_1_5_Derecha_x.mp4,Ciclo_1_5_Derecha_x,pending,,
mendeley_labeled15_P03_80d371f515cf2790,5s4mt7xrd9.1,P03,x,dactylology,accepted,train,Mexican Sign Languages Dactylology and Ten First Numbers - Labeled images and videos. From person #1 to #5/persona_3/Ciclo_1_5_Izquierda/Ciclo_1_5_Izquierda_x.mp4,Ciclo_1_5_Izquierda_x,pending,,
mendeley_labeled15_P03_e5aeabb8bd3d0da8,5s4mt7xrd9.1,P03,x,dactylology,accepted,train,Mexican Sign Languages Dactylology and Ten First Numbers - Labeled images and videos. From person #1 to #5/persona_3/Ciclo_2_5_Derecha/Ciclo_2_5_Derecha_x.mp4,Ciclo_2_5_Derecha_x,pending,,
mendeley_labeled15_P03_51e704e59adca698,5s4mt7xrd9.1,P03,x,dactylology,accepted,train,Mexican Sign Languages Dactylology and Ten First Numbers - Labeled images and videos. From person #1 to #5/persona_3/Ciclo_2_5_Izquierda/Ciclo_2_5_Izquierda_x.mp4,Ciclo_2_5_Izquierda_x,pending,,
mendeley_labeled15_P03_fb8aa13be6bbc024,5s4mt7xrd9.1,P03,x,dactylology,accepted,train,Mexican Sign Languages Dactylology and Ten First Numbers - Labeled images and videos. From person #1 to #5/persona_3/Ciclo_3_5_Derecha/Ciclo_3_5_Derecha_x.mp4,Ciclo_3_5_Derecha_x,pending,,
mendeley_labeled15_P03_71c112810e039d7f,5s4mt7xrd9.1,P03,x,dactylology,accepted,train,Mexican Sign Languages Dactylology and Ten First Numbers - Labeled images and videos. From person #1 to #5/persona_3/Ciclo_3_5_Izquierda/Ciclo_3_5_Izquierda_x.mp4,Ciclo_3_5_Izquierda_x,pending,,
mendeley_labeled15_P03_9a21228df4e9c233,5s4mt7xrd9.1,P03,x,dactylology,accepted,train,Mexican Sign Languages Dactylology and Ten First Numbers - Labeled images and videos. From person #1 to #5/persona_3/Ciclo_4_5_Derecha/Ciclo_4_5_Derecha_x.mp4,Ciclo_4_5_Derecha_x,pending,,
mendeley_labeled15_P03_d2f860c7c799800e,5s4mt7xrd9.1,P03,x,dactylology,accepted,train,Mexican Sign Languages Dactylology and Ten First Numbers - Labeled images and videos. From person #1 to #5/persona_3/Ciclo_4_5_Izquierda/Ciclo_4_5_Izquierda_x.mp4,Ciclo_4_5_Izquierda_x,pending,,
mendeley_labeled15_P03_79941660049b0f05,5s4mt7xrd9.1,P03,x,dactylology,accepted,train,Mexican Sign Languages Dactylology and Ten First Numbers - Labeled images and videos. From person #1 to #5/persona_3/Ciclo_5_5_Derecha/Ciclo_5_5_Derecha_x.mp4,Ciclo_5_5_Derecha_x,pending,,
mendeley_labeled15_P03_8d2433a5ad880f5b,5s4mt7xrd9.1,P03,x,dactylology,accepted,train,Mexican Sign Languages Dactylology and Ten First Numbers - Labeled images and videos. From person #1 to #5/persona_3/Ciclo_5_5_Izquierda/Ciclo_5_5_Izquierda_x.mp4,Ciclo_5_5_Izquierda_x,pending,,
mendeley_labeled15_P03_4ba234f76e899ecf,5s4mt7xrd9.1,P03,y,dactylology,accepted,train,Mexican Sign Languages Dactylology and Ten First Numbers - Labeled images and videos. From person #1 to #5/persona_3/Ciclo_1_5_Derecha/Ciclo_1_5_Derecha_y.mp4,Ciclo_1_5_Derecha_y,pending,,
mendeley_labeled15_P03_e5c8ab099abbc802,5s4mt7xrd9.1,P03,y,dactylology,accepted,train,Mexican Sign Languages Dactylology and Ten First Numbers - Labeled images and videos. From person #1 to #5/persona_3/Ciclo_1_5_Izquierda/Ciclo_1_5_Izquierda_y.mp4,Ciclo_1_5_Izquierda_y,pending,,
mendeley_labeled15_P03_e6402204e84d4b28,5s4mt7xrd9.1,P03,y,dactylology,accepted,train,Mexican Sign Languages Dactylology and Ten First Numbers - Labeled images and videos. From person #1 to #5/persona_3/Ciclo_2_5_Derecha/Ciclo_2_5_Derecha_y.mp4,Ciclo_2_5_Derecha_y,pending,,
mendeley_labeled15_P03_49bc171ee6da7f39,5s4mt7xrd9.1,P03,y,dactylology,accepted,train,Mexican Sign Languages Dactylology and Ten First Numbers - Labeled images and videos. From person #1 to #5/persona_3/Ciclo_2_5_Izquierda/Ciclo_2_5_Izquierda_y.mp4,Ciclo_2_5_Izquierda_y,pending,,
mendeley_labeled15_P03_b1bb2df237d917e9,5s4mt7xrd9.1,P03,y,dactylology,accepted,train,Mexican Sign Languages Dactylology and Ten First Numbers - Labeled images and videos. From person #1 to #5/persona_3/Ciclo_3_5_Derecha/Ciclo_3_5_Derecha_y.mp4,Ciclo_3_5_Derecha_y,pending,,
mendeley_labeled15_P03_34a16942de016155,5s4mt7xrd9.1,P03,y,dactylology,accepted,train,Mexican Sign Languages Dactylology and Ten First Numbers - Labeled images and videos. From person #1 to #5/persona_3/Ciclo_3_5_Izquierda/Ciclo_3_5_Izquierda_y.mp4,Ciclo_3_5_Izquierda_y,pending,,
mendeley_labeled15_P03_42584085f13f67e0,5s4mt7xrd9.1,P03,y,dactylology,accepted,train,Mexican Sign Languages Dactylology and Ten First Numbers - Labeled images and videos. From person #1 to #5/persona_3/Ciclo_4_5_Derecha/Ciclo_4_5_Derecha_y.mp4,Ciclo_4_5_Derecha_y,pending,,
mendeley_labeled15_P03_38b2adb64866cd3f,5s4mt7xrd9.1,P03,y,dactylology,accepted,train,Mexican Sign Languages Dactylology and Ten First Numbers - Labeled images and videos. From person #1 to #5/persona_3/Ciclo_4_5_Izquierda/Ciclo_4_5_Izquierda_y.mp4,Ciclo_4_5_Izquierda_y,pending,,
mendeley_labeled15_P03_4dddbd8017dec6c5,5s4mt7xrd9.1,P03,y,dactylology,accepted,train,Mexican Sign Languages Dactylology and Ten First Numbers - Labeled images and videos. From person #1 to #5/persona_3/Ciclo_5_5_Derecha/Ciclo_5_5_Derecha_y.mp4,Ciclo_5_5_Derecha_y,pending,,
mendeley_labeled15_P03_f251be333d7c22b2,5s4mt7xrd9.1,P03,y,dactylology,accepted,train,Mexican Sign Languages Dactylology and Ten First Numbers - Labeled images and videos. From person #1 to #5/persona_3/Ciclo_5_5_Izquierda/Ciclo_5_5_Izquierda_y.mp4,Ciclo_5_5_Izquierda_y,pending,,
mendeley_labeled15_P03_1954578fe19a683c,5s4mt7xrd9.1,P03,z,dactylology,accepted,train,Mexican Sign Languages Dactylology and Ten First Numbers - Labeled images and videos. From person #1 to #5/persona_3/Ciclo_1_5_Derecha/Ciclo_1_5_Derecha_z.mp4,Ciclo_1_5_Derecha_z,pending,,
mendeley_labeled15_P03_05d72ec3f8fc5555,5s4mt7xrd9.1,P03,z,dactylology,accepted,train,Mexican Sign Languages Dactylology and Ten First Numbers - Labeled images and videos. From person #1 to #5/persona_3/Ciclo_1_5_Izquierda/Ciclo_1_5_Izquierda_z.mp4,Ciclo_1_5_Izquierda_z,pending,,
mendeley_labeled15_P03_746135b76be76df4,5s4mt7xrd9.1,P03,z,dactylology,accepted,train,Mexican Sign Languages Dactylology and Ten First Numbers - Labeled images and videos. From person #1 to #5/persona_3/Ciclo_2_5_Derecha/Ciclo_2_5_Derecha_z.mp4,Ciclo_2_5_Derecha_z,pending,,
mendeley_labeled15_P03_bafb4f0d4eddebbc,5s4mt7xrd9.1,P03,z,dactylology,accepted,train,Mexican Sign Languages Dactylology and Ten First Numbers - Labeled images and videos. From person #1 to #5/persona_3/Ciclo_2_5_Izquierda/Ciclo_2_5_Izquierda_z.mp4,Ciclo_2_5_Izquierda_z,pending,,
mendeley_labeled15_P03_1d707fb60fadd59c,5s4mt7xrd9.1,P03,z,dactylology,accepted,train,Mexican Sign Languages Dactylology and Ten First Numbers - Labeled images and videos. From person #1 to #5/persona_3/Ciclo_3_5_Derecha/Ciclo_3_5_Derecha_z.mp4,Ciclo_3_5_Derecha_z,pending,,
mendeley_labeled15_P03_b8e3175be105ebc8,5s4mt7xrd9.1,P03,z,dactylology,accepted,train,Mexican Sign Languages Dactylology and Ten First Numbers - Labeled images and videos. From person #1 to #5/persona_3/Ciclo_3_5_Izquierda/Ciclo_3_5_Izquierda_z.mp4,Ciclo_3_5_Izquierda_z,pending,,
mendeley_labeled15_P03_d7495fd37862315e,5s4mt7xrd9.1,P03,z,dactylology,accepted,train,Mexican Sign Languages Dactylology and Ten First Numbers - Labeled images and videos. From person #1 to #5/persona_3/Ciclo_4_5_Derecha/Ciclo_4_5_Derecha_z.mp4,Ciclo_4_5_Derecha_z,pending,,
mendeley_labeled15_P03_2c5ab7ebe4e3a1cb,5s4mt7xrd9.1,P03,z,dactylology,accepted,train,Mexican Sign Languages Dactylology and Ten First Numbers - Labeled images and videos. From person #1 to #5/persona_3/Ciclo_4_5_Izquierda/Ciclo_4_5_Izquierda_z.mp4,Ciclo_4_5_Izquierda_z,pending,,
mendeley_labeled15_P03_b2200d87c950d710,5s4mt7xrd9.1,P03,z,dactylology,accepted,train,Mexican Sign Languages Dactylology and Ten First Numbers - Labeled images and videos. From person #1 to #5/persona_3/Ciclo_5_5_Derecha/Ciclo_5_5_Derecha_z.mp4,Ciclo_5_5_Derecha_z,pending,,
mendeley_labeled15_P03_f4606eb4b423eea6,5s4mt7xrd9.1,P03,z,dactylology,accepted,train,Mexican Sign Languages Dactylology and Ten First Numbers - Labeled images and videos. From person #1 to #5/persona_3/Ciclo_5_5_Izquierda/Ciclo_5_5_Izquierda_z.mp4,Ciclo_5_5_Izquierda_z,pending,,
mendeley_labeled15_P03_550df179f8286297,5s4mt7xrd9.1,P03,ñ,dactylology,accepted,train,Mexican Sign Languages Dactylology and Ten First Numbers - Labeled images and videos. From person #1 to #5/persona_3/Ciclo_1_5_Izquierda/Ciclo_1_5_Izquierda_ñ.mp4,Ciclo_1_5_Izquierda_ñ,pending,,
mendeley_labeled15_P03_f39ce43327ade10b,5s4mt7xrd9.1,P03,ñ,dactylology,accepted,train,Mexican Sign Languages Dactylology and Ten First Numbers - Labeled images and videos. From person #1 to #5/persona_3/Ciclo_2_5_Derecha/Ciclo_2_5_Derecha_ñ.mp4,Ciclo_2_5_Derecha_ñ,pending,,
mendeley_labeled15_P03_9e30a6da89460fd1,5s4mt7xrd9.1,P03,ñ,dactylology,accepted,train,Mexican Sign Languages Dactylology and Ten First Numbers - Labeled images and videos. From person #1 to #5/persona_3/Ciclo_2_5_Izquierda/Ciclo_2_5_Izquierda_ñ.mp4,Ciclo_2_5_Izquierda_ñ,pending,,
mendeley_labeled15_P03_704a843b5b75223a,5s4mt7xrd9.1,P03,ñ,dactylology,accepted,train,Mexican Sign Languages Dactylology and Ten First Numbers - Labeled images and videos. From person #1 to #5/persona_3/Ciclo_3_5_Derecha/Ciclo_3_5_Derecha_ñ.mp4,Ciclo_3_5_Derecha_ñ,pending,,
mendeley_labeled15_P03_2df16b45e5c67112,5s4mt7xrd9.1,P03,ñ,dactylology,accepted,train,Mexican Sign Languages Dactylology and Ten First Numbers - Labeled images and videos. From person #1 to #5/persona_3/Ciclo_4_5_Derecha/Ciclo_4_5_Derecha_ñ.mp4,Ciclo_4_5_Derecha_ñ,pending,,
mendeley_labeled15_P03_0d12e68b3bc9e068,5s4mt7xrd9.1,P03,ñ,dactylology,accepted,train,Mexican Sign Languages Dactylology and Ten First Numbers - Labeled images and videos. From person #1 to #5/persona_3/Ciclo_5_5_Derecha/Ciclo_5_5_Derecha_ñ.mp4,Ciclo_5_5_Derecha_ñ,pending,,
mendeley_labeled15_P03_3e7434be87a4cb1b,5s4mt7xrd9.1,P03,0,number,accepted,train,Mexican Sign Languages Dactylology and Ten First Numbers - Labeled images and videos. From person #1 to #5/persona_3/Ciclo_1_5_Derecha/Ciclo_1_5_Derecha_0.mp4,Ciclo_1_5_Derecha_0,pending,,
mendeley_labeled15_P03_42125b0ba722cf53,5s4mt7xrd9.1,P03,0,number,accepted,train,Mexican Sign Languages Dactylology and Ten First Numbers - Labeled images and videos. From person #1 to #5/persona_3/Ciclo_1_5_Izquierda/Ciclo_1_5_Izquierda_0.mp4,Ciclo_1_5_Izquierda_0,pending,,
mendeley_labeled15_P03_aa11cbe5980b903a,5s4mt7xrd9.1,P03,0,number,accepted,train,Mexican Sign Languages Dactylology and Ten First Numbers - Labeled images and videos. From person #1 to #5/persona_3/Ciclo_2_5_Derecha/Ciclo_2_5_Derecha_0.mp4,Ciclo_2_5_Derecha_0,pending,,
mendeley_labeled15_P03_d3ec35c12ccfe185,5s4mt7xrd9.1,P03,0,number,accepted,train,Mexican Sign Languages Dactylology and Ten First Numbers - Labeled images and videos. From person #1 to #5/persona_3/Ciclo_2_5_Izquierda/Ciclo_2_5_Izquierda_0.mp4,Ciclo_2_5_Izquierda_0,pending,,
mendeley_labeled15_P03_77c469443bb812e7,5s4mt7xrd9.1,P03,0,number,accepted,train,Mexican Sign Languages Dactylology and Ten First Numbers - Labeled images and videos. From person #1 to #5/persona_3/Ciclo_3_5_Derecha/Ciclo_3_5_Derecha_0.mp4,Ciclo_3_5_Derecha_0,pending,,
mendeley_labeled15_P03_210c099917bd73de,5s4mt7xrd9.1,P03,0,number,accepted,train,Mexican Sign Languages Dactylology and Ten First Numbers - Labeled images and videos. From person #1 to #5/persona_3/Ciclo_3_5_Izquierda/Ciclo_3_5_Izquierda_0.mp4,Ciclo_3_5_Izquierda_0,pending,,
mendeley_labeled15_P03_dd51983dc782cccd,5s4mt7xrd9.1,P03,0,number,accepted,train,Mexican Sign Languages Dactylology and Ten First Numbers - Labeled images and videos. From person #1 to #5/persona_3/Ciclo_4_5_Derecha/Ciclo_4_5_Derecha_0.mp4,Ciclo_4_5_Derecha_0,pending,,
mendeley_labeled15_P03_e0f95185521e7e49,5s4mt7xrd9.1,P03,0,number,accepted,train,Mexican Sign Languages Dactylology and Ten First Numbers - Labeled images and videos. From person #1 to #5/persona_3/Ciclo_4_5_Izquierda/Ciclo_4_5_Izquierda_0.mp4,Ciclo_4_5_Izquierda_0,pending,,
mendeley_labeled15_P03_d8266b319560c99d,5s4mt7xrd9.1,P03,0,number,accepted,train,Mexican Sign Languages Dactylology and Ten First Numbers - Labeled images and videos. From person #1 to #5/persona_3/Ciclo_5_5_Derecha/Ciclo_5_5_Derecha_0.mp4,Ciclo_5_5_Derecha_0,pending,,
mendeley_labeled15_P03_009d81af9ba69b52,5s4mt7xrd9.1,P03,0,number,accepted,train,Mexican Sign Languages Dactylology and Ten First Numbers - Labeled images and videos. From person #1 to #5/persona_3/Ciclo_5_5_Izquierda/Ciclo_5_5_Izquierda_0.mp4,Ciclo_5_5_Izquierda_0,pending,,
mendeley_labeled15_P03_43c2006162277b80,5s4mt7xrd9.1,P03,1,number,accepted,train,Mexican Sign Languages Dactylology and Ten First Numbers - Labeled images and videos. From person #1 to #5/persona_3/Ciclo_1_5_Derecha/Ciclo_1_5_Derecha_1.mp4,Ciclo_1_5_Derecha_1,pending,,
mendeley_labeled15_P03_c70f8f6791f9226e,5s4mt7xrd9.1,P03,1,number,accepted,train,Mexican Sign Languages Dactylology and Ten First Numbers - Labeled images and videos. From person #1 to #5/persona_3/Ciclo_1_5_Izquierda/Ciclo_1_5_Izquierda_1.mp4,Ciclo_1_5_Izquierda_1,pending,,
mendeley_labeled15_P03_c240d2983ac77271,5s4mt7xrd9.1,P03,1,number,accepted,train,Mexican Sign Languages Dactylology and Ten First Numbers - Labeled images and videos. From person #1 to #5/persona_3/Ciclo_2_5_Derecha/Ciclo_2_5_Derecha_1.mp4,Ciclo_2_5_Derecha_1,pending,,
mendeley_labeled15_P03_dda1bf18cbb2f670,5s4mt7xrd9.1,P03,1,number,accepted,train,Mexican Sign Languages Dactylology and Ten First Numbers - Labeled images and videos. From person #1 to #5/persona_3/Ciclo_2_5_Izquierda/Ciclo_2_5_Izquierda_1.mp4,Ciclo_2_5_Izquierda_1,pending,,
mendeley_labeled15_P03_5952ce5baf526d33,5s4mt7xrd9.1,P03,1,number,accepted,train,Mexican Sign Languages Dactylology and Ten First Numbers - Labeled images and videos. From person #1 to #5/persona_3/Ciclo_3_5_Derecha/Ciclo_3_5_Derecha_1.mp4,Ciclo_3_5_Derecha_1,pending,,
mendeley_labeled15_P03_89405b4279582ed0,5s4mt7xrd9.1,P03,1,number,accepted,train,Mexican Sign Languages Dactylology and Ten First Numbers - Labeled images and videos. From person #1 to #5/persona_3/Ciclo_3_5_Izquierda/Ciclo_3_5_Izquierda_1.mp4,Ciclo_3_5_Izquierda_1,pending,,
mendeley_labeled15_P03_4c63cea9376a8053,5s4mt7xrd9.1,P03,1,number,accepted,train,Mexican Sign Languages Dactylology and Ten First Numbers - Labeled images and videos. From person #1 to #5/persona_3/Ciclo_4_5_Derecha/Ciclo_4_5_Derecha_1.mp4,Ciclo_4_5_Derecha_1,pending,,
mendeley_labeled15_P03_ecfd833dee7f67bf,5s4mt7xrd9.1,P03,1,number,accepted,train,Mexican Sign Languages Dactylology and Ten First Numbers - Labeled images and videos. From person #1 to #5/persona_3/Ciclo_4_5_Izquierda/Ciclo_4_5_Izquierda_1.mp4,Ciclo_4_5_Izquierda_1,pending,,
mendeley_labeled15_P03_cea529beafe89501,5s4mt7xrd9.1,P03,1,number,accepted,train,Mexican Sign Languages Dactylology and Ten First Numbers - Labeled images and videos. From person #1 to #5/persona_3/Ciclo_5_5_Derecha/Ciclo_5_5_Derecha_1.mp4,Ciclo_5_5_Derecha_1,pending,,
mendeley_labeled15_P03_fd043b92cec4bbe7,5s4mt7xrd9.1,P03,1,number,accepted,train,Mexican Sign Languages Dactylology and Ten First Numbers - Labeled images and videos. From person #1 to #5/persona_3/Ciclo_5_5_Izquierda/Ciclo_5_5_Izquierda_1.mp4,Ciclo_5_5_Izquierda_1,pending,,
mendeley_labeled15_P03_d7159a808693394f,5s4mt7xrd9.1,P03,10,number,accepted,train,Mexican Sign Languages Dactylology and Ten First Numbers - Labeled images and videos. From person #1 to #5/persona_3/Ciclo_1_5_Derecha/Ciclo_1_5_Derecha_10.mp4,Ciclo_1_5_Derecha_10,pending,,
mendeley_labeled15_P03_714762eaaa9ec429,5s4mt7xrd9.1,P03,10,number,accepted,train,Mexican Sign Languages Dactylology and Ten First Numbers - Labeled images and videos. From person #1 to #5/persona_3/Ciclo_1_5_Izquierda/Ciclo_1_5_Izquierda_10.mp4,Ciclo_1_5_Izquierda_10,pending,,
mendeley_labeled15_P03_289456e57d5a6efe,5s4mt7xrd9.1,P03,10,number,accepted,train,Mexican Sign Languages Dactylology and Ten First Numbers - Labeled images and videos. From person #1 to #5/persona_3/Ciclo_2_5_Derecha/Ciclo_2_5_Derecha_10.mp4,Ciclo_2_5_Derecha_10,pending,,
mendeley_labeled15_P03_eeecd5159bb931a7,5s4mt7xrd9.1,P03,10,number,accepted,train,Mexican Sign Languages Dactylology and Ten First Numbers - Labeled images and videos. From person #1 to #5/persona_3/Ciclo_2_5_Izquierda/Ciclo_2_5_Izquierda_10.mp4,Ciclo_2_5_Izquierda_10,pending,,
mendeley_labeled15_P03_54017e8342666e96,5s4mt7xrd9.1,P03,10,number,accepted,train,Mexican Sign Languages Dactylology and Ten First Numbers - Labeled images and videos. From person #1 to #5/persona_3/Ciclo_3_5_Derecha/Ciclo_3_5_Derecha_10.mp4,Ciclo_3_5_Derecha_10,pending,,
mendeley_labeled15_P03_f94977313cc3af08,5s4mt7xrd9.1,P03,10,number,accepted,train,Mexican Sign Languages Dactylology and Ten First Numbers - Labeled images and videos. From person #1 to #5/persona_3/Ciclo_3_5_Izquierda/Ciclo_3_5_Izquierda_10.mp4,Ciclo_3_5_Izquierda_10,pending,,
mendeley_labeled15_P03_cd8b6a8fa9821809,5s4mt7xrd9.1,P03,10,number,accepted,train,Mexican Sign Languages Dactylology and Ten First Numbers - Labeled images and videos. From person #1 to #5/persona_3/Ciclo_4_5_Derecha/Ciclo_4_5_Derecha_10.mp4,Ciclo_4_5_Derecha_10,pending,,
mendeley_labeled15_P03_5848f481374101b7,5s4mt7xrd9.1,P03,10,number,accepted,train,Mexican Sign Languages Dactylology and Ten First Numbers - Labeled images and videos. From person #1 to #5/persona_3/Ciclo_4_5_Izquierda/Ciclo_4_5_Izquierda_10.mp4,Ciclo_4_5_Izquierda_10,pending,,
mendeley_labeled15_P03_55a4842114b33e26,5s4mt7xrd9.1,P03,10,number,accepted,train,Mexican Sign Languages Dactylology and Ten First Numbers - Labeled images and videos. From person #1 to #5/persona_3/Ciclo_5_5_Derecha/Ciclo_5_5_Derecha_10.mp4,Ciclo_5_5_Derecha_10,pending,,
mendeley_labeled15_P03_253d8cfa7526cc58,5s4mt7xrd9.1,P03,10,number,accepted,train,Mexican Sign Languages Dactylology and Ten First Numbers - Labeled images and videos. From person #1 to #5/persona_3/Ciclo_5_5_Izquierda/Ciclo_5_5_Izquierda_10.mp4,Ciclo_5_5_Izquierda_10,pending,,
mendeley_labeled15_P03_6c60cae24ca80163,5s4mt7xrd9.1,P03,2,number,accepted,train,Mexican Sign Languages Dactylology and Ten First Numbers - Labeled images and videos. From person #1 to #5/persona_3/Ciclo_1_5_Derecha/Ciclo_1_5_Derecha_2.mp4,Ciclo_1_5_Derecha_2,pending,,
mendeley_labeled15_P03_57820beb167c81f3,5s4mt7xrd9.1,P03,2,number,accepted,train,Mexican Sign Languages Dactylology and Ten First Numbers - Labeled images and videos. From person #1 to #5/persona_3/Ciclo_1_5_Izquierda/Ciclo_1_5_Izquierda_2.mp4,Ciclo_1_5_Izquierda_2,pending,,
mendeley_labeled15_P03_4900f7654a85788d,5s4mt7xrd9.1,P03,2,number,accepted,train,Mexican Sign Languages Dactylology and Ten First Numbers - Labeled images and videos. From person #1 to #5/persona_3/Ciclo_2_5_Derecha/Ciclo_2_5_Derecha_2.mp4,Ciclo_2_5_Derecha_2,pending,,
mendeley_labeled15_P03_8caed4af247be5e5,5s4mt7xrd9.1,P03,2,number,accepted,train,Mexican Sign Languages Dactylology and Ten First Numbers - Labeled images and videos. From person #1 to #5/persona_3/Ciclo_2_5_Izquierda/Ciclo_2_5_Izquierda_2.mp4,Ciclo_2_5_Izquierda_2,pending,,
mendeley_labeled15_P03_a168d93fe3299a75,5s4mt7xrd9.1,P03,2,number,accepted,train,Mexican Sign Languages Dactylology and Ten First Numbers - Labeled images and videos. From person #1 to #5/persona_3/Ciclo_3_5_Derecha/Ciclo_3_5_Derecha_2.mp4,Ciclo_3_5_Derecha_2,pending,,
mendeley_labeled15_P03_882c98a88ef38d01,5s4mt7xrd9.1,P03,2,number,accepted,train,Mexican Sign Languages Dactylology and Ten First Numbers - Labeled images and videos. From person #1 to #5/persona_3/Ciclo_3_5_Izquierda/Ciclo_3_5_Izquierda_2.mp4,Ciclo_3_5_Izquierda_2,pending,,
mendeley_labeled15_P03_25b5ed2e136360fd,5s4mt7xrd9.1,P03,2,number,accepted,train,Mexican Sign Languages Dactylology and Ten First Numbers - Labeled images and videos. From person #1 to #5/persona_3/Ciclo_4_5_Derecha/Ciclo_4_5_Derecha_2.mp4,Ciclo_4_5_Derecha_2,pending,,
mendeley_labeled15_P03_bc02536e9f3a12ae,5s4mt7xrd9.1,P03,2,number,accepted,train,Mexican Sign Languages Dactylology and Ten First Numbers - Labeled images and videos. From person #1 to #5/persona_3/Ciclo_4_5_Izquierda/Ciclo_4_5_Izquierda_2.mp4,Ciclo_4_5_Izquierda_2,pending,,
mendeley_labeled15_P03_2b1aaecfdb4deafe,5s4mt7xrd9.1,P03,2,number,accepted,train,Mexican Sign Languages Dactylology and Ten First Numbers - Labeled images and videos. From person #1 to #5/persona_3/Ciclo_5_5_Derecha/Ciclo_5_5_Derecha_2.mp4,Ciclo_5_5_Derecha_2,pending,,
mendeley_labeled15_P03_fd7cfd8242dbdde6,5s4mt7xrd9.1,P03,2,number,accepted,train,Mexican Sign Languages Dactylology and Ten First Numbers - Labeled images and videos. From person #1 to #5/persona_3/Ciclo_5_5_Izquierda/Ciclo_5_5_Izquierda_2.mp4,Ciclo_5_5_Izquierda_2,pending,,
mendeley_labeled15_P03_c3a28da16a205fd3,5s4mt7xrd9.1,P03,3,number,accepted,train,Mexican Sign Languages Dactylology and Ten First Numbers - Labeled images and videos. From person #1 to #5/persona_3/Ciclo_1_5_Derecha/Ciclo_1_5_Derecha_3.mp4,Ciclo_1_5_Derecha_3,pending,,
mendeley_labeled15_P03_2fb22b4d5bffea81,5s4mt7xrd9.1,P03,3,number,accepted,train,Mexican Sign Languages Dactylology and Ten First Numbers - Labeled images and videos. From person #1 to #5/persona_3/Ciclo_1_5_Izquierda/Ciclo_1_5_Izquierda_3.mp4,Ciclo_1_5_Izquierda_3,pending,,
mendeley_labeled15_P03_28b8d698cac29ebc,5s4mt7xrd9.1,P03,3,number,accepted,train,Mexican Sign Languages Dactylology and Ten First Numbers - Labeled images and videos. From person #1 to #5/persona_3/Ciclo_2_5_Derecha/Ciclo_2_5_Derecha_3.mp4,Ciclo_2_5_Derecha_3,pending,,
mendeley_labeled15_P03_510b1ebe88ea2e83,5s4mt7xrd9.1,P03,3,number,accepted,train,Mexican Sign Languages Dactylology and Ten First Numbers - Labeled images and videos. From person #1 to #5/persona_3/Ciclo_2_5_Izquierda/Ciclo_2_5_Izquierda_3.mp4,Ciclo_2_5_Izquierda_3,pending,,
mendeley_labeled15_P03_7c78c7bbf19395f1,5s4mt7xrd9.1,P03,3,number,accepted,train,Mexican Sign Languages Dactylology and Ten First Numbers - Labeled images and videos. From person #1 to #5/persona_3/Ciclo_3_5_Derecha/Ciclo_3_5_Derecha_3.mp4,Ciclo_3_5_Derecha_3,pending,,
mendeley_labeled15_P03_5e3e2dcf428e8863,5s4mt7xrd9.1,P03,3,number,accepted,train,Mexican Sign Languages Dactylology and Ten First Numbers - Labeled images and videos. From person #1 to #5/persona_3/Ciclo_3_5_Izquierda/Ciclo_3_5_Izquierda_3.mp4,Ciclo_3_5_Izquierda_3,pending,,
mendeley_labeled15_P03_d9ba6c3593272f34,5s4mt7xrd9.1,P03,3,number,accepted,train,Mexican Sign Languages Dactylology and Ten First Numbers - Labeled images and videos. From person #1 to #5/persona_3/Ciclo_4_5_Derecha/Ciclo_4_5_Derecha_3.mp4,Ciclo_4_5_Derecha_3,pending,,
mendeley_labeled15_P03_eed75900745f389e,5s4mt7xrd9.1,P03,3,number,accepted,train,Mexican Sign Languages Dactylology and Ten First Numbers - Labeled images and videos. From person #1 to #5/persona_3/Ciclo_4_5_Izquierda/Ciclo_4_5_Izquierda_3.mp4,Ciclo_4_5_Izquierda_3,pending,,
mendeley_labeled15_P03_503e25f60ca4910a,5s4mt7xrd9.1,P03,3,number,accepted,train,Mexican Sign Languages Dactylology and Ten First Numbers - Labeled images and videos. From person #1 to #5/persona_3/Ciclo_5_5_Derecha/Ciclo_5_5_Derecha_3.mp4,Ciclo_5_5_Derecha_3,pending,,
mendeley_labeled15_P03_a692569960cb7feb,5s4mt7xrd9.1,P03,3,number,accepted,train,Mexican Sign Languages Dactylology and Ten First Numbers - Labeled images and videos. From person #1 to #5/persona_3/Ciclo_5_5_Izquierda/Ciclo_5_5_Izquierda_3.mp4,Ciclo_5_5_Izquierda_3,pending,,
mendeley_labeled15_P03_8e3212e6b13a79fb,5s4mt7xrd9.1,P03,4,number,accepted,train,Mexican Sign Languages Dactylology and Ten First Numbers - Labeled images and videos. From person #1 to #5/persona_3/Ciclo_1_5_Derecha/Ciclo_1_5_Derecha_4.mp4,Ciclo_1_5_Derecha_4,pending,,
mendeley_labeled15_P03_0863b5b2fda28284,5s4mt7xrd9.1,P03,4,number,accepted,train,Mexican Sign Languages Dactylology and Ten First Numbers - Labeled images and videos. From person #1 to #5/persona_3/Ciclo_1_5_Izquierda/Ciclo_1_5_Izquierda_4.mp4,Ciclo_1_5_Izquierda_4,pending,,
mendeley_labeled15_P03_b4be050e9202978d,5s4mt7xrd9.1,P03,4,number,accepted,train,Mexican Sign Languages Dactylology and Ten First Numbers - Labeled images and videos. From person #1 to #5/persona_3/Ciclo_2_5_Derecha/Ciclo_2_5_Derecha_4.mp4,Ciclo_2_5_Derecha_4,pending,,
mendeley_labeled15_P03_4224ee4e46ca2b41,5s4mt7xrd9.1,P03,4,number,accepted,train,Mexican Sign Languages Dactylology and Ten First Numbers - Labeled images and videos. From person #1 to #5/persona_3/Ciclo_2_5_Izquierda/Ciclo_2_5_Izquierda_4.mp4,Ciclo_2_5_Izquierda_4,pending,,
mendeley_labeled15_P03_48c1e91820529f28,5s4mt7xrd9.1,P03,4,number,accepted,train,Mexican Sign Languages Dactylology and Ten First Numbers - Labeled images and videos. From person #1 to #5/persona_3/Ciclo_3_5_Derecha/Ciclo_3_5_Derecha_4.mp4,Ciclo_3_5_Derecha_4,pending,,
mendeley_labeled15_P03_63cc20a1cf56737c,5s4mt7xrd9.1,P03,4,number,accepted,train,Mexican Sign Languages Dactylology and Ten First Numbers - Labeled images and videos. From person #1 to #5/persona_3/Ciclo_3_5_Izquierda/Ciclo_3_5_Izquierda_4.mp4,Ciclo_3_5_Izquierda_4,pending,,
mendeley_labeled15_P03_6a0ad9db83d7853d,5s4mt7xrd9.1,P03,4,number,accepted,train,Mexican Sign Languages Dactylology and Ten First Numbers - Labeled images and videos. From person #1 to #5/persona_3/Ciclo_4_5_Derecha/Ciclo_4_5_Derecha_4.mp4,Ciclo_4_5_Derecha_4,pending,,
mendeley_labeled15_P03_ef6fbb9753646495,5s4mt7xrd9.1,P03,4,number,accepted,train,Mexican Sign Languages Dactylology and Ten First Numbers - Labeled images and videos. From person #1 to #5/persona_3/Ciclo_4_5_Izquierda/Ciclo_4_5_Izquierda_4.mp4,Ciclo_4_5_Izquierda_4,pending,,
mendeley_labeled15_P03_d4429cf34bbcf45a,5s4mt7xrd9.1,P03,4,number,accepted,train,Mexican Sign Languages Dactylology and Ten First Numbers - Labeled images and videos. From person #1 to #5/persona_3/Ciclo_5_5_Derecha/Ciclo_5_5_Derecha_4.mp4,Ciclo_5_5_Derecha_4,pending,,
mendeley_labeled15_P03_b8f540cbbc061377,5s4mt7xrd9.1,P03,4,number,accepted,train,Mexican Sign Languages Dactylology and Ten First Numbers - Labeled images and videos. From person #1 to #5/persona_3/Ciclo_5_5_Izquierda/Ciclo_5_5_Izquierda_4.mp4,Ciclo_5_5_Izquierda_4,pending,,
mendeley_labeled15_P03_c0f8eff868a3e8f2,5s4mt7xrd9.1,P03,5,number,accepted,train,Mexican Sign Languages Dactylology and Ten First Numbers - Labeled images and videos. From person #1 to #5/persona_3/Ciclo_1_5_Derecha/Ciclo_1_5_Derecha_5.mp4,Ciclo_1_5_Derecha_5,pending,,
mendeley_labeled15_P03_bf30799bb67ee4a8,5s4mt7xrd9.1,P03,5,number,accepted,train,Mexican Sign Languages Dactylology and Ten First Numbers - Labeled images and videos. From person #1 to #5/persona_3/Ciclo_1_5_Izquierda/Ciclo_1_5_Izquierda_5.mp4,Ciclo_1_5_Izquierda_5,pending,,
mendeley_labeled15_P03_a6785f100834e138,5s4mt7xrd9.1,P03,5,number,accepted,train,Mexican Sign Languages Dactylology and Ten First Numbers - Labeled images and videos. From person #1 to #5/persona_3/Ciclo_2_5_Derecha/Ciclo_2_5_Derecha_5.mp4,Ciclo_2_5_Derecha_5,pending,,
mendeley_labeled15_P03_c4ec690a5765b80e,5s4mt7xrd9.1,P03,5,number,accepted,train,Mexican Sign Languages Dactylology and Ten First Numbers - Labeled images and videos. From person #1 to #5/persona_3/Ciclo_2_5_Izquierda/Ciclo_2_5_Izquierda_5.mp4,Ciclo_2_5_Izquierda_5,pending,,
mendeley_labeled15_P03_4827fc5a1f9da43e,5s4mt7xrd9.1,P03,5,number,accepted,train,Mexican Sign Languages Dactylology and Ten First Numbers - Labeled images and videos. From person #1 to #5/persona_3/Ciclo_3_5_Derecha/Ciclo_3_5_Derecha_5.mp4,Ciclo_3_5_Derecha_5,pending,,
mendeley_labeled15_P03_ca0d01232931bfbb,5s4mt7xrd9.1,P03,5,number,accepted,train,Mexican Sign Languages Dactylology and Ten First Numbers - Labeled images and videos. From person #1 to #5/persona_3/Ciclo_3_5_Izquierda/Ciclo_3_5_Izquierda_5.mp4,Ciclo_3_5_Izquierda_5,pending,,
mendeley_labeled15_P03_835eef7b5654c037,5s4mt7xrd9.1,P03,5,number,accepted,train,Mexican Sign Languages Dactylology and Ten First Numbers - Labeled images and videos. From person #1 to #5/persona_3/Ciclo_4_5_Derecha/Ciclo_4_5_Derecha_5.mp4,Ciclo_4_5_Derecha_5,pending,,
mendeley_labeled15_P03_41f0c422ded41b12,5s4mt7xrd9.1,P03,5,number,accepted,train,Mexican Sign Languages Dactylology and Ten First Numbers - Labeled images and videos. From person #1 to #5/persona_3/Ciclo_4_5_Izquierda/Ciclo_4_5_Izquierda_5.mp4,Ciclo_4_5_Izquierda_5,pending,,
mendeley_labeled15_P03_30e8e4d2a1182ae8,5s4mt7xrd9.1,P03,5,number,accepted,train,Mexican Sign Languages Dactylology and Ten First Numbers - Labeled images and videos. From person #1 to #5/persona_3/Ciclo_5_5_Derecha/Ciclo_5_5_Derecha_5.mp4,Ciclo_5_5_Derecha_5,pending,,
mendeley_labeled15_P03_8705b3d3e2107377,5s4mt7xrd9.1,P03,5,number,accepted,train,Mexican Sign Languages Dactylology and Ten First Numbers - Labeled images and videos. From person #1 to #5/persona_3/Ciclo_5_5_Izquierda/Ciclo_5_5_Izquierda_5.mp4,Ciclo_5_5_Izquierda_5,pending,,
mendeley_labeled15_P03_509c2086b37a3cbb,5s4mt7xrd9.1,P03,6,number,accepted,train,Mexican Sign Languages Dactylology and Ten First Numbers - Labeled images and videos. From person #1 to #5/persona_3/Ciclo_1_5_Derecha/Ciclo_1_5_Derecha_6.mp4,Ciclo_1_5_Derecha_6,pending,,
mendeley_labeled15_P03_4ff824eb813ec988,5s4mt7xrd9.1,P03,6,number,accepted,train,Mexican Sign Languages Dactylology and Ten First Numbers - Labeled images and videos. From person #1 to #5/persona_3/Ciclo_1_5_Izquierda/Ciclo_1_5_Izquierda_6.mp4,Ciclo_1_5_Izquierda_6,pending,,
mendeley_labeled15_P03_82109f2d6ad8edbb,5s4mt7xrd9.1,P03,6,number,accepted,train,Mexican Sign Languages Dactylology and Ten First Numbers - Labeled images and videos. From person #1 to #5/persona_3/Ciclo_2_5_Derecha/Ciclo_2_5_Derecha_6.mp4,Ciclo_2_5_Derecha_6,pending,,
mendeley_labeled15_P03_516f4b0290d8c3ab,5s4mt7xrd9.1,P03,6,number,accepted,train,Mexican Sign Languages Dactylology and Ten First Numbers - Labeled images and videos. From person #1 to #5/persona_3/Ciclo_2_5_Izquierda/Ciclo_2_5_Izquierda_6.mp4,Ciclo_2_5_Izquierda_6,pending,,
mendeley_labeled15_P03_1fecf3ca1187e86b,5s4mt7xrd9.1,P03,6,number,accepted,train,Mexican Sign Languages Dactylology and Ten First Numbers - Labeled images and videos. From person #1 to #5/persona_3/Ciclo_3_5_Derecha/Ciclo_3_5_Derecha_6.mp4,Ciclo_3_5_Derecha_6,pending,,
mendeley_labeled15_P03_531547d731ec996e,5s4mt7xrd9.1,P03,6,number,accepted,train,Mexican Sign Languages Dactylology and Ten First Numbers - Labeled images and videos. From person #1 to #5/persona_3/Ciclo_3_5_Izquierda/Ciclo_3_5_Izquierda_6.mp4,Ciclo_3_5_Izquierda_6,pending,,
mendeley_labeled15_P03_626c5113cc59fae6,5s4mt7xrd9.1,P03,6,number,accepted,train,Mexican Sign Languages Dactylology and Ten First Numbers - Labeled images and videos. From person #1 to #5/persona_3/Ciclo_4_5_Derecha/Ciclo_4_5_Derecha_6.mp4,Ciclo_4_5_Derecha_6,pending,,
mendeley_labeled15_P03_f077b36126162362,5s4mt7xrd9.1,P03,6,number,accepted,train,Mexican Sign Languages Dactylology and Ten First Numbers - Labeled images and videos. From person #1 to #5/persona_3/Ciclo_4_5_Izquierda/Ciclo_4_5_Izquierda_6.mp4,Ciclo_4_5_Izquierda_6,pending,,
mendeley_labeled15_P03_6892685d98481c3e,5s4mt7xrd9.1,P03,6,number,accepted,train,Mexican Sign Languages Dactylology and Ten First Numbers - Labeled images and videos. From person #1 to #5/persona_3/Ciclo_5_5_Derecha/Ciclo_5_5_Derecha_6.mp4,Ciclo_5_5_Derecha_6,pending,,
mendeley_labeled15_P03_cfb4128392f3c5a1,5s4mt7xrd9.1,P03,6,number,accepted,train,Mexican Sign Languages Dactylology and Ten First Numbers - Labeled images and videos. From person #1 to #5/persona_3/Ciclo_5_5_Izquierda/Ciclo_5_5_Izquierda_6.mp4,Ciclo_5_5_Izquierda_6,pending,,
mendeley_labeled15_P03_d50e3c7997aa2670,5s4mt7xrd9.1,P03,7,number,accepted,train,Mexican Sign Languages Dactylology and Ten First Numbers - Labeled images and videos. From person #1 to #5/persona_3/Ciclo_1_5_Derecha/Ciclo_5_Derecha_7.mp4,Ciclo_5_Derecha_7,pending,,
mendeley_labeled15_P03_ee5e59fa19f1d620,5s4mt7xrd9.1,P03,7,number,accepted,train,Mexican Sign Languages Dactylology and Ten First Numbers - Labeled images and videos. From person #1 to #5/persona_3/Ciclo_1_5_Izquierda/Ciclo_1_5_Izquierda_7.mp4,Ciclo_1_5_Izquierda_7,pending,,
mendeley_labeled15_P03_874d146abcdbb662,5s4mt7xrd9.1,P03,7,number,accepted,train,Mexican Sign Languages Dactylology and Ten First Numbers - Labeled images and videos. From person #1 to #5/persona_3/Ciclo_2_5_Derecha/Ciclo_2_5_Derecha_7.mp4,Ciclo_2_5_Derecha_7,pending,,
mendeley_labeled15_P03_14a583396a93b720,5s4mt7xrd9.1,P03,7,number,accepted,train,Mexican Sign Languages Dactylology and Ten First Numbers - Labeled images and videos. From person #1 to #5/persona_3/Ciclo_2_5_Izquierda/Ciclo_2_5_Izquierda_7.mp4,Ciclo_2_5_Izquierda_7,pending,,
mendeley_labeled15_P03_dcb2566aeb53b727,5s4mt7xrd9.1,P03,7,number,accepted,train,Mexican Sign Languages Dactylology and Ten First Numbers - Labeled images and videos. From person #1 to #5/persona_3/Ciclo_3_5_Derecha/Ciclo_3_5_Derecha_7.mp4,Ciclo_3_5_Derecha_7,pending,,
mendeley_labeled15_P03_2b56d6289e09a6a2,5s4mt7xrd9.1,P03,7,number,accepted,train,Mexican Sign Languages Dactylology and Ten First Numbers - Labeled images and videos. From person #1 to #5/persona_3/Ciclo_3_5_Izquierda/Ciclo_3_5_Izquierda_7.mp4,Ciclo_3_5_Izquierda_7,pending,,
mendeley_labeled15_P03_ff58199a0158955a,5s4mt7xrd9.1,P03,7,number,accepted,train,Mexican Sign Languages Dactylology and Ten First Numbers - Labeled images and videos. From person #1 to #5/persona_3/Ciclo_4_5_Derecha/Ciclo_4_5_Derecha_7.mp4,Ciclo_4_5_Derecha_7,pending,,
mendeley_labeled15_P03_9d3df885b1f91c94,5s4mt7xrd9.1,P03,7,number,accepted,train,Mexican Sign Languages Dactylology and Ten First Numbers - Labeled images and videos. From person #1 to #5/persona_3/Ciclo_4_5_Izquierda/Ciclo_4_5_Izquierda_7.mp4,Ciclo_4_5_Izquierda_7,pending,,
mendeley_labeled15_P03_8c90f534b261c972,5s4mt7xrd9.1,P03,7,number,accepted,train,Mexican Sign Languages Dactylology and Ten First Numbers - Labeled images and videos. From person #1 to #5/persona_3/Ciclo_5_5_Derecha/Ciclo_5_5_Derecha_7.mp4,Ciclo_5_5_Derecha_7,pending,,
mendeley_labeled15_P03_17b7ba66f504ce16,5s4mt7xrd9.1,P03,7,number,accepted,train,Mexican Sign Languages Dactylology and Ten First Numbers - Labeled images and videos. From person #1 to #5/persona_3/Ciclo_5_5_Izquierda/Ciclo_5_5_Izquierda_7.mp4,Ciclo_5_5_Izquierda_7,pending,,
mendeley_labeled15_P03_5d66079d02b7e24d,5s4mt7xrd9.1,P03,8,number,accepted,train,Mexican Sign Languages Dactylology and Ten First Numbers - Labeled images and videos. From person #1 to #5/persona_3/Ciclo_1_5_Derecha/Ciclo_1_5_Derecha_8.mp4,Ciclo_1_5_Derecha_8,pending,,
mendeley_labeled15_P03_83df08da0b2423c7,5s4mt7xrd9.1,P03,8,number,accepted,train,Mexican Sign Languages Dactylology and Ten First Numbers - Labeled images and videos. From person #1 to #5/persona_3/Ciclo_1_5_Izquierda/Ciclo_1_5_Izquierda_8.mp4,Ciclo_1_5_Izquierda_8,pending,,
mendeley_labeled15_P03_ef632864a75e0e3e,5s4mt7xrd9.1,P03,8,number,accepted,train,Mexican Sign Languages Dactylology and Ten First Numbers - Labeled images and videos. From person #1 to #5/persona_3/Ciclo_2_5_Derecha/Ciclo_2_5_Derecha_8.mp4,Ciclo_2_5_Derecha_8,pending,,
mendeley_labeled15_P03_4e17b1d297655f0f,5s4mt7xrd9.1,P03,8,number,accepted,train,Mexican Sign Languages Dactylology and Ten First Numbers - Labeled images and videos. From person #1 to #5/persona_3/Ciclo_2_5_Izquierda/Ciclo_2_5_Izquierda_8.mp4,Ciclo_2_5_Izquierda_8,pending,,
mendeley_labeled15_P03_9f6571905d33b12f,5s4mt7xrd9.1,P03,8,number,accepted,train,Mexican Sign Languages Dactylology and Ten First Numbers - Labeled images and videos. From person #1 to #5/persona_3/Ciclo_3_5_Derecha/Ciclo_3_5_Derecha_8.mp4,Ciclo_3_5_Derecha_8,pending,,
mendeley_labeled15_P03_6955aaa72600e131,5s4mt7xrd9.1,P03,8,number,accepted,train,Mexican Sign Languages Dactylology and Ten First Numbers - Labeled images and videos. From person #1 to #5/persona_3/Ciclo_3_5_Izquierda/Ciclo_3_5_Izquierda_8.mp4,Ciclo_3_5_Izquierda_8,pending,,
mendeley_labeled15_P03_9219bb369da22ce1,5s4mt7xrd9.1,P03,8,number,accepted,train,Mexican Sign Languages Dactylology and Ten First Numbers - Labeled images and videos. From person #1 to #5/persona_3/Ciclo_4_5_Derecha/Ciclo_4_5_Derecha_8.mp4,Ciclo_4_5_Derecha_8,pending,,
mendeley_labeled15_P03_a00067bfe22b3da8,5s4mt7xrd9.1,P03,8,number,accepted,train,Mexican Sign Languages Dactylology and Ten First Numbers - Labeled images and videos. From person #1 to #5/persona_3/Ciclo_4_5_Izquierda/Ciclo_4_5_Izquierda_8.mp4,Ciclo_4_5_Izquierda_8,pending,,
mendeley_labeled15_P03_30eba514e32f2cb8,5s4mt7xrd9.1,P03,8,number,accepted,train,Mexican Sign Languages Dactylology and Ten First Numbers - Labeled images and videos. From person #1 to #5/persona_3/Ciclo_5_5_Derecha/Ciclo_5_5_Derecha_8.mp4,Ciclo_5_5_Derecha_8,pending,,
mendeley_labeled15_P03_abfcb3137f292510,5s4mt7xrd9.1,P03,8,number,accepted,train,Mexican Sign Languages Dactylology and Ten First Numbers - Labeled images and videos. From person #1 to #5/persona_3/Ciclo_5_5_Izquierda/Ciclo_5_5_Izquierda_8.mp4,Ciclo_5_5_Izquierda_8,pending,,
mendeley_labeled15_P03_a2f908cf26508610,5s4mt7xrd9.1,P03,9,number,accepted,train,Mexican Sign Languages Dactylology and Ten First Numbers - Labeled images and videos. From person #1 to #5/persona_3/Ciclo_1_5_Derecha/Ciclo_1_5_Derecha_9.mp4,Ciclo_1_5_Derecha_9,pending,,
mendeley_labeled15_P03_82a6a82c94e5c976,5s4mt7xrd9.1,P03,9,number,accepted,train,Mexican Sign Languages Dactylology and Ten First Numbers - Labeled images and videos. From person #1 to #5/persona_3/Ciclo_1_5_Izquierda/Ciclo_1_5_Izquierda_9.mp4,Ciclo_1_5_Izquierda_9,pending,,
mendeley_labeled15_P03_095b66f6efb4c109,5s4mt7xrd9.1,P03,9,number,accepted,train,Mexican Sign Languages Dactylology and Ten First Numbers - Labeled images and videos. From person #1 to #5/persona_3/Ciclo_2_5_Derecha/Ciclo_2_5_Derecha_9.mp4,Ciclo_2_5_Derecha_9,pending,,
mendeley_labeled15_P03_cd2d1976c9aed8c5,5s4mt7xrd9.1,P03,9,number,accepted,train,Mexican Sign Languages Dactylology and Ten First Numbers - Labeled images and videos. From person #1 to #5/persona_3/Ciclo_2_5_Izquierda/Ciclo_2_5_Izquierda_9.mp4,Ciclo_2_5_Izquierda_9,pending,,
mendeley_labeled15_P03_8f33beb675ecabc5,5s4mt7xrd9.1,P03,9,number,accepted,train,Mexican Sign Languages Dactylology and Ten First Numbers - Labeled images and videos. From person #1 to #5/persona_3/Ciclo_3_5_Derecha/Ciclo_3_5_Derecha_9.mp4,Ciclo_3_5_Derecha_9,pending,,
mendeley_labeled15_P03_d5f72e4c6c9d02f1,5s4mt7xrd9.1,P03,9,number,accepted,train,Mexican Sign Languages Dactylology and Ten First Numbers - Labeled images and videos. From person #1 to #5/persona_3/Ciclo_3_5_Izquierda/Ciclo_3_5_Izquierda_9.mp4,Ciclo_3_5_Izquierda_9,pending,,
mendeley_labeled15_P03_90465ab65d7bff11,5s4mt7xrd9.1,P03,9,number,accepted,train,Mexican Sign Languages Dactylology and Ten First Numbers - Labeled images and videos. From person #1 to #5/persona_3/Ciclo_4_5_Derecha/Ciclo_4_5_Derecha_9.mp4,Ciclo_4_5_Derecha_9,pending,,
mendeley_labeled15_P03_d265ff0131d7822b,5s4mt7xrd9.1,P03,9,number,accepted,train,Mexican Sign Languages Dactylology and Ten First Numbers - Labeled images and videos. From person #1 to #5/persona_3/Ciclo_4_5_Izquierda/Ciclo_4_5_Izquierda_9.mp4,Ciclo_4_5_Izquierda_9,pending,,
mendeley_labeled15_P03_e73d91d9bd530cf7,5s4mt7xrd9.1,P03,9,number,accepted,train,Mexican Sign Languages Dactylology and Ten First Numbers - Labeled images and videos. From person #1 to #5/persona_3/Ciclo_5_5_Derecha/Ciclo_5_5_Derecha_9.mp4,Ciclo_5_5_Derecha_9,pending,,
mendeley_labeled15_P03_02c1b81b3ba2fea4,5s4mt7xrd9.1,P03,9,number,accepted,train,Mexican Sign Languages Dactylology and Ten First Numbers - Labeled images and videos. From person #1 to #5/persona_3/Ciclo_5_5_Izquierda/Ciclo_5_5_Izquierda_9.mp4,Ciclo_5_5_Izquierda_9,pending,,
mendeley_labeled15_P03_b9400a3c089c2b96,5s4mt7xrd9.1,P03,n-b6klxk,unknown,quarantined_ambiguous,train,Mexican Sign Languages Dactylology and Ten First Numbers - Labeled images and videos. From person #1 to #5/persona_3/Ciclo_2_5_Izquierda/Ciclo_2_5_Izquierda_n-b6kLXK.mp4,Ciclo_2_5_Izquierda_n-b6kLXK,quarantined,,ambiguous_or_unrecognized_filename_suffix
mendeley_labeled15_P03_6237d2738f6eca3d,5s4mt7xrd9.1,P03,n-ela3lq,unknown,quarantined_ambiguous,train,Mexican Sign Languages Dactylology and Ten First Numbers - Labeled images and videos. From person #1 to #5/persona_3/Ciclo_5_5_Derecha/Ciclo_5_5_Derecha_n-ELa3lQ.mp4,Ciclo_5_5_Derecha_n-ELa3lQ,quarantined,,ambiguous_or_unrecognized_filename_suffix
mendeley_labeled15_P03_ea5b032a7841d87c,5s4mt7xrd9.1,P03,n-f77t6i,unknown,quarantined_ambiguous,train,Mexican Sign Languages Dactylology and Ten First Numbers - Labeled images and videos. From person #1 to #5/persona_3/Ciclo_3_5_Derecha/Ciclo_3_5_Derecha_n-F77t6i.mp4,Ciclo_3_5_Derecha_n-F77t6i,quarantined,,ambiguous_or_unrecognized_filename_suffix
mendeley_labeled15_P03_4fef70a8ac58d84c,5s4mt7xrd9.1,P03,n-ioze8l,unknown,quarantined_ambiguous,train,Mexican Sign Languages Dactylology and Ten First Numbers - Labeled images and videos. From person #1 to #5/persona_3/Ciclo_1_5_Izquierda/Ciclo_1_5_Izquierda_n-iOzE8l.mp4,Ciclo_1_5_Izquierda_n-iOzE8l,quarantined,,ambiguous_or_unrecognized_filename_suffix
mendeley_labeled15_P03_2dffbb84e218784f,5s4mt7xrd9.1,P03,n-mmaxva,unknown,quarantined_ambiguous,train,Mexican Sign Languages Dactylology and Ten First Numbers - Labeled images and videos. From person #1 to #5/persona_3/Ciclo_4_5_Derecha/Ciclo_4_5_Derecha_n-mMaxVA.mp4,Ciclo_4_5_Derecha_n-mMaxVA,quarantined,,ambiguous_or_unrecognized_filename_suffix
mendeley_labeled15_P03_9c6c6d04c026c7b4,5s4mt7xrd9.1,P03,n-s01pza,unknown,quarantined_ambiguous,train,Mexican Sign Languages Dactylology and Ten First Numbers - Labeled images and videos. From person #1 to #5/persona_3/Ciclo_2_5_Derecha/Ciclo_2_5_Derecha_n-S01pza.mp4,Ciclo_2_5_Derecha_n-S01pza,quarantined,,ambiguous_or_unrecognized_filename_suffix
mendeley_labeled15_P03_e333c681cb2efdc1,5s4mt7xrd9.1,P03,ñ-ahxqiy,unknown,quarantined_unknown_label,train,Mexican Sign Languages Dactylology and Ten First Numbers - Labeled images and videos. From person #1 to #5/persona_3/Ciclo_3_5_Izquierda/Ciclo_3_5_Izquierda_ñ-ahXQIy.mp4,Ciclo_3_5_Izquierda_ñ-ahXQIy,quarantined,,ambiguous_or_unrecognized_filename_suffix
mendeley_labeled15_P03_6f2352aae97cea7b,5s4mt7xrd9.1,P03,ñ-kq0lop,unknown,quarantined_unknown_label,train,Mexican Sign Languages Dactylology and Ten First Numbers - Labeled images and videos. From person #1 to #5/persona_3/Ciclo_5_5_Izquierda/Ciclo_5_5_Izquierda_ñ-KQ0lOP.mp4,Ciclo_5_5_Izquierda_ñ-KQ0lOP,quarantined,,ambiguous_or_unrecognized_filename_suffix
mendeley_labeled15_P03_27ad8569c779b913,5s4mt7xrd9.1,P03,ñ-lakdid,unknown,quarantined_unknown_label,train,Mexican Sign Languages Dactylology and Ten First Numbers - Labeled images and videos. From person #1 to #5/persona_3/Ciclo_4_5_Izquierda/Ciclo_4_5_Izquierda_ñ-LaKdiD.mp4,Ciclo_4_5_Izquierda_ñ-LaKdiD,quarantined,,ambiguous_or_unrecognized_filename_suffix
mendeley_labeled15_P04_f811fe36ffe5a81d,5s4mt7xrd9.1,P04,a,dactylology,accepted,validation,Mexican Sign Languages Dactylology and Ten First Numbers - Labeled images and videos. From person #1 to #5/persona_4/Ciclo_1_5_Derecha/Ciclo_1_5_Derecha_a.mp4,Ciclo_1_5_Derecha_a,pending,,
mendeley_labeled15_P04_1d7b2b807dd450b4,5s4mt7xrd9.1,P04,a,dactylology,accepted,validation,Mexican Sign Languages Dactylology and Ten First Numbers - Labeled images and videos. From person #1 to #5/persona_4/Ciclo_1_5_Izquierda/Ciclo_1_5_Izquierda_a.mp4,Ciclo_1_5_Izquierda_a,pending,,
mendeley_labeled15_P04_c44140da454f20d6,5s4mt7xrd9.1,P04,a,dactylology,accepted,validation,Mexican Sign Languages Dactylology and Ten First Numbers - Labeled images and videos. From person #1 to #5/persona_4/Ciclo_2_5_Derecha/Ciclo_2_5_Derecha_a.mp4,Ciclo_2_5_Derecha_a,pending,,
mendeley_labeled15_P04_7521cc80c882ab82,5s4mt7xrd9.1,P04,a,dactylology,accepted,validation,Mexican Sign Languages Dactylology and Ten First Numbers - Labeled images and videos. From person #1 to #5/persona_4/Ciclo_2_5_Izquierda/Ciclo_2_5_Izquierda_a.mp4,Ciclo_2_5_Izquierda_a,pending,,
mendeley_labeled15_P04_3da5907a865de8b9,5s4mt7xrd9.1,P04,a,dactylology,accepted,validation,Mexican Sign Languages Dactylology and Ten First Numbers - Labeled images and videos. From person #1 to #5/persona_4/Ciclo_3_5_Derecha/Ciclo_3_5_Derecha_a.mp4,Ciclo_3_5_Derecha_a,pending,,
mendeley_labeled15_P04_666bfec6c7cc71d1,5s4mt7xrd9.1,P04,a,dactylology,accepted,validation,Mexican Sign Languages Dactylology and Ten First Numbers - Labeled images and videos. From person #1 to #5/persona_4/Ciclo_3_5_Izquierda/Ciclo_3_5_Izquierda_a.mp4,Ciclo_3_5_Izquierda_a,pending,,
mendeley_labeled15_P04_11807a6f747b3e31,5s4mt7xrd9.1,P04,a,dactylology,accepted,validation,Mexican Sign Languages Dactylology and Ten First Numbers - Labeled images and videos. From person #1 to #5/persona_4/Ciclo_4_5_Derecha/Ciclo_4_5_Derecha_a.mp4,Ciclo_4_5_Derecha_a,pending,,
mendeley_labeled15_P04_d9fcf51c0c256e21,5s4mt7xrd9.1,P04,a,dactylology,accepted,validation,Mexican Sign Languages Dactylology and Ten First Numbers - Labeled images and videos. From person #1 to #5/persona_4/Ciclo_4_5_Izquierda/Ciclo_4_5_Izquierda_a.mp4,Ciclo_4_5_Izquierda_a,pending,,
mendeley_labeled15_P04_109e4e96b663a8a3,5s4mt7xrd9.1,P04,a,dactylology,accepted,validation,Mexican Sign Languages Dactylology and Ten First Numbers - Labeled images and videos. From person #1 to #5/persona_4/Ciclo_5_5_Derecha/Ciclo_5_5_Derecha_a.mp4,Ciclo_5_5_Derecha_a,pending,,
mendeley_labeled15_P04_912244e204fa1e73,5s4mt7xrd9.1,P04,a,dactylology,accepted,validation,Mexican Sign Languages Dactylology and Ten First Numbers - Labeled images and videos. From person #1 to #5/persona_4/Ciclo_5_5_Izquierda/Ciclo_5_5_Izquierda_a.mp4,Ciclo_5_5_Izquierda_a,pending,,
mendeley_labeled15_P04_0df4af6c0900c5fa,5s4mt7xrd9.1,P04,b,dactylology,accepted,validation,Mexican Sign Languages Dactylology and Ten First Numbers - Labeled images and videos. From person #1 to #5/persona_4/Ciclo_1_5_Derecha/Ciclo_1_5_Derecha_b.mp4,Ciclo_1_5_Derecha_b,pending,,
mendeley_labeled15_P04_b09ed14972814b7f,5s4mt7xrd9.1,P04,b,dactylology,accepted,validation,Mexican Sign Languages Dactylology and Ten First Numbers - Labeled images and videos. From person #1 to #5/persona_4/Ciclo_1_5_Izquierda/Ciclo_1_5_Izquierda_b.mp4,Ciclo_1_5_Izquierda_b,pending,,
mendeley_labeled15_P04_ce4d7d7f32f91c1a,5s4mt7xrd9.1,P04,b,dactylology,accepted,validation,Mexican Sign Languages Dactylology and Ten First Numbers - Labeled images and videos. From person #1 to #5/persona_4/Ciclo_2_5_Derecha/Ciclo_2_5_Derecha_b.mp4,Ciclo_2_5_Derecha_b,pending,,
mendeley_labeled15_P04_f73a9030c9e4ca3c,5s4mt7xrd9.1,P04,b,dactylology,accepted,validation,Mexican Sign Languages Dactylology and Ten First Numbers - Labeled images and videos. From person #1 to #5/persona_4/Ciclo_2_5_Izquierda/Ciclo_2_5_Izquierda_b.mp4,Ciclo_2_5_Izquierda_b,pending,,
mendeley_labeled15_P04_2d0d3a2fa808ef6f,5s4mt7xrd9.1,P04,b,dactylology,accepted,validation,Mexican Sign Languages Dactylology and Ten First Numbers - Labeled images and videos. From person #1 to #5/persona_4/Ciclo_3_5_Derecha/Ciclo_3_5_Derecha_b.mp4,Ciclo_3_5_Derecha_b,pending,,
mendeley_labeled15_P04_58ba0dc6db3baf01,5s4mt7xrd9.1,P04,b,dactylology,accepted,validation,Mexican Sign Languages Dactylology and Ten First Numbers - Labeled images and videos. From person #1 to #5/persona_4/Ciclo_3_5_Izquierda/Ciclo_3_5_Izquierda_b.mp4,Ciclo_3_5_Izquierda_b,pending,,
mendeley_labeled15_P04_6d6cc7e23557ba1c,5s4mt7xrd9.1,P04,b,dactylology,accepted,validation,Mexican Sign Languages Dactylology and Ten First Numbers - Labeled images and videos. From person #1 to #5/persona_4/Ciclo_4_5_Derecha/Ciclo_4_5_Derecha_b.mp4,Ciclo_4_5_Derecha_b,pending,,
mendeley_labeled15_P04_3a4955661ce30f4f,5s4mt7xrd9.1,P04,b,dactylology,accepted,validation,Mexican Sign Languages Dactylology and Ten First Numbers - Labeled images and videos. From person #1 to #5/persona_4/Ciclo_4_5_Izquierda/Ciclo_4_5_Izquierda_b.mp4,Ciclo_4_5_Izquierda_b,pending,,
mendeley_labeled15_P04_8d38bbecb762cce6,5s4mt7xrd9.1,P04,b,dactylology,accepted,validation,Mexican Sign Languages Dactylology and Ten First Numbers - Labeled images and videos. From person #1 to #5/persona_4/Ciclo_5_5_Derecha/Ciclo_5_5_Derecha_b.mp4,Ciclo_5_5_Derecha_b,pending,,
mendeley_labeled15_P04_91afe1a5c5f66e31,5s4mt7xrd9.1,P04,b,dactylology,accepted,validation,Mexican Sign Languages Dactylology and Ten First Numbers - Labeled images and videos. From person #1 to #5/persona_4/Ciclo_5_5_Izquierda/Ciclo_5_5_Izquierda_b.mp4,Ciclo_5_5_Izquierda_b,pending,,
mendeley_labeled15_P04_47ae680ff6d4d66c,5s4mt7xrd9.1,P04,c,dactylology,accepted,validation,Mexican Sign Languages Dactylology and Ten First Numbers - Labeled images and videos. From person #1 to #5/persona_4/Ciclo_1_5_Derecha/Ciclo_1_5_Derecha_c.mp4,Ciclo_1_5_Derecha_c,pending,,
mendeley_labeled15_P04_137d4184e1eae2b1,5s4mt7xrd9.1,P04,c,dactylology,accepted,validation,Mexican Sign Languages Dactylology and Ten First Numbers - Labeled images and videos. From person #1 to #5/persona_4/Ciclo_1_5_Izquierda/Ciclo_1_5_Izquierda_c.mp4,Ciclo_1_5_Izquierda_c,pending,,
mendeley_labeled15_P04_96f552cb6700156a,5s4mt7xrd9.1,P04,c,dactylology,accepted,validation,Mexican Sign Languages Dactylology and Ten First Numbers - Labeled images and videos. From person #1 to #5/persona_4/Ciclo_2_5_Derecha/Ciclo_2_5_Derecha_c.mp4,Ciclo_2_5_Derecha_c,pending,,
mendeley_labeled15_P04_6d07767fb5e84445,5s4mt7xrd9.1,P04,c,dactylology,accepted,validation,Mexican Sign Languages Dactylology and Ten First Numbers - Labeled images and videos. From person #1 to #5/persona_4/Ciclo_2_5_Izquierda/Ciclo_2_5_Izquierda_c.mp4,Ciclo_2_5_Izquierda_c,pending,,
mendeley_labeled15_P04_60dc1a8e9e9527ba,5s4mt7xrd9.1,P04,c,dactylology,accepted,validation,Mexican Sign Languages Dactylology and Ten First Numbers - Labeled images and videos. From person #1 to #5/persona_4/Ciclo_3_5_Derecha/Ciclo_3_5_Derecha_c.mp4,Ciclo_3_5_Derecha_c,pending,,
mendeley_labeled15_P04_788315f6811933bd,5s4mt7xrd9.1,P04,c,dactylology,accepted,validation,Mexican Sign Languages Dactylology and Ten First Numbers - Labeled images and videos. From person #1 to #5/persona_4/Ciclo_3_5_Izquierda/Ciclo_3_5_Izquierda_c.mp4,Ciclo_3_5_Izquierda_c,pending,,
mendeley_labeled15_P04_a86a45a500fd1c53,5s4mt7xrd9.1,P04,c,dactylology,accepted,validation,Mexican Sign Languages Dactylology and Ten First Numbers - Labeled images and videos. From person #1 to #5/persona_4/Ciclo_4_5_Derecha/Ciclo_4_5_Derecha_c.mp4,Ciclo_4_5_Derecha_c,pending,,
mendeley_labeled15_P04_418cd3857d6b1b21,5s4mt7xrd9.1,P04,c,dactylology,accepted,validation,Mexican Sign Languages Dactylology and Ten First Numbers - Labeled images and videos. From person #1 to #5/persona_4/Ciclo_4_5_Izquierda/Ciclo_4_5_Izquierda_c.mp4,Ciclo_4_5_Izquierda_c,pending,,
mendeley_labeled15_P04_8e6fcf4e9f447809,5s4mt7xrd9.1,P04,c,dactylology,accepted,validation,Mexican Sign Languages Dactylology and Ten First Numbers - Labeled images and videos. From person #1 to #5/persona_4/Ciclo_5_5_Derecha/Ciclo_5_5_Derecha_c.mp4,Ciclo_5_5_Derecha_c,pending,,
mendeley_labeled15_P04_4435922bebba9c8d,5s4mt7xrd9.1,P04,c,dactylology,accepted,validation,Mexican Sign Languages Dactylology and Ten First Numbers - Labeled images and videos. From person #1 to #5/persona_4/Ciclo_5_5_Izquierda/Ciclo_5_5_Izquierda_c.mp4,Ciclo_5_5_Izquierda_c,pending,,
mendeley_labeled15_P04_e3efbf086129c442,5s4mt7xrd9.1,P04,d,dactylology,accepted,validation,Mexican Sign Languages Dactylology and Ten First Numbers - Labeled images and videos. From person #1 to #5/persona_4/Ciclo_1_5_Derecha/Ciclo_1_5_Derecha_d.mp4,Ciclo_1_5_Derecha_d,pending,,
mendeley_labeled15_P04_a09d1753f3a8cbae,5s4mt7xrd9.1,P04,d,dactylology,accepted,validation,Mexican Sign Languages Dactylology and Ten First Numbers - Labeled images and videos. From person #1 to #5/persona_4/Ciclo_1_5_Izquierda/Ciclo_1_5_Izquierda_d.mp4,Ciclo_1_5_Izquierda_d,pending,,
mendeley_labeled15_P04_dbd73f8a05f94fb2,5s4mt7xrd9.1,P04,d,dactylology,accepted,validation,Mexican Sign Languages Dactylology and Ten First Numbers - Labeled images and videos. From person #1 to #5/persona_4/Ciclo_2_5_Derecha/Ciclo_2_5_Derecha_d.mp4,Ciclo_2_5_Derecha_d,pending,,
mendeley_labeled15_P04_44d67d440701f22a,5s4mt7xrd9.1,P04,d,dactylology,accepted,validation,Mexican Sign Languages Dactylology and Ten First Numbers - Labeled images and videos. From person #1 to #5/persona_4/Ciclo_2_5_Izquierda/Ciclo_2_5_Izquierda_d.mp4,Ciclo_2_5_Izquierda_d,pending,,
mendeley_labeled15_P04_a7a9fe1c1bbd4312,5s4mt7xrd9.1,P04,d,dactylology,accepted,validation,Mexican Sign Languages Dactylology and Ten First Numbers - Labeled images and videos. From person #1 to #5/persona_4/Ciclo_3_5_Derecha/Ciclo_3_5_Derecha_d.mp4,Ciclo_3_5_Derecha_d,pending,,
mendeley_labeled15_P04_29db4361767a0d86,5s4mt7xrd9.1,P04,d,dactylology,accepted,validation,Mexican Sign Languages Dactylology and Ten First Numbers - Labeled images and videos. From person #1 to #5/persona_4/Ciclo_3_5_Izquierda/Ciclo_3_5_Izquierda_d.mp4,Ciclo_3_5_Izquierda_d,pending,,
mendeley_labeled15_P04_f4388a3495e118f5,5s4mt7xrd9.1,P04,d,dactylology,accepted,validation,Mexican Sign Languages Dactylology and Ten First Numbers - Labeled images and videos. From person #1 to #5/persona_4/Ciclo_4_5_Derecha/Ciclo_4_5_Derecha_d.mp4,Ciclo_4_5_Derecha_d,pending,,
mendeley_labeled15_P04_1ec28d1b42e6087a,5s4mt7xrd9.1,P04,d,dactylology,accepted,validation,Mexican Sign Languages Dactylology and Ten First Numbers - Labeled images and videos. From person #1 to #5/persona_4/Ciclo_4_5_Izquierda/Ciclo_4_5_Izquierda_d.mp4,Ciclo_4_5_Izquierda_d,pending,,
mendeley_labeled15_P04_52a76aeed60f0632,5s4mt7xrd9.1,P04,d,dactylology,accepted,validation,Mexican Sign Languages Dactylology and Ten First Numbers - Labeled images and videos. From person #1 to #5/persona_4/Ciclo_5_5_Derecha/Ciclo_5_5_Derecha_d.mp4,Ciclo_5_5_Derecha_d,pending,,
mendeley_labeled15_P04_62d897b5c907e5dd,5s4mt7xrd9.1,P04,d,dactylology,accepted,validation,Mexican Sign Languages Dactylology and Ten First Numbers - Labeled images and videos. From person #1 to #5/persona_4/Ciclo_5_5_Izquierda/Ciclo_5_5_Izquierda_d.mp4,Ciclo_5_5_Izquierda_d,pending,,
mendeley_labeled15_P04_eeb510484c647374,5s4mt7xrd9.1,P04,e,dactylology,accepted,validation,Mexican Sign Languages Dactylology and Ten First Numbers - Labeled images and videos. From person #1 to #5/persona_4/Ciclo_1_5_Derecha/Ciclo_1_5_Derecha_e.mp4,Ciclo_1_5_Derecha_e,pending,,
mendeley_labeled15_P04_794b2ad3df68f789,5s4mt7xrd9.1,P04,e,dactylology,accepted,validation,Mexican Sign Languages Dactylology and Ten First Numbers - Labeled images and videos. From person #1 to #5/persona_4/Ciclo_1_5_Izquierda/Ciclo_1_5_Izquierda_e.mp4,Ciclo_1_5_Izquierda_e,pending,,
mendeley_labeled15_P04_c1fe94b626d35dfb,5s4mt7xrd9.1,P04,e,dactylology,accepted,validation,Mexican Sign Languages Dactylology and Ten First Numbers - Labeled images and videos. From person #1 to #5/persona_4/Ciclo_2_5_Derecha/Ciclo_2_5_Derecha_e.mp4,Ciclo_2_5_Derecha_e,pending,,
mendeley_labeled15_P04_5562707e799a7c0d,5s4mt7xrd9.1,P04,e,dactylology,accepted,validation,Mexican Sign Languages Dactylology and Ten First Numbers - Labeled images and videos. From person #1 to #5/persona_4/Ciclo_2_5_Izquierda/Ciclo_2_5_Izquierda_e.mp4,Ciclo_2_5_Izquierda_e,pending,,
mendeley_labeled15_P04_4d2b5a88009a21ad,5s4mt7xrd9.1,P04,e,dactylology,accepted,validation,Mexican Sign Languages Dactylology and Ten First Numbers - Labeled images and videos. From person #1 to #5/persona_4/Ciclo_3_5_Derecha/Ciclo_3_5_Derecha_e.mp4,Ciclo_3_5_Derecha_e,pending,,
mendeley_labeled15_P04_2f61613f5a5b4442,5s4mt7xrd9.1,P04,e,dactylology,accepted,validation,Mexican Sign Languages Dactylology and Ten First Numbers - Labeled images and videos. From person #1 to #5/persona_4/Ciclo_3_5_Izquierda/Ciclo_3_5_Izquierda_e.mp4,Ciclo_3_5_Izquierda_e,pending,,
mendeley_labeled15_P04_161cff3bfd87f964,5s4mt7xrd9.1,P04,e,dactylology,accepted,validation,Mexican Sign Languages Dactylology and Ten First Numbers - Labeled images and videos. From person #1 to #5/persona_4/Ciclo_4_5_Derecha/Ciclo_4_5_Derecha_e.mp4,Ciclo_4_5_Derecha_e,pending,,
mendeley_labeled15_P04_b7e59b338e9076a3,5s4mt7xrd9.1,P04,e,dactylology,accepted,validation,Mexican Sign Languages Dactylology and Ten First Numbers - Labeled images and videos. From person #1 to #5/persona_4/Ciclo_4_5_Izquierda/Ciclo_4_5_Izquierda_e.mp4,Ciclo_4_5_Izquierda_e,pending,,
mendeley_labeled15_P04_1bdc0bbcbd5811cf,5s4mt7xrd9.1,P04,e,dactylology,accepted,validation,Mexican Sign Languages Dactylology and Ten First Numbers - Labeled images and videos. From person #1 to #5/persona_4/Ciclo_5_5_Derecha/Ciclo_5_5_Derecha_e.mp4,Ciclo_5_5_Derecha_e,pending,,
mendeley_labeled15_P04_f81fbcae6b137a88,5s4mt7xrd9.1,P04,e,dactylology,accepted,validation,Mexican Sign Languages Dactylology and Ten First Numbers - Labeled images and videos. From person #1 to #5/persona_4/Ciclo_5_5_Izquierda/Ciclo_5_5_Izquierda_e.mp4,Ciclo_5_5_Izquierda_e,pending,,
mendeley_labeled15_P04_d0aa7ff529f1ddad,5s4mt7xrd9.1,P04,f,dactylology,accepted,validation,Mexican Sign Languages Dactylology and Ten First Numbers - Labeled images and videos. From person #1 to #5/persona_4/Ciclo_1_5_Derecha/Ciclo_1_5_Derecha_f.mp4,Ciclo_1_5_Derecha_f,pending,,
mendeley_labeled15_P04_8b94c969adfec9dc,5s4mt7xrd9.1,P04,f,dactylology,accepted,validation,Mexican Sign Languages Dactylology and Ten First Numbers - Labeled images and videos. From person #1 to #5/persona_4/Ciclo_1_5_Izquierda/Ciclo_1_5_Izquierda_f.mp4,Ciclo_1_5_Izquierda_f,pending,,
mendeley_labeled15_P04_7077ee9c35ff9258,5s4mt7xrd9.1,P04,f,dactylology,accepted,validation,Mexican Sign Languages Dactylology and Ten First Numbers - Labeled images and videos. From person #1 to #5/persona_4/Ciclo_2_5_Derecha/Ciclo_2_5_Derecha_f.mp4,Ciclo_2_5_Derecha_f,pending,,
mendeley_labeled15_P04_73e9f791dbc18802,5s4mt7xrd9.1,P04,f,dactylology,accepted,validation,Mexican Sign Languages Dactylology and Ten First Numbers - Labeled images and videos. From person #1 to #5/persona_4/Ciclo_2_5_Izquierda/Ciclo_2_5_Izquierda_f.mp4,Ciclo_2_5_Izquierda_f,pending,,
mendeley_labeled15_P04_a7d592b74a26a60b,5s4mt7xrd9.1,P04,f,dactylology,accepted,validation,Mexican Sign Languages Dactylology and Ten First Numbers - Labeled images and videos. From person #1 to #5/persona_4/Ciclo_3_5_Derecha/Ciclo_3_5_Derecha_f.mp4,Ciclo_3_5_Derecha_f,pending,,
mendeley_labeled15_P04_d539caa32049910e,5s4mt7xrd9.1,P04,f,dactylology,accepted,validation,Mexican Sign Languages Dactylology and Ten First Numbers - Labeled images and videos. From person #1 to #5/persona_4/Ciclo_3_5_Izquierda/Ciclo_3_5_Izquierda_f.mp4,Ciclo_3_5_Izquierda_f,pending,,
mendeley_labeled15_P04_89f2c8812a23d7a7,5s4mt7xrd9.1,P04,f,dactylology,accepted,validation,Mexican Sign Languages Dactylology and Ten First Numbers - Labeled images and videos. From person #1 to #5/persona_4/Ciclo_4_5_Derecha/Ciclo_4_5_Derecha_f.mp4,Ciclo_4_5_Derecha_f,pending,,
mendeley_labeled15_P04_af7f8da1611931f8,5s4mt7xrd9.1,P04,f,dactylology,accepted,validation,Mexican Sign Languages Dactylology and Ten First Numbers - Labeled images and videos. From person #1 to #5/persona_4/Ciclo_4_5_Izquierda/Ciclo_4_5_Izquierda_f.mp4,Ciclo_4_5_Izquierda_f,pending,,
mendeley_labeled15_P04_ff9e63d3baf4e566,5s4mt7xrd9.1,P04,f,dactylology,accepted,validation,Mexican Sign Languages Dactylology and Ten First Numbers - Labeled images and videos. From person #1 to #5/persona_4/Ciclo_5_5_Derecha/Ciclo_5_5_Derecha_f.mp4,Ciclo_5_5_Derecha_f,pending,,
mendeley_labeled15_P04_efe6be7bae710a91,5s4mt7xrd9.1,P04,f,dactylology,accepted,validation,Mexican Sign Languages Dactylology and Ten First Numbers - Labeled images and videos. From person #1 to #5/persona_4/Ciclo_5_5_Izquierda/Ciclo_5_5_Izquierda_f.mp4,Ciclo_5_5_Izquierda_f,pending,,
mendeley_labeled15_P04_802f5da84267148e,5s4mt7xrd9.1,P04,g,dactylology,accepted,validation,Mexican Sign Languages Dactylology and Ten First Numbers - Labeled images and videos. From person #1 to #5/persona_4/Ciclo_1_5_Derecha/Ciclo_1_5_Derecha_g.mp4,Ciclo_1_5_Derecha_g,pending,,
mendeley_labeled15_P04_e6f218db22725881,5s4mt7xrd9.1,P04,g,dactylology,accepted,validation,Mexican Sign Languages Dactylology and Ten First Numbers - Labeled images and videos. From person #1 to #5/persona_4/Ciclo_1_5_Izquierda/Ciclo_1_5_Izquierda_g.mp4,Ciclo_1_5_Izquierda_g,pending,,
mendeley_labeled15_P04_e6299c0813d8e480,5s4mt7xrd9.1,P04,g,dactylology,accepted,validation,Mexican Sign Languages Dactylology and Ten First Numbers - Labeled images and videos. From person #1 to #5/persona_4/Ciclo_2_5_Derecha/Ciclo_2_5_Derecha_g.mp4,Ciclo_2_5_Derecha_g,pending,,
mendeley_labeled15_P04_c07b45830c99dc24,5s4mt7xrd9.1,P04,g,dactylology,accepted,validation,Mexican Sign Languages Dactylology and Ten First Numbers - Labeled images and videos. From person #1 to #5/persona_4/Ciclo_2_5_Izquierda/Ciclo_2_5_Izquierda_g.mp4,Ciclo_2_5_Izquierda_g,pending,,
mendeley_labeled15_P04_76459f312e739378,5s4mt7xrd9.1,P04,g,dactylology,accepted,validation,Mexican Sign Languages Dactylology and Ten First Numbers - Labeled images and videos. From person #1 to #5/persona_4/Ciclo_3_5_Derecha/Ciclo_3_5_Derecha_g.mp4,Ciclo_3_5_Derecha_g,pending,,
mendeley_labeled15_P04_6e5a36c93c52c6a2,5s4mt7xrd9.1,P04,g,dactylology,accepted,validation,Mexican Sign Languages Dactylology and Ten First Numbers - Labeled images and videos. From person #1 to #5/persona_4/Ciclo_3_5_Izquierda/Ciclo_3_5_Izquierda_g.mp4,Ciclo_3_5_Izquierda_g,pending,,
mendeley_labeled15_P04_053ea4e5935c3505,5s4mt7xrd9.1,P04,g,dactylology,accepted,validation,Mexican Sign Languages Dactylology and Ten First Numbers - Labeled images and videos. From person #1 to #5/persona_4/Ciclo_4_5_Derecha/Ciclo_4_5_Derecha_g.mp4,Ciclo_4_5_Derecha_g,pending,,
mendeley_labeled15_P04_aaa1a3d5faf3ab2b,5s4mt7xrd9.1,P04,g,dactylology,accepted,validation,Mexican Sign Languages Dactylology and Ten First Numbers - Labeled images and videos. From person #1 to #5/persona_4/Ciclo_4_5_Izquierda/Ciclo_4_5_Izquierda_g.mp4,Ciclo_4_5_Izquierda_g,pending,,
mendeley_labeled15_P04_e779abfc5aa70325,5s4mt7xrd9.1,P04,g,dactylology,accepted,validation,Mexican Sign Languages Dactylology and Ten First Numbers - Labeled images and videos. From person #1 to #5/persona_4/Ciclo_5_5_Derecha/Ciclo_5_5_Derecha_g.mp4,Ciclo_5_5_Derecha_g,pending,,
mendeley_labeled15_P04_9c35c4f57a881fba,5s4mt7xrd9.1,P04,g,dactylology,accepted,validation,Mexican Sign Languages Dactylology and Ten First Numbers - Labeled images and videos. From person #1 to #5/persona_4/Ciclo_5_5_Izquierda/Ciclo_5_5_Izquierda_g.mp4,Ciclo_5_5_Izquierda_g,pending,,
mendeley_labeled15_P04_45f84d6abc1d1d6b,5s4mt7xrd9.1,P04,h,dactylology,accepted,validation,Mexican Sign Languages Dactylology and Ten First Numbers - Labeled images and videos. From person #1 to #5/persona_4/Ciclo_1_5_Derecha/Ciclo_1_5_Derecha_h.mp4,Ciclo_1_5_Derecha_h,pending,,
mendeley_labeled15_P04_ad4044e0d69e2339,5s4mt7xrd9.1,P04,h,dactylology,accepted,validation,Mexican Sign Languages Dactylology and Ten First Numbers - Labeled images and videos. From person #1 to #5/persona_4/Ciclo_1_5_Izquierda/Ciclo_1_5_Izquierda_h.mp4,Ciclo_1_5_Izquierda_h,pending,,
mendeley_labeled15_P04_a12a42186afbb05d,5s4mt7xrd9.1,P04,h,dactylology,accepted,validation,Mexican Sign Languages Dactylology and Ten First Numbers - Labeled images and videos. From person #1 to #5/persona_4/Ciclo_2_5_Derecha/Ciclo_2_5_Derecha_h.mp4,Ciclo_2_5_Derecha_h,pending,,
mendeley_labeled15_P04_5d45b5c0a1c969c7,5s4mt7xrd9.1,P04,h,dactylology,accepted,validation,Mexican Sign Languages Dactylology and Ten First Numbers - Labeled images and videos. From person #1 to #5/persona_4/Ciclo_2_5_Izquierda/Ciclo_2_5_Izquierda_h.mp4,Ciclo_2_5_Izquierda_h,pending,,
mendeley_labeled15_P04_bd7d8b1c91b30412,5s4mt7xrd9.1,P04,h,dactylology,accepted,validation,Mexican Sign Languages Dactylology and Ten First Numbers - Labeled images and videos. From person #1 to #5/persona_4/Ciclo_3_5_Derecha/Ciclo_3_5_Derecha_h.mp4,Ciclo_3_5_Derecha_h,pending,,
mendeley_labeled15_P04_6d9fe1859e59c61d,5s4mt7xrd9.1,P04,h,dactylology,accepted,validation,Mexican Sign Languages Dactylology and Ten First Numbers - Labeled images and videos. From person #1 to #5/persona_4/Ciclo_3_5_Izquierda/Ciclo_3_5_Izquierda_h.mp4,Ciclo_3_5_Izquierda_h,pending,,
mendeley_labeled15_P04_4e1ae2fc1e33650c,5s4mt7xrd9.1,P04,h,dactylology,accepted,validation,Mexican Sign Languages Dactylology and Ten First Numbers - Labeled images and videos. From person #1 to #5/persona_4/Ciclo_4_5_Derecha/Ciclo_4_5_Derecha_h.mp4,Ciclo_4_5_Derecha_h,pending,,
mendeley_labeled15_P04_dd0baa1a3a53d29e,5s4mt7xrd9.1,P04,h,dactylology,accepted,validation,Mexican Sign Languages Dactylology and Ten First Numbers - Labeled images and videos. From person #1 to #5/persona_4/Ciclo_4_5_Izquierda/Ciclo_4_5_Izquierda_h.mp4,Ciclo_4_5_Izquierda_h,pending,,
mendeley_labeled15_P04_9ce61af0d2d6a086,5s4mt7xrd9.1,P04,h,dactylology,accepted,validation,Mexican Sign Languages Dactylology and Ten First Numbers - Labeled images and videos. From person #1 to #5/persona_4/Ciclo_5_5_Derecha/Ciclo_5_5_Derecha_h.mp4,Ciclo_5_5_Derecha_h,pending,,
mendeley_labeled15_P04_d30068a5ca06a506,5s4mt7xrd9.1,P04,h,dactylology,accepted,validation,Mexican Sign Languages Dactylology and Ten First Numbers - Labeled images and videos. From person #1 to #5/persona_4/Ciclo_5_5_Izquierda/Ciclo_5_5_Izquierda_h.mp4,Ciclo_5_5_Izquierda_h,pending,,
mendeley_labeled15_P04_0fcfa56076714039,5s4mt7xrd9.1,P04,i,dactylology,accepted,validation,Mexican Sign Languages Dactylology and Ten First Numbers - Labeled images and videos. From person #1 to #5/persona_4/Ciclo_1_5_Derecha/Ciclo_1_5_Derecha_i.mp4,Ciclo_1_5_Derecha_i,pending,,
mendeley_labeled15_P04_86d5cfa80cdb62c5,5s4mt7xrd9.1,P04,i,dactylology,accepted,validation,Mexican Sign Languages Dactylology and Ten First Numbers - Labeled images and videos. From person #1 to #5/persona_4/Ciclo_1_5_Izquierda/Ciclo_1_5_Izquierda_i.mp4,Ciclo_1_5_Izquierda_i,pending,,
mendeley_labeled15_P04_22357e6a326970a4,5s4mt7xrd9.1,P04,i,dactylology,accepted,validation,Mexican Sign Languages Dactylology and Ten First Numbers - Labeled images and videos. From person #1 to #5/persona_4/Ciclo_2_5_Derecha/Ciclo_2_5_Derecha_i.mp4,Ciclo_2_5_Derecha_i,pending,,
mendeley_labeled15_P04_b2de4edfcaae9d11,5s4mt7xrd9.1,P04,i,dactylology,accepted,validation,Mexican Sign Languages Dactylology and Ten First Numbers - Labeled images and videos. From person #1 to #5/persona_4/Ciclo_2_5_Izquierda/Ciclo_2_5_Izquierda_i.mp4,Ciclo_2_5_Izquierda_i,pending,,
mendeley_labeled15_P04_855322aecc5845a2,5s4mt7xrd9.1,P04,i,dactylology,accepted,validation,Mexican Sign Languages Dactylology and Ten First Numbers - Labeled images and videos. From person #1 to #5/persona_4/Ciclo_3_5_Derecha/Ciclo_3_5_Derecha_i.mp4,Ciclo_3_5_Derecha_i,pending,,
mendeley_labeled15_P04_61d3a64d7c5ee2ae,5s4mt7xrd9.1,P04,i,dactylology,accepted,validation,Mexican Sign Languages Dactylology and Ten First Numbers - Labeled images and videos. From person #1 to #5/persona_4/Ciclo_3_5_Izquierda/Ciclo_3_5_Izquierda_i.mp4,Ciclo_3_5_Izquierda_i,pending,,
mendeley_labeled15_P04_55fb321d75ffd7b2,5s4mt7xrd9.1,P04,i,dactylology,accepted,validation,Mexican Sign Languages Dactylology and Ten First Numbers - Labeled images and videos. From person #1 to #5/persona_4/Ciclo_4_5_Derecha/Ciclo_4_5_Derecha_i.mp4,Ciclo_4_5_Derecha_i,pending,,
mendeley_labeled15_P04_13791545b086b888,5s4mt7xrd9.1,P04,i,dactylology,accepted,validation,Mexican Sign Languages Dactylology and Ten First Numbers - Labeled images and videos. From person #1 to #5/persona_4/Ciclo_4_5_Izquierda/Ciclo_4_5_Izquierda_i.mp4,Ciclo_4_5_Izquierda_i,pending,,
mendeley_labeled15_P04_beecce9d7bcfb14f,5s4mt7xrd9.1,P04,i,dactylology,accepted,validation,Mexican Sign Languages Dactylology and Ten First Numbers - Labeled images and videos. From person #1 to #5/persona_4/Ciclo_5_5_Derecha/Ciclo_5_5_Derecha_i.mp4,Ciclo_5_5_Derecha_i,pending,,
mendeley_labeled15_P04_2412ad270b058ed8,5s4mt7xrd9.1,P04,i,dactylology,accepted,validation,Mexican Sign Languages Dactylology and Ten First Numbers - Labeled images and videos. From person #1 to #5/persona_4/Ciclo_5_5_Izquierda/Ciclo_5_5_Izquierda_i.mp4,Ciclo_5_5_Izquierda_i,pending,,
mendeley_labeled15_P04_24d6c1e219362d0c,5s4mt7xrd9.1,P04,j,dactylology,accepted,validation,Mexican Sign Languages Dactylology and Ten First Numbers - Labeled images and videos. From person #1 to #5/persona_4/Ciclo_1_5_Derecha/Ciclo_1_5_Derecha_j.mp4,Ciclo_1_5_Derecha_j,pending,,
mendeley_labeled15_P04_5b6c3228f297721f,5s4mt7xrd9.1,P04,j,dactylology,accepted,validation,Mexican Sign Languages Dactylology and Ten First Numbers - Labeled images and videos. From person #1 to #5/persona_4/Ciclo_1_5_Izquierda/Ciclo_1_5_Izquierda_j.mp4,Ciclo_1_5_Izquierda_j,pending,,
mendeley_labeled15_P04_b63760e05a331930,5s4mt7xrd9.1,P04,j,dactylology,accepted,validation,Mexican Sign Languages Dactylology and Ten First Numbers - Labeled images and videos. From person #1 to #5/persona_4/Ciclo_2_5_Derecha/Ciclo_2_5_Derecha_j.mp4,Ciclo_2_5_Derecha_j,pending,,
mendeley_labeled15_P04_8525f04a28c994d5,5s4mt7xrd9.1,P04,j,dactylology,accepted,validation,Mexican Sign Languages Dactylology and Ten First Numbers - Labeled images and videos. From person #1 to #5/persona_4/Ciclo_2_5_Izquierda/Ciclo_2_5_Izquierda_j.mp4,Ciclo_2_5_Izquierda_j,pending,,
mendeley_labeled15_P04_9ca486f1dc54a5ab,5s4mt7xrd9.1,P04,j,dactylology,accepted,validation,Mexican Sign Languages Dactylology and Ten First Numbers - Labeled images and videos. From person #1 to #5/persona_4/Ciclo_3_5_Derecha/Ciclo_3_5_Derecha_j.mp4,Ciclo_3_5_Derecha_j,pending,,
mendeley_labeled15_P04_d16c2f2fd33a7c64,5s4mt7xrd9.1,P04,j,dactylology,accepted,validation,Mexican Sign Languages Dactylology and Ten First Numbers - Labeled images and videos. From person #1 to #5/persona_4/Ciclo_3_5_Izquierda/Ciclo_3_5_Izquierda_j.mp4,Ciclo_3_5_Izquierda_j,pending,,
mendeley_labeled15_P04_a6b399fcd89be539,5s4mt7xrd9.1,P04,j,dactylology,accepted,validation,Mexican Sign Languages Dactylology and Ten First Numbers - Labeled images and videos. From person #1 to #5/persona_4/Ciclo_4_5_Derecha/Ciclo_4_5_Derecha_j.mp4,Ciclo_4_5_Derecha_j,pending,,
mendeley_labeled15_P04_00d9c144e8097f80,5s4mt7xrd9.1,P04,j,dactylology,accepted,validation,Mexican Sign Languages Dactylology and Ten First Numbers - Labeled images and videos. From person #1 to #5/persona_4/Ciclo_4_5_Izquierda/Ciclo_4_5_Izquierda_j.mp4,Ciclo_4_5_Izquierda_j,pending,,
mendeley_labeled15_P04_69053edb0098d0ed,5s4mt7xrd9.1,P04,j,dactylology,accepted,validation,Mexican Sign Languages Dactylology and Ten First Numbers - Labeled images and videos. From person #1 to #5/persona_4/Ciclo_5_5_Derecha/Ciclo_5_5_Derecha_j.mp4,Ciclo_5_5_Derecha_j,pending,,
mendeley_labeled15_P04_c3180b7bd723d0ca,5s4mt7xrd9.1,P04,j,dactylology,accepted,validation,Mexican Sign Languages Dactylology and Ten First Numbers - Labeled images and videos. From person #1 to #5/persona_4/Ciclo_5_5_Izquierda/Ciclo_5_5_Izquierda_j.mp4,Ciclo_5_5_Izquierda_j,pending,,
mendeley_labeled15_P04_0242aaaa118d6026,5s4mt7xrd9.1,P04,k,dactylology,accepted,validation,Mexican Sign Languages Dactylology and Ten First Numbers - Labeled images and videos. From person #1 to #5/persona_4/Ciclo_1_5_Derecha/Ciclo_1_5_Derecha_k.mp4,Ciclo_1_5_Derecha_k,pending,,
mendeley_labeled15_P04_7eba0a347eff46b6,5s4mt7xrd9.1,P04,k,dactylology,accepted,validation,Mexican Sign Languages Dactylology and Ten First Numbers - Labeled images and videos. From person #1 to #5/persona_4/Ciclo_1_5_Izquierda/Ciclo_1_5_Izquierda_k.mp4,Ciclo_1_5_Izquierda_k,pending,,
mendeley_labeled15_P04_27b67108ebfb0d52,5s4mt7xrd9.1,P04,k,dactylology,accepted,validation,Mexican Sign Languages Dactylology and Ten First Numbers - Labeled images and videos. From person #1 to #5/persona_4/Ciclo_2_5_Derecha/Ciclo_2_5_Derecha_k.mp4,Ciclo_2_5_Derecha_k,pending,,
mendeley_labeled15_P04_bf7c17d91fdf7e61,5s4mt7xrd9.1,P04,k,dactylology,accepted,validation,Mexican Sign Languages Dactylology and Ten First Numbers - Labeled images and videos. From person #1 to #5/persona_4/Ciclo_2_5_Izquierda/Ciclo_2_5_Izquierda_k.mp4,Ciclo_2_5_Izquierda_k,pending,,
mendeley_labeled15_P04_d4cd60d9e1c0996c,5s4mt7xrd9.1,P04,k,dactylology,accepted,validation,Mexican Sign Languages Dactylology and Ten First Numbers - Labeled images and videos. From person #1 to #5/persona_4/Ciclo_3_5_Derecha/Ciclo_3_5_Derecha_k.mp4,Ciclo_3_5_Derecha_k,pending,,
mendeley_labeled15_P04_d7f375190fcb160c,5s4mt7xrd9.1,P04,k,dactylology,accepted,validation,Mexican Sign Languages Dactylology and Ten First Numbers - Labeled images and videos. From person #1 to #5/persona_4/Ciclo_3_5_Izquierda/Ciclo_3_5_Izquierda_k.mp4,Ciclo_3_5_Izquierda_k,pending,,
mendeley_labeled15_P04_83a167a2c3f6a0a2,5s4mt7xrd9.1,P04,k,dactylology,accepted,validation,Mexican Sign Languages Dactylology and Ten First Numbers - Labeled images and videos. From person #1 to #5/persona_4/Ciclo_4_5_Derecha/Ciclo_4_5_Derecha_k.mp4,Ciclo_4_5_Derecha_k,pending,,
mendeley_labeled15_P04_b0a81555fccbeb41,5s4mt7xrd9.1,P04,k,dactylology,accepted,validation,Mexican Sign Languages Dactylology and Ten First Numbers - Labeled images and videos. From person #1 to #5/persona_4/Ciclo_4_5_Izquierda/Ciclo_4_5_Izquierda_k.mp4,Ciclo_4_5_Izquierda_k,pending,,
mendeley_labeled15_P04_8345e3b414da5928,5s4mt7xrd9.1,P04,k,dactylology,accepted,validation,Mexican Sign Languages Dactylology and Ten First Numbers - Labeled images and videos. From person #1 to #5/persona_4/Ciclo_5_5_Derecha/Ciclo_5_5_Derecha_k.mp4,Ciclo_5_5_Derecha_k,pending,,
mendeley_labeled15_P04_ec471f2ed6762468,5s4mt7xrd9.1,P04,k,dactylology,accepted,validation,Mexican Sign Languages Dactylology and Ten First Numbers - Labeled images and videos. From person #1 to #5/persona_4/Ciclo_5_5_Izquierda/Ciclo_5_5_Izquierda_k.mp4,Ciclo_5_5_Izquierda_k,pending,,
mendeley_labeled15_P04_a2ca53af7dfeda9e,5s4mt7xrd9.1,P04,l,dactylology,accepted,validation,Mexican Sign Languages Dactylology and Ten First Numbers - Labeled images and videos. From person #1 to #5/persona_4/Ciclo_1_5_Derecha/Ciclo_1_5_Derecha_l.mp4,Ciclo_1_5_Derecha_l,pending,,
mendeley_labeled15_P04_b9abdd0b017c5915,5s4mt7xrd9.1,P04,l,dactylology,accepted,validation,Mexican Sign Languages Dactylology and Ten First Numbers - Labeled images and videos. From person #1 to #5/persona_4/Ciclo_1_5_Izquierda/Ciclo_1_5_Izquierda_l.mp4,Ciclo_1_5_Izquierda_l,pending,,
mendeley_labeled15_P04_9cff9c9338a4caeb,5s4mt7xrd9.1,P04,l,dactylology,accepted,validation,Mexican Sign Languages Dactylology and Ten First Numbers - Labeled images and videos. From person #1 to #5/persona_4/Ciclo_2_5_Derecha/Ciclo_2_5_Derecha_l.mp4,Ciclo_2_5_Derecha_l,pending,,
mendeley_labeled15_P04_c11c2a886cf02f31,5s4mt7xrd9.1,P04,l,dactylology,accepted,validation,Mexican Sign Languages Dactylology and Ten First Numbers - Labeled images and videos. From person #1 to #5/persona_4/Ciclo_2_5_Izquierda/Ciclo_2_5_Izquierda_l.mp4,Ciclo_2_5_Izquierda_l,pending,,
mendeley_labeled15_P04_95c2c6177aaf256d,5s4mt7xrd9.1,P04,l,dactylology,accepted,validation,Mexican Sign Languages Dactylology and Ten First Numbers - Labeled images and videos. From person #1 to #5/persona_4/Ciclo_3_5_Derecha/Ciclo_3_5_Derecha_l.mp4,Ciclo_3_5_Derecha_l,pending,,
mendeley_labeled15_P04_1a7b7c4adba52d7c,5s4mt7xrd9.1,P04,l,dactylology,accepted,validation,Mexican Sign Languages Dactylology and Ten First Numbers - Labeled images and videos. From person #1 to #5/persona_4/Ciclo_3_5_Izquierda/Ciclo_3_5_Izquierda_l.mp4,Ciclo_3_5_Izquierda_l,pending,,
mendeley_labeled15_P04_f2cae2e6344e4233,5s4mt7xrd9.1,P04,l,dactylology,accepted,validation,Mexican Sign Languages Dactylology and Ten First Numbers - Labeled images and videos. From person #1 to #5/persona_4/Ciclo_4_5_Derecha/Ciclo_4_5_Derecha_l.mp4,Ciclo_4_5_Derecha_l,pending,,
mendeley_labeled15_P04_d8630637bd6f98cb,5s4mt7xrd9.1,P04,l,dactylology,accepted,validation,Mexican Sign Languages Dactylology and Ten First Numbers - Labeled images and videos. From person #1 to #5/persona_4/Ciclo_4_5_Izquierda/Ciclo_4_5_Izquierda_l.mp4,Ciclo_4_5_Izquierda_l,pending,,
mendeley_labeled15_P04_6f0aea1454411a25,5s4mt7xrd9.1,P04,l,dactylology,accepted,validation,Mexican Sign Languages Dactylology and Ten First Numbers - Labeled images and videos. From person #1 to #5/persona_4/Ciclo_5_5_Derecha/Ciclo_5_5_Derecha_l.mp4,Ciclo_5_5_Derecha_l,pending,,
mendeley_labeled15_P04_e796575d37aaaa6f,5s4mt7xrd9.1,P04,l,dactylology,accepted,validation,Mexican Sign Languages Dactylology and Ten First Numbers - Labeled images and videos. From person #1 to #5/persona_4/Ciclo_5_5_Izquierda/Ciclo_5_5_Izquierda_l.mp4,Ciclo_5_5_Izquierda_l,pending,,
mendeley_labeled15_P04_581101ce01b34dd5,5s4mt7xrd9.1,P04,ll,dactylology,accepted,validation,Mexican Sign Languages Dactylology and Ten First Numbers - Labeled images and videos. From person #1 to #5/persona_4/Ciclo_1_5_Derecha/Ciclo_1_5_Derecha_ll.mp4,Ciclo_1_5_Derecha_ll,pending,,
mendeley_labeled15_P04_d150f1fa94b9d374,5s4mt7xrd9.1,P04,ll,dactylology,accepted,validation,Mexican Sign Languages Dactylology and Ten First Numbers - Labeled images and videos. From person #1 to #5/persona_4/Ciclo_1_5_Izquierda/Ciclo_1_5_Izquierda_ll.mp4,Ciclo_1_5_Izquierda_ll,pending,,
mendeley_labeled15_P04_57015bcce9a65189,5s4mt7xrd9.1,P04,ll,dactylology,accepted,validation,Mexican Sign Languages Dactylology and Ten First Numbers - Labeled images and videos. From person #1 to #5/persona_4/Ciclo_2_5_Derecha/Ciclo_2_5_Derecha_ll.mp4,Ciclo_2_5_Derecha_ll,pending,,
mendeley_labeled15_P04_9c2a31915cb78167,5s4mt7xrd9.1,P04,ll,dactylology,accepted,validation,Mexican Sign Languages Dactylology and Ten First Numbers - Labeled images and videos. From person #1 to #5/persona_4/Ciclo_2_5_Izquierda/Ciclo_2_5_Izquierda_ll.mp4,Ciclo_2_5_Izquierda_ll,pending,,
mendeley_labeled15_P04_864f024a31b9a5d7,5s4mt7xrd9.1,P04,ll,dactylology,accepted,validation,Mexican Sign Languages Dactylology and Ten First Numbers - Labeled images and videos. From person #1 to #5/persona_4/Ciclo_3_5_Izquierda/Ciclo_3_5_Izquierda_ll.mp4,Ciclo_3_5_Izquierda_ll,pending,,
mendeley_labeled15_P04_4fd8321be19c7aad,5s4mt7xrd9.1,P04,ll,dactylology,accepted,validation,Mexican Sign Languages Dactylology and Ten First Numbers - Labeled images and videos. From person #1 to #5/persona_4/Ciclo_4_5_Derecha/Ciclo_4_5_Derecha_ll.mp4,Ciclo_4_5_Derecha_ll,pending,,
mendeley_labeled15_P04_3f3c26a9e1aefcdb,5s4mt7xrd9.1,P04,ll,dactylology,accepted,validation,Mexican Sign Languages Dactylology and Ten First Numbers - Labeled images and videos. From person #1 to #5/persona_4/Ciclo_4_5_Izquierda/Ciclo_4_5_Izquierda_ll.mp4,Ciclo_4_5_Izquierda_ll,pending,,
mendeley_labeled15_P04_73208150fbc5764b,5s4mt7xrd9.1,P04,ll,dactylology,accepted,validation,Mexican Sign Languages Dactylology and Ten First Numbers - Labeled images and videos. From person #1 to #5/persona_4/Ciclo_5_5_Derecha/Ciclo_5_5_Derecha_ll.mp4,Ciclo_5_5_Derecha_ll,pending,,
mendeley_labeled15_P04_8cf7a10d457a5116,5s4mt7xrd9.1,P04,ll,dactylology,accepted,validation,Mexican Sign Languages Dactylology and Ten First Numbers - Labeled images and videos. From person #1 to #5/persona_4/Ciclo_5_5_Izquierda/Ciclo_5_5_Izquierda_ll.mp4,Ciclo_5_5_Izquierda_ll,pending,,
mendeley_labeled15_P04_d6d4d659c7881941,5s4mt7xrd9.1,P04,m,dactylology,accepted,validation,Mexican Sign Languages Dactylology and Ten First Numbers - Labeled images and videos. From person #1 to #5/persona_4/Ciclo_1_5_Derecha/Ciclo_1_5_Derecha_m.mp4,Ciclo_1_5_Derecha_m,pending,,
mendeley_labeled15_P04_95705e43861818b4,5s4mt7xrd9.1,P04,m,dactylology,accepted,validation,Mexican Sign Languages Dactylology and Ten First Numbers - Labeled images and videos. From person #1 to #5/persona_4/Ciclo_2_5_Derecha/Ciclo_2_5_Derecha_m.mp4,Ciclo_2_5_Derecha_m,pending,,
mendeley_labeled15_P04_dc1c8f5ace54f2b0,5s4mt7xrd9.1,P04,m,dactylology,accepted,validation,Mexican Sign Languages Dactylology and Ten First Numbers - Labeled images and videos. From person #1 to #5/persona_4/Ciclo_2_5_Izquierda/Ciclo_2_5_Izquierda_m.mp4,Ciclo_2_5_Izquierda_m,pending,,
mendeley_labeled15_P04_68c4e11437edffef,5s4mt7xrd9.1,P04,m,dactylology,accepted,validation,Mexican Sign Languages Dactylology and Ten First Numbers - Labeled images and videos. From person #1 to #5/persona_4/Ciclo_3_5_Derecha/Ciclo_3_5_Derecha_m.mp4,Ciclo_3_5_Derecha_m,pending,,
mendeley_labeled15_P04_a405f463742e617e,5s4mt7xrd9.1,P04,m,dactylology,accepted,validation,Mexican Sign Languages Dactylology and Ten First Numbers - Labeled images and videos. From person #1 to #5/persona_4/Ciclo_3_5_Izquierda/Ciclo_3_5_Izquierda_m.mp4,Ciclo_3_5_Izquierda_m,pending,,
mendeley_labeled15_P04_74e5122237e9514d,5s4mt7xrd9.1,P04,m,dactylology,accepted,validation,Mexican Sign Languages Dactylology and Ten First Numbers - Labeled images and videos. From person #1 to #5/persona_4/Ciclo_4_5_Derecha/Ciclo_4_5_Derecha_m.mp4,Ciclo_4_5_Derecha_m,pending,,
mendeley_labeled15_P04_5389ffd87cdb59a1,5s4mt7xrd9.1,P04,m,dactylology,accepted,validation,Mexican Sign Languages Dactylology and Ten First Numbers - Labeled images and videos. From person #1 to #5/persona_4/Ciclo_4_5_Izquierda/Ciclo_4_5_Izquierda_m.mp4,Ciclo_4_5_Izquierda_m,pending,,
mendeley_labeled15_P04_785a12a491f56cd5,5s4mt7xrd9.1,P04,m,dactylology,accepted,validation,Mexican Sign Languages Dactylology and Ten First Numbers - Labeled images and videos. From person #1 to #5/persona_4/Ciclo_5_5_Derecha/Ciclo_5_5_Derecha_m.mp4,Ciclo_5_5_Derecha_m,pending,,
mendeley_labeled15_P04_41f3e5304f65ce1d,5s4mt7xrd9.1,P04,m,dactylology,accepted,validation,Mexican Sign Languages Dactylology and Ten First Numbers - Labeled images and videos. From person #1 to #5/persona_4/Ciclo_5_5_Izquierda/Ciclo_5_5_Izquierda_m.mp4,Ciclo_5_5_Izquierda_m,pending,,
mendeley_labeled15_P04_951232d8ae94d7dd,5s4mt7xrd9.1,P04,n,dactylology,accepted,validation,Mexican Sign Languages Dactylology and Ten First Numbers - Labeled images and videos. From person #1 to #5/persona_4/Ciclo_1_5_Derecha/Ciclo_1_5_Derecha_n.mp4,Ciclo_1_5_Derecha_n,pending,,
mendeley_labeled15_P04_b94a68f063e5573f,5s4mt7xrd9.1,P04,n,dactylology,accepted,validation,Mexican Sign Languages Dactylology and Ten First Numbers - Labeled images and videos. From person #1 to #5/persona_4/Ciclo_2_5_Izquierda/Ciclo_2_5_Izquierda_n.mp4,Ciclo_2_5_Izquierda_n,pending,,
mendeley_labeled15_P04_479786f221cf1674,5s4mt7xrd9.1,P04,n,dactylology,accepted,validation,Mexican Sign Languages Dactylology and Ten First Numbers - Labeled images and videos. From person #1 to #5/persona_4/Ciclo_3_5_Derecha/Ciclo_3_5_Derecha_n.mp4,Ciclo_3_5_Derecha_n,pending,,
mendeley_labeled15_P04_4ea14cffaf52bced,5s4mt7xrd9.1,P04,n,dactylology,accepted,validation,Mexican Sign Languages Dactylology and Ten First Numbers - Labeled images and videos. From person #1 to #5/persona_4/Ciclo_5_5_Derecha/Ciclo_5_5_Derecha_n.mp4,Ciclo_5_5_Derecha_n,pending,,
mendeley_labeled15_P04_8a3b767fffa96980,5s4mt7xrd9.1,P04,n,dactylology,accepted,validation,Mexican Sign Languages Dactylology and Ten First Numbers - Labeled images and videos. From person #1 to #5/persona_4/Ciclo_5_5_Izquierda/Ciclo_5_5_Izquierda_n.mp4,Ciclo_5_5_Izquierda_n,pending,,
mendeley_labeled15_P04_ede2d9a56fd1cfc2,5s4mt7xrd9.1,P04,o,dactylology,accepted,validation,Mexican Sign Languages Dactylology and Ten First Numbers - Labeled images and videos. From person #1 to #5/persona_4/Ciclo_1_5_Derecha/Ciclo_1_5_Derecha_o.mp4,Ciclo_1_5_Derecha_o,pending,,
mendeley_labeled15_P04_3970c6e528ab9d7f,5s4mt7xrd9.1,P04,o,dactylology,accepted,validation,Mexican Sign Languages Dactylology and Ten First Numbers - Labeled images and videos. From person #1 to #5/persona_4/Ciclo_1_5_Izquierda/Ciclo_1_5_Izquierda_o.mp4,Ciclo_1_5_Izquierda_o,pending,,
mendeley_labeled15_P04_c4ee5fd853c98192,5s4mt7xrd9.1,P04,o,dactylology,accepted,validation,Mexican Sign Languages Dactylology and Ten First Numbers - Labeled images and videos. From person #1 to #5/persona_4/Ciclo_2_5_Derecha/Ciclo_2_5_Derecha_o.mp4,Ciclo_2_5_Derecha_o,pending,,
mendeley_labeled15_P04_2a05c9853790b12a,5s4mt7xrd9.1,P04,o,dactylology,accepted,validation,Mexican Sign Languages Dactylology and Ten First Numbers - Labeled images and videos. From person #1 to #5/persona_4/Ciclo_2_5_Izquierda/Ciclo_2_5_Izquierda_o.mp4,Ciclo_2_5_Izquierda_o,pending,,
mendeley_labeled15_P04_0a619e3ddfecdb75,5s4mt7xrd9.1,P04,o,dactylology,accepted,validation,Mexican Sign Languages Dactylology and Ten First Numbers - Labeled images and videos. From person #1 to #5/persona_4/Ciclo_3_5_Derecha/Ciclo_3_5_Derecha_o.mp4,Ciclo_3_5_Derecha_o,pending,,
mendeley_labeled15_P04_8dae76b03824d027,5s4mt7xrd9.1,P04,o,dactylology,accepted,validation,Mexican Sign Languages Dactylology and Ten First Numbers - Labeled images and videos. From person #1 to #5/persona_4/Ciclo_3_5_Izquierda/Ciclo_3_5_Izquierda_o.mp4,Ciclo_3_5_Izquierda_o,pending,,
mendeley_labeled15_P04_a0510a707fc8024c,5s4mt7xrd9.1,P04,o,dactylology,accepted,validation,Mexican Sign Languages Dactylology and Ten First Numbers - Labeled images and videos. From person #1 to #5/persona_4/Ciclo_4_5_Derecha/Ciclo_4_5_Derecha_o.mp4,Ciclo_4_5_Derecha_o,pending,,
mendeley_labeled15_P04_6c00505526d247e9,5s4mt7xrd9.1,P04,o,dactylology,accepted,validation,Mexican Sign Languages Dactylology and Ten First Numbers - Labeled images and videos. From person #1 to #5/persona_4/Ciclo_4_5_Izquierda/Ciclo_4_5_Izquierda_o.mp4,Ciclo_4_5_Izquierda_o,pending,,
mendeley_labeled15_P04_e61278e2bc05e02d,5s4mt7xrd9.1,P04,o,dactylology,accepted,validation,Mexican Sign Languages Dactylology and Ten First Numbers - Labeled images and videos. From person #1 to #5/persona_4/Ciclo_5_5_Derecha/Ciclo_5_5_Derecha_o.mp4,Ciclo_5_5_Derecha_o,pending,,
mendeley_labeled15_P04_72897917bfde8d22,5s4mt7xrd9.1,P04,o,dactylology,accepted,validation,Mexican Sign Languages Dactylology and Ten First Numbers - Labeled images and videos. From person #1 to #5/persona_4/Ciclo_5_5_Izquierda/Ciclo_5_5_Izquierda_o.mp4,Ciclo_5_5_Izquierda_o,pending,,
mendeley_labeled15_P04_741a414a0f8b651d,5s4mt7xrd9.1,P04,p,dactylology,accepted,validation,Mexican Sign Languages Dactylology and Ten First Numbers - Labeled images and videos. From person #1 to #5/persona_4/Ciclo_1_5_Derecha/Ciclo_1_5_Derecha_p.mp4,Ciclo_1_5_Derecha_p,pending,,
mendeley_labeled15_P04_0d3d2fbc318c6d4f,5s4mt7xrd9.1,P04,p,dactylology,accepted,validation,Mexican Sign Languages Dactylology and Ten First Numbers - Labeled images and videos. From person #1 to #5/persona_4/Ciclo_1_5_Izquierda/Ciclo_1_5_Izquierda_p.mp4,Ciclo_1_5_Izquierda_p,pending,,
mendeley_labeled15_P04_335be7944db73402,5s4mt7xrd9.1,P04,p,dactylology,accepted,validation,Mexican Sign Languages Dactylology and Ten First Numbers - Labeled images and videos. From person #1 to #5/persona_4/Ciclo_2_5_Derecha/Ciclo_2_5_Derecha_p.mp4,Ciclo_2_5_Derecha_p,pending,,
mendeley_labeled15_P04_bb9958c63005eda0,5s4mt7xrd9.1,P04,p,dactylology,accepted,validation,Mexican Sign Languages Dactylology and Ten First Numbers - Labeled images and videos. From person #1 to #5/persona_4/Ciclo_2_5_Izquierda/Ciclo_2_5_Izquierda_p.mp4,Ciclo_2_5_Izquierda_p,pending,,
mendeley_labeled15_P04_9a8a8f304444a807,5s4mt7xrd9.1,P04,p,dactylology,accepted,validation,Mexican Sign Languages Dactylology and Ten First Numbers - Labeled images and videos. From person #1 to #5/persona_4/Ciclo_3_5_Derecha/Ciclo_3_5_Derecha_p.mp4,Ciclo_3_5_Derecha_p,pending,,
mendeley_labeled15_P04_ac0f5516387781b6,5s4mt7xrd9.1,P04,p,dactylology,accepted,validation,Mexican Sign Languages Dactylology and Ten First Numbers - Labeled images and videos. From person #1 to #5/persona_4/Ciclo_3_5_Izquierda/Ciclo_3_5_Izquierda_p.mp4,Ciclo_3_5_Izquierda_p,pending,,
mendeley_labeled15_P04_c4bc909ee424b989,5s4mt7xrd9.1,P04,p,dactylology,accepted,validation,Mexican Sign Languages Dactylology and Ten First Numbers - Labeled images and videos. From person #1 to #5/persona_4/Ciclo_4_5_Derecha/Ciclo_4_5_Derecha_p.mp4,Ciclo_4_5_Derecha_p,pending,,
mendeley_labeled15_P04_213ad59914c47273,5s4mt7xrd9.1,P04,p,dactylology,accepted,validation,Mexican Sign Languages Dactylology and Ten First Numbers - Labeled images and videos. From person #1 to #5/persona_4/Ciclo_4_5_Izquierda/Ciclo_4_5_Izquierda_p.mp4,Ciclo_4_5_Izquierda_p,pending,,
mendeley_labeled15_P04_efe607b07a679f2a,5s4mt7xrd9.1,P04,p,dactylology,accepted,validation,Mexican Sign Languages Dactylology and Ten First Numbers - Labeled images and videos. From person #1 to #5/persona_4/Ciclo_5_5_Derecha/Ciclo_5_5_Derecha_p.mp4,Ciclo_5_5_Derecha_p,pending,,
mendeley_labeled15_P04_86bde61f31ee0563,5s4mt7xrd9.1,P04,p,dactylology,accepted,validation,Mexican Sign Languages Dactylology and Ten First Numbers - Labeled images and videos. From person #1 to #5/persona_4/Ciclo_5_5_Izquierda/Ciclo_5_5_Izquierda_p.mp4,Ciclo_5_5_Izquierda_p,pending,,
mendeley_labeled15_P04_c73694fc67a611c5,5s4mt7xrd9.1,P04,q,dactylology,accepted,validation,Mexican Sign Languages Dactylology and Ten First Numbers - Labeled images and videos. From person #1 to #5/persona_4/Ciclo_1_5_Derecha/Ciclo_1_5_Derecha_q.mp4,Ciclo_1_5_Derecha_q,pending,,
mendeley_labeled15_P04_8973b46abf986068,5s4mt7xrd9.1,P04,q,dactylology,accepted,validation,Mexican Sign Languages Dactylology and Ten First Numbers - Labeled images and videos. From person #1 to #5/persona_4/Ciclo_1_5_Izquierda/Ciclo_1_5_Izquierda_q.mp4,Ciclo_1_5_Izquierda_q,pending,,
mendeley_labeled15_P04_4910c5c2940bb3d6,5s4mt7xrd9.1,P04,q,dactylology,accepted,validation,Mexican Sign Languages Dactylology and Ten First Numbers - Labeled images and videos. From person #1 to #5/persona_4/Ciclo_2_5_Derecha/Ciclo_2_5_Derecha_q.mp4,Ciclo_2_5_Derecha_q,pending,,
mendeley_labeled15_P04_120e7830e8f726ea,5s4mt7xrd9.1,P04,q,dactylology,accepted,validation,Mexican Sign Languages Dactylology and Ten First Numbers - Labeled images and videos. From person #1 to #5/persona_4/Ciclo_2_5_Izquierda/Ciclo_2_5_Izquierda_q.mp4,Ciclo_2_5_Izquierda_q,pending,,
mendeley_labeled15_P04_9a28942d28c0ea34,5s4mt7xrd9.1,P04,q,dactylology,accepted,validation,Mexican Sign Languages Dactylology and Ten First Numbers - Labeled images and videos. From person #1 to #5/persona_4/Ciclo_3_5_Derecha/Ciclo_3_5_Derecha_q.mp4,Ciclo_3_5_Derecha_q,pending,,
mendeley_labeled15_P04_a07e0a73f48526f9,5s4mt7xrd9.1,P04,q,dactylology,accepted,validation,Mexican Sign Languages Dactylology and Ten First Numbers - Labeled images and videos. From person #1 to #5/persona_4/Ciclo_3_5_Izquierda/Ciclo_3_5_Izquierda_q.mp4,Ciclo_3_5_Izquierda_q,pending,,
mendeley_labeled15_P04_1d5fc08686647c51,5s4mt7xrd9.1,P04,q,dactylology,accepted,validation,Mexican Sign Languages Dactylology and Ten First Numbers - Labeled images and videos. From person #1 to #5/persona_4/Ciclo_4_5_Derecha/Ciclo_4_5_Derecha_q.mp4,Ciclo_4_5_Derecha_q,pending,,
mendeley_labeled15_P04_dc4f14102f4bb43f,5s4mt7xrd9.1,P04,q,dactylology,accepted,validation,Mexican Sign Languages Dactylology and Ten First Numbers - Labeled images and videos. From person #1 to #5/persona_4/Ciclo_4_5_Izquierda/Ciclo_4_5_Izquierda_q.mp4,Ciclo_4_5_Izquierda_q,pending,,
mendeley_labeled15_P04_7a740e1b1f3c6909,5s4mt7xrd9.1,P04,q,dactylology,accepted,validation,Mexican Sign Languages Dactylology and Ten First Numbers - Labeled images and videos. From person #1 to #5/persona_4/Ciclo_5_5_Derecha/Ciclo_5_5_Derecha_q.mp4,Ciclo_5_5_Derecha_q,pending,,
mendeley_labeled15_P04_f9e01b2b6878d1f7,5s4mt7xrd9.1,P04,q,dactylology,accepted,validation,Mexican Sign Languages Dactylology and Ten First Numbers - Labeled images and videos. From person #1 to #5/persona_4/Ciclo_5_5_Izquierda/Ciclo_5_5_Izquierda_q.mp4,Ciclo_5_5_Izquierda_q,pending,,
mendeley_labeled15_P04_3921f52497ad3ead,5s4mt7xrd9.1,P04,r,dactylology,accepted,validation,Mexican Sign Languages Dactylology and Ten First Numbers - Labeled images and videos. From person #1 to #5/persona_4/Ciclo_1_5_Derecha/Ciclo_1_5_Derecha_r.mp4,Ciclo_1_5_Derecha_r,pending,,
mendeley_labeled15_P04_08b8a79c3cb45d74,5s4mt7xrd9.1,P04,r,dactylology,accepted,validation,Mexican Sign Languages Dactylology and Ten First Numbers - Labeled images and videos. From person #1 to #5/persona_4/Ciclo_1_5_Izquierda/Ciclo_1_5_Izquierda_r.mp4,Ciclo_1_5_Izquierda_r,pending,,
mendeley_labeled15_P04_1c367e81ae536fb8,5s4mt7xrd9.1,P04,r,dactylology,accepted,validation,Mexican Sign Languages Dactylology and Ten First Numbers - Labeled images and videos. From person #1 to #5/persona_4/Ciclo_2_5_Derecha/Ciclo_2_5_Derecha_r.mp4,Ciclo_2_5_Derecha_r,pending,,
mendeley_labeled15_P04_2015dc3b521c41c7,5s4mt7xrd9.1,P04,r,dactylology,accepted,validation,Mexican Sign Languages Dactylology and Ten First Numbers - Labeled images and videos. From person #1 to #5/persona_4/Ciclo_2_5_Izquierda/Ciclo_2_5_Izquierda_r.mp4,Ciclo_2_5_Izquierda_r,pending,,
mendeley_labeled15_P04_2511f7b8a8118007,5s4mt7xrd9.1,P04,r,dactylology,accepted,validation,Mexican Sign Languages Dactylology and Ten First Numbers - Labeled images and videos. From person #1 to #5/persona_4/Ciclo_3_5_Derecha/Ciclo_3_5_Derecha_r.mp4,Ciclo_3_5_Derecha_r,pending,,
mendeley_labeled15_P04_4a8b2d443c80cadc,5s4mt7xrd9.1,P04,r,dactylology,accepted,validation,Mexican Sign Languages Dactylology and Ten First Numbers - Labeled images and videos. From person #1 to #5/persona_4/Ciclo_3_5_Izquierda/Ciclo_3_5_Izquierda_r.mp4,Ciclo_3_5_Izquierda_r,pending,,
mendeley_labeled15_P04_04f848bd97a159cb,5s4mt7xrd9.1,P04,r,dactylology,accepted,validation,Mexican Sign Languages Dactylology and Ten First Numbers - Labeled images and videos. From person #1 to #5/persona_4/Ciclo_4_5_Derecha/Ciclo_4_5_Derecha_r.mp4,Ciclo_4_5_Derecha_r,pending,,
mendeley_labeled15_P04_da642e4b20d78772,5s4mt7xrd9.1,P04,r,dactylology,accepted,validation,Mexican Sign Languages Dactylology and Ten First Numbers - Labeled images and videos. From person #1 to #5/persona_4/Ciclo_4_5_Izquierda/Ciclo_4_5_Izquierda_r.mp4,Ciclo_4_5_Izquierda_r,pending,,
mendeley_labeled15_P04_ec4bc784ec507e22,5s4mt7xrd9.1,P04,r,dactylology,accepted,validation,Mexican Sign Languages Dactylology and Ten First Numbers - Labeled images and videos. From person #1 to #5/persona_4/Ciclo_5_5_Derecha/Ciclo_5_5_Derecha_r.mp4,Ciclo_5_5_Derecha_r,pending,,
mendeley_labeled15_P04_d89d7b37e004a6a6,5s4mt7xrd9.1,P04,r,dactylology,accepted,validation,Mexican Sign Languages Dactylology and Ten First Numbers - Labeled images and videos. From person #1 to #5/persona_4/Ciclo_5_5_Izquierda/Ciclo_5_5_Izquierda_r.mp4,Ciclo_5_5_Izquierda_r,pending,,
mendeley_labeled15_P04_c6130961e8a6b991,5s4mt7xrd9.1,P04,rr,dactylology,accepted,validation,Mexican Sign Languages Dactylology and Ten First Numbers - Labeled images and videos. From person #1 to #5/persona_4/Ciclo_1_5_Izquierda/Ciclo_1_5_Izquierda_rr.mp4,Ciclo_1_5_Izquierda_rr,pending,,
mendeley_labeled15_P04_abf75b028596a623,5s4mt7xrd9.1,P04,rr,dactylology,accepted,validation,Mexican Sign Languages Dactylology and Ten First Numbers - Labeled images and videos. From person #1 to #5/persona_4/Ciclo_2_5_Derecha/Ciclo_2_5_Derecha_rr.mp4,Ciclo_2_5_Derecha_rr,pending,,
mendeley_labeled15_P04_9e4b398e0f344d47,5s4mt7xrd9.1,P04,rr,dactylology,accepted,validation,Mexican Sign Languages Dactylology and Ten First Numbers - Labeled images and videos. From person #1 to #5/persona_4/Ciclo_2_5_Izquierda/Ciclo_2_5_Izquierda_rr.mp4,Ciclo_2_5_Izquierda_rr,pending,,
mendeley_labeled15_P04_8d3297e9b18a8fd8,5s4mt7xrd9.1,P04,rr,dactylology,accepted,validation,Mexican Sign Languages Dactylology and Ten First Numbers - Labeled images and videos. From person #1 to #5/persona_4/Ciclo_3_5_Derecha/Ciclo_3_5_Derecha_rr.mp4,Ciclo_3_5_Derecha_rr,pending,,
mendeley_labeled15_P04_c80521d7feb9bf2f,5s4mt7xrd9.1,P04,rr,dactylology,accepted,validation,Mexican Sign Languages Dactylology and Ten First Numbers - Labeled images and videos. From person #1 to #5/persona_4/Ciclo_3_5_Izquierda/Ciclo_3_5_Izquierda_rr.mp4,Ciclo_3_5_Izquierda_rr,pending,,
mendeley_labeled15_P04_603548c5a6363a36,5s4mt7xrd9.1,P04,rr,dactylology,accepted,validation,Mexican Sign Languages Dactylology and Ten First Numbers - Labeled images and videos. From person #1 to #5/persona_4/Ciclo_4_5_Derecha/Ciclo_4_5_Derecha_rr.mp4,Ciclo_4_5_Derecha_rr,pending,,
mendeley_labeled15_P04_3847d2c26e79fdf9,5s4mt7xrd9.1,P04,rr,dactylology,accepted,validation,Mexican Sign Languages Dactylology and Ten First Numbers - Labeled images and videos. From person #1 to #5/persona_4/Ciclo_4_5_Izquierda/Ciclo_4_5_Izquierda_rr.mp4,Ciclo_4_5_Izquierda_rr,pending,,
mendeley_labeled15_P04_37ffa73ea3b4c28b,5s4mt7xrd9.1,P04,rr,dactylology,accepted,validation,Mexican Sign Languages Dactylology and Ten First Numbers - Labeled images and videos. From person #1 to #5/persona_4/Ciclo_5_5_Derecha/Ciclo_5_5_Derecha_rr.mp4,Ciclo_5_5_Derecha_rr,pending,,
mendeley_labeled15_P04_782982851a89bcb1,5s4mt7xrd9.1,P04,rr,dactylology,accepted,validation,Mexican Sign Languages Dactylology and Ten First Numbers - Labeled images and videos. From person #1 to #5/persona_4/Ciclo_5_5_Izquierda/Ciclo_5_5_Izquierda_rr.mp4,Ciclo_5_5_Izquierda_rr,pending,,
mendeley_labeled15_P04_4cb30ecf26a9c001,5s4mt7xrd9.1,P04,s,dactylology,accepted,validation,Mexican Sign Languages Dactylology and Ten First Numbers - Labeled images and videos. From person #1 to #5/persona_4/Ciclo_1_5_Derecha/Ciclo_1_5_Derecha_s.mp4,Ciclo_1_5_Derecha_s,pending,,
mendeley_labeled15_P04_3aade6738d1d49df,5s4mt7xrd9.1,P04,s,dactylology,accepted,validation,Mexican Sign Languages Dactylology and Ten First Numbers - Labeled images and videos. From person #1 to #5/persona_4/Ciclo_1_5_Izquierda/Ciclo_1_5_Izquierda_s.mp4,Ciclo_1_5_Izquierda_s,pending,,
mendeley_labeled15_P04_7ca86682a8062ea6,5s4mt7xrd9.1,P04,s,dactylology,accepted,validation,Mexican Sign Languages Dactylology and Ten First Numbers - Labeled images and videos. From person #1 to #5/persona_4/Ciclo_2_5_Derecha/Ciclo_2_5_Derecha_s.mp4,Ciclo_2_5_Derecha_s,pending,,
mendeley_labeled15_P04_9c6d4f6f6bbdda0a,5s4mt7xrd9.1,P04,s,dactylology,accepted,validation,Mexican Sign Languages Dactylology and Ten First Numbers - Labeled images and videos. From person #1 to #5/persona_4/Ciclo_2_5_Izquierda/Ciclo_2_5_Izquierda_s.mp4,Ciclo_2_5_Izquierda_s,pending,,
mendeley_labeled15_P04_3538b7404edca702,5s4mt7xrd9.1,P04,s,dactylology,accepted,validation,Mexican Sign Languages Dactylology and Ten First Numbers - Labeled images and videos. From person #1 to #5/persona_4/Ciclo_3_5_Derecha/Ciclo_3_5_Derecha_s.mp4,Ciclo_3_5_Derecha_s,pending,,
mendeley_labeled15_P04_f43fcbe0710c5ed9,5s4mt7xrd9.1,P04,s,dactylology,accepted,validation,Mexican Sign Languages Dactylology and Ten First Numbers - Labeled images and videos. From person #1 to #5/persona_4/Ciclo_3_5_Izquierda/Ciclo_3_5_Izquierda_s.mp4,Ciclo_3_5_Izquierda_s,pending,,
mendeley_labeled15_P04_858fc1657acd42b3,5s4mt7xrd9.1,P04,s,dactylology,accepted,validation,Mexican Sign Languages Dactylology and Ten First Numbers - Labeled images and videos. From person #1 to #5/persona_4/Ciclo_4_5_Derecha/Ciclo_4_5_Derecha_s.mp4,Ciclo_4_5_Derecha_s,pending,,
mendeley_labeled15_P04_3b4e513347d9b4d8,5s4mt7xrd9.1,P04,s,dactylology,accepted,validation,Mexican Sign Languages Dactylology and Ten First Numbers - Labeled images and videos. From person #1 to #5/persona_4/Ciclo_4_5_Izquierda/Ciclo_4_5_Izquierda_s.mp4,Ciclo_4_5_Izquierda_s,pending,,
mendeley_labeled15_P04_047abc90af8e1774,5s4mt7xrd9.1,P04,s,dactylology,accepted,validation,Mexican Sign Languages Dactylology and Ten First Numbers - Labeled images and videos. From person #1 to #5/persona_4/Ciclo_5_5_Derecha/Ciclo_5_5_Derecha_s.mp4,Ciclo_5_5_Derecha_s,pending,,
mendeley_labeled15_P04_a1b4879f9f9b040c,5s4mt7xrd9.1,P04,s,dactylology,accepted,validation,Mexican Sign Languages Dactylology and Ten First Numbers - Labeled images and videos. From person #1 to #5/persona_4/Ciclo_5_5_Izquierda/Ciclo_5_5_Izquierda_s.mp4,Ciclo_5_5_Izquierda_s,pending,,
mendeley_labeled15_P04_0e0553775013784b,5s4mt7xrd9.1,P04,t,dactylology,accepted,validation,Mexican Sign Languages Dactylology and Ten First Numbers - Labeled images and videos. From person #1 to #5/persona_4/Ciclo_1_5_Derecha/Ciclo_1_5_Derecha_t.mp4,Ciclo_1_5_Derecha_t,pending,,
mendeley_labeled15_P04_e0f9374f13a78961,5s4mt7xrd9.1,P04,t,dactylology,accepted,validation,Mexican Sign Languages Dactylology and Ten First Numbers - Labeled images and videos. From person #1 to #5/persona_4/Ciclo_1_5_Izquierda/Ciclo_1_5_Izquierda_t.mp4,Ciclo_1_5_Izquierda_t,pending,,
mendeley_labeled15_P04_757bd65cd6f7762a,5s4mt7xrd9.1,P04,t,dactylology,accepted,validation,Mexican Sign Languages Dactylology and Ten First Numbers - Labeled images and videos. From person #1 to #5/persona_4/Ciclo_2_5_Derecha/Ciclo_2_5_Derecha_t.mp4,Ciclo_2_5_Derecha_t,pending,,
mendeley_labeled15_P04_6191bbe66588be3f,5s4mt7xrd9.1,P04,t,dactylology,accepted,validation,Mexican Sign Languages Dactylology and Ten First Numbers - Labeled images and videos. From person #1 to #5/persona_4/Ciclo_2_5_Izquierda/Ciclo_2_5_Izquierda_t.mp4,Ciclo_2_5_Izquierda_t,pending,,
mendeley_labeled15_P04_d6ed3e6e427f7415,5s4mt7xrd9.1,P04,t,dactylology,accepted,validation,Mexican Sign Languages Dactylology and Ten First Numbers - Labeled images and videos. From person #1 to #5/persona_4/Ciclo_3_5_Derecha/Ciclo_3_5_Derecha_t.mp4,Ciclo_3_5_Derecha_t,pending,,
mendeley_labeled15_P04_ae7100d254b6989c,5s4mt7xrd9.1,P04,t,dactylology,accepted,validation,Mexican Sign Languages Dactylology and Ten First Numbers - Labeled images and videos. From person #1 to #5/persona_4/Ciclo_3_5_Izquierda/Ciclo_3_5_Izquierda_t.mp4,Ciclo_3_5_Izquierda_t,pending,,
mendeley_labeled15_P04_d917c839702c3f50,5s4mt7xrd9.1,P04,t,dactylology,accepted,validation,Mexican Sign Languages Dactylology and Ten First Numbers - Labeled images and videos. From person #1 to #5/persona_4/Ciclo_4_5_Derecha/Ciclo_4_5_Derecha_t.mp4,Ciclo_4_5_Derecha_t,pending,,
mendeley_labeled15_P04_753f87725ec68388,5s4mt7xrd9.1,P04,t,dactylology,accepted,validation,Mexican Sign Languages Dactylology and Ten First Numbers - Labeled images and videos. From person #1 to #5/persona_4/Ciclo_4_5_Izquierda/Ciclo_4_5_Izquierda_t.mp4,Ciclo_4_5_Izquierda_t,pending,,
mendeley_labeled15_P04_60e728064326f30d,5s4mt7xrd9.1,P04,t,dactylology,accepted,validation,Mexican Sign Languages Dactylology and Ten First Numbers - Labeled images and videos. From person #1 to #5/persona_4/Ciclo_5_5_Derecha/Ciclo_5_5_Derecha_t.mp4,Ciclo_5_5_Derecha_t,pending,,
mendeley_labeled15_P04_7154cfe0bd0a57df,5s4mt7xrd9.1,P04,t,dactylology,accepted,validation,Mexican Sign Languages Dactylology and Ten First Numbers - Labeled images and videos. From person #1 to #5/persona_4/Ciclo_5_5_Izquierda/Ciclo_5_5_Izquierda_t.mp4,Ciclo_5_5_Izquierda_t,pending,,
mendeley_labeled15_P04_15d255e4efcda9ba,5s4mt7xrd9.1,P04,u,dactylology,accepted,validation,Mexican Sign Languages Dactylology and Ten First Numbers - Labeled images and videos. From person #1 to #5/persona_4/Ciclo_1_5_Derecha/Ciclo_1_5_Derecha_u.mp4,Ciclo_1_5_Derecha_u,pending,,
mendeley_labeled15_P04_073e615978a960de,5s4mt7xrd9.1,P04,u,dactylology,accepted,validation,Mexican Sign Languages Dactylology and Ten First Numbers - Labeled images and videos. From person #1 to #5/persona_4/Ciclo_1_5_Izquierda/Ciclo_1_5_Izquierda_u.mp4,Ciclo_1_5_Izquierda_u,pending,,
mendeley_labeled15_P04_fa110ce51ed6bc00,5s4mt7xrd9.1,P04,u,dactylology,accepted,validation,Mexican Sign Languages Dactylology and Ten First Numbers - Labeled images and videos. From person #1 to #5/persona_4/Ciclo_2_5_Derecha/Ciclo_2_5_Derecha_u.mp4,Ciclo_2_5_Derecha_u,pending,,
mendeley_labeled15_P04_7f7370ec957ffd2d,5s4mt7xrd9.1,P04,u,dactylology,accepted,validation,Mexican Sign Languages Dactylology and Ten First Numbers - Labeled images and videos. From person #1 to #5/persona_4/Ciclo_2_5_Izquierda/Ciclo_2_5_Izquierda_u.mp4,Ciclo_2_5_Izquierda_u,pending,,
mendeley_labeled15_P04_24ba109dabd4259a,5s4mt7xrd9.1,P04,u,dactylology,accepted,validation,Mexican Sign Languages Dactylology and Ten First Numbers - Labeled images and videos. From person #1 to #5/persona_4/Ciclo_3_5_Derecha/Ciclo_3_5_Derecha_u.mp4,Ciclo_3_5_Derecha_u,pending,,
mendeley_labeled15_P04_daa619e411ef7e44,5s4mt7xrd9.1,P04,u,dactylology,accepted,validation,Mexican Sign Languages Dactylology and Ten First Numbers - Labeled images and videos. From person #1 to #5/persona_4/Ciclo_3_5_Izquierda/Ciclo_3_5_Izquierda_u.mp4,Ciclo_3_5_Izquierda_u,pending,,
mendeley_labeled15_P04_ec07cb2e93c0ca30,5s4mt7xrd9.1,P04,u,dactylology,accepted,validation,Mexican Sign Languages Dactylology and Ten First Numbers - Labeled images and videos. From person #1 to #5/persona_4/Ciclo_4_5_Derecha/Ciclo_4_5_Derecha_u.mp4,Ciclo_4_5_Derecha_u,pending,,
mendeley_labeled15_P04_30cd6dedefcc18f2,5s4mt7xrd9.1,P04,u,dactylology,accepted,validation,Mexican Sign Languages Dactylology and Ten First Numbers - Labeled images and videos. From person #1 to #5/persona_4/Ciclo_4_5_Izquierda/Ciclo_4_5_Izquierda_u.mp4,Ciclo_4_5_Izquierda_u,pending,,
mendeley_labeled15_P04_a212ebc7404f4fae,5s4mt7xrd9.1,P04,u,dactylology,accepted,validation,Mexican Sign Languages Dactylology and Ten First Numbers - Labeled images and videos. From person #1 to #5/persona_4/Ciclo_5_5_Derecha/Ciclo_5_5_Derecha_u.mp4,Ciclo_5_5_Derecha_u,pending,,
mendeley_labeled15_P04_df3bc13f4ed8f79a,5s4mt7xrd9.1,P04,u,dactylology,accepted,validation,Mexican Sign Languages Dactylology and Ten First Numbers - Labeled images and videos. From person #1 to #5/persona_4/Ciclo_5_5_Izquierda/Ciclo_5_5_Izquierda_u.mp4,Ciclo_5_5_Izquierda_u,pending,,
mendeley_labeled15_P04_7e0ec8cde898820a,5s4mt7xrd9.1,P04,v,dactylology,accepted,validation,Mexican Sign Languages Dactylology and Ten First Numbers - Labeled images and videos. From person #1 to #5/persona_4/Ciclo_1_5_Derecha/Ciclo_1_5_Derecha_v.mp4,Ciclo_1_5_Derecha_v,pending,,
mendeley_labeled15_P04_e52970cb6a33af1e,5s4mt7xrd9.1,P04,v,dactylology,accepted,validation,Mexican Sign Languages Dactylology and Ten First Numbers - Labeled images and videos. From person #1 to #5/persona_4/Ciclo_1_5_Izquierda/Ciclo_1_5_Izquierda_v.mp4,Ciclo_1_5_Izquierda_v,pending,,
mendeley_labeled15_P04_357f08dd994113cc,5s4mt7xrd9.1,P04,v,dactylology,accepted,validation,Mexican Sign Languages Dactylology and Ten First Numbers - Labeled images and videos. From person #1 to #5/persona_4/Ciclo_2_5_Derecha/Ciclo_2_5_Derecha_v.mp4,Ciclo_2_5_Derecha_v,pending,,
mendeley_labeled15_P04_a5047d099d8e0df5,5s4mt7xrd9.1,P04,v,dactylology,accepted,validation,Mexican Sign Languages Dactylology and Ten First Numbers - Labeled images and videos. From person #1 to #5/persona_4/Ciclo_2_5_Izquierda/Ciclo_2_5_Izquierda_v.mp4,Ciclo_2_5_Izquierda_v,pending,,
mendeley_labeled15_P04_e564cc01837f6fd4,5s4mt7xrd9.1,P04,v,dactylology,accepted,validation,Mexican Sign Languages Dactylology and Ten First Numbers - Labeled images and videos. From person #1 to #5/persona_4/Ciclo_3_5_Derecha/Ciclo_3_5_Derecha_v.mp4,Ciclo_3_5_Derecha_v,pending,,
mendeley_labeled15_P04_54fdd34a64da4d19,5s4mt7xrd9.1,P04,v,dactylology,accepted,validation,Mexican Sign Languages Dactylology and Ten First Numbers - Labeled images and videos. From person #1 to #5/persona_4/Ciclo_3_5_Izquierda/Ciclo_3_5_Izquierda_v.mp4,Ciclo_3_5_Izquierda_v,pending,,
mendeley_labeled15_P04_518a3a2a8b19a4f5,5s4mt7xrd9.1,P04,v,dactylology,accepted,validation,Mexican Sign Languages Dactylology and Ten First Numbers - Labeled images and videos. From person #1 to #5/persona_4/Ciclo_4_5_Derecha/Ciclo_4_5_Derecha_v.mp4,Ciclo_4_5_Derecha_v,pending,,
mendeley_labeled15_P04_844266a75fe910a8,5s4mt7xrd9.1,P04,v,dactylology,accepted,validation,Mexican Sign Languages Dactylology and Ten First Numbers - Labeled images and videos. From person #1 to #5/persona_4/Ciclo_4_5_Izquierda/Ciclo_4_5_Izquierda_v.mp4,Ciclo_4_5_Izquierda_v,pending,,
mendeley_labeled15_P04_7bab74ef8fd67cca,5s4mt7xrd9.1,P04,v,dactylology,accepted,validation,Mexican Sign Languages Dactylology and Ten First Numbers - Labeled images and videos. From person #1 to #5/persona_4/Ciclo_5_5_Derecha/Ciclo_5_5_Derecha_v.mp4,Ciclo_5_5_Derecha_v,pending,,
mendeley_labeled15_P04_44da557d74ae5d12,5s4mt7xrd9.1,P04,v,dactylology,accepted,validation,Mexican Sign Languages Dactylology and Ten First Numbers - Labeled images and videos. From person #1 to #5/persona_4/Ciclo_5_5_Izquierda/Ciclo_5_5_Izquierda_v.mp4,Ciclo_5_5_Izquierda_v,pending,,
mendeley_labeled15_P04_fa814bdd9ce98197,5s4mt7xrd9.1,P04,w,dactylology,accepted,validation,Mexican Sign Languages Dactylology and Ten First Numbers - Labeled images and videos. From person #1 to #5/persona_4/Ciclo_1_5_Derecha/Ciclo_1_5_Derecha_w.mp4,Ciclo_1_5_Derecha_w,pending,,
mendeley_labeled15_P04_b10689a51c78aeed,5s4mt7xrd9.1,P04,w,dactylology,accepted,validation,Mexican Sign Languages Dactylology and Ten First Numbers - Labeled images and videos. From person #1 to #5/persona_4/Ciclo_1_5_Izquierda/Ciclo_1_5_Izquierda_w.mp4,Ciclo_1_5_Izquierda_w,pending,,
mendeley_labeled15_P04_a6a87f2926f60440,5s4mt7xrd9.1,P04,w,dactylology,accepted,validation,Mexican Sign Languages Dactylology and Ten First Numbers - Labeled images and videos. From person #1 to #5/persona_4/Ciclo_2_5_Derecha/Ciclo_2_5_Derecha_w.mp4,Ciclo_2_5_Derecha_w,pending,,
mendeley_labeled15_P04_978cf707773b9618,5s4mt7xrd9.1,P04,w,dactylology,accepted,validation,Mexican Sign Languages Dactylology and Ten First Numbers - Labeled images and videos. From person #1 to #5/persona_4/Ciclo_2_5_Izquierda/Ciclo_2_5_Izquierda_w.mp4,Ciclo_2_5_Izquierda_w,pending,,
mendeley_labeled15_P04_686628b710bc77f2,5s4mt7xrd9.1,P04,w,dactylology,accepted,validation,Mexican Sign Languages Dactylology and Ten First Numbers - Labeled images and videos. From person #1 to #5/persona_4/Ciclo_3_5_Derecha/Ciclo_3_5_Derecha_w.mp4,Ciclo_3_5_Derecha_w,pending,,
mendeley_labeled15_P04_cd651b56cb5ef616,5s4mt7xrd9.1,P04,w,dactylology,accepted,validation,Mexican Sign Languages Dactylology and Ten First Numbers - Labeled images and videos. From person #1 to #5/persona_4/Ciclo_3_5_Izquierda/Ciclo_3_5_Izquierda_w.mp4,Ciclo_3_5_Izquierda_w,pending,,
mendeley_labeled15_P04_fa9d7c73f957547f,5s4mt7xrd9.1,P04,w,dactylology,accepted,validation,Mexican Sign Languages Dactylology and Ten First Numbers - Labeled images and videos. From person #1 to #5/persona_4/Ciclo_4_5_Derecha/Ciclo_4_5_Derecha_w.mp4,Ciclo_4_5_Derecha_w,pending,,
mendeley_labeled15_P04_af62f485c140941a,5s4mt7xrd9.1,P04,w,dactylology,accepted,validation,Mexican Sign Languages Dactylology and Ten First Numbers - Labeled images and videos. From person #1 to #5/persona_4/Ciclo_4_5_Izquierda/Ciclo_4_5_Izquierda_w.mp4,Ciclo_4_5_Izquierda_w,pending,,
mendeley_labeled15_P04_8b08e284cfbd4b79,5s4mt7xrd9.1,P04,w,dactylology,accepted,validation,Mexican Sign Languages Dactylology and Ten First Numbers - Labeled images and videos. From person #1 to #5/persona_4/Ciclo_5_5_Derecha/Ciclo_5_5_Derecha_w.mp4,Ciclo_5_5_Derecha_w,pending,,
mendeley_labeled15_P04_e9d581334e448963,5s4mt7xrd9.1,P04,w,dactylology,accepted,validation,Mexican Sign Languages Dactylology and Ten First Numbers - Labeled images and videos. From person #1 to #5/persona_4/Ciclo_5_5_Izquierda/Ciclo_5_5_Izquierda_w.mp4,Ciclo_5_5_Izquierda_w,pending,,
mendeley_labeled15_P04_a1330a8f5214424c,5s4mt7xrd9.1,P04,x,dactylology,accepted,validation,Mexican Sign Languages Dactylology and Ten First Numbers - Labeled images and videos. From person #1 to #5/persona_4/Ciclo_1_5_Derecha/Ciclo_1_5_Derecha_x.mp4,Ciclo_1_5_Derecha_x,pending,,
mendeley_labeled15_P04_74bad563efc9ba17,5s4mt7xrd9.1,P04,x,dactylology,accepted,validation,Mexican Sign Languages Dactylology and Ten First Numbers - Labeled images and videos. From person #1 to #5/persona_4/Ciclo_1_5_Izquierda/Ciclo_1_5_Izquierda_x.mp4,Ciclo_1_5_Izquierda_x,pending,,
mendeley_labeled15_P04_b2f00160b8d1af39,5s4mt7xrd9.1,P04,x,dactylology,accepted,validation,Mexican Sign Languages Dactylology and Ten First Numbers - Labeled images and videos. From person #1 to #5/persona_4/Ciclo_2_5_Derecha/Ciclo_2_5_Derecha_x.mp4,Ciclo_2_5_Derecha_x,pending,,
mendeley_labeled15_P04_124ce87b4ac3ec4a,5s4mt7xrd9.1,P04,x,dactylology,accepted,validation,Mexican Sign Languages Dactylology and Ten First Numbers - Labeled images and videos. From person #1 to #5/persona_4/Ciclo_2_5_Izquierda/Ciclo_2_5_Izquierda_x.mp4,Ciclo_2_5_Izquierda_x,pending,,
mendeley_labeled15_P04_c47ab55d0ede88bc,5s4mt7xrd9.1,P04,x,dactylology,accepted,validation,Mexican Sign Languages Dactylology and Ten First Numbers - Labeled images and videos. From person #1 to #5/persona_4/Ciclo_3_5_Derecha/Ciclo_3_5_Derecha_x.mp4,Ciclo_3_5_Derecha_x,pending,,
mendeley_labeled15_P04_4d56be75989d7259,5s4mt7xrd9.1,P04,x,dactylology,accepted,validation,Mexican Sign Languages Dactylology and Ten First Numbers - Labeled images and videos. From person #1 to #5/persona_4/Ciclo_3_5_Izquierda/Ciclo_3_5_Izquierda_x.mp4,Ciclo_3_5_Izquierda_x,pending,,
mendeley_labeled15_P04_8a42e369e3dd4f99,5s4mt7xrd9.1,P04,x,dactylology,accepted,validation,Mexican Sign Languages Dactylology and Ten First Numbers - Labeled images and videos. From person #1 to #5/persona_4/Ciclo_4_5_Derecha/Ciclo_4_5_Derecha_x.mp4,Ciclo_4_5_Derecha_x,pending,,
mendeley_labeled15_P04_27a31891b6b1c697,5s4mt7xrd9.1,P04,x,dactylology,accepted,validation,Mexican Sign Languages Dactylology and Ten First Numbers - Labeled images and videos. From person #1 to #5/persona_4/Ciclo_4_5_Izquierda/Ciclo_4_5_Izquierda_x.mp4,Ciclo_4_5_Izquierda_x,pending,,
mendeley_labeled15_P04_3bd060a92f59e91c,5s4mt7xrd9.1,P04,x,dactylology,accepted,validation,Mexican Sign Languages Dactylology and Ten First Numbers - Labeled images and videos. From person #1 to #5/persona_4/Ciclo_5_5_Derecha/Ciclo_5_5_Derecha_x.mp4,Ciclo_5_5_Derecha_x,pending,,
mendeley_labeled15_P04_d790b908a5ec515f,5s4mt7xrd9.1,P04,x,dactylology,accepted,validation,Mexican Sign Languages Dactylology and Ten First Numbers - Labeled images and videos. From person #1 to #5/persona_4/Ciclo_5_5_Izquierda/Ciclo_5_5_Izquierda_x.mp4,Ciclo_5_5_Izquierda_x,pending,,
mendeley_labeled15_P04_cf80e2f81ff66362,5s4mt7xrd9.1,P04,y,dactylology,accepted,validation,Mexican Sign Languages Dactylology and Ten First Numbers - Labeled images and videos. From person #1 to #5/persona_4/Ciclo_1_5_Derecha/Ciclo_1_5_Derecha_y.mp4,Ciclo_1_5_Derecha_y,pending,,
mendeley_labeled15_P04_9686f4ee13fdd4b3,5s4mt7xrd9.1,P04,y,dactylology,accepted,validation,Mexican Sign Languages Dactylology and Ten First Numbers - Labeled images and videos. From person #1 to #5/persona_4/Ciclo_1_5_Izquierda/Ciclo_1_5_Izquierda_y.mp4,Ciclo_1_5_Izquierda_y,pending,,
mendeley_labeled15_P04_f936bf0a429e97ef,5s4mt7xrd9.1,P04,y,dactylology,accepted,validation,Mexican Sign Languages Dactylology and Ten First Numbers - Labeled images and videos. From person #1 to #5/persona_4/Ciclo_2_5_Derecha/Ciclo_2_5_Derecha_y.mp4,Ciclo_2_5_Derecha_y,pending,,
mendeley_labeled15_P04_3899c310bdbafeed,5s4mt7xrd9.1,P04,y,dactylology,accepted,validation,Mexican Sign Languages Dactylology and Ten First Numbers - Labeled images and videos. From person #1 to #5/persona_4/Ciclo_2_5_Izquierda/Ciclo_2_5_Izquierda_y.mp4,Ciclo_2_5_Izquierda_y,pending,,
mendeley_labeled15_P04_1523629c2a4eabdd,5s4mt7xrd9.1,P04,y,dactylology,accepted,validation,Mexican Sign Languages Dactylology and Ten First Numbers - Labeled images and videos. From person #1 to #5/persona_4/Ciclo_3_5_Derecha/Ciclo_3_5_Derecha_y.mp4,Ciclo_3_5_Derecha_y,pending,,
mendeley_labeled15_P04_9cc71bf30b098cfa,5s4mt7xrd9.1,P04,y,dactylology,accepted,validation,Mexican Sign Languages Dactylology and Ten First Numbers - Labeled images and videos. From person #1 to #5/persona_4/Ciclo_3_5_Izquierda/Ciclo_3_5_Izquierda_y.mp4,Ciclo_3_5_Izquierda_y,pending,,
mendeley_labeled15_P04_5f143f4b5c484537,5s4mt7xrd9.1,P04,y,dactylology,accepted,validation,Mexican Sign Languages Dactylology and Ten First Numbers - Labeled images and videos. From person #1 to #5/persona_4/Ciclo_4_5_Derecha/Ciclo_4_5_Derecha_y.mp4,Ciclo_4_5_Derecha_y,pending,,
mendeley_labeled15_P04_6c6e0f1952c4fd63,5s4mt7xrd9.1,P04,y,dactylology,accepted,validation,Mexican Sign Languages Dactylology and Ten First Numbers - Labeled images and videos. From person #1 to #5/persona_4/Ciclo_4_5_Izquierda/Ciclo_4_5_Izquierda_y.mp4,Ciclo_4_5_Izquierda_y,pending,,
mendeley_labeled15_P04_0881d518cd709cdb,5s4mt7xrd9.1,P04,y,dactylology,accepted,validation,Mexican Sign Languages Dactylology and Ten First Numbers - Labeled images and videos. From person #1 to #5/persona_4/Ciclo_5_5_Derecha/Ciclo_5_5_Derecha_y.mp4,Ciclo_5_5_Derecha_y,pending,,
mendeley_labeled15_P04_2ffce7538b7ced46,5s4mt7xrd9.1,P04,y,dactylology,accepted,validation,Mexican Sign Languages Dactylology and Ten First Numbers - Labeled images and videos. From person #1 to #5/persona_4/Ciclo_5_5_Izquierda/Ciclo_5_5_Izquierda_y.mp4,Ciclo_5_5_Izquierda_y,pending,,
mendeley_labeled15_P04_c6f1bcd85476286c,5s4mt7xrd9.1,P04,z,dactylology,accepted,validation,Mexican Sign Languages Dactylology and Ten First Numbers - Labeled images and videos. From person #1 to #5/persona_4/Ciclo_1_5_Derecha/Ciclo_1_5_Derecha_z.mp4,Ciclo_1_5_Derecha_z,pending,,
mendeley_labeled15_P04_4c43802cf3f3c297,5s4mt7xrd9.1,P04,z,dactylology,accepted,validation,Mexican Sign Languages Dactylology and Ten First Numbers - Labeled images and videos. From person #1 to #5/persona_4/Ciclo_1_5_Izquierda/Ciclo_1_5_Izquierda_z.mp4,Ciclo_1_5_Izquierda_z,pending,,
mendeley_labeled15_P04_bd4f2eb6c42e757e,5s4mt7xrd9.1,P04,z,dactylology,accepted,validation,Mexican Sign Languages Dactylology and Ten First Numbers - Labeled images and videos. From person #1 to #5/persona_4/Ciclo_2_5_Derecha/Ciclo_2_5_Derecha_z.mp4,Ciclo_2_5_Derecha_z,pending,,
mendeley_labeled15_P04_7db4454ff0bd6b90,5s4mt7xrd9.1,P04,z,dactylology,accepted,validation,Mexican Sign Languages Dactylology and Ten First Numbers - Labeled images and videos. From person #1 to #5/persona_4/Ciclo_2_5_Izquierda/Ciclo_2_5_Izquierda_z.mp4,Ciclo_2_5_Izquierda_z,pending,,
mendeley_labeled15_P04_9ba651f30e6ef900,5s4mt7xrd9.1,P04,z,dactylology,accepted,validation,Mexican Sign Languages Dactylology and Ten First Numbers - Labeled images and videos. From person #1 to #5/persona_4/Ciclo_3_5_Derecha/Ciclo_3_5_Derecha_z.mp4,Ciclo_3_5_Derecha_z,pending,,
mendeley_labeled15_P04_ee0ea74350b99565,5s4mt7xrd9.1,P04,z,dactylology,accepted,validation,Mexican Sign Languages Dactylology and Ten First Numbers - Labeled images and videos. From person #1 to #5/persona_4/Ciclo_3_5_Izquierda/Ciclo_3_5_Izquierda_z.mp4,Ciclo_3_5_Izquierda_z,pending,,
mendeley_labeled15_P04_2434911785fd8b95,5s4mt7xrd9.1,P04,z,dactylology,accepted,validation,Mexican Sign Languages Dactylology and Ten First Numbers - Labeled images and videos. From person #1 to #5/persona_4/Ciclo_4_5_Derecha/Ciclo_4_5_Derecha_z.mp4,Ciclo_4_5_Derecha_z,pending,,
mendeley_labeled15_P04_152fff54cdf69771,5s4mt7xrd9.1,P04,z,dactylology,accepted,validation,Mexican Sign Languages Dactylology and Ten First Numbers - Labeled images and videos. From person #1 to #5/persona_4/Ciclo_4_5_Izquierda/Ciclo_4_5_Izquierda_z.mp4,Ciclo_4_5_Izquierda_z,pending,,
mendeley_labeled15_P04_03e9611cf28c58bf,5s4mt7xrd9.1,P04,z,dactylology,accepted,validation,Mexican Sign Languages Dactylology and Ten First Numbers - Labeled images and videos. From person #1 to #5/persona_4/Ciclo_5_5_Derecha/Ciclo_5_5_Derecha_z.mp4,Ciclo_5_5_Derecha_z,pending,,
mendeley_labeled15_P04_3c0ee0b01660b0ae,5s4mt7xrd9.1,P04,z,dactylology,accepted,validation,Mexican Sign Languages Dactylology and Ten First Numbers - Labeled images and videos. From person #1 to #5/persona_4/Ciclo_5_5_Izquierda/Ciclo_5_5_Izquierda_z.mp4,Ciclo_5_5_Izquierda_z,pending,,
mendeley_labeled15_P04_c5dd7b01c446d030,5s4mt7xrd9.1,P04,ñ,dactylology,accepted,validation,Mexican Sign Languages Dactylology and Ten First Numbers - Labeled images and videos. From person #1 to #5/persona_4/Ciclo_1_5_Izquierda/Ciclo_1_5_Izquierda_ñ.mp4,Ciclo_1_5_Izquierda_ñ,pending,,
mendeley_labeled15_P04_9442850671875a83,5s4mt7xrd9.1,P04,ñ,dactylology,accepted,validation,Mexican Sign Languages Dactylology and Ten First Numbers - Labeled images and videos. From person #1 to #5/persona_4/Ciclo_2_5_Derecha/Ciclo_2_5_Derecha_ñ.mp4,Ciclo_2_5_Derecha_ñ,pending,,
mendeley_labeled15_P04_9192346ffecf004e,5s4mt7xrd9.1,P04,ñ,dactylology,accepted,validation,Mexican Sign Languages Dactylology and Ten First Numbers - Labeled images and videos. From person #1 to #5/persona_4/Ciclo_3_5_Izquierda/Ciclo_3_5_Izquierda_ñ.mp4,Ciclo_3_5_Izquierda_ñ,pending,,
mendeley_labeled15_P04_38b0347ea8275c2a,5s4mt7xrd9.1,P04,ñ,dactylology,accepted,validation,Mexican Sign Languages Dactylology and Ten First Numbers - Labeled images and videos. From person #1 to #5/persona_4/Ciclo_4_5_Derecha/Ciclo_4_5_Derecha_ñ.mp4,Ciclo_4_5_Derecha_ñ,pending,,
mendeley_labeled15_P04_9410453aad1d5092,5s4mt7xrd9.1,P04,ñ,dactylology,accepted,validation,Mexican Sign Languages Dactylology and Ten First Numbers - Labeled images and videos. From person #1 to #5/persona_4/Ciclo_4_5_Izquierda/Ciclo_4_5_Izquierda_ñ.mp4,Ciclo_4_5_Izquierda_ñ,pending,,
mendeley_labeled15_P04_0c5ee0ccdc505479,5s4mt7xrd9.1,P04,1,number,accepted,validation,Mexican Sign Languages Dactylology and Ten First Numbers - Labeled images and videos. From person #1 to #5/persona_4/Ciclo_1_5_Derecha/Ciclo_1_5_Derecha_1.mp4,Ciclo_1_5_Derecha_1,pending,,
mendeley_labeled15_P04_5bab3355072c0535,5s4mt7xrd9.1,P04,1,number,accepted,validation,Mexican Sign Languages Dactylology and Ten First Numbers - Labeled images and videos. From person #1 to #5/persona_4/Ciclo_1_5_Izquierda/Ciclo_1_5_Izquierda_1.mp4,Ciclo_1_5_Izquierda_1,pending,,
mendeley_labeled15_P04_90877c7b7ee76499,5s4mt7xrd9.1,P04,1,number,accepted,validation,Mexican Sign Languages Dactylology and Ten First Numbers - Labeled images and videos. From person #1 to #5/persona_4/Ciclo_2_5_Derecha/Ciclo_2_5_Derecha_1.mp4,Ciclo_2_5_Derecha_1,pending,,
mendeley_labeled15_P04_5d9e7800692aa6fe,5s4mt7xrd9.1,P04,1,number,accepted,validation,Mexican Sign Languages Dactylology and Ten First Numbers - Labeled images and videos. From person #1 to #5/persona_4/Ciclo_2_5_Izquierda/Ciclo_2_5_Izquierda_1.mp4,Ciclo_2_5_Izquierda_1,pending,,
mendeley_labeled15_P04_a93b49d5e9f0191b,5s4mt7xrd9.1,P04,1,number,accepted,validation,Mexican Sign Languages Dactylology and Ten First Numbers - Labeled images and videos. From person #1 to #5/persona_4/Ciclo_3_5_Derecha/Ciclo_3_5_Derecha_1.mp4,Ciclo_3_5_Derecha_1,pending,,
mendeley_labeled15_P04_cbe3398f41fab6b8,5s4mt7xrd9.1,P04,1,number,accepted,validation,Mexican Sign Languages Dactylology and Ten First Numbers - Labeled images and videos. From person #1 to #5/persona_4/Ciclo_3_5_Izquierda/Ciclo_3_5_Izquierda_1.mp4,Ciclo_3_5_Izquierda_1,pending,,
mendeley_labeled15_P04_c17d074c72cfba46,5s4mt7xrd9.1,P04,1,number,accepted,validation,Mexican Sign Languages Dactylology and Ten First Numbers - Labeled images and videos. From person #1 to #5/persona_4/Ciclo_4_5_Derecha/Ciclo_4_5_Derecha_1.mp4,Ciclo_4_5_Derecha_1,pending,,
mendeley_labeled15_P04_8788df7764e9d533,5s4mt7xrd9.1,P04,1,number,accepted,validation,Mexican Sign Languages Dactylology and Ten First Numbers - Labeled images and videos. From person #1 to #5/persona_4/Ciclo_4_5_Izquierda/Ciclo_4_5_Izquierda_1.mp4,Ciclo_4_5_Izquierda_1,pending,,
mendeley_labeled15_P04_ca2705d3266523a3,5s4mt7xrd9.1,P04,1,number,accepted,validation,Mexican Sign Languages Dactylology and Ten First Numbers - Labeled images and videos. From person #1 to #5/persona_4/Ciclo_5_5_Derecha/Ciclo_5_5_Derecha_1.mp4,Ciclo_5_5_Derecha_1,pending,,
mendeley_labeled15_P04_868895bc6979bd84,5s4mt7xrd9.1,P04,1,number,accepted,validation,Mexican Sign Languages Dactylology and Ten First Numbers - Labeled images and videos. From person #1 to #5/persona_4/Ciclo_5_5_Izquierda/Ciclo_5_5_Izquierda_1.mp4,Ciclo_5_5_Izquierda_1,pending,,
mendeley_labeled15_P04_ae2b5bdc7be2b0b3,5s4mt7xrd9.1,P04,10,number,accepted,validation,Mexican Sign Languages Dactylology and Ten First Numbers - Labeled images and videos. From person #1 to #5/persona_4/Ciclo_1_5_Derecha/Ciclo_1_5_Derecha_10.mp4,Ciclo_1_5_Derecha_10,pending,,
mendeley_labeled15_P04_6e5b9e9786cc06b3,5s4mt7xrd9.1,P04,10,number,accepted,validation,Mexican Sign Languages Dactylology and Ten First Numbers - Labeled images and videos. From person #1 to #5/persona_4/Ciclo_1_5_Izquierda/Ciclo_1_5_Izquierda_10.mp4,Ciclo_1_5_Izquierda_10,pending,,
mendeley_labeled15_P04_cfa5bab86586a99b,5s4mt7xrd9.1,P04,10,number,accepted,validation,Mexican Sign Languages Dactylology and Ten First Numbers - Labeled images and videos. From person #1 to #5/persona_4/Ciclo_2_5_Derecha/Ciclo_2_5_Derecha_10.mp4,Ciclo_2_5_Derecha_10,pending,,
mendeley_labeled15_P04_bbc0f51a0e180621,5s4mt7xrd9.1,P04,10,number,accepted,validation,Mexican Sign Languages Dactylology and Ten First Numbers - Labeled images and videos. From person #1 to #5/persona_4/Ciclo_2_5_Izquierda/Ciclo_2_5_Izquierda_10.mp4,Ciclo_2_5_Izquierda_10,pending,,
mendeley_labeled15_P04_dfa8eabbb60a67b0,5s4mt7xrd9.1,P04,10,number,accepted,validation,Mexican Sign Languages Dactylology and Ten First Numbers - Labeled images and videos. From person #1 to #5/persona_4/Ciclo_3_5_Derecha/Ciclo_3_5_Derecha_10.mp4,Ciclo_3_5_Derecha_10,pending,,
mendeley_labeled15_P04_aa403d9d55ccb6a4,5s4mt7xrd9.1,P04,10,number,accepted,validation,Mexican Sign Languages Dactylology and Ten First Numbers - Labeled images and videos. From person #1 to #5/persona_4/Ciclo_3_5_Izquierda/Ciclo_3_5_Izquierda_10.mp4,Ciclo_3_5_Izquierda_10,pending,,
mendeley_labeled15_P04_d00d71604e0d3b92,5s4mt7xrd9.1,P04,10,number,accepted,validation,Mexican Sign Languages Dactylology and Ten First Numbers - Labeled images and videos. From person #1 to #5/persona_4/Ciclo_4_5_Derecha/Ciclo_4_5_Derecha_10.mp4,Ciclo_4_5_Derecha_10,pending,,
mendeley_labeled15_P04_b72207e055133e57,5s4mt7xrd9.1,P04,10,number,accepted,validation,Mexican Sign Languages Dactylology and Ten First Numbers - Labeled images and videos. From person #1 to #5/persona_4/Ciclo_4_5_Izquierda/Ciclo_4_5_Izquierda_10.mp4,Ciclo_4_5_Izquierda_10,pending,,
mendeley_labeled15_P04_8946bc1a44161106,5s4mt7xrd9.1,P04,10,number,accepted,validation,Mexican Sign Languages Dactylology and Ten First Numbers - Labeled images and videos. From person #1 to #5/persona_4/Ciclo_5_5_Derecha/Ciclo_5_5_Derecha_10.mp4,Ciclo_5_5_Derecha_10,pending,,
mendeley_labeled15_P04_567bab28dbf6aacb,5s4mt7xrd9.1,P04,10,number,accepted,validation,Mexican Sign Languages Dactylology and Ten First Numbers - Labeled images and videos. From person #1 to #5/persona_4/Ciclo_5_5_Izquierda/Ciclo_5_5_Izquierda_10.mp4,Ciclo_5_5_Izquierda_10,pending,,
mendeley_labeled15_P04_5786d7d7331548c7,5s4mt7xrd9.1,P04,2,number,accepted,validation,Mexican Sign Languages Dactylology and Ten First Numbers - Labeled images and videos. From person #1 to #5/persona_4/Ciclo_1_5_Derecha/Ciclo_1_5_Derecha_2.mp4,Ciclo_1_5_Derecha_2,pending,,
mendeley_labeled15_P04_25781f746a5d11c5,5s4mt7xrd9.1,P04,2,number,accepted,validation,Mexican Sign Languages Dactylology and Ten First Numbers - Labeled images and videos. From person #1 to #5/persona_4/Ciclo_1_5_Izquierda/Ciclo_1_5_Izquierda_2.mp4,Ciclo_1_5_Izquierda_2,pending,,
mendeley_labeled15_P04_6ce14cdb8d6cea2e,5s4mt7xrd9.1,P04,2,number,accepted,validation,Mexican Sign Languages Dactylology and Ten First Numbers - Labeled images and videos. From person #1 to #5/persona_4/Ciclo_2_5_Derecha/Ciclo_2_5_Derecha_2.mp4,Ciclo_2_5_Derecha_2,pending,,
mendeley_labeled15_P04_4c10e47acadc3edb,5s4mt7xrd9.1,P04,2,number,accepted,validation,Mexican Sign Languages Dactylology and Ten First Numbers - Labeled images and videos. From person #1 to #5/persona_4/Ciclo_2_5_Izquierda/Ciclo_2_5_Izquierda_2.mp4,Ciclo_2_5_Izquierda_2,pending,,
mendeley_labeled15_P04_ccd371cfa403142b,5s4mt7xrd9.1,P04,2,number,accepted,validation,Mexican Sign Languages Dactylology and Ten First Numbers - Labeled images and videos. From person #1 to #5/persona_4/Ciclo_3_5_Derecha/Ciclo_3_5_Derecha_2.mp4,Ciclo_3_5_Derecha_2,pending,,
mendeley_labeled15_P04_cc0004835efe45d7,5s4mt7xrd9.1,P04,2,number,accepted,validation,Mexican Sign Languages Dactylology and Ten First Numbers - Labeled images and videos. From person #1 to #5/persona_4/Ciclo_3_5_Izquierda/Ciclo_3_5_Izquierda_2.mp4,Ciclo_3_5_Izquierda_2,pending,,
mendeley_labeled15_P04_e12bec2df1d58667,5s4mt7xrd9.1,P04,2,number,accepted,validation,Mexican Sign Languages Dactylology and Ten First Numbers - Labeled images and videos. From person #1 to #5/persona_4/Ciclo_4_5_Derecha/Ciclo_4_5_Derecha_2.mp4,Ciclo_4_5_Derecha_2,pending,,
mendeley_labeled15_P04_f73b7315bdacf22b,5s4mt7xrd9.1,P04,2,number,accepted,validation,Mexican Sign Languages Dactylology and Ten First Numbers - Labeled images and videos. From person #1 to #5/persona_4/Ciclo_4_5_Izquierda/Ciclo_4_5_Izquierda_2.mp4,Ciclo_4_5_Izquierda_2,pending,,
mendeley_labeled15_P04_87aecef94c80d764,5s4mt7xrd9.1,P04,2,number,accepted,validation,Mexican Sign Languages Dactylology and Ten First Numbers - Labeled images and videos. From person #1 to #5/persona_4/Ciclo_5_5_Derecha/Ciclo_5_5_Derecha_2.mp4,Ciclo_5_5_Derecha_2,pending,,
mendeley_labeled15_P04_be0c51e911d855db,5s4mt7xrd9.1,P04,2,number,accepted,validation,Mexican Sign Languages Dactylology and Ten First Numbers - Labeled images and videos. From person #1 to #5/persona_4/Ciclo_5_5_Izquierda/Ciclo_5_5_Izquierda_2.mp4,Ciclo_5_5_Izquierda_2,pending,,
mendeley_labeled15_P04_ce67fbbee15272b3,5s4mt7xrd9.1,P04,3,number,accepted,validation,Mexican Sign Languages Dactylology and Ten First Numbers - Labeled images and videos. From person #1 to #5/persona_4/Ciclo_1_5_Derecha/Ciclo_1_5_Derecha_3.mp4,Ciclo_1_5_Derecha_3,pending,,
mendeley_labeled15_P04_2e857d64493b055d,5s4mt7xrd9.1,P04,3,number,accepted,validation,Mexican Sign Languages Dactylology and Ten First Numbers - Labeled images and videos. From person #1 to #5/persona_4/Ciclo_1_5_Izquierda/Ciclo_1_5_Izquierda_3.mp4,Ciclo_1_5_Izquierda_3,pending,,
mendeley_labeled15_P04_672d7c0e4b7c3b57,5s4mt7xrd9.1,P04,3,number,accepted,validation,Mexican Sign Languages Dactylology and Ten First Numbers - Labeled images and videos. From person #1 to #5/persona_4/Ciclo_2_5_Derecha/Ciclo_2_5_Derecha_3.mp4,Ciclo_2_5_Derecha_3,pending,,
mendeley_labeled15_P04_c10bfb840e541370,5s4mt7xrd9.1,P04,3,number,accepted,validation,Mexican Sign Languages Dactylology and Ten First Numbers - Labeled images and videos. From person #1 to #5/persona_4/Ciclo_2_5_Izquierda/Ciclo_2_5_Izquierda_3.mp4,Ciclo_2_5_Izquierda_3,pending,,
mendeley_labeled15_P04_1aecac11920ae19f,5s4mt7xrd9.1,P04,3,number,accepted,validation,Mexican Sign Languages Dactylology and Ten First Numbers - Labeled images and videos. From person #1 to #5/persona_4/Ciclo_3_5_Derecha/Ciclo_3_5_Derecha_3.mp4,Ciclo_3_5_Derecha_3,pending,,
mendeley_labeled15_P04_26ca94d2853386f6,5s4mt7xrd9.1,P04,3,number,accepted,validation,Mexican Sign Languages Dactylology and Ten First Numbers - Labeled images and videos. From person #1 to #5/persona_4/Ciclo_3_5_Izquierda/Ciclo_3_5_Izquierda_3.mp4,Ciclo_3_5_Izquierda_3,pending,,
mendeley_labeled15_P04_5a27791c9ef394ff,5s4mt7xrd9.1,P04,3,number,accepted,validation,Mexican Sign Languages Dactylology and Ten First Numbers - Labeled images and videos. From person #1 to #5/persona_4/Ciclo_4_5_Derecha/Ciclo_4_5_Derecha_3.mp4,Ciclo_4_5_Derecha_3,pending,,
mendeley_labeled15_P04_f7874b920fe6def2,5s4mt7xrd9.1,P04,3,number,accepted,validation,Mexican Sign Languages Dactylology and Ten First Numbers - Labeled images and videos. From person #1 to #5/persona_4/Ciclo_4_5_Izquierda/Ciclo_4_5_Izquierda_3.mp4,Ciclo_4_5_Izquierda_3,pending,,
mendeley_labeled15_P04_6c31583aa5693b9b,5s4mt7xrd9.1,P04,3,number,accepted,validation,Mexican Sign Languages Dactylology and Ten First Numbers - Labeled images and videos. From person #1 to #5/persona_4/Ciclo_5_5_Derecha/Ciclo_5_5_Derecha_3.mp4,Ciclo_5_5_Derecha_3,pending,,
mendeley_labeled15_P04_7429e87282504e5d,5s4mt7xrd9.1,P04,3,number,accepted,validation,Mexican Sign Languages Dactylology and Ten First Numbers - Labeled images and videos. From person #1 to #5/persona_4/Ciclo_5_5_Izquierda/Ciclo_5_5_Izquierda_3.mp4,Ciclo_5_5_Izquierda_3,pending,,
mendeley_labeled15_P04_efdfa5406046e0c9,5s4mt7xrd9.1,P04,4,number,accepted,validation,Mexican Sign Languages Dactylology and Ten First Numbers - Labeled images and videos. From person #1 to #5/persona_4/Ciclo_1_5_Derecha/Ciclo_1_5_Derecha_4.mp4,Ciclo_1_5_Derecha_4,pending,,
mendeley_labeled15_P04_0cc7384da1f8b62d,5s4mt7xrd9.1,P04,4,number,accepted,validation,Mexican Sign Languages Dactylology and Ten First Numbers - Labeled images and videos. From person #1 to #5/persona_4/Ciclo_1_5_Izquierda/Ciclo_1_5_Izquierda_4.mp4,Ciclo_1_5_Izquierda_4,pending,,
mendeley_labeled15_P04_892c3b8f4b5299f6,5s4mt7xrd9.1,P04,4,number,accepted,validation,Mexican Sign Languages Dactylology and Ten First Numbers - Labeled images and videos. From person #1 to #5/persona_4/Ciclo_2_5_Derecha/Ciclo_2_5_Derecha_4.mp4,Ciclo_2_5_Derecha_4,pending,,
mendeley_labeled15_P04_062b9f9723cf565d,5s4mt7xrd9.1,P04,4,number,accepted,validation,Mexican Sign Languages Dactylology and Ten First Numbers - Labeled images and videos. From person #1 to #5/persona_4/Ciclo_2_5_Izquierda/Ciclo_2_5_Izquierda_4.mp4,Ciclo_2_5_Izquierda_4,pending,,
mendeley_labeled15_P04_70cd403308ece336,5s4mt7xrd9.1,P04,4,number,accepted,validation,Mexican Sign Languages Dactylology and Ten First Numbers - Labeled images and videos. From person #1 to #5/persona_4/Ciclo_3_5_Derecha/Ciclo_3_5_Derecha_4.mp4,Ciclo_3_5_Derecha_4,pending,,
mendeley_labeled15_P04_23aea24f72a2f2b1,5s4mt7xrd9.1,P04,4,number,accepted,validation,Mexican Sign Languages Dactylology and Ten First Numbers - Labeled images and videos. From person #1 to #5/persona_4/Ciclo_3_5_Izquierda/Ciclo_3_5_Izquierda_4.mp4,Ciclo_3_5_Izquierda_4,pending,,
mendeley_labeled15_P04_5f59c2a18ab54126,5s4mt7xrd9.1,P04,4,number,accepted,validation,Mexican Sign Languages Dactylology and Ten First Numbers - Labeled images and videos. From person #1 to #5/persona_4/Ciclo_4_5_Derecha/Ciclo_4_5_Derecha_4.mp4,Ciclo_4_5_Derecha_4,pending,,
mendeley_labeled15_P04_00c79fe42927abbc,5s4mt7xrd9.1,P04,4,number,accepted,validation,Mexican Sign Languages Dactylology and Ten First Numbers - Labeled images and videos. From person #1 to #5/persona_4/Ciclo_4_5_Izquierda/Ciclo_4_5_Izquierda_4.mp4,Ciclo_4_5_Izquierda_4,pending,,
mendeley_labeled15_P04_a7509bc8719c8a1a,5s4mt7xrd9.1,P04,4,number,accepted,validation,Mexican Sign Languages Dactylology and Ten First Numbers - Labeled images and videos. From person #1 to #5/persona_4/Ciclo_5_5_Derecha/Ciclo_5_5_Derecha_4.mp4,Ciclo_5_5_Derecha_4,pending,,
mendeley_labeled15_P04_86d5b0fe494328eb,5s4mt7xrd9.1,P04,4,number,accepted,validation,Mexican Sign Languages Dactylology and Ten First Numbers - Labeled images and videos. From person #1 to #5/persona_4/Ciclo_5_5_Izquierda/Ciclo_5_5_Izquierda_4.mp4,Ciclo_5_5_Izquierda_4,pending,,
mendeley_labeled15_P04_b9c94882069bcdaa,5s4mt7xrd9.1,P04,5,number,accepted,validation,Mexican Sign Languages Dactylology and Ten First Numbers - Labeled images and videos. From person #1 to #5/persona_4/Ciclo_1_5_Derecha/Ciclo_1_5_Derecha_5.mp4,Ciclo_1_5_Derecha_5,pending,,
mendeley_labeled15_P04_3914b887710f2e03,5s4mt7xrd9.1,P04,5,number,accepted,validation,Mexican Sign Languages Dactylology and Ten First Numbers - Labeled images and videos. From person #1 to #5/persona_4/Ciclo_1_5_Izquierda/Ciclo_1_5_Izquierda_5.mp4,Ciclo_1_5_Izquierda_5,pending,,
mendeley_labeled15_P04_fffc972f6b946336,5s4mt7xrd9.1,P04,5,number,accepted,validation,Mexican Sign Languages Dactylology and Ten First Numbers - Labeled images and videos. From person #1 to #5/persona_4/Ciclo_2_5_Derecha/Ciclo_2_5_Derecha_5.mp4,Ciclo_2_5_Derecha_5,pending,,
mendeley_labeled15_P04_6ed2c1e94a61cb59,5s4mt7xrd9.1,P04,5,number,accepted,validation,Mexican Sign Languages Dactylology and Ten First Numbers - Labeled images and videos. From person #1 to #5/persona_4/Ciclo_2_5_Izquierda/Ciclo_2_5_Izquierda_5.mp4,Ciclo_2_5_Izquierda_5,pending,,
mendeley_labeled15_P04_04e3dfb4df4516b1,5s4mt7xrd9.1,P04,5,number,accepted,validation,Mexican Sign Languages Dactylology and Ten First Numbers - Labeled images and videos. From person #1 to #5/persona_4/Ciclo_3_5_Derecha/Ciclo_3_5_Derecha_5.mp4,Ciclo_3_5_Derecha_5,pending,,
mendeley_labeled15_P04_bdd4e4796c5bac0d,5s4mt7xrd9.1,P04,5,number,accepted,validation,Mexican Sign Languages Dactylology and Ten First Numbers - Labeled images and videos. From person #1 to #5/persona_4/Ciclo_3_5_Izquierda/Ciclo_3_5_Izquierda_5.mp4,Ciclo_3_5_Izquierda_5,pending,,
mendeley_labeled15_P04_ccd74cb3f636729f,5s4mt7xrd9.1,P04,5,number,accepted,validation,Mexican Sign Languages Dactylology and Ten First Numbers - Labeled images and videos. From person #1 to #5/persona_4/Ciclo_4_5_Derecha/Ciclo_4_5_Derecha_5.mp4,Ciclo_4_5_Derecha_5,pending,,
mendeley_labeled15_P04_349257188a4df154,5s4mt7xrd9.1,P04,5,number,accepted,validation,Mexican Sign Languages Dactylology and Ten First Numbers - Labeled images and videos. From person #1 to #5/persona_4/Ciclo_4_5_Izquierda/Ciclo_4_5_Izquierda_5.mp4,Ciclo_4_5_Izquierda_5,pending,,
mendeley_labeled15_P04_3ca7c5026d041089,5s4mt7xrd9.1,P04,5,number,accepted,validation,Mexican Sign Languages Dactylology and Ten First Numbers - Labeled images and videos. From person #1 to #5/persona_4/Ciclo_5_5_Derecha/Ciclo_5_5_Derecha_5.mp4,Ciclo_5_5_Derecha_5,pending,,
mendeley_labeled15_P04_1cc7623cf0027b70,5s4mt7xrd9.1,P04,5,number,accepted,validation,Mexican Sign Languages Dactylology and Ten First Numbers - Labeled images and videos. From person #1 to #5/persona_4/Ciclo_5_5_Izquierda/Ciclo_5_5_Izquierda_5.mp4,Ciclo_5_5_Izquierda_5,pending,,
mendeley_labeled15_P04_4a555d6e2bd8faa9,5s4mt7xrd9.1,P04,6,number,accepted,validation,Mexican Sign Languages Dactylology and Ten First Numbers - Labeled images and videos. From person #1 to #5/persona_4/Ciclo_1_5_Derecha/Ciclo_1_5_Derecha_6.mp4,Ciclo_1_5_Derecha_6,pending,,
mendeley_labeled15_P04_2221f586948b7009,5s4mt7xrd9.1,P04,6,number,accepted,validation,Mexican Sign Languages Dactylology and Ten First Numbers - Labeled images and videos. From person #1 to #5/persona_4/Ciclo_1_5_Izquierda/Ciclo_1_5_Izquierda_6.mp4,Ciclo_1_5_Izquierda_6,pending,,
mendeley_labeled15_P04_7a7a753af49e00c8,5s4mt7xrd9.1,P04,6,number,accepted,validation,Mexican Sign Languages Dactylology and Ten First Numbers - Labeled images and videos. From person #1 to #5/persona_4/Ciclo_2_5_Derecha/Ciclo_2_5_Derecha_6.mp4,Ciclo_2_5_Derecha_6,pending,,
mendeley_labeled15_P04_db2cec9121ddff85,5s4mt7xrd9.1,P04,6,number,accepted,validation,Mexican Sign Languages Dactylology and Ten First Numbers - Labeled images and videos. From person #1 to #5/persona_4/Ciclo_2_5_Izquierda/Ciclo_2_5_Izquierda_6.mp4,Ciclo_2_5_Izquierda_6,pending,,
mendeley_labeled15_P04_598d26e2ab179328,5s4mt7xrd9.1,P04,6,number,accepted,validation,Mexican Sign Languages Dactylology and Ten First Numbers - Labeled images and videos. From person #1 to #5/persona_4/Ciclo_3_5_Derecha/Ciclo_3_5_Derecha_6.mp4,Ciclo_3_5_Derecha_6,pending,,
mendeley_labeled15_P04_61fe55c82a6a0729,5s4mt7xrd9.1,P04,6,number,accepted,validation,Mexican Sign Languages Dactylology and Ten First Numbers - Labeled images and videos. From person #1 to #5/persona_4/Ciclo_3_5_Izquierda/Ciclo_3_5_Izquierda_6.mp4,Ciclo_3_5_Izquierda_6,pending,,
mendeley_labeled15_P04_9a03ca364429c2e3,5s4mt7xrd9.1,P04,6,number,accepted,validation,Mexican Sign Languages Dactylology and Ten First Numbers - Labeled images and videos. From person #1 to #5/persona_4/Ciclo_4_5_Derecha/Ciclo_4_5_Derecha_6.mp4,Ciclo_4_5_Derecha_6,pending,,
mendeley_labeled15_P04_6c49cb68fa876d83,5s4mt7xrd9.1,P04,6,number,accepted,validation,Mexican Sign Languages Dactylology and Ten First Numbers - Labeled images and videos. From person #1 to #5/persona_4/Ciclo_4_5_Izquierda/Ciclo_4_5_Izquierda_6.mp4,Ciclo_4_5_Izquierda_6,pending,,
mendeley_labeled15_P04_e3916466cea5b87b,5s4mt7xrd9.1,P04,6,number,accepted,validation,Mexican Sign Languages Dactylology and Ten First Numbers - Labeled images and videos. From person #1 to #5/persona_4/Ciclo_5_5_Derecha/Ciclo_5_5_Derecha_6.mp4,Ciclo_5_5_Derecha_6,pending,,
mendeley_labeled15_P04_ed3a82dd80ae821d,5s4mt7xrd9.1,P04,6,number,accepted,validation,Mexican Sign Languages Dactylology and Ten First Numbers - Labeled images and videos. From person #1 to #5/persona_4/Ciclo_5_5_Izquierda/Ciclo_5_5_Izquierda_6.mp4,Ciclo_5_5_Izquierda_6,pending,,
mendeley_labeled15_P04_5014d49c7ca524d7,5s4mt7xrd9.1,P04,7,number,accepted,validation,Mexican Sign Languages Dactylology and Ten First Numbers - Labeled images and videos. From person #1 to #5/persona_4/Ciclo_1_5_Derecha/Ciclo_1_5_Derecha_7.mp4,Ciclo_1_5_Derecha_7,pending,,
mendeley_labeled15_P04_1cb252101cff3e44,5s4mt7xrd9.1,P04,7,number,accepted,validation,Mexican Sign Languages Dactylology and Ten First Numbers - Labeled images and videos. From person #1 to #5/persona_4/Ciclo_1_5_Izquierda/Ciclo_1_5_Izquierda_7.mp4,Ciclo_1_5_Izquierda_7,pending,,
mendeley_labeled15_P04_6989f972b38ce0f6,5s4mt7xrd9.1,P04,7,number,accepted,validation,Mexican Sign Languages Dactylology and Ten First Numbers - Labeled images and videos. From person #1 to #5/persona_4/Ciclo_2_5_Derecha/Ciclo_2_5_Derecha_7.mp4,Ciclo_2_5_Derecha_7,pending,,
mendeley_labeled15_P04_577f8a25bb788c0b,5s4mt7xrd9.1,P04,7,number,accepted,validation,Mexican Sign Languages Dactylology and Ten First Numbers - Labeled images and videos. From person #1 to #5/persona_4/Ciclo_2_5_Izquierda/Ciclo_2_5_Izquierda_7.mp4,Ciclo_2_5_Izquierda_7,pending,,
mendeley_labeled15_P04_106096a9020c2aa4,5s4mt7xrd9.1,P04,7,number,accepted,validation,Mexican Sign Languages Dactylology and Ten First Numbers - Labeled images and videos. From person #1 to #5/persona_4/Ciclo_3_5_Derecha/Ciclo_3_5_Derecha_7.mp4,Ciclo_3_5_Derecha_7,pending,,
mendeley_labeled15_P04_72e73d0c78f6087e,5s4mt7xrd9.1,P04,7,number,accepted,validation,Mexican Sign Languages Dactylology and Ten First Numbers - Labeled images and videos. From person #1 to #5/persona_4/Ciclo_3_5_Izquierda/Ciclo_3_5_Izquierda_7.mp4,Ciclo_3_5_Izquierda_7,pending,,
mendeley_labeled15_P04_a4ca2b3e260d922f,5s4mt7xrd9.1,P04,7,number,accepted,validation,Mexican Sign Languages Dactylology and Ten First Numbers - Labeled images and videos. From person #1 to #5/persona_4/Ciclo_4_5_Derecha/Ciclo_4_5_Derecha_7.mp4,Ciclo_4_5_Derecha_7,pending,,
mendeley_labeled15_P04_5910e1d37f7ec023,5s4mt7xrd9.1,P04,7,number,accepted,validation,Mexican Sign Languages Dactylology and Ten First Numbers - Labeled images and videos. From person #1 to #5/persona_4/Ciclo_4_5_Izquierda/Ciclo_4_5_Izquierda_7.mp4,Ciclo_4_5_Izquierda_7,pending,,
mendeley_labeled15_P04_3bc8e7a1a3185561,5s4mt7xrd9.1,P04,7,number,accepted,validation,Mexican Sign Languages Dactylology and Ten First Numbers - Labeled images and videos. From person #1 to #5/persona_4/Ciclo_5_5_Derecha/Ciclo_5_5_Derecha_7.mp4,Ciclo_5_5_Derecha_7,pending,,
mendeley_labeled15_P04_bd476e4034d07b23,5s4mt7xrd9.1,P04,7,number,accepted,validation,Mexican Sign Languages Dactylology and Ten First Numbers - Labeled images and videos. From person #1 to #5/persona_4/Ciclo_5_5_Izquierda/Ciclo_5_5_Izquierda_7.mp4,Ciclo_5_5_Izquierda_7,pending,,
mendeley_labeled15_P04_f29317a4628c1d92,5s4mt7xrd9.1,P04,8,number,accepted,validation,Mexican Sign Languages Dactylology and Ten First Numbers - Labeled images and videos. From person #1 to #5/persona_4/Ciclo_1_5_Derecha/Ciclo_1_5_Derecha_8.mp4,Ciclo_1_5_Derecha_8,pending,,
mendeley_labeled15_P04_7f7c462cdc1bffc5,5s4mt7xrd9.1,P04,8,number,accepted,validation,Mexican Sign Languages Dactylology and Ten First Numbers - Labeled images and videos. From person #1 to #5/persona_4/Ciclo_1_5_Izquierda/Ciclo_1_5_Izquierda_8.mp4,Ciclo_1_5_Izquierda_8,pending,,
mendeley_labeled15_P04_99d095166cb48650,5s4mt7xrd9.1,P04,8,number,accepted,validation,Mexican Sign Languages Dactylology and Ten First Numbers - Labeled images and videos. From person #1 to #5/persona_4/Ciclo_2_5_Derecha/Ciclo_2_5_Derecha_8.mp4,Ciclo_2_5_Derecha_8,pending,,
mendeley_labeled15_P04_ee6ebafbd228b7a2,5s4mt7xrd9.1,P04,8,number,accepted,validation,Mexican Sign Languages Dactylology and Ten First Numbers - Labeled images and videos. From person #1 to #5/persona_4/Ciclo_2_5_Izquierda/Ciclo_2_5_Izquierda_8.mp4,Ciclo_2_5_Izquierda_8,pending,,
mendeley_labeled15_P04_a48f3b89ba8e16dc,5s4mt7xrd9.1,P04,8,number,accepted,validation,Mexican Sign Languages Dactylology and Ten First Numbers - Labeled images and videos. From person #1 to #5/persona_4/Ciclo_3_5_Derecha/Ciclo_3_5_Derecha_8.mp4,Ciclo_3_5_Derecha_8,pending,,
mendeley_labeled15_P04_455f6593298d97d8,5s4mt7xrd9.1,P04,8,number,accepted,validation,Mexican Sign Languages Dactylology and Ten First Numbers - Labeled images and videos. From person #1 to #5/persona_4/Ciclo_3_5_Izquierda/Ciclo_3_5_Izquierda_8.mp4,Ciclo_3_5_Izquierda_8,pending,,
mendeley_labeled15_P04_bff699a309f8aa5c,5s4mt7xrd9.1,P04,8,number,accepted,validation,Mexican Sign Languages Dactylology and Ten First Numbers - Labeled images and videos. From person #1 to #5/persona_4/Ciclo_4_5_Derecha/Ciclo_4_5_Derecha_8.mp4,Ciclo_4_5_Derecha_8,pending,,
mendeley_labeled15_P04_df278cf6186c070b,5s4mt7xrd9.1,P04,8,number,accepted,validation,Mexican Sign Languages Dactylology and Ten First Numbers - Labeled images and videos. From person #1 to #5/persona_4/Ciclo_4_5_Izquierda/Ciclo_4_5_Izquierda_8.mp4,Ciclo_4_5_Izquierda_8,pending,,
mendeley_labeled15_P04_4e6465a94fc45de8,5s4mt7xrd9.1,P04,8,number,accepted,validation,Mexican Sign Languages Dactylology and Ten First Numbers - Labeled images and videos. From person #1 to #5/persona_4/Ciclo_5_5_Derecha/Ciclo_5_5_Derecha_8.mp4,Ciclo_5_5_Derecha_8,pending,,
mendeley_labeled15_P04_38ac166195851d6e,5s4mt7xrd9.1,P04,8,number,accepted,validation,Mexican Sign Languages Dactylology and Ten First Numbers - Labeled images and videos. From person #1 to #5/persona_4/Ciclo_5_5_Izquierda/Ciclo_5_5_Izquierda_8.mp4,Ciclo_5_5_Izquierda_8,pending,,
mendeley_labeled15_P04_ab13fef04749d216,5s4mt7xrd9.1,P04,9,number,accepted,validation,Mexican Sign Languages Dactylology and Ten First Numbers - Labeled images and videos. From person #1 to #5/persona_4/Ciclo_1_5_Derecha/Ciclo_1_5_Derecha_9.mp4,Ciclo_1_5_Derecha_9,pending,,
mendeley_labeled15_P04_a19b5c16373d864f,5s4mt7xrd9.1,P04,9,number,accepted,validation,Mexican Sign Languages Dactylology and Ten First Numbers - Labeled images and videos. From person #1 to #5/persona_4/Ciclo_1_5_Izquierda/Ciclo_1_5_Izquierda_9.mp4,Ciclo_1_5_Izquierda_9,pending,,
mendeley_labeled15_P04_ef1459e7e50ba3bb,5s4mt7xrd9.1,P04,9,number,accepted,validation,Mexican Sign Languages Dactylology and Ten First Numbers - Labeled images and videos. From person #1 to #5/persona_4/Ciclo_2_5_Derecha/Ciclo_2_5_Derecha_9.mp4,Ciclo_2_5_Derecha_9,pending,,
mendeley_labeled15_P04_d8eebf59ae7b8930,5s4mt7xrd9.1,P04,9,number,accepted,validation,Mexican Sign Languages Dactylology and Ten First Numbers - Labeled images and videos. From person #1 to #5/persona_4/Ciclo_2_5_Izquierda/Ciclo_2_5_Izquierda_9.mp4,Ciclo_2_5_Izquierda_9,pending,,
mendeley_labeled15_P04_8f205208bee397b4,5s4mt7xrd9.1,P04,9,number,accepted,validation,Mexican Sign Languages Dactylology and Ten First Numbers - Labeled images and videos. From person #1 to #5/persona_4/Ciclo_3_5_Derecha/Ciclo_3_5_Derecha_9.mp4,Ciclo_3_5_Derecha_9,pending,,
mendeley_labeled15_P04_2931e9ed0ce33698,5s4mt7xrd9.1,P04,9,number,accepted,validation,Mexican Sign Languages Dactylology and Ten First Numbers - Labeled images and videos. From person #1 to #5/persona_4/Ciclo_3_5_Izquierda/Ciclo_3_5_Izquierda_9.mp4,Ciclo_3_5_Izquierda_9,pending,,
mendeley_labeled15_P04_80bfaf6a085f6ab1,5s4mt7xrd9.1,P04,9,number,accepted,validation,Mexican Sign Languages Dactylology and Ten First Numbers - Labeled images and videos. From person #1 to #5/persona_4/Ciclo_4_5_Derecha/Ciclo_4_5_Derecha_9.mp4,Ciclo_4_5_Derecha_9,pending,,
mendeley_labeled15_P04_72c0abfc2dae2ded,5s4mt7xrd9.1,P04,9,number,accepted,validation,Mexican Sign Languages Dactylology and Ten First Numbers - Labeled images and videos. From person #1 to #5/persona_4/Ciclo_4_5_Izquierda/Ciclo_4_5_Izquierda_9.mp4,Ciclo_4_5_Izquierda_9,pending,,
mendeley_labeled15_P04_ead5cf0fb4195df2,5s4mt7xrd9.1,P04,9,number,accepted,validation,Mexican Sign Languages Dactylology and Ten First Numbers - Labeled images and videos. From person #1 to #5/persona_4/Ciclo_5_5_Derecha/Ciclo_5_5_Derecha_9.mp4,Ciclo_5_5_Derecha_9,pending,,
mendeley_labeled15_P04_55fb772175ba9540,5s4mt7xrd9.1,P04,9,number,accepted,validation,Mexican Sign Languages Dactylology and Ten First Numbers - Labeled images and videos. From person #1 to #5/persona_4/Ciclo_5_5_Izquierda/Ciclo_5_5_Izquierda_9.mp4,Ciclo_5_5_Izquierda_9,pending,,
mendeley_labeled15_P04_2e367d5d8ebef522,5s4mt7xrd9.1,P04,n-1e5fiz,unknown,quarantined_ambiguous,validation,Mexican Sign Languages Dactylology and Ten First Numbers - Labeled images and videos. From person #1 to #5/persona_4/Ciclo_1_5_Izquierda/Ciclo_1_5_Izquierda_n-1e5FiZ.mp4,Ciclo_1_5_Izquierda_n-1e5FiZ,quarantined,,ambiguous_or_unrecognized_filename_suffix
mendeley_labeled15_P04_397dceb7eabf3629,5s4mt7xrd9.1,P04,n-aprw7o,unknown,quarantined_ambiguous,validation,Mexican Sign Languages Dactylology and Ten First Numbers - Labeled images and videos. From person #1 to #5/persona_4/Ciclo_4_5_Izquierda/Ciclo_4_5_Izquierda_n-aprW7o.mp4,Ciclo_4_5_Izquierda_n-aprW7o,quarantined,,ambiguous_or_unrecognized_filename_suffix
mendeley_labeled15_P04_d7deafdf850f6cb8,5s4mt7xrd9.1,P04,n-oop6y5,unknown,quarantined_ambiguous,validation,Mexican Sign Languages Dactylology and Ten First Numbers - Labeled images and videos. From person #1 to #5/persona_4/Ciclo_2_5_Derecha/Ciclo_2_5_Derecha_n-OOp6y5.mp4,Ciclo_2_5_Derecha_n-OOp6y5,quarantined,,ambiguous_or_unrecognized_filename_suffix
mendeley_labeled15_P04_e521e7190edfd597,5s4mt7xrd9.1,P04,n-piyekv,unknown,quarantined_ambiguous,validation,Mexican Sign Languages Dactylology and Ten First Numbers - Labeled images and videos. From person #1 to #5/persona_4/Ciclo_3_5_Izquierda/Ciclo_3_5_Izquierda_n-pIYeKV.mp4,Ciclo_3_5_Izquierda_n-pIYeKV,quarantined,,ambiguous_or_unrecognized_filename_suffix
mendeley_labeled15_P04_840b9053cbb1d6ee,5s4mt7xrd9.1,P04,n-tyh0li,unknown,quarantined_ambiguous,validation,Mexican Sign Languages Dactylology and Ten First Numbers - Labeled images and videos. From person #1 to #5/persona_4/Ciclo_4_5_Derecha/Ciclo_4_5_Derecha_n-TYH0LI.mp4,Ciclo_4_5_Derecha_n-TYH0LI,quarantined,,ambiguous_or_unrecognized_filename_suffix
mendeley_labeled15_P04_b5217f29302ccd9c,5s4mt7xrd9.1,P04,ñ-g7j7kr,unknown,quarantined_unknown_label,validation,Mexican Sign Languages Dactylology and Ten First Numbers - Labeled images and videos. From person #1 to #5/persona_4/Ciclo_3_5_Derecha/Ciclo_3_5_Derecha_ñ-G7j7KR.mp4,Ciclo_3_5_Derecha_ñ-G7j7KR,quarantined,,ambiguous_or_unrecognized_filename_suffix
mendeley_labeled15_P04_ef74644a2b8538c4,5s4mt7xrd9.1,P04,ñ-kdasen,unknown,quarantined_unknown_label,validation,Mexican Sign Languages Dactylology and Ten First Numbers - Labeled images and videos. From person #1 to #5/persona_4/Ciclo_2_5_Izquierda/Ciclo_2_5_Izquierda_ñ-kdASeN.mp4,Ciclo_2_5_Izquierda_ñ-kdASeN,quarantined,,ambiguous_or_unrecognized_filename_suffix
mendeley_labeled15_P04_b15b5ea0eecb64d9,5s4mt7xrd9.1,P04,ñ-kp1hrs,unknown,quarantined_unknown_label,validation,Mexican Sign Languages Dactylology and Ten First Numbers - Labeled images and videos. From person #1 to #5/persona_4/Ciclo_5_5_Izquierda/Ciclo_5_5_Izquierda_ñ-kP1hrs.mp4,Ciclo_5_5_Izquierda_ñ-kP1hrs,quarantined,,ambiguous_or_unrecognized_filename_suffix
mendeley_labeled15_P04_d0ffcc2f2297aaeb,5s4mt7xrd9.1,P04,ñ-tlmxp2,unknown,quarantined_unknown_label,validation,Mexican Sign Languages Dactylology and Ten First Numbers - Labeled images and videos. From person #1 to #5/persona_4/Ciclo_5_5_Derecha/Ciclo_5_5_Derecha_ñ-TLmXp2.mp4,Ciclo_5_5_Derecha_ñ-TLmXp2,quarantined,,ambiguous_or_unrecognized_filename_suffix
mendeley_labeled15_P05_83f94f204031aed7,5s4mt7xrd9.1,P05,a,dactylology,accepted,test,Mexican Sign Languages Dactylology and Ten First Numbers - Labeled images and videos. From person #1 to #5/persona_5/Ciclo_1_5_Derecha/Ciclo_1_5_Derecha_a.mp4,Ciclo_1_5_Derecha_a,pending,,
mendeley_labeled15_P05_a9e8d5ae77ffc087,5s4mt7xrd9.1,P05,a,dactylology,accepted,test,Mexican Sign Languages Dactylology and Ten First Numbers - Labeled images and videos. From person #1 to #5/persona_5/Ciclo_1_5_Izquierda/Ciclo_1_5_Izquierda_a.mp4,Ciclo_1_5_Izquierda_a,pending,,
mendeley_labeled15_P05_8841812145c71ac4,5s4mt7xrd9.1,P05,a,dactylology,accepted,test,Mexican Sign Languages Dactylology and Ten First Numbers - Labeled images and videos. From person #1 to #5/persona_5/Ciclo_2_5_Derecha/Ciclo_2_5_Derecha_a.mp4,Ciclo_2_5_Derecha_a,pending,,
mendeley_labeled15_P05_4387be1ebf5040de,5s4mt7xrd9.1,P05,a,dactylology,accepted,test,Mexican Sign Languages Dactylology and Ten First Numbers - Labeled images and videos. From person #1 to #5/persona_5/Ciclo_2_5_Izquierda/Ciclo_2_5_Izquierda_a.mp4,Ciclo_2_5_Izquierda_a,pending,,
mendeley_labeled15_P05_0e03b1c2200d16c3,5s4mt7xrd9.1,P05,a,dactylology,accepted,test,Mexican Sign Languages Dactylology and Ten First Numbers - Labeled images and videos. From person #1 to #5/persona_5/Ciclo_3_5_Derecha/Ciclo_3_5_Derecha_a.mp4,Ciclo_3_5_Derecha_a,pending,,
mendeley_labeled15_P05_c437b3be8cedfc51,5s4mt7xrd9.1,P05,a,dactylology,accepted,test,Mexican Sign Languages Dactylology and Ten First Numbers - Labeled images and videos. From person #1 to #5/persona_5/Ciclo_3_5_Izquierda/Ciclo_3_5_Izquierda_a.mp4,Ciclo_3_5_Izquierda_a,pending,,
mendeley_labeled15_P05_ebc998aa72e8b9a5,5s4mt7xrd9.1,P05,a,dactylology,accepted,test,Mexican Sign Languages Dactylology and Ten First Numbers - Labeled images and videos. From person #1 to #5/persona_5/Ciclo_4_5_Derecha/Ciclo_4_5_Derecha_a.mp4,Ciclo_4_5_Derecha_a,pending,,
mendeley_labeled15_P05_a5e0986149103898,5s4mt7xrd9.1,P05,a,dactylology,accepted,test,Mexican Sign Languages Dactylology and Ten First Numbers - Labeled images and videos. From person #1 to #5/persona_5/Ciclo_4_5_Izquierda/Ciclo_4_5_Izquierda_a.mp4,Ciclo_4_5_Izquierda_a,pending,,
mendeley_labeled15_P05_c04ecf5deb773e18,5s4mt7xrd9.1,P05,a,dactylology,accepted,test,Mexican Sign Languages Dactylology and Ten First Numbers - Labeled images and videos. From person #1 to #5/persona_5/Ciclo_5_5_Derecha/Ciclo_5_5_Derecha_a.mp4,Ciclo_5_5_Derecha_a,pending,,
mendeley_labeled15_P05_e2bb65c6f3b00869,5s4mt7xrd9.1,P05,a,dactylology,accepted,test,Mexican Sign Languages Dactylology and Ten First Numbers - Labeled images and videos. From person #1 to #5/persona_5/Ciclo_5_5_Izquierda/Ciclo_5_5_Izquierda_a.mp4,Ciclo_5_5_Izquierda_a,pending,,
mendeley_labeled15_P05_d4387941b38208bb,5s4mt7xrd9.1,P05,b,dactylology,accepted,test,Mexican Sign Languages Dactylology and Ten First Numbers - Labeled images and videos. From person #1 to #5/persona_5/Ciclo_1_5_Derecha/Ciclo_1_5_Derecha_b.mp4,Ciclo_1_5_Derecha_b,pending,,
mendeley_labeled15_P05_2e31f36f17d1f0d2,5s4mt7xrd9.1,P05,b,dactylology,accepted,test,Mexican Sign Languages Dactylology and Ten First Numbers - Labeled images and videos. From person #1 to #5/persona_5/Ciclo_1_5_Izquierda/Ciclo_1_5_Izquierda_b.mp4,Ciclo_1_5_Izquierda_b,pending,,
mendeley_labeled15_P05_626bf889ddc1245e,5s4mt7xrd9.1,P05,b,dactylology,accepted,test,Mexican Sign Languages Dactylology and Ten First Numbers - Labeled images and videos. From person #1 to #5/persona_5/Ciclo_2_5_Derecha/Ciclo_2_5_Derecha_b.mp4,Ciclo_2_5_Derecha_b,pending,,
mendeley_labeled15_P05_4495cca6b82c6f92,5s4mt7xrd9.1,P05,b,dactylology,accepted,test,Mexican Sign Languages Dactylology and Ten First Numbers - Labeled images and videos. From person #1 to #5/persona_5/Ciclo_2_5_Izquierda/Ciclo_2_5_Izquierda_b.mp4,Ciclo_2_5_Izquierda_b,pending,,
mendeley_labeled15_P05_fa82ff8e2c0d0616,5s4mt7xrd9.1,P05,b,dactylology,accepted,test,Mexican Sign Languages Dactylology and Ten First Numbers - Labeled images and videos. From person #1 to #5/persona_5/Ciclo_3_5_Derecha/Ciclo_3_5_Derecha_b.mp4,Ciclo_3_5_Derecha_b,pending,,
mendeley_labeled15_P05_f6ff9b41b976fecc,5s4mt7xrd9.1,P05,b,dactylology,accepted,test,Mexican Sign Languages Dactylology and Ten First Numbers - Labeled images and videos. From person #1 to #5/persona_5/Ciclo_3_5_Izquierda/Ciclo_3_5_Izquierda_b.mp4,Ciclo_3_5_Izquierda_b,pending,,
mendeley_labeled15_P05_f86efccb38b6add0,5s4mt7xrd9.1,P05,b,dactylology,accepted,test,Mexican Sign Languages Dactylology and Ten First Numbers - Labeled images and videos. From person #1 to #5/persona_5/Ciclo_4_5_Derecha/Ciclo_4_5_Derecha_b.mp4,Ciclo_4_5_Derecha_b,pending,,
mendeley_labeled15_P05_f4774db0e5df14e2,5s4mt7xrd9.1,P05,b,dactylology,accepted,test,Mexican Sign Languages Dactylology and Ten First Numbers - Labeled images and videos. From person #1 to #5/persona_5/Ciclo_4_5_Izquierda/Ciclo_4_5_Izquierda_b.mp4,Ciclo_4_5_Izquierda_b,pending,,
mendeley_labeled15_P05_c0dad4ec32ab7fd7,5s4mt7xrd9.1,P05,b,dactylology,accepted,test,Mexican Sign Languages Dactylology and Ten First Numbers - Labeled images and videos. From person #1 to #5/persona_5/Ciclo_5_5_Derecha/Ciclo_5_5_Derecha_b.mp4,Ciclo_5_5_Derecha_b,pending,,
mendeley_labeled15_P05_87bdd42c6e636689,5s4mt7xrd9.1,P05,b,dactylology,accepted,test,Mexican Sign Languages Dactylology and Ten First Numbers - Labeled images and videos. From person #1 to #5/persona_5/Ciclo_5_5_Izquierda/Ciclo_5_5_Izquierda_b.mp4,Ciclo_5_5_Izquierda_b,pending,,
mendeley_labeled15_P05_5454365522932af4,5s4mt7xrd9.1,P05,c,dactylology,accepted,test,Mexican Sign Languages Dactylology and Ten First Numbers - Labeled images and videos. From person #1 to #5/persona_5/Ciclo_1_5_Derecha/Ciclo_1_5_Derecha_c.mp4,Ciclo_1_5_Derecha_c,pending,,
mendeley_labeled15_P05_6cc0c62fbe1d0c5f,5s4mt7xrd9.1,P05,c,dactylology,accepted,test,Mexican Sign Languages Dactylology and Ten First Numbers - Labeled images and videos. From person #1 to #5/persona_5/Ciclo_1_5_Izquierda/Ciclo_1_5_Izquierda_c.mp4,Ciclo_1_5_Izquierda_c,pending,,
mendeley_labeled15_P05_bbc62e1fbc7cafcb,5s4mt7xrd9.1,P05,c,dactylology,accepted,test,Mexican Sign Languages Dactylology and Ten First Numbers - Labeled images and videos. From person #1 to #5/persona_5/Ciclo_2_5_Derecha/Ciclo_2_5_Derecha_c.mp4,Ciclo_2_5_Derecha_c,pending,,
mendeley_labeled15_P05_f6c51bf3f08ac5ce,5s4mt7xrd9.1,P05,c,dactylology,accepted,test,Mexican Sign Languages Dactylology and Ten First Numbers - Labeled images and videos. From person #1 to #5/persona_5/Ciclo_2_5_Izquierda/Ciclo_2_5_Izquierda_c.mp4,Ciclo_2_5_Izquierda_c,pending,,
mendeley_labeled15_P05_5eb4015a63b98e48,5s4mt7xrd9.1,P05,c,dactylology,accepted,test,Mexican Sign Languages Dactylology and Ten First Numbers - Labeled images and videos. From person #1 to #5/persona_5/Ciclo_3_5_Derecha/Ciclo_3_5_Derecha_c.mp4,Ciclo_3_5_Derecha_c,pending,,
mendeley_labeled15_P05_1c268661ef674d61,5s4mt7xrd9.1,P05,c,dactylology,accepted,test,Mexican Sign Languages Dactylology and Ten First Numbers - Labeled images and videos. From person #1 to #5/persona_5/Ciclo_3_5_Izquierda/Ciclo_3_5_Izquierda_c.mp4,Ciclo_3_5_Izquierda_c,pending,,
mendeley_labeled15_P05_33f43087fcbe493e,5s4mt7xrd9.1,P05,c,dactylology,accepted,test,Mexican Sign Languages Dactylology and Ten First Numbers - Labeled images and videos. From person #1 to #5/persona_5/Ciclo_4_5_Derecha/Ciclo_4_5_Derecha_c.mp4,Ciclo_4_5_Derecha_c,pending,,
mendeley_labeled15_P05_a6df1840c31dceb4,5s4mt7xrd9.1,P05,c,dactylology,accepted,test,Mexican Sign Languages Dactylology and Ten First Numbers - Labeled images and videos. From person #1 to #5/persona_5/Ciclo_4_5_Izquierda/Ciclo_4_5_Izquierda_c.mp4,Ciclo_4_5_Izquierda_c,pending,,
mendeley_labeled15_P05_d184db63e658d141,5s4mt7xrd9.1,P05,c,dactylology,accepted,test,Mexican Sign Languages Dactylology and Ten First Numbers - Labeled images and videos. From person #1 to #5/persona_5/Ciclo_5_5_Derecha/Ciclo_5_5_Derecha_c.mp4,Ciclo_5_5_Derecha_c,pending,,
mendeley_labeled15_P05_b766afc27a690174,5s4mt7xrd9.1,P05,c,dactylology,accepted,test,Mexican Sign Languages Dactylology and Ten First Numbers - Labeled images and videos. From person #1 to #5/persona_5/Ciclo_5_5_Izquierda/Ciclo_5_5_Izquierda_c.mp4,Ciclo_5_5_Izquierda_c,pending,,
mendeley_labeled15_P05_a816f416ba7afd95,5s4mt7xrd9.1,P05,d,dactylology,accepted,test,Mexican Sign Languages Dactylology and Ten First Numbers - Labeled images and videos. From person #1 to #5/persona_5/Ciclo_1_5_Derecha/Ciclo_1_5_Derecha_d.mp4,Ciclo_1_5_Derecha_d,pending,,
mendeley_labeled15_P05_5f7fcbe8bf60494d,5s4mt7xrd9.1,P05,d,dactylology,accepted,test,Mexican Sign Languages Dactylology and Ten First Numbers - Labeled images and videos. From person #1 to #5/persona_5/Ciclo_1_5_Izquierda/Ciclo_1_5_Izquierda_d.mp4,Ciclo_1_5_Izquierda_d,pending,,
mendeley_labeled15_P05_6489f53f0bcf3a7f,5s4mt7xrd9.1,P05,d,dactylology,accepted,test,Mexican Sign Languages Dactylology and Ten First Numbers - Labeled images and videos. From person #1 to #5/persona_5/Ciclo_2_5_Derecha/Ciclo_2_5_Derecha_d.mp4,Ciclo_2_5_Derecha_d,pending,,
mendeley_labeled15_P05_84e648890379d4c8,5s4mt7xrd9.1,P05,d,dactylology,accepted,test,Mexican Sign Languages Dactylology and Ten First Numbers - Labeled images and videos. From person #1 to #5/persona_5/Ciclo_2_5_Izquierda/Ciclo_2_5_Izquierda_d.mp4,Ciclo_2_5_Izquierda_d,pending,,
mendeley_labeled15_P05_513df8b6a4fb1043,5s4mt7xrd9.1,P05,d,dactylology,accepted,test,Mexican Sign Languages Dactylology and Ten First Numbers - Labeled images and videos. From person #1 to #5/persona_5/Ciclo_3_5_Derecha/Ciclo_3_5_Derecha_d.mp4,Ciclo_3_5_Derecha_d,pending,,
mendeley_labeled15_P05_76fadf5feb3fc6fc,5s4mt7xrd9.1,P05,d,dactylology,accepted,test,Mexican Sign Languages Dactylology and Ten First Numbers - Labeled images and videos. From person #1 to #5/persona_5/Ciclo_3_5_Izquierda/Ciclo_3_5_Izquierda_d.mp4,Ciclo_3_5_Izquierda_d,pending,,
mendeley_labeled15_P05_6fbfc8d484137c9f,5s4mt7xrd9.1,P05,d,dactylology,accepted,test,Mexican Sign Languages Dactylology and Ten First Numbers - Labeled images and videos. From person #1 to #5/persona_5/Ciclo_4_5_Derecha/Ciclo_4_5_Derecha_d.mp4,Ciclo_4_5_Derecha_d,pending,,
mendeley_labeled15_P05_97c6ba7e00239815,5s4mt7xrd9.1,P05,d,dactylology,accepted,test,Mexican Sign Languages Dactylology and Ten First Numbers - Labeled images and videos. From person #1 to #5/persona_5/Ciclo_4_5_Izquierda/Ciclo_4_5_Izquierda_d.mp4,Ciclo_4_5_Izquierda_d,pending,,
mendeley_labeled15_P05_f347b2d64f799d98,5s4mt7xrd9.1,P05,d,dactylology,accepted,test,Mexican Sign Languages Dactylology and Ten First Numbers - Labeled images and videos. From person #1 to #5/persona_5/Ciclo_5_5_Derecha/Ciclo_5_5_Derecha_d.mp4,Ciclo_5_5_Derecha_d,pending,,
mendeley_labeled15_P05_77738b80b2b4d608,5s4mt7xrd9.1,P05,d,dactylology,accepted,test,Mexican Sign Languages Dactylology and Ten First Numbers - Labeled images and videos. From person #1 to #5/persona_5/Ciclo_5_5_Izquierda/Ciclo_5_5_Izquierda_d.mp4,Ciclo_5_5_Izquierda_d,pending,,
mendeley_labeled15_P05_0af2789a361a5536,5s4mt7xrd9.1,P05,e,dactylology,accepted,test,Mexican Sign Languages Dactylology and Ten First Numbers - Labeled images and videos. From person #1 to #5/persona_5/Ciclo_1_5_Derecha/Ciclo_1_5_Derecha_e.mp4,Ciclo_1_5_Derecha_e,pending,,
mendeley_labeled15_P05_66ba836c7df0637b,5s4mt7xrd9.1,P05,e,dactylology,accepted,test,Mexican Sign Languages Dactylology and Ten First Numbers - Labeled images and videos. From person #1 to #5/persona_5/Ciclo_1_5_Izquierda/Ciclo_1_5_Izquierda_e.mp4,Ciclo_1_5_Izquierda_e,pending,,
mendeley_labeled15_P05_e9383c776faaed40,5s4mt7xrd9.1,P05,e,dactylology,accepted,test,Mexican Sign Languages Dactylology and Ten First Numbers - Labeled images and videos. From person #1 to #5/persona_5/Ciclo_2_5_Derecha/Ciclo_2_5_Derecha_e.mp4,Ciclo_2_5_Derecha_e,pending,,
mendeley_labeled15_P05_7665d9ad323d1e81,5s4mt7xrd9.1,P05,e,dactylology,accepted,test,Mexican Sign Languages Dactylology and Ten First Numbers - Labeled images and videos. From person #1 to #5/persona_5/Ciclo_2_5_Izquierda/Ciclo_2_5_Izquierda_e.mp4,Ciclo_2_5_Izquierda_e,pending,,
mendeley_labeled15_P05_fa072e4a9c06225f,5s4mt7xrd9.1,P05,e,dactylology,accepted,test,Mexican Sign Languages Dactylology and Ten First Numbers - Labeled images and videos. From person #1 to #5/persona_5/Ciclo_3_5_Derecha/Ciclo_3_5_Derecha_e.mp4,Ciclo_3_5_Derecha_e,pending,,
mendeley_labeled15_P05_5f17546da096154c,5s4mt7xrd9.1,P05,e,dactylology,accepted,test,Mexican Sign Languages Dactylology and Ten First Numbers - Labeled images and videos. From person #1 to #5/persona_5/Ciclo_3_5_Izquierda/Ciclo_3_5_Izquierda_e.mp4,Ciclo_3_5_Izquierda_e,pending,,
mendeley_labeled15_P05_43955bd138661236,5s4mt7xrd9.1,P05,e,dactylology,accepted,test,Mexican Sign Languages Dactylology and Ten First Numbers - Labeled images and videos. From person #1 to #5/persona_5/Ciclo_4_5_Derecha/Ciclo_4_5_Derecha_e.mp4,Ciclo_4_5_Derecha_e,pending,,
mendeley_labeled15_P05_ad110844aa551986,5s4mt7xrd9.1,P05,e,dactylology,accepted,test,Mexican Sign Languages Dactylology and Ten First Numbers - Labeled images and videos. From person #1 to #5/persona_5/Ciclo_4_5_Izquierda/Ciclo_4_5_Izquierda_e.mp4,Ciclo_4_5_Izquierda_e,pending,,
mendeley_labeled15_P05_a3644b5677b200be,5s4mt7xrd9.1,P05,e,dactylology,accepted,test,Mexican Sign Languages Dactylology and Ten First Numbers - Labeled images and videos. From person #1 to #5/persona_5/Ciclo_5_5_Derecha/Ciclo_5_5_Derecha_e.mp4,Ciclo_5_5_Derecha_e,pending,,
mendeley_labeled15_P05_3c1934f455d22479,5s4mt7xrd9.1,P05,e,dactylology,accepted,test,Mexican Sign Languages Dactylology and Ten First Numbers - Labeled images and videos. From person #1 to #5/persona_5/Ciclo_5_5_Izquierda/Ciclo_5_5_Izquierda_e.mp4,Ciclo_5_5_Izquierda_e,pending,,
mendeley_labeled15_P05_24e944f35f9d8d53,5s4mt7xrd9.1,P05,f,dactylology,accepted,test,Mexican Sign Languages Dactylology and Ten First Numbers - Labeled images and videos. From person #1 to #5/persona_5/Ciclo_1_5_Derecha/Ciclo_1_5_Derecha_f.mp4,Ciclo_1_5_Derecha_f,pending,,
mendeley_labeled15_P05_84c82d901625644e,5s4mt7xrd9.1,P05,f,dactylology,accepted,test,Mexican Sign Languages Dactylology and Ten First Numbers - Labeled images and videos. From person #1 to #5/persona_5/Ciclo_1_5_Izquierda/Ciclo_1_5_Izquierda_f.mp4,Ciclo_1_5_Izquierda_f,pending,,
mendeley_labeled15_P05_fefaec23ec0ee26c,5s4mt7xrd9.1,P05,f,dactylology,accepted,test,Mexican Sign Languages Dactylology and Ten First Numbers - Labeled images and videos. From person #1 to #5/persona_5/Ciclo_2_5_Derecha/Ciclo_2_5_Derecha_f.mp4,Ciclo_2_5_Derecha_f,pending,,
mendeley_labeled15_P05_0a482d096bae5b16,5s4mt7xrd9.1,P05,f,dactylology,accepted,test,Mexican Sign Languages Dactylology and Ten First Numbers - Labeled images and videos. From person #1 to #5/persona_5/Ciclo_2_5_Izquierda/Ciclo_2_5_Izquierda_f.mp4,Ciclo_2_5_Izquierda_f,pending,,
mendeley_labeled15_P05_481e7baa60139166,5s4mt7xrd9.1,P05,f,dactylology,accepted,test,Mexican Sign Languages Dactylology and Ten First Numbers - Labeled images and videos. From person #1 to #5/persona_5/Ciclo_3_5_Derecha/Ciclo_3_5_Derecha_f.mp4,Ciclo_3_5_Derecha_f,pending,,
mendeley_labeled15_P05_05aa78be1dcc0759,5s4mt7xrd9.1,P05,f,dactylology,accepted,test,Mexican Sign Languages Dactylology and Ten First Numbers - Labeled images and videos. From person #1 to #5/persona_5/Ciclo_3_5_Izquierda/Ciclo_3_5_Izquierda_f.mp4,Ciclo_3_5_Izquierda_f,pending,,
mendeley_labeled15_P05_2a5fb03506d6716f,5s4mt7xrd9.1,P05,f,dactylology,accepted,test,Mexican Sign Languages Dactylology and Ten First Numbers - Labeled images and videos. From person #1 to #5/persona_5/Ciclo_4_5_Derecha/Ciclo_4_5_Derecha_f.mp4,Ciclo_4_5_Derecha_f,pending,,
mendeley_labeled15_P05_36673809c33eecc4,5s4mt7xrd9.1,P05,f,dactylology,accepted,test,Mexican Sign Languages Dactylology and Ten First Numbers - Labeled images and videos. From person #1 to #5/persona_5/Ciclo_4_5_Izquierda/Ciclo_4_5_Izquierda_f.mp4,Ciclo_4_5_Izquierda_f,pending,,
mendeley_labeled15_P05_6f20863fabb57d8b,5s4mt7xrd9.1,P05,f,dactylology,accepted,test,Mexican Sign Languages Dactylology and Ten First Numbers - Labeled images and videos. From person #1 to #5/persona_5/Ciclo_5_5_Derecha/Ciclo_5_5_Derecha_f.mp4,Ciclo_5_5_Derecha_f,pending,,
mendeley_labeled15_P05_bad792090a39fc65,5s4mt7xrd9.1,P05,f,dactylology,accepted,test,Mexican Sign Languages Dactylology and Ten First Numbers - Labeled images and videos. From person #1 to #5/persona_5/Ciclo_5_5_Izquierda/Ciclo_5_5_Izquierda_f.mp4,Ciclo_5_5_Izquierda_f,pending,,
mendeley_labeled15_P05_9770507d33a8578c,5s4mt7xrd9.1,P05,g,dactylology,accepted,test,Mexican Sign Languages Dactylology and Ten First Numbers - Labeled images and videos. From person #1 to #5/persona_5/Ciclo_1_5_Derecha/Ciclo_1_5_Derecha_g.mp4,Ciclo_1_5_Derecha_g,pending,,
mendeley_labeled15_P05_4f81fc0041fc74b7,5s4mt7xrd9.1,P05,g,dactylology,accepted,test,Mexican Sign Languages Dactylology and Ten First Numbers - Labeled images and videos. From person #1 to #5/persona_5/Ciclo_1_5_Izquierda/Ciclo_1_5_Izquierda_g.mp4,Ciclo_1_5_Izquierda_g,pending,,
mendeley_labeled15_P05_e4748cf7f9079eee,5s4mt7xrd9.1,P05,g,dactylology,accepted,test,Mexican Sign Languages Dactylology and Ten First Numbers - Labeled images and videos. From person #1 to #5/persona_5/Ciclo_2_5_Derecha/Ciclo_2_5_Derecha_g.mp4,Ciclo_2_5_Derecha_g,pending,,
mendeley_labeled15_P05_9fce81535da625f5,5s4mt7xrd9.1,P05,g,dactylology,accepted,test,Mexican Sign Languages Dactylology and Ten First Numbers - Labeled images and videos. From person #1 to #5/persona_5/Ciclo_2_5_Izquierda/Ciclo_2_5_Izquierda_g.mp4,Ciclo_2_5_Izquierda_g,pending,,
mendeley_labeled15_P05_1786fde905a8ea93,5s4mt7xrd9.1,P05,g,dactylology,accepted,test,Mexican Sign Languages Dactylology and Ten First Numbers - Labeled images and videos. From person #1 to #5/persona_5/Ciclo_3_5_Derecha/Ciclo_3_5_Derecha_g.mp4,Ciclo_3_5_Derecha_g,pending,,
mendeley_labeled15_P05_d34d5a74d84934bd,5s4mt7xrd9.1,P05,g,dactylology,accepted,test,Mexican Sign Languages Dactylology and Ten First Numbers - Labeled images and videos. From person #1 to #5/persona_5/Ciclo_3_5_Izquierda/Ciclo_3_5_Izquierda_g.mp4,Ciclo_3_5_Izquierda_g,pending,,
mendeley_labeled15_P05_5099adc94ccad2a8,5s4mt7xrd9.1,P05,g,dactylology,accepted,test,Mexican Sign Languages Dactylology and Ten First Numbers - Labeled images and videos. From person #1 to #5/persona_5/Ciclo_4_5_Derecha/Ciclo_4_5_Derecha_g.mp4,Ciclo_4_5_Derecha_g,pending,,
mendeley_labeled15_P05_c91572ba2f13fa94,5s4mt7xrd9.1,P05,g,dactylology,accepted,test,Mexican Sign Languages Dactylology and Ten First Numbers - Labeled images and videos. From person #1 to #5/persona_5/Ciclo_4_5_Izquierda/Ciclo_4_5_Izquierda_g.mp4,Ciclo_4_5_Izquierda_g,pending,,
mendeley_labeled15_P05_bc1842bf736a6281,5s4mt7xrd9.1,P05,g,dactylology,accepted,test,Mexican Sign Languages Dactylology and Ten First Numbers - Labeled images and videos. From person #1 to #5/persona_5/Ciclo_5_5_Derecha/Ciclo_5_5_Derecha_g.mp4,Ciclo_5_5_Derecha_g,pending,,
mendeley_labeled15_P05_55dc9281d9729bfd,5s4mt7xrd9.1,P05,g,dactylology,accepted,test,Mexican Sign Languages Dactylology and Ten First Numbers - Labeled images and videos. From person #1 to #5/persona_5/Ciclo_5_5_Izquierda/Ciclo_5_5_Izquierda_g.mp4,Ciclo_5_5_Izquierda_g,pending,,
mendeley_labeled15_P05_d879e4795af355cf,5s4mt7xrd9.1,P05,h,dactylology,accepted,test,Mexican Sign Languages Dactylology and Ten First Numbers - Labeled images and videos. From person #1 to #5/persona_5/Ciclo_1_5_Derecha/Ciclo_1_5_Derecha_h.mp4,Ciclo_1_5_Derecha_h,pending,,
mendeley_labeled15_P05_06805533896b2d55,5s4mt7xrd9.1,P05,h,dactylology,accepted,test,Mexican Sign Languages Dactylology and Ten First Numbers - Labeled images and videos. From person #1 to #5/persona_5/Ciclo_1_5_Izquierda/Ciclo_1_5_Izquierda_h.mp4,Ciclo_1_5_Izquierda_h,pending,,
mendeley_labeled15_P05_6541981eb661c71a,5s4mt7xrd9.1,P05,h,dactylology,accepted,test,Mexican Sign Languages Dactylology and Ten First Numbers - Labeled images and videos. From person #1 to #5/persona_5/Ciclo_2_5_Derecha/Ciclo_2_5_Derecha_h.mp4,Ciclo_2_5_Derecha_h,pending,,
mendeley_labeled15_P05_3ab12763cda87d1d,5s4mt7xrd9.1,P05,h,dactylology,accepted,test,Mexican Sign Languages Dactylology and Ten First Numbers - Labeled images and videos. From person #1 to #5/persona_5/Ciclo_2_5_Izquierda/Ciclo_2_5_Izquierda_h.mp4,Ciclo_2_5_Izquierda_h,pending,,
mendeley_labeled15_P05_92f65e0dd9dbce8f,5s4mt7xrd9.1,P05,h,dactylology,accepted,test,Mexican Sign Languages Dactylology and Ten First Numbers - Labeled images and videos. From person #1 to #5/persona_5/Ciclo_3_5_Derecha/Ciclo_3_5_Derecha_h.mp4,Ciclo_3_5_Derecha_h,pending,,
mendeley_labeled15_P05_ecea89817c712013,5s4mt7xrd9.1,P05,h,dactylology,accepted,test,Mexican Sign Languages Dactylology and Ten First Numbers - Labeled images and videos. From person #1 to #5/persona_5/Ciclo_3_5_Izquierda/Ciclo_3_5_Izquierda_h.mp4,Ciclo_3_5_Izquierda_h,pending,,
mendeley_labeled15_P05_3c7d38c3051d7ba0,5s4mt7xrd9.1,P05,h,dactylology,accepted,test,Mexican Sign Languages Dactylology and Ten First Numbers - Labeled images and videos. From person #1 to #5/persona_5/Ciclo_4_5_Derecha/Ciclo_4_5_Derecha_h.mp4,Ciclo_4_5_Derecha_h,pending,,
mendeley_labeled15_P05_6989f35526169865,5s4mt7xrd9.1,P05,h,dactylology,accepted,test,Mexican Sign Languages Dactylology and Ten First Numbers - Labeled images and videos. From person #1 to #5/persona_5/Ciclo_4_5_Izquierda/Ciclo_4_5_Izquierda_h.mp4,Ciclo_4_5_Izquierda_h,pending,,
mendeley_labeled15_P05_eff5d70ef9382d65,5s4mt7xrd9.1,P05,h,dactylology,accepted,test,Mexican Sign Languages Dactylology and Ten First Numbers - Labeled images and videos. From person #1 to #5/persona_5/Ciclo_5_5_Derecha/Ciclo_5_5_Derecha_h.mp4,Ciclo_5_5_Derecha_h,pending,,
mendeley_labeled15_P05_a5e5664b5f0cc69b,5s4mt7xrd9.1,P05,h,dactylology,accepted,test,Mexican Sign Languages Dactylology and Ten First Numbers - Labeled images and videos. From person #1 to #5/persona_5/Ciclo_5_5_Izquierda/Ciclo_5_5_Izquierda_h.mp4,Ciclo_5_5_Izquierda_h,pending,,
mendeley_labeled15_P05_413d403515698070,5s4mt7xrd9.1,P05,i,dactylology,accepted,test,Mexican Sign Languages Dactylology and Ten First Numbers - Labeled images and videos. From person #1 to #5/persona_5/Ciclo_1_5_Derecha/Ciclo_1_5_Derecha_i.mp4,Ciclo_1_5_Derecha_i,pending,,
mendeley_labeled15_P05_0b34e8bec70f80b1,5s4mt7xrd9.1,P05,i,dactylology,accepted,test,Mexican Sign Languages Dactylology and Ten First Numbers - Labeled images and videos. From person #1 to #5/persona_5/Ciclo_1_5_Izquierda/Ciclo_1_5_Izquierda_i.mp4,Ciclo_1_5_Izquierda_i,pending,,
mendeley_labeled15_P05_474d93689ff3b892,5s4mt7xrd9.1,P05,i,dactylology,accepted,test,Mexican Sign Languages Dactylology and Ten First Numbers - Labeled images and videos. From person #1 to #5/persona_5/Ciclo_2_5_Derecha/Ciclo_2_5_Derecha_i.mp4,Ciclo_2_5_Derecha_i,pending,,
mendeley_labeled15_P05_f33063bdfce108a0,5s4mt7xrd9.1,P05,i,dactylology,accepted,test,Mexican Sign Languages Dactylology and Ten First Numbers - Labeled images and videos. From person #1 to #5/persona_5/Ciclo_2_5_Izquierda/Ciclo_2_5_Izquierda_i.mp4,Ciclo_2_5_Izquierda_i,pending,,
mendeley_labeled15_P05_842da2ce98bce501,5s4mt7xrd9.1,P05,i,dactylology,accepted,test,Mexican Sign Languages Dactylology and Ten First Numbers - Labeled images and videos. From person #1 to #5/persona_5/Ciclo_3_5_Derecha/Ciclo_3_5_Derecha_i.mp4,Ciclo_3_5_Derecha_i,pending,,
mendeley_labeled15_P05_ab474721aff426a0,5s4mt7xrd9.1,P05,i,dactylology,accepted,test,Mexican Sign Languages Dactylology and Ten First Numbers - Labeled images and videos. From person #1 to #5/persona_5/Ciclo_3_5_Izquierda/Ciclo_3_5_Izquierda_i.mp4,Ciclo_3_5_Izquierda_i,pending,,
mendeley_labeled15_P05_671b886713530714,5s4mt7xrd9.1,P05,i,dactylology,accepted,test,Mexican Sign Languages Dactylology and Ten First Numbers - Labeled images and videos. From person #1 to #5/persona_5/Ciclo_4_5_Derecha/Ciclo_4_5_Derecha_i.mp4,Ciclo_4_5_Derecha_i,pending,,
mendeley_labeled15_P05_65b7c7d7ca477216,5s4mt7xrd9.1,P05,i,dactylology,accepted,test,Mexican Sign Languages Dactylology and Ten First Numbers - Labeled images and videos. From person #1 to #5/persona_5/Ciclo_4_5_Izquierda/Ciclo_4_5_Izquierda_i.mp4,Ciclo_4_5_Izquierda_i,pending,,
mendeley_labeled15_P05_fa3b8e2f5453d211,5s4mt7xrd9.1,P05,i,dactylology,accepted,test,Mexican Sign Languages Dactylology and Ten First Numbers - Labeled images and videos. From person #1 to #5/persona_5/Ciclo_5_5_Derecha/Ciclo_5_5_Derecha_i.mp4,Ciclo_5_5_Derecha_i,pending,,
mendeley_labeled15_P05_7804dbca55b0ee72,5s4mt7xrd9.1,P05,i,dactylology,accepted,test,Mexican Sign Languages Dactylology and Ten First Numbers - Labeled images and videos. From person #1 to #5/persona_5/Ciclo_5_5_Izquierda/Ciclo_5_5_Izquierda_i.mp4,Ciclo_5_5_Izquierda_i,pending,,
mendeley_labeled15_P05_3b5338ea4e151aeb,5s4mt7xrd9.1,P05,j,dactylology,accepted,test,Mexican Sign Languages Dactylology and Ten First Numbers - Labeled images and videos. From person #1 to #5/persona_5/Ciclo_1_5_Derecha/Ciclo_1_5_Derecha_j.mp4,Ciclo_1_5_Derecha_j,pending,,
mendeley_labeled15_P05_f3112c86fbba4717,5s4mt7xrd9.1,P05,j,dactylology,accepted,test,Mexican Sign Languages Dactylology and Ten First Numbers - Labeled images and videos. From person #1 to #5/persona_5/Ciclo_1_5_Izquierda/Ciclo_1_5_Izquierda_j.mp4,Ciclo_1_5_Izquierda_j,pending,,
mendeley_labeled15_P05_16940049416199a8,5s4mt7xrd9.1,P05,j,dactylology,accepted,test,Mexican Sign Languages Dactylology and Ten First Numbers - Labeled images and videos. From person #1 to #5/persona_5/Ciclo_2_5_Derecha/Ciclo_2_5_Derecha_j.mp4,Ciclo_2_5_Derecha_j,pending,,
mendeley_labeled15_P05_9235bea721a8210b,5s4mt7xrd9.1,P05,j,dactylology,accepted,test,Mexican Sign Languages Dactylology and Ten First Numbers - Labeled images and videos. From person #1 to #5/persona_5/Ciclo_2_5_Izquierda/Ciclo_2_5_Izquierda_j.mp4,Ciclo_2_5_Izquierda_j,pending,,
mendeley_labeled15_P05_3ed3a8d87a12db09,5s4mt7xrd9.1,P05,j,dactylology,accepted,test,Mexican Sign Languages Dactylology and Ten First Numbers - Labeled images and videos. From person #1 to #5/persona_5/Ciclo_3_5_Derecha/Ciclo_3_5_Derecha_j.mp4,Ciclo_3_5_Derecha_j,pending,,
mendeley_labeled15_P05_bdbed31e59f20ebb,5s4mt7xrd9.1,P05,j,dactylology,accepted,test,Mexican Sign Languages Dactylology and Ten First Numbers - Labeled images and videos. From person #1 to #5/persona_5/Ciclo_3_5_Izquierda/Ciclo_3_5_Izquierda_j.mp4,Ciclo_3_5_Izquierda_j,pending,,
mendeley_labeled15_P05_b4d37fa5d880b5d0,5s4mt7xrd9.1,P05,j,dactylology,accepted,test,Mexican Sign Languages Dactylology and Ten First Numbers - Labeled images and videos. From person #1 to #5/persona_5/Ciclo_4_5_Derecha/Ciclo_4_5_Derecha_j.mp4,Ciclo_4_5_Derecha_j,pending,,
mendeley_labeled15_P05_a102e4fcb6c24e32,5s4mt7xrd9.1,P05,j,dactylology,accepted,test,Mexican Sign Languages Dactylology and Ten First Numbers - Labeled images and videos. From person #1 to #5/persona_5/Ciclo_4_5_Izquierda/Ciclo_4_5_Izquierda_j.mp4,Ciclo_4_5_Izquierda_j,pending,,
mendeley_labeled15_P05_79f9e95b10ae8b14,5s4mt7xrd9.1,P05,j,dactylology,accepted,test,Mexican Sign Languages Dactylology and Ten First Numbers - Labeled images and videos. From person #1 to #5/persona_5/Ciclo_5_5_Derecha/Ciclo_5_5_Derecha_j.mp4,Ciclo_5_5_Derecha_j,pending,,
mendeley_labeled15_P05_8d7473a1c0aca28a,5s4mt7xrd9.1,P05,j,dactylology,accepted,test,Mexican Sign Languages Dactylology and Ten First Numbers - Labeled images and videos. From person #1 to #5/persona_5/Ciclo_5_5_Izquierda/Ciclo_5_5_Izquierda_j.mp4,Ciclo_5_5_Izquierda_j,pending,,
mendeley_labeled15_P05_bde067d322d8d8db,5s4mt7xrd9.1,P05,k,dactylology,accepted,test,Mexican Sign Languages Dactylology and Ten First Numbers - Labeled images and videos. From person #1 to #5/persona_5/Ciclo_1_5_Derecha/Ciclo_1_5_Derecha_k.mp4,Ciclo_1_5_Derecha_k,pending,,
mendeley_labeled15_P05_a8cac6fda0f34351,5s4mt7xrd9.1,P05,k,dactylology,accepted,test,Mexican Sign Languages Dactylology and Ten First Numbers - Labeled images and videos. From person #1 to #5/persona_5/Ciclo_1_5_Izquierda/Ciclo_1_5_Izquierda_k.mp4,Ciclo_1_5_Izquierda_k,pending,,
mendeley_labeled15_P05_4177b293cde9b6d2,5s4mt7xrd9.1,P05,k,dactylology,accepted,test,Mexican Sign Languages Dactylology and Ten First Numbers - Labeled images and videos. From person #1 to #5/persona_5/Ciclo_2_5_Derecha/Ciclo_2_5_Derecha_k.mp4,Ciclo_2_5_Derecha_k,pending,,
mendeley_labeled15_P05_104ad7400b11c36d,5s4mt7xrd9.1,P05,k,dactylology,accepted,test,Mexican Sign Languages Dactylology and Ten First Numbers - Labeled images and videos. From person #1 to #5/persona_5/Ciclo_2_5_Izquierda/Ciclo_2_5_Izquierda_k.mp4,Ciclo_2_5_Izquierda_k,pending,,
mendeley_labeled15_P05_6496e91b2edce3ff,5s4mt7xrd9.1,P05,k,dactylology,accepted,test,Mexican Sign Languages Dactylology and Ten First Numbers - Labeled images and videos. From person #1 to #5/persona_5/Ciclo_3_5_Derecha/Ciclo_3_5_Derecha_k.mp4,Ciclo_3_5_Derecha_k,pending,,
mendeley_labeled15_P05_5197ddc11bfb9297,5s4mt7xrd9.1,P05,k,dactylology,accepted,test,Mexican Sign Languages Dactylology and Ten First Numbers - Labeled images and videos. From person #1 to #5/persona_5/Ciclo_3_5_Izquierda/Ciclo_3_5_Izquierda_k.mp4,Ciclo_3_5_Izquierda_k,pending,,
mendeley_labeled15_P05_db8d5d8f14592149,5s4mt7xrd9.1,P05,k,dactylology,accepted,test,Mexican Sign Languages Dactylology and Ten First Numbers - Labeled images and videos. From person #1 to #5/persona_5/Ciclo_4_5_Derecha/Ciclo_4_5_Derecha_k.mp4,Ciclo_4_5_Derecha_k,pending,,
mendeley_labeled15_P05_0c294fed578fad65,5s4mt7xrd9.1,P05,k,dactylology,accepted,test,Mexican Sign Languages Dactylology and Ten First Numbers - Labeled images and videos. From person #1 to #5/persona_5/Ciclo_4_5_Izquierda/Ciclo_4_5_Izquierda_k.mp4,Ciclo_4_5_Izquierda_k,pending,,
mendeley_labeled15_P05_04b743672904d556,5s4mt7xrd9.1,P05,k,dactylology,accepted,test,Mexican Sign Languages Dactylology and Ten First Numbers - Labeled images and videos. From person #1 to #5/persona_5/Ciclo_5_5_Derecha/Ciclo_5_5_Derecha_k.mp4,Ciclo_5_5_Derecha_k,pending,,
mendeley_labeled15_P05_5533e69d39b6f846,5s4mt7xrd9.1,P05,k,dactylology,accepted,test,Mexican Sign Languages Dactylology and Ten First Numbers - Labeled images and videos. From person #1 to #5/persona_5/Ciclo_5_5_Izquierda/Ciclo_5_5_Izquierda_k.mp4,Ciclo_5_5_Izquierda_k,pending,,
mendeley_labeled15_P05_2324ad4be31410ac,5s4mt7xrd9.1,P05,l,dactylology,accepted,test,Mexican Sign Languages Dactylology and Ten First Numbers - Labeled images and videos. From person #1 to #5/persona_5/Ciclo_1_5_Derecha/Ciclo_1_5_Derecha_l.mp4,Ciclo_1_5_Derecha_l,pending,,
mendeley_labeled15_P05_5e36989c13eb300d,5s4mt7xrd9.1,P05,l,dactylology,accepted,test,Mexican Sign Languages Dactylology and Ten First Numbers - Labeled images and videos. From person #1 to #5/persona_5/Ciclo_1_5_Izquierda/Ciclo_1_5_Izquierda_l.mp4,Ciclo_1_5_Izquierda_l,pending,,
mendeley_labeled15_P05_d1c879d78135bb40,5s4mt7xrd9.1,P05,l,dactylology,accepted,test,Mexican Sign Languages Dactylology and Ten First Numbers - Labeled images and videos. From person #1 to #5/persona_5/Ciclo_2_5_Derecha/Ciclo_2_5_Derecha_l.mp4,Ciclo_2_5_Derecha_l,pending,,
mendeley_labeled15_P05_6746888d7454e957,5s4mt7xrd9.1,P05,l,dactylology,accepted,test,Mexican Sign Languages Dactylology and Ten First Numbers - Labeled images and videos. From person #1 to #5/persona_5/Ciclo_2_5_Izquierda/Ciclo_2_5_Izquierda_l.mp4,Ciclo_2_5_Izquierda_l,pending,,
mendeley_labeled15_P05_07be5c9ab1a8d26b,5s4mt7xrd9.1,P05,l,dactylology,accepted,test,Mexican Sign Languages Dactylology and Ten First Numbers - Labeled images and videos. From person #1 to #5/persona_5/Ciclo_3_5_Derecha/Ciclo_3_5_Derecha_l.mp4,Ciclo_3_5_Derecha_l,pending,,
mendeley_labeled15_P05_236e2f1a3ecd818c,5s4mt7xrd9.1,P05,l,dactylology,accepted,test,Mexican Sign Languages Dactylology and Ten First Numbers - Labeled images and videos. From person #1 to #5/persona_5/Ciclo_3_5_Izquierda/Ciclo_3_5_Izquierda_l.mp4,Ciclo_3_5_Izquierda_l,pending,,
mendeley_labeled15_P05_1200f1cca2134a32,5s4mt7xrd9.1,P05,l,dactylology,accepted,test,Mexican Sign Languages Dactylology and Ten First Numbers - Labeled images and videos. From person #1 to #5/persona_5/Ciclo_4_5_Derecha/Ciclo_4_5_Derecha_l.mp4,Ciclo_4_5_Derecha_l,pending,,
mendeley_labeled15_P05_83ea161fe18dadd2,5s4mt7xrd9.1,P05,l,dactylology,accepted,test,Mexican Sign Languages Dactylology and Ten First Numbers - Labeled images and videos. From person #1 to #5/persona_5/Ciclo_4_5_Izquierda/Ciclo_4_5_Izquierda_l.mp4,Ciclo_4_5_Izquierda_l,pending,,
mendeley_labeled15_P05_6a2393dfaef6d6e0,5s4mt7xrd9.1,P05,l,dactylology,accepted,test,Mexican Sign Languages Dactylology and Ten First Numbers - Labeled images and videos. From person #1 to #5/persona_5/Ciclo_5_5_Derecha/Ciclo_5_5_Derecha_l.mp4,Ciclo_5_5_Derecha_l,pending,,
mendeley_labeled15_P05_f6aaa7a384dc8346,5s4mt7xrd9.1,P05,l,dactylology,accepted,test,Mexican Sign Languages Dactylology and Ten First Numbers - Labeled images and videos. From person #1 to #5/persona_5/Ciclo_5_5_Izquierda/Ciclo_5_5_Izquierda_l.mp4,Ciclo_5_5_Izquierda_l,pending,,
mendeley_labeled15_P05_e4275a610b6c79b5,5s4mt7xrd9.1,P05,ll,dactylology,accepted,test,Mexican Sign Languages Dactylology and Ten First Numbers - Labeled images and videos. From person #1 to #5/persona_5/Ciclo_1_5_Derecha/Ciclo_1_5_Derecha_ll.mp4,Ciclo_1_5_Derecha_ll,pending,,
mendeley_labeled15_P05_6819f92bac2f544d,5s4mt7xrd9.1,P05,ll,dactylology,accepted,test,Mexican Sign Languages Dactylology and Ten First Numbers - Labeled images and videos. From person #1 to #5/persona_5/Ciclo_1_5_Izquierda/Ciclo_1_5_Izquierda_ll.mp4,Ciclo_1_5_Izquierda_ll,pending,,
mendeley_labeled15_P05_98db4f487a6b6447,5s4mt7xrd9.1,P05,ll,dactylology,accepted,test,Mexican Sign Languages Dactylology and Ten First Numbers - Labeled images and videos. From person #1 to #5/persona_5/Ciclo_2_5_Derecha/Ciclo_2_5_Derecha_ll.mp4,Ciclo_2_5_Derecha_ll,pending,,
mendeley_labeled15_P05_59b56d25a83d9eec,5s4mt7xrd9.1,P05,ll,dactylology,accepted,test,Mexican Sign Languages Dactylology and Ten First Numbers - Labeled images and videos. From person #1 to #5/persona_5/Ciclo_2_5_Izquierda/Ciclo_2_5_Izquierda_ll.mp4,Ciclo_2_5_Izquierda_ll,pending,,
mendeley_labeled15_P05_58f090450ad3861d,5s4mt7xrd9.1,P05,ll,dactylology,accepted,test,Mexican Sign Languages Dactylology and Ten First Numbers - Labeled images and videos. From person #1 to #5/persona_5/Ciclo_3_5_Derecha/Ciclo_3_5_Derecha_ll.mp4,Ciclo_3_5_Derecha_ll,pending,,
mendeley_labeled15_P05_de4b79cf1bfe953c,5s4mt7xrd9.1,P05,ll,dactylology,accepted,test,Mexican Sign Languages Dactylology and Ten First Numbers - Labeled images and videos. From person #1 to #5/persona_5/Ciclo_4_5_Derecha/Ciclo_4_5_Derecha_ll.mp4,Ciclo_4_5_Derecha_ll,pending,,
mendeley_labeled15_P05_41a82074295c4790,5s4mt7xrd9.1,P05,ll,dactylology,accepted,test,Mexican Sign Languages Dactylology and Ten First Numbers - Labeled images and videos. From person #1 to #5/persona_5/Ciclo_4_5_Izquierda/Ciclo_4_5_Izquierda_ll.mp4,Ciclo_4_5_Izquierda_ll,pending,,
mendeley_labeled15_P05_3d58a202d31a0574,5s4mt7xrd9.1,P05,ll,dactylology,accepted,test,Mexican Sign Languages Dactylology and Ten First Numbers - Labeled images and videos. From person #1 to #5/persona_5/Ciclo_5_5_Derecha/Ciclo_5_5_Derecha_ll.mp4,Ciclo_5_5_Derecha_ll,pending,,
mendeley_labeled15_P05_5116f633ad9b6d05,5s4mt7xrd9.1,P05,ll,dactylology,accepted,test,Mexican Sign Languages Dactylology and Ten First Numbers - Labeled images and videos. From person #1 to #5/persona_5/Ciclo_5_5_Izquierda/Ciclo_5_5_Izquierda_ll.mp4,Ciclo_5_5_Izquierda_ll,pending,,
mendeley_labeled15_P05_2f9e2f2cc87f4aeb,5s4mt7xrd9.1,P05,m,dactylology,accepted,test,Mexican Sign Languages Dactylology and Ten First Numbers - Labeled images and videos. From person #1 to #5/persona_5/Ciclo_1_5_Derecha/Ciclo_1_5_Derecha_m.mp4,Ciclo_1_5_Derecha_m,pending,,
mendeley_labeled15_P05_e5d5a8094299c0fc,5s4mt7xrd9.1,P05,m,dactylology,accepted,test,Mexican Sign Languages Dactylology and Ten First Numbers - Labeled images and videos. From person #1 to #5/persona_5/Ciclo_1_5_Izquierda/Ciclo_1_5_Izquierda_m.mp4,Ciclo_1_5_Izquierda_m,pending,,
mendeley_labeled15_P05_11ee9a093690cdf2,5s4mt7xrd9.1,P05,m,dactylology,accepted,test,Mexican Sign Languages Dactylology and Ten First Numbers - Labeled images and videos. From person #1 to #5/persona_5/Ciclo_2_5_Derecha/Ciclo_2_5_Derecha_m.mp4,Ciclo_2_5_Derecha_m,pending,,
mendeley_labeled15_P05_85a10223cb8d30d1,5s4mt7xrd9.1,P05,m,dactylology,accepted,test,Mexican Sign Languages Dactylology and Ten First Numbers - Labeled images and videos. From person #1 to #5/persona_5/Ciclo_2_5_Izquierda/Ciclo_2_5_Izquierda_m.mp4,Ciclo_2_5_Izquierda_m,pending,,
mendeley_labeled15_P05_391784fc57df7e45,5s4mt7xrd9.1,P05,m,dactylology,accepted,test,Mexican Sign Languages Dactylology and Ten First Numbers - Labeled images and videos. From person #1 to #5/persona_5/Ciclo_3_5_Derecha/Ciclo_3_5_Derecha_m.mp4,Ciclo_3_5_Derecha_m,pending,,
mendeley_labeled15_P05_0a963838d1f57dda,5s4mt7xrd9.1,P05,m,dactylology,accepted,test,Mexican Sign Languages Dactylology and Ten First Numbers - Labeled images and videos. From person #1 to #5/persona_5/Ciclo_3_5_Izquierda/Ciclo_3_5_Izquierda_m.mp4,Ciclo_3_5_Izquierda_m,pending,,
mendeley_labeled15_P05_5380124dd7e4a5c0,5s4mt7xrd9.1,P05,m,dactylology,accepted,test,Mexican Sign Languages Dactylology and Ten First Numbers - Labeled images and videos. From person #1 to #5/persona_5/Ciclo_4_5_Derecha/Ciclo_4_5_Derecha_m.mp4,Ciclo_4_5_Derecha_m,pending,,
mendeley_labeled15_P05_c0d330b3af35a549,5s4mt7xrd9.1,P05,m,dactylology,accepted,test,Mexican Sign Languages Dactylology and Ten First Numbers - Labeled images and videos. From person #1 to #5/persona_5/Ciclo_4_5_Izquierda/Ciclo_4_5_Izquierda_m.mp4,Ciclo_4_5_Izquierda_m,pending,,
mendeley_labeled15_P05_a2758be2de86a790,5s4mt7xrd9.1,P05,m,dactylology,accepted,test,Mexican Sign Languages Dactylology and Ten First Numbers - Labeled images and videos. From person #1 to #5/persona_5/Ciclo_5_5_Derecha/Ciclo_5_5_Derecha_m.mp4,Ciclo_5_5_Derecha_m,pending,,
mendeley_labeled15_P05_15a81e5ff91f3582,5s4mt7xrd9.1,P05,m,dactylology,accepted,test,Mexican Sign Languages Dactylology and Ten First Numbers - Labeled images and videos. From person #1 to #5/persona_5/Ciclo_5_5_Izquierda/Ciclo_5_5_Izquierda_m.mp4,Ciclo_5_5_Izquierda_m,pending,,
mendeley_labeled15_P05_d26edf6bdc003903,5s4mt7xrd9.1,P05,n,dactylology,accepted,test,Mexican Sign Languages Dactylology and Ten First Numbers - Labeled images and videos. From person #1 to #5/persona_5/Ciclo_1_5_Derecha/Ciclo_1_5_Derecha_n.mp4,Ciclo_1_5_Derecha_n,pending,,
mendeley_labeled15_P05_6c48293e64361c13,5s4mt7xrd9.1,P05,n,dactylology,accepted,test,Mexican Sign Languages Dactylology and Ten First Numbers - Labeled images and videos. From person #1 to #5/persona_5/Ciclo_2_5_Derecha/Ciclo_2_5_Derecha_n.mp4,Ciclo_2_5_Derecha_n,pending,,
mendeley_labeled15_P05_6c9242f8c74dfd62,5s4mt7xrd9.1,P05,n,dactylology,accepted,test,Mexican Sign Languages Dactylology and Ten First Numbers - Labeled images and videos. From person #1 to #5/persona_5/Ciclo_2_5_Izquierda/Ciclo_2_5_Izquierda_n.mp4,Ciclo_2_5_Izquierda_n,pending,,
mendeley_labeled15_P05_8411f711ba04cc76,5s4mt7xrd9.1,P05,n,dactylology,accepted,test,Mexican Sign Languages Dactylology and Ten First Numbers - Labeled images and videos. From person #1 to #5/persona_5/Ciclo_3_5_Derecha/Ciclo_3_5_Derecha_n.mp4,Ciclo_3_5_Derecha_n,pending,,
mendeley_labeled15_P05_9aee332c88675f21,5s4mt7xrd9.1,P05,n,dactylology,accepted,test,Mexican Sign Languages Dactylology and Ten First Numbers - Labeled images and videos. From person #1 to #5/persona_5/Ciclo_4_5_Izquierda/Ciclo_4_5_Izquierda_n.mp4,Ciclo_4_5_Izquierda_n,pending,,
mendeley_labeled15_P05_51860107aaa75798,5s4mt7xrd9.1,P05,n,dactylology,accepted,test,Mexican Sign Languages Dactylology and Ten First Numbers - Labeled images and videos. From person #1 to #5/persona_5/Ciclo_5_5_Derecha/Ciclo_5_5_Derecha_n.mp4,Ciclo_5_5_Derecha_n,pending,,
mendeley_labeled15_P05_bb4d74e662799d5d,5s4mt7xrd9.1,P05,n,dactylology,accepted,test,Mexican Sign Languages Dactylology and Ten First Numbers - Labeled images and videos. From person #1 to #5/persona_5/Ciclo_5_5_Izquierda/Ciclo_5_5_Izquierda_n.mp4,Ciclo_5_5_Izquierda_n,pending,,
mendeley_labeled15_P05_2e33511ef1c6e4db,5s4mt7xrd9.1,P05,o,dactylology,accepted,test,Mexican Sign Languages Dactylology and Ten First Numbers - Labeled images and videos. From person #1 to #5/persona_5/Ciclo_1_5_Derecha/Ciclo_1_5_Derecha_o.mp4,Ciclo_1_5_Derecha_o,pending,,
mendeley_labeled15_P05_e86a855d28ec160f,5s4mt7xrd9.1,P05,o,dactylology,accepted,test,Mexican Sign Languages Dactylology and Ten First Numbers - Labeled images and videos. From person #1 to #5/persona_5/Ciclo_1_5_Izquierda/Ciclo_1_5_Izquierda_o.mp4,Ciclo_1_5_Izquierda_o,pending,,
mendeley_labeled15_P05_8e57a943be9d9cf3,5s4mt7xrd9.1,P05,o,dactylology,accepted,test,Mexican Sign Languages Dactylology and Ten First Numbers - Labeled images and videos. From person #1 to #5/persona_5/Ciclo_2_5_Derecha/Ciclo_2_5_Derecha_o.mp4,Ciclo_2_5_Derecha_o,pending,,
mendeley_labeled15_P05_4847f781fe9973e2,5s4mt7xrd9.1,P05,o,dactylology,accepted,test,Mexican Sign Languages Dactylology and Ten First Numbers - Labeled images and videos. From person #1 to #5/persona_5/Ciclo_2_5_Izquierda/Ciclo_2_5_Izquierda_o.mp4,Ciclo_2_5_Izquierda_o,pending,,
mendeley_labeled15_P05_41c5bb73a6a9ffda,5s4mt7xrd9.1,P05,o,dactylology,accepted,test,Mexican Sign Languages Dactylology and Ten First Numbers - Labeled images and videos. From person #1 to #5/persona_5/Ciclo_3_5_Derecha/Ciclo_3_5_Derecha_o.mp4,Ciclo_3_5_Derecha_o,pending,,
mendeley_labeled15_P05_53706dc29b5a2954,5s4mt7xrd9.1,P05,o,dactylology,accepted,test,Mexican Sign Languages Dactylology and Ten First Numbers - Labeled images and videos. From person #1 to #5/persona_5/Ciclo_3_5_Izquierda/Ciclo_3_5_Izquierda_o.mp4,Ciclo_3_5_Izquierda_o,pending,,
mendeley_labeled15_P05_ee66af3176229f06,5s4mt7xrd9.1,P05,o,dactylology,accepted,test,Mexican Sign Languages Dactylology and Ten First Numbers - Labeled images and videos. From person #1 to #5/persona_5/Ciclo_4_5_Derecha/Ciclo_4_5_Derecha_o.mp4,Ciclo_4_5_Derecha_o,pending,,
mendeley_labeled15_P05_22504c567410b652,5s4mt7xrd9.1,P05,o,dactylology,accepted,test,Mexican Sign Languages Dactylology and Ten First Numbers - Labeled images and videos. From person #1 to #5/persona_5/Ciclo_4_5_Izquierda/Ciclo_4_5_Izquierda_o.mp4,Ciclo_4_5_Izquierda_o,pending,,
mendeley_labeled15_P05_2d659a4f55ecb289,5s4mt7xrd9.1,P05,o,dactylology,accepted,test,Mexican Sign Languages Dactylology and Ten First Numbers - Labeled images and videos. From person #1 to #5/persona_5/Ciclo_5_5_Derecha/Ciclo_5_5_Derecha_o.mp4,Ciclo_5_5_Derecha_o,pending,,
mendeley_labeled15_P05_efbe4b5cfb86750d,5s4mt7xrd9.1,P05,o,dactylology,accepted,test,Mexican Sign Languages Dactylology and Ten First Numbers - Labeled images and videos. From person #1 to #5/persona_5/Ciclo_5_5_Izquierda/Ciclo_5_5_Izquierda_o.mp4,Ciclo_5_5_Izquierda_o,pending,,
mendeley_labeled15_P05_f7ea94c1c0ad896d,5s4mt7xrd9.1,P05,p,dactylology,accepted,test,Mexican Sign Languages Dactylology and Ten First Numbers - Labeled images and videos. From person #1 to #5/persona_5/Ciclo_1_5_Derecha/Ciclo_1_5_Derecha_p.mp4,Ciclo_1_5_Derecha_p,pending,,
mendeley_labeled15_P05_a32a62e1e6d0c227,5s4mt7xrd9.1,P05,p,dactylology,accepted,test,Mexican Sign Languages Dactylology and Ten First Numbers - Labeled images and videos. From person #1 to #5/persona_5/Ciclo_1_5_Izquierda/Ciclo_1_5_Izquierda_p.mp4,Ciclo_1_5_Izquierda_p,pending,,
mendeley_labeled15_P05_d0b37fbe9de34a4c,5s4mt7xrd9.1,P05,p,dactylology,accepted,test,Mexican Sign Languages Dactylology and Ten First Numbers - Labeled images and videos. From person #1 to #5/persona_5/Ciclo_2_5_Derecha/Ciclo_2_5_Derecha_p.mp4,Ciclo_2_5_Derecha_p,pending,,
mendeley_labeled15_P05_effa9a556373391c,5s4mt7xrd9.1,P05,p,dactylology,accepted,test,Mexican Sign Languages Dactylology and Ten First Numbers - Labeled images and videos. From person #1 to #5/persona_5/Ciclo_2_5_Izquierda/Ciclo_2_5_Izquierda_p.mp4,Ciclo_2_5_Izquierda_p,pending,,
mendeley_labeled15_P05_7710664b107feed6,5s4mt7xrd9.1,P05,p,dactylology,accepted,test,Mexican Sign Languages Dactylology and Ten First Numbers - Labeled images and videos. From person #1 to #5/persona_5/Ciclo_3_5_Derecha/Ciclo_3_5_Derecha_p.mp4,Ciclo_3_5_Derecha_p,pending,,
mendeley_labeled15_P05_000e066ba52ee002,5s4mt7xrd9.1,P05,p,dactylology,accepted,test,Mexican Sign Languages Dactylology and Ten First Numbers - Labeled images and videos. From person #1 to #5/persona_5/Ciclo_3_5_Izquierda/Ciclo_3_5_Izquierda_p.mp4,Ciclo_3_5_Izquierda_p,pending,,
mendeley_labeled15_P05_516bbb42dad3f331,5s4mt7xrd9.1,P05,p,dactylology,accepted,test,Mexican Sign Languages Dactylology and Ten First Numbers - Labeled images and videos. From person #1 to #5/persona_5/Ciclo_4_5_Derecha/Ciclo_4_5_Derecha_p.mp4,Ciclo_4_5_Derecha_p,pending,,
mendeley_labeled15_P05_fe3a14f2e60aa0b6,5s4mt7xrd9.1,P05,p,dactylology,accepted,test,Mexican Sign Languages Dactylology and Ten First Numbers - Labeled images and videos. From person #1 to #5/persona_5/Ciclo_4_5_Izquierda/Ciclo_4_5_Izquierda_p.mp4,Ciclo_4_5_Izquierda_p,pending,,
mendeley_labeled15_P05_e5db5db05b3838ba,5s4mt7xrd9.1,P05,p,dactylology,accepted,test,Mexican Sign Languages Dactylology and Ten First Numbers - Labeled images and videos. From person #1 to #5/persona_5/Ciclo_5_5_Derecha/Ciclo_5_5_Derecha_p.mp4,Ciclo_5_5_Derecha_p,pending,,
mendeley_labeled15_P05_0cc30f31379c2e49,5s4mt7xrd9.1,P05,p,dactylology,accepted,test,Mexican Sign Languages Dactylology and Ten First Numbers - Labeled images and videos. From person #1 to #5/persona_5/Ciclo_5_5_Izquierda/Ciclo_5_5_Izquierda_p.mp4,Ciclo_5_5_Izquierda_p,pending,,
mendeley_labeled15_P05_91437b93ddf5e3c2,5s4mt7xrd9.1,P05,q,dactylology,accepted,test,Mexican Sign Languages Dactylology and Ten First Numbers - Labeled images and videos. From person #1 to #5/persona_5/Ciclo_1_5_Derecha/Ciclo_1_5_Derecha_q.mp4,Ciclo_1_5_Derecha_q,pending,,
mendeley_labeled15_P05_6289314b4beb7105,5s4mt7xrd9.1,P05,q,dactylology,accepted,test,Mexican Sign Languages Dactylology and Ten First Numbers - Labeled images and videos. From person #1 to #5/persona_5/Ciclo_1_5_Izquierda/Ciclo_1_5_Izquierda_q.mp4,Ciclo_1_5_Izquierda_q,pending,,
mendeley_labeled15_P05_6808e943d98bbb59,5s4mt7xrd9.1,P05,q,dactylology,accepted,test,Mexican Sign Languages Dactylology and Ten First Numbers - Labeled images and videos. From person #1 to #5/persona_5/Ciclo_2_5_Derecha/Ciclo_2_5_Derecha_q.mp4,Ciclo_2_5_Derecha_q,pending,,
mendeley_labeled15_P05_e9e6db620e26eaa1,5s4mt7xrd9.1,P05,q,dactylology,accepted,test,Mexican Sign Languages Dactylology and Ten First Numbers - Labeled images and videos. From person #1 to #5/persona_5/Ciclo_2_5_Izquierda/Ciclo_2_5_Izquierda_q.mp4,Ciclo_2_5_Izquierda_q,pending,,
mendeley_labeled15_P05_2380b27e3865211a,5s4mt7xrd9.1,P05,q,dactylology,accepted,test,Mexican Sign Languages Dactylology and Ten First Numbers - Labeled images and videos. From person #1 to #5/persona_5/Ciclo_3_5_Derecha/Ciclo_3_5_Derecha_q.mp4,Ciclo_3_5_Derecha_q,pending,,
mendeley_labeled15_P05_6657f6f94454caf7,5s4mt7xrd9.1,P05,q,dactylology,accepted,test,Mexican Sign Languages Dactylology and Ten First Numbers - Labeled images and videos. From person #1 to #5/persona_5/Ciclo_3_5_Izquierda/Ciclo_3_5_Izquierda_q.mp4,Ciclo_3_5_Izquierda_q,pending,,
mendeley_labeled15_P05_6ba94a8ae6a70db5,5s4mt7xrd9.1,P05,q,dactylology,accepted,test,Mexican Sign Languages Dactylology and Ten First Numbers - Labeled images and videos. From person #1 to #5/persona_5/Ciclo_4_5_Derecha/Ciclo_4_5_Derecha_q.mp4,Ciclo_4_5_Derecha_q,pending,,
mendeley_labeled15_P05_9765ea2d4d72cf68,5s4mt7xrd9.1,P05,q,dactylology,accepted,test,Mexican Sign Languages Dactylology and Ten First Numbers - Labeled images and videos. From person #1 to #5/persona_5/Ciclo_4_5_Izquierda/Ciclo_4_5_Izquierda_q.mp4,Ciclo_4_5_Izquierda_q,pending,,
mendeley_labeled15_P05_844e94a4dd96e181,5s4mt7xrd9.1,P05,q,dactylology,accepted,test,Mexican Sign Languages Dactylology and Ten First Numbers - Labeled images and videos. From person #1 to #5/persona_5/Ciclo_5_5_Derecha/Ciclo_5_5_Derecha_q.mp4,Ciclo_5_5_Derecha_q,pending,,
mendeley_labeled15_P05_e54dc3419d130650,5s4mt7xrd9.1,P05,q,dactylology,accepted,test,Mexican Sign Languages Dactylology and Ten First Numbers - Labeled images and videos. From person #1 to #5/persona_5/Ciclo_5_5_Izquierda/Ciclo_5_5_Izquierda_q.mp4,Ciclo_5_5_Izquierda_q,pending,,
mendeley_labeled15_P05_8c9ce49a220ac51f,5s4mt7xrd9.1,P05,r,dactylology,accepted,test,Mexican Sign Languages Dactylology and Ten First Numbers - Labeled images and videos. From person #1 to #5/persona_5/Ciclo_1_5_Derecha/Ciclo_1_5_Derecha_r.mp4,Ciclo_1_5_Derecha_r,pending,,
mendeley_labeled15_P05_d65410365493af2c,5s4mt7xrd9.1,P05,r,dactylology,accepted,test,Mexican Sign Languages Dactylology and Ten First Numbers - Labeled images and videos. From person #1 to #5/persona_5/Ciclo_1_5_Izquierda/Ciclo_1_5_Izquierda_r.mp4,Ciclo_1_5_Izquierda_r,pending,,
mendeley_labeled15_P05_cc29552267480577,5s4mt7xrd9.1,P05,r,dactylology,accepted,test,Mexican Sign Languages Dactylology and Ten First Numbers - Labeled images and videos. From person #1 to #5/persona_5/Ciclo_2_5_Derecha/Ciclo_2_5_Derecha_r.mp4,Ciclo_2_5_Derecha_r,pending,,
mendeley_labeled15_P05_d56eaab02d10e4cb,5s4mt7xrd9.1,P05,r,dactylology,accepted,test,Mexican Sign Languages Dactylology and Ten First Numbers - Labeled images and videos. From person #1 to #5/persona_5/Ciclo_2_5_Izquierda/Ciclo_2_5_Izquierda_r.mp4,Ciclo_2_5_Izquierda_r,pending,,
mendeley_labeled15_P05_bab99c2c2196281b,5s4mt7xrd9.1,P05,r,dactylology,accepted,test,Mexican Sign Languages Dactylology and Ten First Numbers - Labeled images and videos. From person #1 to #5/persona_5/Ciclo_3_5_Derecha/Ciclo_3_5_Derecha_r.mp4,Ciclo_3_5_Derecha_r,pending,,
mendeley_labeled15_P05_c29bfbfad85dcb29,5s4mt7xrd9.1,P05,r,dactylology,accepted,test,Mexican Sign Languages Dactylology and Ten First Numbers - Labeled images and videos. From person #1 to #5/persona_5/Ciclo_3_5_Izquierda/Ciclo_3_5_Izquierda_r.mp4,Ciclo_3_5_Izquierda_r,pending,,
mendeley_labeled15_P05_c6017040b5553f6c,5s4mt7xrd9.1,P05,r,dactylology,accepted,test,Mexican Sign Languages Dactylology and Ten First Numbers - Labeled images and videos. From person #1 to #5/persona_5/Ciclo_4_5_Derecha/Ciclo_4_5_Derecha_r.mp4,Ciclo_4_5_Derecha_r,pending,,
mendeley_labeled15_P05_23fa65810d1e84cb,5s4mt7xrd9.1,P05,r,dactylology,accepted,test,Mexican Sign Languages Dactylology and Ten First Numbers - Labeled images and videos. From person #1 to #5/persona_5/Ciclo_4_5_Izquierda/Ciclo_4_5_Izquierda_r.mp4,Ciclo_4_5_Izquierda_r,pending,,
mendeley_labeled15_P05_4f59857f4b55ab93,5s4mt7xrd9.1,P05,r,dactylology,accepted,test,Mexican Sign Languages Dactylology and Ten First Numbers - Labeled images and videos. From person #1 to #5/persona_5/Ciclo_5_5_Derecha/Ciclo_5_5_Derecha_r.mp4,Ciclo_5_5_Derecha_r,pending,,
mendeley_labeled15_P05_26dd5d0c713061d2,5s4mt7xrd9.1,P05,r,dactylology,accepted,test,Mexican Sign Languages Dactylology and Ten First Numbers - Labeled images and videos. From person #1 to #5/persona_5/Ciclo_5_5_Izquierda/Ciclo_5_5_Izquierda_r.mp4,Ciclo_5_5_Izquierda_r,pending,,
mendeley_labeled15_P05_b9c9dcb6fa25b672,5s4mt7xrd9.1,P05,rr,dactylology,accepted,test,Mexican Sign Languages Dactylology and Ten First Numbers - Labeled images and videos. From person #1 to #5/persona_5/Ciclo_1_5_Izquierda/Ciclo_1_5_Izquierda_rr.mp4,Ciclo_1_5_Izquierda_rr,pending,,
mendeley_labeled15_P05_f0160ada67727f92,5s4mt7xrd9.1,P05,rr,dactylology,accepted,test,Mexican Sign Languages Dactylology and Ten First Numbers - Labeled images and videos. From person #1 to #5/persona_5/Ciclo_2_5_Derecha/Ciclo_2_5_Derecha_rr.mp4,Ciclo_2_5_Derecha_rr,pending,,
mendeley_labeled15_P05_7bb563dfbb108560,5s4mt7xrd9.1,P05,rr,dactylology,accepted,test,Mexican Sign Languages Dactylology and Ten First Numbers - Labeled images and videos. From person #1 to #5/persona_5/Ciclo_2_5_Izquierda/Ciclo_2_5_Izquierda_rr.mp4,Ciclo_2_5_Izquierda_rr,pending,,
mendeley_labeled15_P05_44d7a2fbc5e0d3d3,5s4mt7xrd9.1,P05,rr,dactylology,accepted,test,Mexican Sign Languages Dactylology and Ten First Numbers - Labeled images and videos. From person #1 to #5/persona_5/Ciclo_3_5_Derecha/Ciclo_3_5_Derecha_rr.mp4,Ciclo_3_5_Derecha_rr,pending,,
mendeley_labeled15_P05_c848afe0723aafeb,5s4mt7xrd9.1,P05,rr,dactylology,accepted,test,Mexican Sign Languages Dactylology and Ten First Numbers - Labeled images and videos. From person #1 to #5/persona_5/Ciclo_3_5_Izquierda/Ciclo_3_5_Izquierda_rr.mp4,Ciclo_3_5_Izquierda_rr,pending,,
mendeley_labeled15_P05_fb86714f557a837f,5s4mt7xrd9.1,P05,rr,dactylology,accepted,test,Mexican Sign Languages Dactylology and Ten First Numbers - Labeled images and videos. From person #1 to #5/persona_5/Ciclo_4_5_Derecha/Ciclo_4_5_Derecha_rr.mp4,Ciclo_4_5_Derecha_rr,pending,,
mendeley_labeled15_P05_3f054f8fffe66694,5s4mt7xrd9.1,P05,rr,dactylology,accepted,test,Mexican Sign Languages Dactylology and Ten First Numbers - Labeled images and videos. From person #1 to #5/persona_5/Ciclo_4_5_Izquierda/Ciclo_4_5_Izquierda_rr.mp4,Ciclo_4_5_Izquierda_rr,pending,,
mendeley_labeled15_P05_ac836f50ea84176d,5s4mt7xrd9.1,P05,rr,dactylology,accepted,test,Mexican Sign Languages Dactylology and Ten First Numbers - Labeled images and videos. From person #1 to #5/persona_5/Ciclo_5_5_Derecha/Ciclo_5_5_Derecha_rr.mp4,Ciclo_5_5_Derecha_rr,pending,,
mendeley_labeled15_P05_bf397a05242766eb,5s4mt7xrd9.1,P05,rr,dactylology,accepted,test,Mexican Sign Languages Dactylology and Ten First Numbers - Labeled images and videos. From person #1 to #5/persona_5/Ciclo_5_5_Izquierda/Ciclo_5_5_Izquierda_rr.mp4,Ciclo_5_5_Izquierda_rr,pending,,
mendeley_labeled15_P05_d0da0c672fb76d81,5s4mt7xrd9.1,P05,s,dactylology,accepted,test,Mexican Sign Languages Dactylology and Ten First Numbers - Labeled images and videos. From person #1 to #5/persona_5/Ciclo_1_5_Derecha/Ciclo_1_5_Derecha_s.mp4,Ciclo_1_5_Derecha_s,pending,,
mendeley_labeled15_P05_d97ca4f11cba7b01,5s4mt7xrd9.1,P05,s,dactylology,accepted,test,Mexican Sign Languages Dactylology and Ten First Numbers - Labeled images and videos. From person #1 to #5/persona_5/Ciclo_1_5_Izquierda/Ciclo_1_5_Izquierda_s.mp4,Ciclo_1_5_Izquierda_s,pending,,
mendeley_labeled15_P05_66787992311bd5df,5s4mt7xrd9.1,P05,s,dactylology,accepted,test,Mexican Sign Languages Dactylology and Ten First Numbers - Labeled images and videos. From person #1 to #5/persona_5/Ciclo_2_5_Derecha/Ciclo_2_5_Derecha_s.mp4,Ciclo_2_5_Derecha_s,pending,,
mendeley_labeled15_P05_7fa32ad6583d64e5,5s4mt7xrd9.1,P05,s,dactylology,accepted,test,Mexican Sign Languages Dactylology and Ten First Numbers - Labeled images and videos. From person #1 to #5/persona_5/Ciclo_2_5_Izquierda/Ciclo_2_5_Izquierda_s.mp4,Ciclo_2_5_Izquierda_s,pending,,
mendeley_labeled15_P05_ed6ff132f3c8101e,5s4mt7xrd9.1,P05,s,dactylology,accepted,test,Mexican Sign Languages Dactylology and Ten First Numbers - Labeled images and videos. From person #1 to #5/persona_5/Ciclo_3_5_Derecha/Ciclo_3_5_Derecha_s.mp4,Ciclo_3_5_Derecha_s,pending,,
mendeley_labeled15_P05_b2af300c987b910c,5s4mt7xrd9.1,P05,s,dactylology,accepted,test,Mexican Sign Languages Dactylology and Ten First Numbers - Labeled images and videos. From person #1 to #5/persona_5/Ciclo_3_5_Izquierda/Ciclo_3_5_Izquierda_s.mp4,Ciclo_3_5_Izquierda_s,pending,,
mendeley_labeled15_P05_b23f7917775993ef,5s4mt7xrd9.1,P05,s,dactylology,accepted,test,Mexican Sign Languages Dactylology and Ten First Numbers - Labeled images and videos. From person #1 to #5/persona_5/Ciclo_4_5_Derecha/Ciclo_4_5_Derecha_s.mp4,Ciclo_4_5_Derecha_s,pending,,
mendeley_labeled15_P05_c76ddbc44ce82fa1,5s4mt7xrd9.1,P05,s,dactylology,accepted,test,Mexican Sign Languages Dactylology and Ten First Numbers - Labeled images and videos. From person #1 to #5/persona_5/Ciclo_4_5_Izquierda/Ciclo_4_5_Izquierda_s.mp4,Ciclo_4_5_Izquierda_s,pending,,
mendeley_labeled15_P05_e9f608986a13b415,5s4mt7xrd9.1,P05,s,dactylology,accepted,test,Mexican Sign Languages Dactylology and Ten First Numbers - Labeled images and videos. From person #1 to #5/persona_5/Ciclo_5_5_Derecha/Ciclo_5_5_Derecha_s.mp4,Ciclo_5_5_Derecha_s,pending,,
mendeley_labeled15_P05_7078758784773fc5,5s4mt7xrd9.1,P05,s,dactylology,accepted,test,Mexican Sign Languages Dactylology and Ten First Numbers - Labeled images and videos. From person #1 to #5/persona_5/Ciclo_5_5_Izquierda/Ciclo_5_5_Izquierda_s.mp4,Ciclo_5_5_Izquierda_s,pending,,
mendeley_labeled15_P05_a281938aa70b3fb7,5s4mt7xrd9.1,P05,t,dactylology,accepted,test,Mexican Sign Languages Dactylology and Ten First Numbers - Labeled images and videos. From person #1 to #5/persona_5/Ciclo_1_5_Derecha/Ciclo_1_5_Derecha_t.mp4,Ciclo_1_5_Derecha_t,pending,,
mendeley_labeled15_P05_f804e79b961ca739,5s4mt7xrd9.1,P05,t,dactylology,accepted,test,Mexican Sign Languages Dactylology and Ten First Numbers - Labeled images and videos. From person #1 to #5/persona_5/Ciclo_1_5_Izquierda/Ciclo_1_5_Izquierda_t.mp4,Ciclo_1_5_Izquierda_t,pending,,
mendeley_labeled15_P05_238888babb8945a3,5s4mt7xrd9.1,P05,t,dactylology,accepted,test,Mexican Sign Languages Dactylology and Ten First Numbers - Labeled images and videos. From person #1 to #5/persona_5/Ciclo_2_5_Derecha/Ciclo_2_5_Derecha_t.mp4,Ciclo_2_5_Derecha_t,pending,,
mendeley_labeled15_P05_265084bce9754b80,5s4mt7xrd9.1,P05,t,dactylology,accepted,test,Mexican Sign Languages Dactylology and Ten First Numbers - Labeled images and videos. From person #1 to #5/persona_5/Ciclo_2_5_Izquierda/Ciclo_2_5_Izquierda_t.mp4,Ciclo_2_5_Izquierda_t,pending,,
mendeley_labeled15_P05_98eea4695a911863,5s4mt7xrd9.1,P05,t,dactylology,accepted,test,Mexican Sign Languages Dactylology and Ten First Numbers - Labeled images and videos. From person #1 to #5/persona_5/Ciclo_3_5_Derecha/Ciclo_3_5_Derecha_t.mp4,Ciclo_3_5_Derecha_t,pending,,
mendeley_labeled15_P05_5e96babeae31ed28,5s4mt7xrd9.1,P05,t,dactylology,accepted,test,Mexican Sign Languages Dactylology and Ten First Numbers - Labeled images and videos. From person #1 to #5/persona_5/Ciclo_3_5_Izquierda/Ciclo_3_5_Izquierda_t.mp4,Ciclo_3_5_Izquierda_t,pending,,
mendeley_labeled15_P05_53c18e44a329683b,5s4mt7xrd9.1,P05,t,dactylology,accepted,test,Mexican Sign Languages Dactylology and Ten First Numbers - Labeled images and videos. From person #1 to #5/persona_5/Ciclo_4_5_Derecha/Ciclo_4_5_Derecha_t.mp4,Ciclo_4_5_Derecha_t,pending,,
mendeley_labeled15_P05_1caa8070ef74e744,5s4mt7xrd9.1,P05,t,dactylology,accepted,test,Mexican Sign Languages Dactylology and Ten First Numbers - Labeled images and videos. From person #1 to #5/persona_5/Ciclo_4_5_Izquierda/Ciclo_4_5_Izquierda_t.mp4,Ciclo_4_5_Izquierda_t,pending,,
mendeley_labeled15_P05_d9ec76248a418b63,5s4mt7xrd9.1,P05,t,dactylology,accepted,test,Mexican Sign Languages Dactylology and Ten First Numbers - Labeled images and videos. From person #1 to #5/persona_5/Ciclo_5_5_Derecha/Ciclo_5_5_Derecha_t.mp4,Ciclo_5_5_Derecha_t,pending,,
mendeley_labeled15_P05_93bcc02dc4f9af1e,5s4mt7xrd9.1,P05,t,dactylology,accepted,test,Mexican Sign Languages Dactylology and Ten First Numbers - Labeled images and videos. From person #1 to #5/persona_5/Ciclo_5_5_Izquierda/Ciclo_5_5_Izquierda_t.mp4,Ciclo_5_5_Izquierda_t,pending,,
mendeley_labeled15_P05_fc47a565fbda1b6f,5s4mt7xrd9.1,P05,u,dactylology,accepted,test,Mexican Sign Languages Dactylology and Ten First Numbers - Labeled images and videos. From person #1 to #5/persona_5/Ciclo_1_5_Derecha/Ciclo_1_5_Derecha_u.mp4,Ciclo_1_5_Derecha_u,pending,,
mendeley_labeled15_P05_a12e25de742d8fcf,5s4mt7xrd9.1,P05,u,dactylology,accepted,test,Mexican Sign Languages Dactylology and Ten First Numbers - Labeled images and videos. From person #1 to #5/persona_5/Ciclo_1_5_Izquierda/Ciclo_1_5_Izquierda_u.mp4,Ciclo_1_5_Izquierda_u,pending,,
mendeley_labeled15_P05_00854ef17ea7d128,5s4mt7xrd9.1,P05,u,dactylology,accepted,test,Mexican Sign Languages Dactylology and Ten First Numbers - Labeled images and videos. From person #1 to #5/persona_5/Ciclo_2_5_Derecha/Ciclo_2_5_Derecha_u.mp4,Ciclo_2_5_Derecha_u,pending,,
mendeley_labeled15_P05_8cd0a7f149010cd6,5s4mt7xrd9.1,P05,u,dactylology,accepted,test,Mexican Sign Languages Dactylology and Ten First Numbers - Labeled images and videos. From person #1 to #5/persona_5/Ciclo_2_5_Izquierda/Ciclo_2_5_Izquierda_u.mp4,Ciclo_2_5_Izquierda_u,pending,,
mendeley_labeled15_P05_7541d68ee33c2f78,5s4mt7xrd9.1,P05,u,dactylology,accepted,test,Mexican Sign Languages Dactylology and Ten First Numbers - Labeled images and videos. From person #1 to #5/persona_5/Ciclo_3_5_Derecha/Ciclo_3_5_Derecha_u.mp4,Ciclo_3_5_Derecha_u,pending,,
mendeley_labeled15_P05_5e5480066cfa505f,5s4mt7xrd9.1,P05,u,dactylology,accepted,test,Mexican Sign Languages Dactylology and Ten First Numbers - Labeled images and videos. From person #1 to #5/persona_5/Ciclo_3_5_Izquierda/Ciclo_3_5_Izquierda_u.mp4,Ciclo_3_5_Izquierda_u,pending,,
mendeley_labeled15_P05_c97b9edd90aa46b0,5s4mt7xrd9.1,P05,u,dactylology,accepted,test,Mexican Sign Languages Dactylology and Ten First Numbers - Labeled images and videos. From person #1 to #5/persona_5/Ciclo_4_5_Derecha/Ciclo_4_5_Derecha_u.mp4,Ciclo_4_5_Derecha_u,pending,,
mendeley_labeled15_P05_8013b39a1856de28,5s4mt7xrd9.1,P05,u,dactylology,accepted,test,Mexican Sign Languages Dactylology and Ten First Numbers - Labeled images and videos. From person #1 to #5/persona_5/Ciclo_4_5_Izquierda/Ciclo_4_5_Izquierda_u.mp4,Ciclo_4_5_Izquierda_u,pending,,
mendeley_labeled15_P05_72a5971c61f3c87c,5s4mt7xrd9.1,P05,u,dactylology,accepted,test,Mexican Sign Languages Dactylology and Ten First Numbers - Labeled images and videos. From person #1 to #5/persona_5/Ciclo_5_5_Derecha/Ciclo_5_5_Derecha_u.mp4,Ciclo_5_5_Derecha_u,pending,,
mendeley_labeled15_P05_7143dd6d15226c77,5s4mt7xrd9.1,P05,u,dactylology,accepted,test,Mexican Sign Languages Dactylology and Ten First Numbers - Labeled images and videos. From person #1 to #5/persona_5/Ciclo_5_5_Izquierda/Ciclo_5_5_Izquierda_u.mp4,Ciclo_5_5_Izquierda_u,pending,,
mendeley_labeled15_P05_bd03d36bb366a4c1,5s4mt7xrd9.1,P05,v,dactylology,accepted,test,Mexican Sign Languages Dactylology and Ten First Numbers - Labeled images and videos. From person #1 to #5/persona_5/Ciclo_1_5_Derecha/Ciclo_1_5_Derecha_v.mp4,Ciclo_1_5_Derecha_v,pending,,
mendeley_labeled15_P05_264d1217a5c67d39,5s4mt7xrd9.1,P05,v,dactylology,accepted,test,Mexican Sign Languages Dactylology and Ten First Numbers - Labeled images and videos. From person #1 to #5/persona_5/Ciclo_1_5_Izquierda/Ciclo_1_5_Izquierda_v.mp4,Ciclo_1_5_Izquierda_v,pending,,
mendeley_labeled15_P05_0ea05447f387acca,5s4mt7xrd9.1,P05,v,dactylology,accepted,test,Mexican Sign Languages Dactylology and Ten First Numbers - Labeled images and videos. From person #1 to #5/persona_5/Ciclo_2_5_Derecha/Ciclo_2_5_Derecha_v.mp4,Ciclo_2_5_Derecha_v,pending,,
mendeley_labeled15_P05_3cba495016cd55a4,5s4mt7xrd9.1,P05,v,dactylology,accepted,test,Mexican Sign Languages Dactylology and Ten First Numbers - Labeled images and videos. From person #1 to #5/persona_5/Ciclo_2_5_Izquierda/Ciclo_2_5_Izquierda_v.mp4,Ciclo_2_5_Izquierda_v,pending,,
mendeley_labeled15_P05_68dbabf41efa03ca,5s4mt7xrd9.1,P05,v,dactylology,accepted,test,Mexican Sign Languages Dactylology and Ten First Numbers - Labeled images and videos. From person #1 to #5/persona_5/Ciclo_3_5_Derecha/Ciclo_3_5_Derecha_v.mp4,Ciclo_3_5_Derecha_v,pending,,
mendeley_labeled15_P05_2c0f262fa1f8e3de,5s4mt7xrd9.1,P05,v,dactylology,accepted,test,Mexican Sign Languages Dactylology and Ten First Numbers - Labeled images and videos. From person #1 to #5/persona_5/Ciclo_3_5_Izquierda/Ciclo_3_5_Izquierda_v.mp4,Ciclo_3_5_Izquierda_v,pending,,
mendeley_labeled15_P05_9bb5406136b5e7c8,5s4mt7xrd9.1,P05,v,dactylology,accepted,test,Mexican Sign Languages Dactylology and Ten First Numbers - Labeled images and videos. From person #1 to #5/persona_5/Ciclo_4_5_Derecha/Ciclo_4_5_Derecha_v.mp4,Ciclo_4_5_Derecha_v,pending,,
mendeley_labeled15_P05_e99aaa0f2014adf9,5s4mt7xrd9.1,P05,v,dactylology,accepted,test,Mexican Sign Languages Dactylology and Ten First Numbers - Labeled images and videos. From person #1 to #5/persona_5/Ciclo_4_5_Izquierda/Ciclo_4_5_Izquierda_v.mp4,Ciclo_4_5_Izquierda_v,pending,,
mendeley_labeled15_P05_79cefbb0f00597d8,5s4mt7xrd9.1,P05,v,dactylology,accepted,test,Mexican Sign Languages Dactylology and Ten First Numbers - Labeled images and videos. From person #1 to #5/persona_5/Ciclo_5_5_Derecha/Ciclo_5_5_Derecha_v.mp4,Ciclo_5_5_Derecha_v,pending,,
mendeley_labeled15_P05_7bea198ca64dd96c,5s4mt7xrd9.1,P05,v,dactylology,accepted,test,Mexican Sign Languages Dactylology and Ten First Numbers - Labeled images and videos. From person #1 to #5/persona_5/Ciclo_5_5_Izquierda/Ciclo_5_5_Izquierda_v.mp4,Ciclo_5_5_Izquierda_v,pending,,
mendeley_labeled15_P05_0e754147183f557d,5s4mt7xrd9.1,P05,w,dactylology,accepted,test,Mexican Sign Languages Dactylology and Ten First Numbers - Labeled images and videos. From person #1 to #5/persona_5/Ciclo_1_5_Derecha/Ciclo_1_5_Derecha_w.mp4,Ciclo_1_5_Derecha_w,pending,,
mendeley_labeled15_P05_8b832714b95885f3,5s4mt7xrd9.1,P05,w,dactylology,accepted,test,Mexican Sign Languages Dactylology and Ten First Numbers - Labeled images and videos. From person #1 to #5/persona_5/Ciclo_1_5_Izquierda/Ciclo_1_5_Izquierda_w.mp4,Ciclo_1_5_Izquierda_w,pending,,
mendeley_labeled15_P05_1b1db8265a017600,5s4mt7xrd9.1,P05,w,dactylology,accepted,test,Mexican Sign Languages Dactylology and Ten First Numbers - Labeled images and videos. From person #1 to #5/persona_5/Ciclo_2_5_Derecha/Ciclo_2_5_Derecha_w.mp4,Ciclo_2_5_Derecha_w,pending,,
mendeley_labeled15_P05_c8c4740df0144e43,5s4mt7xrd9.1,P05,w,dactylology,accepted,test,Mexican Sign Languages Dactylology and Ten First Numbers - Labeled images and videos. From person #1 to #5/persona_5/Ciclo_2_5_Izquierda/Ciclo_2_5_Izquierda_w.mp4,Ciclo_2_5_Izquierda_w,pending,,
mendeley_labeled15_P05_6b3b205e182e75e4,5s4mt7xrd9.1,P05,w,dactylology,accepted,test,Mexican Sign Languages Dactylology and Ten First Numbers - Labeled images and videos. From person #1 to #5/persona_5/Ciclo_3_5_Derecha/Ciclo_3_5_Derecha_w.mp4,Ciclo_3_5_Derecha_w,pending,,
mendeley_labeled15_P05_7c793d56b7e6215a,5s4mt7xrd9.1,P05,w,dactylology,accepted,test,Mexican Sign Languages Dactylology and Ten First Numbers - Labeled images and videos. From person #1 to #5/persona_5/Ciclo_3_5_Izquierda/Ciclo_3_5_Izquierda_w.mp4,Ciclo_3_5_Izquierda_w,pending,,
mendeley_labeled15_P05_3213f1f641f44a10,5s4mt7xrd9.1,P05,w,dactylology,accepted,test,Mexican Sign Languages Dactylology and Ten First Numbers - Labeled images and videos. From person #1 to #5/persona_5/Ciclo_4_5_Derecha/Ciclo_4_5_Derecha_w.mp4,Ciclo_4_5_Derecha_w,pending,,
mendeley_labeled15_P05_fd28fa5b59030271,5s4mt7xrd9.1,P05,w,dactylology,accepted,test,Mexican Sign Languages Dactylology and Ten First Numbers - Labeled images and videos. From person #1 to #5/persona_5/Ciclo_4_5_Izquierda/Ciclo_4_5_Izquierda_w.mp4,Ciclo_4_5_Izquierda_w,pending,,
mendeley_labeled15_P05_aefaa1397f44504e,5s4mt7xrd9.1,P05,w,dactylology,accepted,test,Mexican Sign Languages Dactylology and Ten First Numbers - Labeled images and videos. From person #1 to #5/persona_5/Ciclo_5_5_Derecha/Ciclo_5_5_Derecha_w.mp4,Ciclo_5_5_Derecha_w,pending,,
mendeley_labeled15_P05_6102ff9dbb81a1b3,5s4mt7xrd9.1,P05,w,dactylology,accepted,test,Mexican Sign Languages Dactylology and Ten First Numbers - Labeled images and videos. From person #1 to #5/persona_5/Ciclo_5_5_Izquierda/Ciclo_5_5_Izquierda_w.mp4,Ciclo_5_5_Izquierda_w,pending,,
mendeley_labeled15_P05_64295826e5555ff1,5s4mt7xrd9.1,P05,x,dactylology,accepted,test,Mexican Sign Languages Dactylology and Ten First Numbers - Labeled images and videos. From person #1 to #5/persona_5/Ciclo_1_5_Derecha/Ciclo_1_5_Derecha_x.mp4,Ciclo_1_5_Derecha_x,pending,,
mendeley_labeled15_P05_1ef94ecf31d4bce9,5s4mt7xrd9.1,P05,x,dactylology,accepted,test,Mexican Sign Languages Dactylology and Ten First Numbers - Labeled images and videos. From person #1 to #5/persona_5/Ciclo_1_5_Izquierda/Ciclo_1_5_Izquierda_x.mp4,Ciclo_1_5_Izquierda_x,pending,,
mendeley_labeled15_P05_29dbbd3c092a8204,5s4mt7xrd9.1,P05,x,dactylology,accepted,test,Mexican Sign Languages Dactylology and Ten First Numbers - Labeled images and videos. From person #1 to #5/persona_5/Ciclo_2_5_Derecha/Ciclo_2_5_Derecha_x.mp4,Ciclo_2_5_Derecha_x,pending,,
mendeley_labeled15_P05_2a027900ac8e26e5,5s4mt7xrd9.1,P05,x,dactylology,accepted,test,Mexican Sign Languages Dactylology and Ten First Numbers - Labeled images and videos. From person #1 to #5/persona_5/Ciclo_2_5_Izquierda/Ciclo_2_5_Izquierda_x.mp4,Ciclo_2_5_Izquierda_x,pending,,
mendeley_labeled15_P05_76a7107011f4eb13,5s4mt7xrd9.1,P05,x,dactylology,accepted,test,Mexican Sign Languages Dactylology and Ten First Numbers - Labeled images and videos. From person #1 to #5/persona_5/Ciclo_3_5_Derecha/Ciclo_3_5_Derecha_x.mp4,Ciclo_3_5_Derecha_x,pending,,
mendeley_labeled15_P05_0dd23da199133831,5s4mt7xrd9.1,P05,x,dactylology,accepted,test,Mexican Sign Languages Dactylology and Ten First Numbers - Labeled images and videos. From person #1 to #5/persona_5/Ciclo_3_5_Izquierda/Ciclo_3_5_Izquierda_x.mp4,Ciclo_3_5_Izquierda_x,pending,,
mendeley_labeled15_P05_82b477247bf523b9,5s4mt7xrd9.1,P05,x,dactylology,accepted,test,Mexican Sign Languages Dactylology and Ten First Numbers - Labeled images and videos. From person #1 to #5/persona_5/Ciclo_4_5_Derecha/Ciclo_4_5_Derecha_x.mp4,Ciclo_4_5_Derecha_x,pending,,
mendeley_labeled15_P05_b28ca8651d9a8533,5s4mt7xrd9.1,P05,x,dactylology,accepted,test,Mexican Sign Languages Dactylology and Ten First Numbers - Labeled images and videos. From person #1 to #5/persona_5/Ciclo_4_5_Izquierda/Ciclo_4_5_Izquierda_x.mp4,Ciclo_4_5_Izquierda_x,pending,,
mendeley_labeled15_P05_cc7cb2b895f94519,5s4mt7xrd9.1,P05,x,dactylology,accepted,test,Mexican Sign Languages Dactylology and Ten First Numbers - Labeled images and videos. From person #1 to #5/persona_5/Ciclo_5_5_Derecha/Ciclo_5_5_Derecha_x.mp4,Ciclo_5_5_Derecha_x,pending,,
mendeley_labeled15_P05_897b118155c4e8c6,5s4mt7xrd9.1,P05,x,dactylology,accepted,test,Mexican Sign Languages Dactylology and Ten First Numbers - Labeled images and videos. From person #1 to #5/persona_5/Ciclo_5_5_Izquierda/Ciclo_5_5_Izquierda_x.mp4,Ciclo_5_5_Izquierda_x,pending,,
mendeley_labeled15_P05_5b62b2d54ef76d41,5s4mt7xrd9.1,P05,y,dactylology,accepted,test,Mexican Sign Languages Dactylology and Ten First Numbers - Labeled images and videos. From person #1 to #5/persona_5/Ciclo_1_5_Derecha/Ciclo_1_5_Derecha_y.mp4,Ciclo_1_5_Derecha_y,pending,,
mendeley_labeled15_P05_5caad854fff49f31,5s4mt7xrd9.1,P05,y,dactylology,accepted,test,Mexican Sign Languages Dactylology and Ten First Numbers - Labeled images and videos. From person #1 to #5/persona_5/Ciclo_1_5_Izquierda/Ciclo_1_5_Izquierda_y.mp4,Ciclo_1_5_Izquierda_y,pending,,
mendeley_labeled15_P05_1de3bd9ca5a0a601,5s4mt7xrd9.1,P05,y,dactylology,accepted,test,Mexican Sign Languages Dactylology and Ten First Numbers - Labeled images and videos. From person #1 to #5/persona_5/Ciclo_2_5_Derecha/Ciclo_2_5_Derecha_y.mp4,Ciclo_2_5_Derecha_y,pending,,
mendeley_labeled15_P05_b7788eb5d4599951,5s4mt7xrd9.1,P05,y,dactylology,accepted,test,Mexican Sign Languages Dactylology and Ten First Numbers - Labeled images and videos. From person #1 to #5/persona_5/Ciclo_2_5_Izquierda/Ciclo_2_5_Izquierda_y.mp4,Ciclo_2_5_Izquierda_y,pending,,
mendeley_labeled15_P05_bf5352e3642a0d08,5s4mt7xrd9.1,P05,y,dactylology,accepted,test,Mexican Sign Languages Dactylology and Ten First Numbers - Labeled images and videos. From person #1 to #5/persona_5/Ciclo_3_5_Derecha/Ciclo_3_5_Derecha_y.mp4,Ciclo_3_5_Derecha_y,pending,,
mendeley_labeled15_P05_7ce3cd1b251e71d4,5s4mt7xrd9.1,P05,y,dactylology,accepted,test,Mexican Sign Languages Dactylology and Ten First Numbers - Labeled images and videos. From person #1 to #5/persona_5/Ciclo_3_5_Izquierda/Ciclo_3_5_Izquierda_y.mp4,Ciclo_3_5_Izquierda_y,pending,,
mendeley_labeled15_P05_006a6b1f1d3e5a6e,5s4mt7xrd9.1,P05,y,dactylology,accepted,test,Mexican Sign Languages Dactylology and Ten First Numbers - Labeled images and videos. From person #1 to #5/persona_5/Ciclo_4_5_Derecha/Ciclo_4_5_Derecha_y.mp4,Ciclo_4_5_Derecha_y,pending,,
mendeley_labeled15_P05_4cd23d9d7cfd8c3e,5s4mt7xrd9.1,P05,y,dactylology,accepted,test,Mexican Sign Languages Dactylology and Ten First Numbers - Labeled images and videos. From person #1 to #5/persona_5/Ciclo_4_5_Izquierda/Ciclo_4_5_Izquierda_y.mp4,Ciclo_4_5_Izquierda_y,pending,,
mendeley_labeled15_P05_673bfcdeb10c054a,5s4mt7xrd9.1,P05,y,dactylology,accepted,test,Mexican Sign Languages Dactylology and Ten First Numbers - Labeled images and videos. From person #1 to #5/persona_5/Ciclo_5_5_Derecha/Ciclo_5_5_Derecha_y.mp4,Ciclo_5_5_Derecha_y,pending,,
mendeley_labeled15_P05_56b468fe565c7e8c,5s4mt7xrd9.1,P05,y,dactylology,accepted,test,Mexican Sign Languages Dactylology and Ten First Numbers - Labeled images and videos. From person #1 to #5/persona_5/Ciclo_5_5_Izquierda/Ciclo_5_5_Izquierda_y.mp4,Ciclo_5_5_Izquierda_y,pending,,
mendeley_labeled15_P05_ebc9971adb84fce2,5s4mt7xrd9.1,P05,z,dactylology,accepted,test,Mexican Sign Languages Dactylology and Ten First Numbers - Labeled images and videos. From person #1 to #5/persona_5/Ciclo_1_5_Derecha/Ciclo_1_5_Derecha_z.mp4,Ciclo_1_5_Derecha_z,pending,,
mendeley_labeled15_P05_5319b53c2c80912c,5s4mt7xrd9.1,P05,z,dactylology,accepted,test,Mexican Sign Languages Dactylology and Ten First Numbers - Labeled images and videos. From person #1 to #5/persona_5/Ciclo_1_5_Izquierda/Ciclo_1_5_Izquierda_z.mp4,Ciclo_1_5_Izquierda_z,pending,,
mendeley_labeled15_P05_dd36fa09eab1ceb8,5s4mt7xrd9.1,P05,z,dactylology,accepted,test,Mexican Sign Languages Dactylology and Ten First Numbers - Labeled images and videos. From person #1 to #5/persona_5/Ciclo_2_5_Derecha/Ciclo_2_5_Derecha_z.mp4,Ciclo_2_5_Derecha_z,pending,,
mendeley_labeled15_P05_5cb3453544f4a33a,5s4mt7xrd9.1,P05,z,dactylology,accepted,test,Mexican Sign Languages Dactylology and Ten First Numbers - Labeled images and videos. From person #1 to #5/persona_5/Ciclo_2_5_Izquierda/Ciclo_2_5_Izquierda_z.mp4,Ciclo_2_5_Izquierda_z,pending,,
mendeley_labeled15_P05_bb4800464dee52bc,5s4mt7xrd9.1,P05,z,dactylology,accepted,test,Mexican Sign Languages Dactylology and Ten First Numbers - Labeled images and videos. From person #1 to #5/persona_5/Ciclo_3_5_Derecha/Ciclo_3_5_Derecha_z.mp4,Ciclo_3_5_Derecha_z,pending,,
mendeley_labeled15_P05_ae9b47dc56bf8b74,5s4mt7xrd9.1,P05,z,dactylology,accepted,test,Mexican Sign Languages Dactylology and Ten First Numbers - Labeled images and videos. From person #1 to #5/persona_5/Ciclo_3_5_Izquierda/Ciclo_3_5_Izquierda_z.mp4,Ciclo_3_5_Izquierda_z,pending,,
mendeley_labeled15_P05_5add8d342901d4cf,5s4mt7xrd9.1,P05,z,dactylology,accepted,test,Mexican Sign Languages Dactylology and Ten First Numbers - Labeled images and videos. From person #1 to #5/persona_5/Ciclo_4_5_Derecha/Ciclo_4_5_Derecha_z.mp4,Ciclo_4_5_Derecha_z,pending,,
mendeley_labeled15_P05_877a51726f17ff25,5s4mt7xrd9.1,P05,z,dactylology,accepted,test,Mexican Sign Languages Dactylology and Ten First Numbers - Labeled images and videos. From person #1 to #5/persona_5/Ciclo_4_5_Izquierda/Ciclo_4_5_Izquierda_z.mp4,Ciclo_4_5_Izquierda_z,pending,,
mendeley_labeled15_P05_f0aff8c860b88870,5s4mt7xrd9.1,P05,z,dactylology,accepted,test,Mexican Sign Languages Dactylology and Ten First Numbers - Labeled images and videos. From person #1 to #5/persona_5/Ciclo_5_5_Derecha/Ciclo_5_5_Derecha_z.mp4,Ciclo_5_5_Derecha_z,pending,,
mendeley_labeled15_P05_9457b4e8284361b1,5s4mt7xrd9.1,P05,z,dactylology,accepted,test,Mexican Sign Languages Dactylology and Ten First Numbers - Labeled images and videos. From person #1 to #5/persona_5/Ciclo_5_5_Izquierda/Ciclo_5_5_Izquierda_z.mp4,Ciclo_5_5_Izquierda_z,pending,,
mendeley_labeled15_P05_2eeb37a41278c2ab,5s4mt7xrd9.1,P05,ñ,dactylology,accepted,test,Mexican Sign Languages Dactylology and Ten First Numbers - Labeled images and videos. From person #1 to #5/persona_5/Ciclo_1_5_Izquierda/Ciclo_1_5_Izquierda_ñ.mp4,Ciclo_1_5_Izquierda_ñ,pending,,
mendeley_labeled15_P05_910a32e220c0f4de,5s4mt7xrd9.1,P05,ñ,dactylology,accepted,test,Mexican Sign Languages Dactylology and Ten First Numbers - Labeled images and videos. From person #1 to #5/persona_5/Ciclo_3_5_Izquierda/Ciclo_3_5_Izquierda_ñ.mp4,Ciclo_3_5_Izquierda_ñ,pending,,
mendeley_labeled15_P05_ce3546a2f31845bf,5s4mt7xrd9.1,P05,ñ,dactylology,accepted,test,Mexican Sign Languages Dactylology and Ten First Numbers - Labeled images and videos. From person #1 to #5/persona_5/Ciclo_4_5_Derecha/Ciclo_4_5_Derecha_ñ.mp4,Ciclo_4_5_Derecha_ñ,pending,,
mendeley_labeled15_P05_bb6b20963ff46799,5s4mt7xrd9.1,P05,1,number,accepted,test,Mexican Sign Languages Dactylology and Ten First Numbers - Labeled images and videos. From person #1 to #5/persona_5/Ciclo_1_5_Derecha/Ciclo_1_5_Derecha_1.mp4,Ciclo_1_5_Derecha_1,pending,,
mendeley_labeled15_P05_eb4375c712c06f84,5s4mt7xrd9.1,P05,1,number,accepted,test,Mexican Sign Languages Dactylology and Ten First Numbers - Labeled images and videos. From person #1 to #5/persona_5/Ciclo_2_5_Derecha/Ciclo_2_5_Derecha_1.mp4,Ciclo_2_5_Derecha_1,pending,,
mendeley_labeled15_P05_1da2d2e09372635a,5s4mt7xrd9.1,P05,1,number,accepted,test,Mexican Sign Languages Dactylology and Ten First Numbers - Labeled images and videos. From person #1 to #5/persona_5/Ciclo_2_5_Izquierda/Ciclo_2_5_Izquierda_1.mp4,Ciclo_2_5_Izquierda_1,pending,,
mendeley_labeled15_P05_2bde2215888c96c4,5s4mt7xrd9.1,P05,1,number,accepted,test,Mexican Sign Languages Dactylology and Ten First Numbers - Labeled images and videos. From person #1 to #5/persona_5/Ciclo_3_5_Derecha/Ciclo_3_5_Derecha_1.mp4,Ciclo_3_5_Derecha_1,pending,,
mendeley_labeled15_P05_a781b68329045727,5s4mt7xrd9.1,P05,1,number,accepted,test,Mexican Sign Languages Dactylology and Ten First Numbers - Labeled images and videos. From person #1 to #5/persona_5/Ciclo_3_5_Izquierda/Ciclo_3_5_Izquierda_1.mp4,Ciclo_3_5_Izquierda_1,pending,,
mendeley_labeled15_P05_81bab5f1daf9f0e3,5s4mt7xrd9.1,P05,1,number,accepted,test,Mexican Sign Languages Dactylology and Ten First Numbers - Labeled images and videos. From person #1 to #5/persona_5/Ciclo_4_5_Derecha/Ciclo_4_5_Derecha_1.mp4,Ciclo_4_5_Derecha_1,pending,,
mendeley_labeled15_P05_08b2236b9abff4ec,5s4mt7xrd9.1,P05,1,number,accepted,test,Mexican Sign Languages Dactylology and Ten First Numbers - Labeled images and videos. From person #1 to #5/persona_5/Ciclo_5_5_Derecha/Ciclo_5_5_Derecha_1.mp4,Ciclo_5_5_Derecha_1,pending,,
mendeley_labeled15_P05_7b087594acc675c6,5s4mt7xrd9.1,P05,1,number,accepted,test,Mexican Sign Languages Dactylology and Ten First Numbers - Labeled images and videos. From person #1 to #5/persona_5/Ciclo_5_5_Izquierda/Ciclo_5_5_Izquierda_1.mp4,Ciclo_5_5_Izquierda_1,pending,,
mendeley_labeled15_P05_d1f1d9bc423e5497,5s4mt7xrd9.1,P05,10,number,accepted,test,Mexican Sign Languages Dactylology and Ten First Numbers - Labeled images and videos. From person #1 to #5/persona_5/Ciclo_1_5_Derecha/Ciclo_1_5_Derecha_10.mp4,Ciclo_1_5_Derecha_10,pending,,
mendeley_labeled15_P05_3b3c852642f62b38,5s4mt7xrd9.1,P05,10,number,accepted,test,Mexican Sign Languages Dactylology and Ten First Numbers - Labeled images and videos. From person #1 to #5/persona_5/Ciclo_2_5_Derecha/Ciclo_2_5_Derecha_10.mp4,Ciclo_2_5_Derecha_10,pending,,
mendeley_labeled15_P05_70767daa6a2bfe7f,5s4mt7xrd9.1,P05,10,number,accepted,test,Mexican Sign Languages Dactylology and Ten First Numbers - Labeled images and videos. From person #1 to #5/persona_5/Ciclo_2_5_Izquierda/Ciclo_2_5_Izquierda_10.mp4,Ciclo_2_5_Izquierda_10,pending,,
mendeley_labeled15_P05_2a4d8dc6c9388275,5s4mt7xrd9.1,P05,10,number,accepted,test,Mexican Sign Languages Dactylology and Ten First Numbers - Labeled images and videos. From person #1 to #5/persona_5/Ciclo_3_5_Derecha/Ciclo_3_5_Derecha_10.mp4,Ciclo_3_5_Derecha_10,pending,,
mendeley_labeled15_P05_33db4ea9983fb27f,5s4mt7xrd9.1,P05,10,number,accepted,test,Mexican Sign Languages Dactylology and Ten First Numbers - Labeled images and videos. From person #1 to #5/persona_5/Ciclo_3_5_Izquierda/Ciclo_3_5_Izquierda_10.mp4,Ciclo_3_5_Izquierda_10,pending,,
mendeley_labeled15_P05_ff67c903f3a91b58,5s4mt7xrd9.1,P05,10,number,accepted,test,Mexican Sign Languages Dactylology and Ten First Numbers - Labeled images and videos. From person #1 to #5/persona_5/Ciclo_4_5_Derecha/Ciclo_4_5_Derecha_10.mp4,Ciclo_4_5_Derecha_10,pending,,
mendeley_labeled15_P05_e257110715fc9051,5s4mt7xrd9.1,P05,10,number,accepted,test,Mexican Sign Languages Dactylology and Ten First Numbers - Labeled images and videos. From person #1 to #5/persona_5/Ciclo_5_5_Derecha/Ciclo_5_5_Derecha_10.mp4,Ciclo_5_5_Derecha_10,pending,,
mendeley_labeled15_P05_91c1ef434086172e,5s4mt7xrd9.1,P05,10,number,accepted,test,Mexican Sign Languages Dactylology and Ten First Numbers - Labeled images and videos. From person #1 to #5/persona_5/Ciclo_5_5_Izquierda/Ciclo_5_5_Izquierda_10.mp4,Ciclo_5_5_Izquierda_10,pending,,
mendeley_labeled15_P05_ec380259d88c9336,5s4mt7xrd9.1,P05,2,number,accepted,test,Mexican Sign Languages Dactylology and Ten First Numbers - Labeled images and videos. From person #1 to #5/persona_5/Ciclo_1_5_Derecha/Ciclo_1_5_Derecha_2.mp4,Ciclo_1_5_Derecha_2,pending,,
mendeley_labeled15_P05_109cc3298427165e,5s4mt7xrd9.1,P05,2,number,accepted,test,Mexican Sign Languages Dactylology and Ten First Numbers - Labeled images and videos. From person #1 to #5/persona_5/Ciclo_2_5_Derecha/Ciclo_2_5_Derecha_2.mp4,Ciclo_2_5_Derecha_2,pending,,
mendeley_labeled15_P05_95e5ca2d18db8e9d,5s4mt7xrd9.1,P05,2,number,accepted,test,Mexican Sign Languages Dactylology and Ten First Numbers - Labeled images and videos. From person #1 to #5/persona_5/Ciclo_2_5_Izquierda/Ciclo_2_5_Izquierda_2.mp4,Ciclo_2_5_Izquierda_2,pending,,
mendeley_labeled15_P05_182c1e4ea83bc08c,5s4mt7xrd9.1,P05,2,number,accepted,test,Mexican Sign Languages Dactylology and Ten First Numbers - Labeled images and videos. From person #1 to #5/persona_5/Ciclo_3_5_Derecha/Ciclo_3_5_Derecha_2.mp4,Ciclo_3_5_Derecha_2,pending,,
mendeley_labeled15_P05_a29e8c67739ab446,5s4mt7xrd9.1,P05,2,number,accepted,test,Mexican Sign Languages Dactylology and Ten First Numbers - Labeled images and videos. From person #1 to #5/persona_5/Ciclo_3_5_Izquierda/Ciclo_3_5_Izquierda_2.mp4,Ciclo_3_5_Izquierda_2,pending,,
mendeley_labeled15_P05_8b4c0f4f01ca8b7f,5s4mt7xrd9.1,P05,2,number,accepted,test,Mexican Sign Languages Dactylology and Ten First Numbers - Labeled images and videos. From person #1 to #5/persona_5/Ciclo_4_5_Derecha/Ciclo_4_5_Derecha_2.mp4,Ciclo_4_5_Derecha_2,pending,,
mendeley_labeled15_P05_e79659249a26beee,5s4mt7xrd9.1,P05,2,number,accepted,test,Mexican Sign Languages Dactylology and Ten First Numbers - Labeled images and videos. From person #1 to #5/persona_5/Ciclo_5_5_Derecha/Ciclo_5_5_Derecha_2.mp4,Ciclo_5_5_Derecha_2,pending,,
mendeley_labeled15_P05_f9810d472d5300eb,5s4mt7xrd9.1,P05,2,number,accepted,test,Mexican Sign Languages Dactylology and Ten First Numbers - Labeled images and videos. From person #1 to #5/persona_5/Ciclo_5_5_Izquierda/Ciclo_5_5_Izquierda_2.mp4,Ciclo_5_5_Izquierda_2,pending,,
mendeley_labeled15_P05_8a2f5898ea728449,5s4mt7xrd9.1,P05,3,number,accepted,test,Mexican Sign Languages Dactylology and Ten First Numbers - Labeled images and videos. From person #1 to #5/persona_5/Ciclo_1_5_Derecha/Ciclo_1_5_Derecha_3.mp4,Ciclo_1_5_Derecha_3,pending,,
mendeley_labeled15_P05_e8556fa2ae42b52f,5s4mt7xrd9.1,P05,3,number,accepted,test,Mexican Sign Languages Dactylology and Ten First Numbers - Labeled images and videos. From person #1 to #5/persona_5/Ciclo_2_5_Derecha/Ciclo_2_5_Derecha_3.mp4,Ciclo_2_5_Derecha_3,pending,,
mendeley_labeled15_P05_08b3c5d51afdeed1,5s4mt7xrd9.1,P05,3,number,accepted,test,Mexican Sign Languages Dactylology and Ten First Numbers - Labeled images and videos. From person #1 to #5/persona_5/Ciclo_2_5_Izquierda/Ciclo_2_5_Izquierda_3.mp4,Ciclo_2_5_Izquierda_3,pending,,
mendeley_labeled15_P05_534d36990d36eb8c,5s4mt7xrd9.1,P05,3,number,accepted,test,Mexican Sign Languages Dactylology and Ten First Numbers - Labeled images and videos. From person #1 to #5/persona_5/Ciclo_3_5_Derecha/Ciclo_3_5_Derecha_3.mp4,Ciclo_3_5_Derecha_3,pending,,
mendeley_labeled15_P05_42d9956c64ce4d2d,5s4mt7xrd9.1,P05,3,number,accepted,test,Mexican Sign Languages Dactylology and Ten First Numbers - Labeled images and videos. From person #1 to #5/persona_5/Ciclo_3_5_Izquierda/Ciclo_3_5_Izquierda_3.mp4,Ciclo_3_5_Izquierda_3,pending,,
mendeley_labeled15_P05_5872f8069df80601,5s4mt7xrd9.1,P05,3,number,accepted,test,Mexican Sign Languages Dactylology and Ten First Numbers - Labeled images and videos. From person #1 to #5/persona_5/Ciclo_4_5_Derecha/Ciclo_4_5_Derecha_3.mp4,Ciclo_4_5_Derecha_3,pending,,
mendeley_labeled15_P05_c5df4db9608fc562,5s4mt7xrd9.1,P05,3,number,accepted,test,Mexican Sign Languages Dactylology and Ten First Numbers - Labeled images and videos. From person #1 to #5/persona_5/Ciclo_5_5_Derecha/Ciclo_5_5_Derecha_3.mp4,Ciclo_5_5_Derecha_3,pending,,
mendeley_labeled15_P05_e32b84143c620aef,5s4mt7xrd9.1,P05,3,number,accepted,test,Mexican Sign Languages Dactylology and Ten First Numbers - Labeled images and videos. From person #1 to #5/persona_5/Ciclo_5_5_Izquierda/Ciclo_5_5_Izquierda_3.mp4,Ciclo_5_5_Izquierda_3,pending,,
mendeley_labeled15_P05_6aa41c5db62a9e3c,5s4mt7xrd9.1,P05,4,number,accepted,test,Mexican Sign Languages Dactylology and Ten First Numbers - Labeled images and videos. From person #1 to #5/persona_5/Ciclo_1_5_Derecha/Ciclo_1_5_Derecha_4.mp4,Ciclo_1_5_Derecha_4,pending,,
mendeley_labeled15_P05_adb814a9ff5d1cfa,5s4mt7xrd9.1,P05,4,number,accepted,test,Mexican Sign Languages Dactylology and Ten First Numbers - Labeled images and videos. From person #1 to #5/persona_5/Ciclo_2_5_Derecha/Ciclo_2_5_Derecha_4.mp4,Ciclo_2_5_Derecha_4,pending,,
mendeley_labeled15_P05_911c411538095a22,5s4mt7xrd9.1,P05,4,number,accepted,test,Mexican Sign Languages Dactylology and Ten First Numbers - Labeled images and videos. From person #1 to #5/persona_5/Ciclo_2_5_Izquierda/Ciclo_2_5_Izquierda_4.mp4,Ciclo_2_5_Izquierda_4,pending,,
mendeley_labeled15_P05_5192a5d053eeea81,5s4mt7xrd9.1,P05,4,number,accepted,test,Mexican Sign Languages Dactylology and Ten First Numbers - Labeled images and videos. From person #1 to #5/persona_5/Ciclo_3_5_Derecha/Ciclo_3_5_Derecha_4.mp4,Ciclo_3_5_Derecha_4,pending,,
mendeley_labeled15_P05_ad4acdacdbd4b961,5s4mt7xrd9.1,P05,4,number,accepted,test,Mexican Sign Languages Dactylology and Ten First Numbers - Labeled images and videos. From person #1 to #5/persona_5/Ciclo_3_5_Izquierda/Ciclo_3_5_Izquierda_4.mp4,Ciclo_3_5_Izquierda_4,pending,,
mendeley_labeled15_P05_c0ab3192ae120321,5s4mt7xrd9.1,P05,4,number,accepted,test,Mexican Sign Languages Dactylology and Ten First Numbers - Labeled images and videos. From person #1 to #5/persona_5/Ciclo_4_5_Derecha/Ciclo_4_5_Derecha_4.mp4,Ciclo_4_5_Derecha_4,pending,,
mendeley_labeled15_P05_f596e33b80446fd1,5s4mt7xrd9.1,P05,4,number,accepted,test,Mexican Sign Languages Dactylology and Ten First Numbers - Labeled images and videos. From person #1 to #5/persona_5/Ciclo_5_5_Derecha/Ciclo_5_5_Derecha_4.mp4,Ciclo_5_5_Derecha_4,pending,,
mendeley_labeled15_P05_96bec8c22b1c3110,5s4mt7xrd9.1,P05,4,number,accepted,test,Mexican Sign Languages Dactylology and Ten First Numbers - Labeled images and videos. From person #1 to #5/persona_5/Ciclo_5_5_Izquierda/Ciclo_5_5_Izquierda_4.mp4,Ciclo_5_5_Izquierda_4,pending,,
mendeley_labeled15_P05_89ad80b191db2e3b,5s4mt7xrd9.1,P05,5,number,accepted,test,Mexican Sign Languages Dactylology and Ten First Numbers - Labeled images and videos. From person #1 to #5/persona_5/Ciclo_1_5_Derecha/Ciclo_1_5_Derecha_5.mp4,Ciclo_1_5_Derecha_5,pending,,
mendeley_labeled15_P05_b952b6abf9712cc7,5s4mt7xrd9.1,P05,5,number,accepted,test,Mexican Sign Languages Dactylology and Ten First Numbers - Labeled images and videos. From person #1 to #5/persona_5/Ciclo_2_5_Derecha/Ciclo_2_5_Derecha_5.mp4,Ciclo_2_5_Derecha_5,pending,,
mendeley_labeled15_P05_df8bc1c7afc2f5bf,5s4mt7xrd9.1,P05,5,number,accepted,test,Mexican Sign Languages Dactylology and Ten First Numbers - Labeled images and videos. From person #1 to #5/persona_5/Ciclo_2_5_Izquierda/Ciclo_2_5_Izquierda_5.mp4,Ciclo_2_5_Izquierda_5,pending,,
mendeley_labeled15_P05_0c5f80c0d50542b3,5s4mt7xrd9.1,P05,5,number,accepted,test,Mexican Sign Languages Dactylology and Ten First Numbers - Labeled images and videos. From person #1 to #5/persona_5/Ciclo_3_5_Derecha/Ciclo_3_5_Derecha_5.mp4,Ciclo_3_5_Derecha_5,pending,,
mendeley_labeled15_P05_2e300d398cb34c70,5s4mt7xrd9.1,P05,5,number,accepted,test,Mexican Sign Languages Dactylology and Ten First Numbers - Labeled images and videos. From person #1 to #5/persona_5/Ciclo_3_5_Izquierda/Ciclo_3_5_Izquierda_5.mp4,Ciclo_3_5_Izquierda_5,pending,,
mendeley_labeled15_P05_9c65b33d6f0bb5dd,5s4mt7xrd9.1,P05,5,number,accepted,test,Mexican Sign Languages Dactylology and Ten First Numbers - Labeled images and videos. From person #1 to #5/persona_5/Ciclo_4_5_Derecha/Ciclo_4_5_Derecha_5.mp4,Ciclo_4_5_Derecha_5,pending,,
mendeley_labeled15_P05_a4b786ebc832ef0d,5s4mt7xrd9.1,P05,5,number,accepted,test,Mexican Sign Languages Dactylology and Ten First Numbers - Labeled images and videos. From person #1 to #5/persona_5/Ciclo_5_5_Derecha/Ciclo_5_5_Derecha_5.mp4,Ciclo_5_5_Derecha_5,pending,,
mendeley_labeled15_P05_9d501b5070aedd7b,5s4mt7xrd9.1,P05,5,number,accepted,test,Mexican Sign Languages Dactylology and Ten First Numbers - Labeled images and videos. From person #1 to #5/persona_5/Ciclo_5_5_Izquierda/Ciclo_5_5_Izquierda_5.mp4,Ciclo_5_5_Izquierda_5,pending,,
mendeley_labeled15_P05_7ca572b2f6cefac6,5s4mt7xrd9.1,P05,6,number,accepted,test,Mexican Sign Languages Dactylology and Ten First Numbers - Labeled images and videos. From person #1 to #5/persona_5/Ciclo_1_5_Derecha/Ciclo_1_5_Derecha_6.mp4,Ciclo_1_5_Derecha_6,pending,,
mendeley_labeled15_P05_38c330129f04e338,5s4mt7xrd9.1,P05,6,number,accepted,test,Mexican Sign Languages Dactylology and Ten First Numbers - Labeled images and videos. From person #1 to #5/persona_5/Ciclo_2_5_Derecha/Ciclo_2_5_Derecha_6.mp4,Ciclo_2_5_Derecha_6,pending,,
mendeley_labeled15_P05_0e26ce716c09f484,5s4mt7xrd9.1,P05,6,number,accepted,test,Mexican Sign Languages Dactylology and Ten First Numbers - Labeled images and videos. From person #1 to #5/persona_5/Ciclo_2_5_Izquierda/Ciclo_2_5_Izquierda_6.mp4,Ciclo_2_5_Izquierda_6,pending,,
mendeley_labeled15_P05_697fb8e0f6c7c284,5s4mt7xrd9.1,P05,6,number,accepted,test,Mexican Sign Languages Dactylology and Ten First Numbers - Labeled images and videos. From person #1 to #5/persona_5/Ciclo_3_5_Derecha/Ciclo_3_5_Derecha_6.mp4,Ciclo_3_5_Derecha_6,pending,,
mendeley_labeled15_P05_3433bc68c211cba3,5s4mt7xrd9.1,P05,6,number,accepted,test,Mexican Sign Languages Dactylology and Ten First Numbers - Labeled images and videos. From person #1 to #5/persona_5/Ciclo_3_5_Izquierda/Ciclo_3_5_Izquierda_6.mp4,Ciclo_3_5_Izquierda_6,pending,,
mendeley_labeled15_P05_9957e054d9fbe31f,5s4mt7xrd9.1,P05,6,number,accepted,test,Mexican Sign Languages Dactylology and Ten First Numbers - Labeled images and videos. From person #1 to #5/persona_5/Ciclo_4_5_Derecha/Ciclo_4_5_Derecha_6.mp4,Ciclo_4_5_Derecha_6,pending,,
mendeley_labeled15_P05_3f1cbc91c10f4735,5s4mt7xrd9.1,P05,6,number,accepted,test,Mexican Sign Languages Dactylology and Ten First Numbers - Labeled images and videos. From person #1 to #5/persona_5/Ciclo_5_5_Derecha/Ciclo_5_5_Derecha_6.mp4,Ciclo_5_5_Derecha_6,pending,,
mendeley_labeled15_P05_c9dee9ddd3d5ece9,5s4mt7xrd9.1,P05,6,number,accepted,test,Mexican Sign Languages Dactylology and Ten First Numbers - Labeled images and videos. From person #1 to #5/persona_5/Ciclo_5_5_Izquierda/Ciclo_5_5_Izquierda_6.mp4,Ciclo_5_5_Izquierda_6,pending,,
mendeley_labeled15_P05_a65bbda5fe0c884b,5s4mt7xrd9.1,P05,7,number,accepted,test,Mexican Sign Languages Dactylology and Ten First Numbers - Labeled images and videos. From person #1 to #5/persona_5/Ciclo_1_5_Derecha/Ciclo_1_5_Derecha_7.mp4,Ciclo_1_5_Derecha_7,pending,,
mendeley_labeled15_P05_0711884e3d0d6929,5s4mt7xrd9.1,P05,7,number,accepted,test,Mexican Sign Languages Dactylology and Ten First Numbers - Labeled images and videos. From person #1 to #5/persona_5/Ciclo_2_5_Derecha/Ciclo_2_5_Derecha_7.mp4,Ciclo_2_5_Derecha_7,pending,,
mendeley_labeled15_P05_77a8a00df7c1da1e,5s4mt7xrd9.1,P05,7,number,accepted,test,Mexican Sign Languages Dactylology and Ten First Numbers - Labeled images and videos. From person #1 to #5/persona_5/Ciclo_2_5_Izquierda/Ciclo_2_5_Izquierda_7.mp4,Ciclo_2_5_Izquierda_7,pending,,
mendeley_labeled15_P05_7182813d37a806c3,5s4mt7xrd9.1,P05,7,number,accepted,test,Mexican Sign Languages Dactylology and Ten First Numbers - Labeled images and videos. From person #1 to #5/persona_5/Ciclo_3_5_Derecha/Ciclo_3_5_Derecha_7.mp4,Ciclo_3_5_Derecha_7,pending,,
mendeley_labeled15_P05_c67a5aea1e7e9f85,5s4mt7xrd9.1,P05,7,number,accepted,test,Mexican Sign Languages Dactylology and Ten First Numbers - Labeled images and videos. From person #1 to #5/persona_5/Ciclo_3_5_Izquierda/Ciclo_3_5_Izquierda_7.mp4,Ciclo_3_5_Izquierda_7,pending,,
mendeley_labeled15_P05_9bcc673e80b1e0ee,5s4mt7xrd9.1,P05,7,number,accepted,test,Mexican Sign Languages Dactylology and Ten First Numbers - Labeled images and videos. From person #1 to #5/persona_5/Ciclo_4_5_Derecha/Ciclo_4_5_Derecha_7.mp4,Ciclo_4_5_Derecha_7,pending,,
mendeley_labeled15_P05_10d4b9868d36c316,5s4mt7xrd9.1,P05,7,number,accepted,test,Mexican Sign Languages Dactylology and Ten First Numbers - Labeled images and videos. From person #1 to #5/persona_5/Ciclo_5_5_Derecha/Ciclo_5_5_Derecha_7.mp4,Ciclo_5_5_Derecha_7,pending,,
mendeley_labeled15_P05_4145e72d6a5d8417,5s4mt7xrd9.1,P05,7,number,accepted,test,Mexican Sign Languages Dactylology and Ten First Numbers - Labeled images and videos. From person #1 to #5/persona_5/Ciclo_5_5_Izquierda/Ciclo_5_5_Izquierda_7.mp4,Ciclo_5_5_Izquierda_7,pending,,
mendeley_labeled15_P05_fe95839074c9fe19,5s4mt7xrd9.1,P05,8,number,accepted,test,Mexican Sign Languages Dactylology and Ten First Numbers - Labeled images and videos. From person #1 to #5/persona_5/Ciclo_1_5_Derecha/Ciclo_1_5_Derecha_8.mp4,Ciclo_1_5_Derecha_8,pending,,
mendeley_labeled15_P05_4b60317187a23dc9,5s4mt7xrd9.1,P05,8,number,accepted,test,Mexican Sign Languages Dactylology and Ten First Numbers - Labeled images and videos. From person #1 to #5/persona_5/Ciclo_2_5_Derecha/Ciclo_2_5_Derecha_8.mp4,Ciclo_2_5_Derecha_8,pending,,
mendeley_labeled15_P05_e885151a600162ff,5s4mt7xrd9.1,P05,8,number,accepted,test,Mexican Sign Languages Dactylology and Ten First Numbers - Labeled images and videos. From person #1 to #5/persona_5/Ciclo_2_5_Izquierda/Ciclo_2_5_Izquierda_8.mp4,Ciclo_2_5_Izquierda_8,pending,,
mendeley_labeled15_P05_80facfb4ce31d6bc,5s4mt7xrd9.1,P05,8,number,accepted,test,Mexican Sign Languages Dactylology and Ten First Numbers - Labeled images and videos. From person #1 to #5/persona_5/Ciclo_3_5_Derecha/Ciclo_3_5_Derecha_8.mp4,Ciclo_3_5_Derecha_8,pending,,
mendeley_labeled15_P05_09bf6013ed1f3896,5s4mt7xrd9.1,P05,8,number,accepted,test,Mexican Sign Languages Dactylology and Ten First Numbers - Labeled images and videos. From person #1 to #5/persona_5/Ciclo_3_5_Izquierda/Ciclo_3_5_Izquierda_8.mp4,Ciclo_3_5_Izquierda_8,pending,,
mendeley_labeled15_P05_a1461f4b0f777933,5s4mt7xrd9.1,P05,8,number,accepted,test,Mexican Sign Languages Dactylology and Ten First Numbers - Labeled images and videos. From person #1 to #5/persona_5/Ciclo_4_5_Derecha/Ciclo_4_5_Derecha_8.mp4,Ciclo_4_5_Derecha_8,pending,,
mendeley_labeled15_P05_4c9fc7a28e70d7d1,5s4mt7xrd9.1,P05,8,number,accepted,test,Mexican Sign Languages Dactylology and Ten First Numbers - Labeled images and videos. From person #1 to #5/persona_5/Ciclo_5_5_Derecha/Ciclo_5_5_Derecha_8.mp4,Ciclo_5_5_Derecha_8,pending,,
mendeley_labeled15_P05_4850453faf92d09d,5s4mt7xrd9.1,P05,8,number,accepted,test,Mexican Sign Languages Dactylology and Ten First Numbers - Labeled images and videos. From person #1 to #5/persona_5/Ciclo_5_5_Izquierda/Ciclo_5_5_Izquierda_8.mp4,Ciclo_5_5_Izquierda_8,pending,,
mendeley_labeled15_P05_31d4cf8c10b77408,5s4mt7xrd9.1,P05,9,number,accepted,test,Mexican Sign Languages Dactylology and Ten First Numbers - Labeled images and videos. From person #1 to #5/persona_5/Ciclo_1_5_Derecha/Ciclo_1_5_Derecha_9.mp4,Ciclo_1_5_Derecha_9,pending,,
mendeley_labeled15_P05_dadb614b0704d467,5s4mt7xrd9.1,P05,9,number,accepted,test,Mexican Sign Languages Dactylology and Ten First Numbers - Labeled images and videos. From person #1 to #5/persona_5/Ciclo_2_5_Derecha/Ciclo_2_5_Derecha_9.mp4,Ciclo_2_5_Derecha_9,pending,,
mendeley_labeled15_P05_04be1d9cc1d76a80,5s4mt7xrd9.1,P05,9,number,accepted,test,Mexican Sign Languages Dactylology and Ten First Numbers - Labeled images and videos. From person #1 to #5/persona_5/Ciclo_2_5_Izquierda/Ciclo_2_5_Izquierda_9.mp4,Ciclo_2_5_Izquierda_9,pending,,
mendeley_labeled15_P05_fcb7dafa7d7217ce,5s4mt7xrd9.1,P05,9,number,accepted,test,Mexican Sign Languages Dactylology and Ten First Numbers - Labeled images and videos. From person #1 to #5/persona_5/Ciclo_3_5_Derecha/Ciclo_3_5_Derecha_9.mp4,Ciclo_3_5_Derecha_9,pending,,
mendeley_labeled15_P05_c6e70b2f92c3f978,5s4mt7xrd9.1,P05,9,number,accepted,test,Mexican Sign Languages Dactylology and Ten First Numbers - Labeled images and videos. From person #1 to #5/persona_5/Ciclo_3_5_Izquierda/Ciclo_3_5_Izquierda_9.mp4,Ciclo_3_5_Izquierda_9,pending,,
mendeley_labeled15_P05_7efcd3946d38e8b2,5s4mt7xrd9.1,P05,9,number,accepted,test,Mexican Sign Languages Dactylology and Ten First Numbers - Labeled images and videos. From person #1 to #5/persona_5/Ciclo_4_5_Derecha/Ciclo_4_5_Derecha_9.mp4,Ciclo_4_5_Derecha_9,pending,,
mendeley_labeled15_P05_efbb61e49be7e6bc,5s4mt7xrd9.1,P05,9,number,accepted,test,Mexican Sign Languages Dactylology and Ten First Numbers - Labeled images and videos. From person #1 to #5/persona_5/Ciclo_5_5_Derecha/Ciclo_5_5_Derecha_9.mp4,Ciclo_5_5_Derecha_9,pending,,
mendeley_labeled15_P05_a48beb073a664829,5s4mt7xrd9.1,P05,9,number,accepted,test,Mexican Sign Languages Dactylology and Ten First Numbers - Labeled images and videos. From person #1 to #5/persona_5/Ciclo_5_5_Izquierda/Ciclo_5_5_Izquierda_9.mp4,Ciclo_5_5_Izquierda_9,pending,,
mendeley_labeled15_P05_155bb18ddb9e386b,5s4mt7xrd9.1,P05,n-a5qgac,unknown,quarantined_ambiguous,test,Mexican Sign Languages Dactylology and Ten First Numbers - Labeled images and videos. From person #1 to #5/persona_5/Ciclo_3_5_Izquierda/Ciclo_3_5_Izquierda_n-A5qgac.mp4,Ciclo_3_5_Izquierda_n-A5qgac,quarantined,,ambiguous_or_unrecognized_filename_suffix
mendeley_labeled15_P05_bd58f10dd57cb195,5s4mt7xrd9.1,P05,n-i10v8f,unknown,quarantined_ambiguous,test,Mexican Sign Languages Dactylology and Ten First Numbers - Labeled images and videos. From person #1 to #5/persona_5/Ciclo_1_5_Izquierda/Ciclo_1_5_Izquierda_n-I10v8F.mp4,Ciclo_1_5_Izquierda_n-I10v8F,quarantined,,ambiguous_or_unrecognized_filename_suffix
mendeley_labeled15_P05_6363077babb9488b,5s4mt7xrd9.1,P05,n-mxptuo,unknown,quarantined_ambiguous,test,Mexican Sign Languages Dactylology and Ten First Numbers - Labeled images and videos. From person #1 to #5/persona_5/Ciclo_4_5_Derecha/Ciclo_4_5_Derecha_n-mxpTUO.mp4,Ciclo_4_5_Derecha_n-mxpTUO,quarantined,,ambiguous_or_unrecognized_filename_suffix
mendeley_labeled15_P05_6adad8408deb7313,5s4mt7xrd9.1,P05,ñ-b9ydow,unknown,quarantined_unknown_label,test,Mexican Sign Languages Dactylology and Ten First Numbers - Labeled images and videos. From person #1 to #5/persona_5/Ciclo_3_5_Derecha/Ciclo_3_5_Derecha_ñ-B9ydOW.mp4,Ciclo_3_5_Derecha_ñ-B9ydOW,quarantined,,ambiguous_or_unrecognized_filename_suffix
mendeley_labeled15_P05_abe9316eb56337ee,5s4mt7xrd9.1,P05,ñ-djd2vb,unknown,quarantined_unknown_label,test,Mexican Sign Languages Dactylology and Ten First Numbers - Labeled images and videos. From person #1 to #5/persona_5/Ciclo_5_5_Izquierda/Ciclo_5_5_Izquierda_ñ-Djd2Vb.mp4,Ciclo_5_5_Izquierda_ñ-Djd2Vb,quarantined,,ambiguous_or_unrecognized_filename_suffix
mendeley_labeled15_P05_df87f21204c50f59,5s4mt7xrd9.1,P05,ñ-hc6yxp,unknown,quarantined_unknown_label,test,Mexican Sign Languages Dactylology and Ten First Numbers - Labeled images and videos. From person #1 to #5/persona_5/Ciclo_2_5_Derecha/Ciclo_2_5_Derecha_ñ-HC6Yxp.mp4,Ciclo_2_5_Derecha_ñ-HC6Yxp,quarantined,,ambiguous_or_unrecognized_filename_suffix
mendeley_labeled15_P05_0decaf9bc4c9ed03,5s4mt7xrd9.1,P05,ñ-nbxg4x,unknown,quarantined_unknown_label,test,Mexican Sign Languages Dactylology and Ten First Numbers - Labeled images and videos. From person #1 to #5/persona_5/Ciclo_2_5_Izquierda/Ciclo_2_5_Izquierda_ñ-nBXG4X.mp4,Ciclo_2_5_Izquierda_ñ-nBXG4X,quarantined,,ambiguous_or_unrecognized_filename_suffix
mendeley_labeled15_P05_e083a339b8759e2e,5s4mt7xrd9.1,P05,ñ-nqklhn,unknown,quarantined_unknown_label,test,Mexican Sign Languages Dactylology and Ten First Numbers - Labeled images and videos. From person #1 to #5/persona_5/Ciclo_5_5_Derecha/Ciclo_5_5_Derecha_ñ-nQKlhN.mp4,Ciclo_5_5_Derecha_ñ-nQKlhN,quarantined,,ambiguous_or_unrecognized_filename_suffix
mendeley_labeled15_P05_6cb613dd526354dd,5s4mt7xrd9.1,P05,ñ-og03ve,unknown,quarantined_unknown_label,test,Mexican Sign Languages Dactylology and Ten First Numbers - Labeled images and videos. From person #1 to #5/persona_5/Ciclo_1_5_Derecha/Ciclo_1_5_Derecha_ñ-OG03vE.mp4,Ciclo_1_5_Derecha_ñ-OG03vE,quarantined,,ambiguous_or_unrecognized_filename_suffix
mendeley_labeled15_P05_94928714493244c3,5s4mt7xrd9.1,P05,ñ-oqofvn,unknown,quarantined_unknown_label,test,Mexican Sign Languages Dactylology and Ten First Numbers - Labeled images and videos. From person #1 to #5/persona_5/Ciclo_4_5_Izquierda/Ciclo_4_5_Izquierda_ñ-oQofvN.mp4,Ciclo_4_5_Izquierda_ñ-oQofvN,quarantined,,ambiguous_or_unrecognized_filename_suffix
