sample_id,source_dataset,participant_id,label_lsm,label_group,label_status,split_external,video_internal_path,source_filename_stem,feature_status,feature_path,feature_error
mendeley_labeled611_P06_997a2ad0b392906e,67htnzmwbb.1,P06,a,dactylology,accepted,train,Mexican Sign Languages Dactylology and Ten First Numbers - Labeled images and videos. From person #6 to #11/persona_6/Ciclo_1_5_Derecha/Ciclo_1_5_Derecha_a.mp4,Ciclo_1_5_Derecha_a,pending,,
mendeley_labeled611_P06_9915742e8873881d,67htnzmwbb.1,P06,a,dactylology,accepted,train,Mexican Sign Languages Dactylology and Ten First Numbers - Labeled images and videos. From person #6 to #11/persona_6/Ciclo_1_5_Izquierda/Ciclo_1_5_Izquierda_a.mp4,Ciclo_1_5_Izquierda_a,pending,,
mendeley_labeled611_P06_d816ecf02a171147,67htnzmwbb.1,P06,a,dactylology,accepted,train,Mexican Sign Languages Dactylology and Ten First Numbers - Labeled images and videos. From person #6 to #11/persona_6/Ciclo_2_5_Derecha/Ciclo_2_5_Derecha_a.mp4,Ciclo_2_5_Derecha_a,pending,,
mendeley_labeled611_P06_b2c42d4ceedbd29e,67htnzmwbb.1,P06,a,dactylology,accepted,train,Mexican Sign Languages Dactylology and Ten First Numbers - Labeled images and videos. From person #6 to #11/persona_6/Ciclo_2_5_Izquierda/Ciclo_2_5_Izquierda_a.mp4,Ciclo_2_5_Izquierda_a,pending,,
mendeley_labeled611_P06_548597fd6e8f275d,67htnzmwbb.1,P06,a,dactylology,accepted,train,Mexican Sign Languages Dactylology and Ten First Numbers - Labeled images and videos. From person #6 to #11/persona_6/Ciclo_3_5_Derecha/Ciclo_3_5_Derecha_a.mp4,Ciclo_3_5_Derecha_a,pending,,
mendeley_labeled611_P06_29aa34cb1de41ffe,67htnzmwbb.1,P06,a,dactylology,accepted,train,Mexican Sign Languages Dactylology and Ten First Numbers - Labeled images and videos. From person #6 to #11/persona_6/Ciclo_3_5_Izquierda/Ciclo_3_5_Izquierda_a.mp4,Ciclo_3_5_Izquierda_a,pending,,
mendeley_labeled611_P06_d6a46eb8284d4d46,67htnzmwbb.1,P06,a,dactylology,accepted,train,Mexican Sign Languages Dactylology and Ten First Numbers - Labeled images and videos. From person #6 to #11/persona_6/Ciclo_4_5_Derecha/Ciclo_4_5_Derecha_a.mp4,Ciclo_4_5_Derecha_a,pending,,
mendeley_labeled611_P06_a2a07610660c5a41,67htnzmwbb.1,P06,a,dactylology,accepted,train,Mexican Sign Languages Dactylology and Ten First Numbers - Labeled images and videos. From person #6 to #11/persona_6/Ciclo_4_5_Izquierda/Ciclo_4_5_Izquierda_a.mp4,Ciclo_4_5_Izquierda_a,pending,,
mendeley_labeled611_P06_661c49838aa80acd,67htnzmwbb.1,P06,a,dactylology,accepted,train,Mexican Sign Languages Dactylology and Ten First Numbers - Labeled images and videos. From person #6 to #11/persona_6/Ciclo_5_5_Derecha/Ciclo_5_5_Derecha_a.mp4,Ciclo_5_5_Derecha_a,pending,,
mendeley_labeled611_P06_fdee5c890f1385f5,67htnzmwbb.1,P06,a,dactylology,accepted,train,Mexican Sign Languages Dactylology and Ten First Numbers - Labeled images and videos. From person #6 to #11/persona_6/Ciclo_5_5_Izquierda/Ciclo_5_5_Izquierda_a.mp4,Ciclo_5_5_Izquierda_a,pending,,
mendeley_labeled611_P06_46ecd57a2f04031c,67htnzmwbb.1,P06,b,dactylology,accepted,train,Mexican Sign Languages Dactylology and Ten First Numbers - Labeled images and videos. From person #6 to #11/persona_6/Ciclo_1_5_Derecha/Ciclo_1_5_Derecha_b.mp4,Ciclo_1_5_Derecha_b,pending,,
mendeley_labeled611_P06_99af9aa85be24e7a,67htnzmwbb.1,P06,b,dactylology,accepted,train,Mexican Sign Languages Dactylology and Ten First Numbers - Labeled images and videos. From person #6 to #11/persona_6/Ciclo_1_5_Izquierda/Ciclo_1_5_Izquierda_b.mp4,Ciclo_1_5_Izquierda_b,pending,,
mendeley_labeled611_P06_8a9ec36fca6545de,67htnzmwbb.1,P06,b,dactylology,accepted,train,Mexican Sign Languages Dactylology and Ten First Numbers - Labeled images and videos. From person #6 to #11/persona_6/Ciclo_2_5_Derecha/Ciclo_2_5_Derecha_b.mp4,Ciclo_2_5_Derecha_b,pending,,
mendeley_labeled611_P06_53bc264c86e880f7,67htnzmwbb.1,P06,b,dactylology,accepted,train,Mexican Sign Languages Dactylology and Ten First Numbers - Labeled images and videos. From person #6 to #11/persona_6/Ciclo_2_5_Izquierda/Ciclo_2_5_Izquierda_b.mp4,Ciclo_2_5_Izquierda_b,pending,,
mendeley_labeled611_P06_4437f3ad75c881e6,67htnzmwbb.1,P06,b,dactylology,accepted,train,Mexican Sign Languages Dactylology and Ten First Numbers - Labeled images and videos. From person #6 to #11/persona_6/Ciclo_3_5_Derecha/Ciclo_3_5_Derecha_b.mp4,Ciclo_3_5_Derecha_b,pending,,
mendeley_labeled611_P06_389f2415bf795a6c,67htnzmwbb.1,P06,b,dactylology,accepted,train,Mexican Sign Languages Dactylology and Ten First Numbers - Labeled images and videos. From person #6 to #11/persona_6/Ciclo_3_5_Izquierda/Ciclo_3_5_Izquierda_b.mp4,Ciclo_3_5_Izquierda_b,pending,,
mendeley_labeled611_P06_01267ba67a9e0290,67htnzmwbb.1,P06,b,dactylology,accepted,train,Mexican Sign Languages Dactylology and Ten First Numbers - Labeled images and videos. From person #6 to #11/persona_6/Ciclo_4_5_Derecha/Ciclo_4_5_Derecha_b.mp4,Ciclo_4_5_Derecha_b,pending,,
mendeley_labeled611_P06_3124642b28e3488d,67htnzmwbb.1,P06,b,dactylology,accepted,train,Mexican Sign Languages Dactylology and Ten First Numbers - Labeled images and videos. From person #6 to #11/persona_6/Ciclo_4_5_Izquierda/Ciclo_4_5_Izquierda_b.mp4,Ciclo_4_5_Izquierda_b,pending,,
mendeley_labeled611_P06_75f348d0736d41c1,67htnzmwbb.1,P06,b,dactylology,accepted,train,Mexican Sign Languages Dactylology and Ten First Numbers - Labeled images and videos. From person #6 to #11/persona_6/Ciclo_5_5_Derecha/Ciclo_5_5_Derecha_b.mp4,Ciclo_5_5_Derecha_b,pending,,
mendeley_labeled611_P06_8e52ea754beef7b6,67htnzmwbb.1,P06,b,dactylology,accepted,train,Mexican Sign Languages Dactylology and Ten First Numbers - Labeled images and videos. From person #6 to #11/persona_6/Ciclo_5_5_Izquierda/Ciclo_5_5_Izquierda_b.mp4,Ciclo_5_5_Izquierda_b,pending,,
mendeley_labeled611_P06_795e781415e8204a,67htnzmwbb.1,P06,c,dactylology,accepted,train,Mexican Sign Languages Dactylology and Ten First Numbers - Labeled images and videos. From person #6 to #11/persona_6/Ciclo_1_5_Derecha/Ciclo_1_5_Derecha_c.mp4,Ciclo_1_5_Derecha_c,pending,,
mendeley_labeled611_P06_5508f80b53a73f58,67htnzmwbb.1,P06,c,dactylology,accepted,train,Mexican Sign Languages Dactylology and Ten First Numbers - Labeled images and videos. From person #6 to #11/persona_6/Ciclo_1_5_Izquierda/Ciclo_1_5_Izquierda_c.mp4,Ciclo_1_5_Izquierda_c,pending,,
mendeley_labeled611_P06_97ecd1153eed55b2,67htnzmwbb.1,P06,c,dactylology,accepted,train,Mexican Sign Languages Dactylology and Ten First Numbers - Labeled images and videos. From person #6 to #11/persona_6/Ciclo_2_5_Derecha/Ciclo_2_5_Derecha_c.mp4,Ciclo_2_5_Derecha_c,pending,,
mendeley_labeled611_P06_8e5d7708b272362c,67htnzmwbb.1,P06,c,dactylology,accepted,train,Mexican Sign Languages Dactylology and Ten First Numbers - Labeled images and videos. From person #6 to #11/persona_6/Ciclo_2_5_Izquierda/Ciclo_2_5_Izquierda_c.mp4,Ciclo_2_5_Izquierda_c,pending,,
mendeley_labeled611_P06_ffe0445f57343a03,67htnzmwbb.1,P06,c,dactylology,accepted,train,Mexican Sign Languages Dactylology and Ten First Numbers - Labeled images and videos. From person #6 to #11/persona_6/Ciclo_3_5_Derecha/Ciclo_3_5_Derecha_c.mp4,Ciclo_3_5_Derecha_c,pending,,
mendeley_labeled611_P06_43142bccb9049436,67htnzmwbb.1,P06,c,dactylology,accepted,train,Mexican Sign Languages Dactylology and Ten First Numbers - Labeled images and videos. From person #6 to #11/persona_6/Ciclo_3_5_Izquierda/Ciclo_3_5_Izquierda_c.mp4,Ciclo_3_5_Izquierda_c,pending,,
mendeley_labeled611_P06_bab3d5cfa699f530,67htnzmwbb.1,P06,c,dactylology,accepted,train,Mexican Sign Languages Dactylology and Ten First Numbers - Labeled images and videos. From person #6 to #11/persona_6/Ciclo_4_5_Derecha/Ciclo_4_5_Derecha_c.mp4,Ciclo_4_5_Derecha_c,pending,,
mendeley_labeled611_P06_ec34bc83c0a26c9b,67htnzmwbb.1,P06,c,dactylology,accepted,train,Mexican Sign Languages Dactylology and Ten First Numbers - Labeled images and videos. From person #6 to #11/persona_6/Ciclo_4_5_Izquierda/Ciclo_4_5_Izquierda_c.mp4,Ciclo_4_5_Izquierda_c,pending,,
mendeley_labeled611_P06_23e3c8c6ea993d2c,67htnzmwbb.1,P06,c,dactylology,accepted,train,Mexican Sign Languages Dactylology and Ten First Numbers - Labeled images and videos. From person #6 to #11/persona_6/Ciclo_5_5_Derecha/Ciclo_5_5_Derecha_c.mp4,Ciclo_5_5_Derecha_c,pending,,
mendeley_labeled611_P06_69368624d2c19fb9,67htnzmwbb.1,P06,c,dactylology,accepted,train,Mexican Sign Languages Dactylology and Ten First Numbers - Labeled images and videos. From person #6 to #11/persona_6/Ciclo_5_5_Izquierda/Ciclo_5_5_Izquierda_c.mp4,Ciclo_5_5_Izquierda_c,pending,,
mendeley_labeled611_P06_4cd85d6e1a2c7616,67htnzmwbb.1,P06,d,dactylology,accepted,train,Mexican Sign Languages Dactylology and Ten First Numbers - Labeled images and videos. From person #6 to #11/persona_6/Ciclo_1_5_Derecha/Ciclo_1_5_Derecha_d.mp4,Ciclo_1_5_Derecha_d,pending,,
mendeley_labeled611_P06_7724e81313e4781a,67htnzmwbb.1,P06,d,dactylology,accepted,train,Mexican Sign Languages Dactylology and Ten First Numbers - Labeled images and videos. From person #6 to #11/persona_6/Ciclo_1_5_Izquierda/Ciclo_1_5_Izquierda_d.mp4,Ciclo_1_5_Izquierda_d,pending,,
mendeley_labeled611_P06_4bcb76df96e7ce40,67htnzmwbb.1,P06,d,dactylology,accepted,train,Mexican Sign Languages Dactylology and Ten First Numbers - Labeled images and videos. From person #6 to #11/persona_6/Ciclo_2_5_Derecha/Ciclo_2_5_Derecha_d.mp4,Ciclo_2_5_Derecha_d,pending,,
mendeley_labeled611_P06_8cf903246a6a4401,67htnzmwbb.1,P06,d,dactylology,accepted,train,Mexican Sign Languages Dactylology and Ten First Numbers - Labeled images and videos. From person #6 to #11/persona_6/Ciclo_2_5_Izquierda/Ciclo_2_5_Izquierda_d.mp4,Ciclo_2_5_Izquierda_d,pending,,
mendeley_labeled611_P06_794edaccc74e985f,67htnzmwbb.1,P06,d,dactylology,accepted,train,Mexican Sign Languages Dactylology and Ten First Numbers - Labeled images and videos. From person #6 to #11/persona_6/Ciclo_3_5_Derecha/Ciclo_3_5_Derecha_d.mp4,Ciclo_3_5_Derecha_d,pending,,
mendeley_labeled611_P06_0d32d612a2e8cd64,67htnzmwbb.1,P06,d,dactylology,accepted,train,Mexican Sign Languages Dactylology and Ten First Numbers - Labeled images and videos. From person #6 to #11/persona_6/Ciclo_3_5_Izquierda/Ciclo_3_5_Izquierda_d.mp4,Ciclo_3_5_Izquierda_d,pending,,
mendeley_labeled611_P06_08bfbe31e19e4264,67htnzmwbb.1,P06,d,dactylology,accepted,train,Mexican Sign Languages Dactylology and Ten First Numbers - Labeled images and videos. From person #6 to #11/persona_6/Ciclo_4_5_Derecha/Ciclo_4_5_Derecha_d.mp4,Ciclo_4_5_Derecha_d,pending,,
mendeley_labeled611_P06_0074e605ba5947c9,67htnzmwbb.1,P06,d,dactylology,accepted,train,Mexican Sign Languages Dactylology and Ten First Numbers - Labeled images and videos. From person #6 to #11/persona_6/Ciclo_4_5_Izquierda/Ciclo_4_5_Izquierda_d.mp4,Ciclo_4_5_Izquierda_d,pending,,
mendeley_labeled611_P06_bafa2ce035dfb6f7,67htnzmwbb.1,P06,d,dactylology,accepted,train,Mexican Sign Languages Dactylology and Ten First Numbers - Labeled images and videos. From person #6 to #11/persona_6/Ciclo_5_5_Derecha/Ciclo_5_5_Derecha_d.mp4,Ciclo_5_5_Derecha_d,pending,,
mendeley_labeled611_P06_ebf2db476ee0df31,67htnzmwbb.1,P06,d,dactylology,accepted,train,Mexican Sign Languages Dactylology and Ten First Numbers - Labeled images and videos. From person #6 to #11/persona_6/Ciclo_5_5_Izquierda/Ciclo_5_5_Izquierda_d.mp4,Ciclo_5_5_Izquierda_d,pending,,
mendeley_labeled611_P06_4e3146c2e8bee17d,67htnzmwbb.1,P06,e,dactylology,accepted,train,Mexican Sign Languages Dactylology and Ten First Numbers - Labeled images and videos. From person #6 to #11/persona_6/Ciclo_1_5_Derecha/Ciclo_1_5_Derecha_e.mp4,Ciclo_1_5_Derecha_e,pending,,
mendeley_labeled611_P06_0ea6f93a61e0fc98,67htnzmwbb.1,P06,e,dactylology,accepted,train,Mexican Sign Languages Dactylology and Ten First Numbers - Labeled images and videos. From person #6 to #11/persona_6/Ciclo_1_5_Izquierda/Ciclo_1_5_Izquierda_e.mp4,Ciclo_1_5_Izquierda_e,pending,,
mendeley_labeled611_P06_2635523d62491f1d,67htnzmwbb.1,P06,e,dactylology,accepted,train,Mexican Sign Languages Dactylology and Ten First Numbers - Labeled images and videos. From person #6 to #11/persona_6/Ciclo_2_5_Derecha/Ciclo_2_5_Derecha_e.mp4,Ciclo_2_5_Derecha_e,pending,,
mendeley_labeled611_P06_9cc1e7ae6ae1fe95,67htnzmwbb.1,P06,e,dactylology,accepted,train,Mexican Sign Languages Dactylology and Ten First Numbers - Labeled images and videos. From person #6 to #11/persona_6/Ciclo_2_5_Izquierda/Ciclo_2_5_Izquierda_e.mp4,Ciclo_2_5_Izquierda_e,pending,,
mendeley_labeled611_P06_e091910b3a2f9266,67htnzmwbb.1,P06,e,dactylology,accepted,train,Mexican Sign Languages Dactylology and Ten First Numbers - Labeled images and videos. From person #6 to #11/persona_6/Ciclo_3_5_Derecha/Ciclo_3_5_Derecha_e.mp4,Ciclo_3_5_Derecha_e,pending,,
mendeley_labeled611_P06_5ad0232ab1011575,67htnzmwbb.1,P06,e,dactylology,accepted,train,Mexican Sign Languages Dactylology and Ten First Numbers - Labeled images and videos. From person #6 to #11/persona_6/Ciclo_3_5_Izquierda/Ciclo_3_5_Izquierda_e.mp4,Ciclo_3_5_Izquierda_e,pending,,
mendeley_labeled611_P06_8f3db333cd2d2499,67htnzmwbb.1,P06,e,dactylology,accepted,train,Mexican Sign Languages Dactylology and Ten First Numbers - Labeled images and videos. From person #6 to #11/persona_6/Ciclo_4_5_Derecha/Ciclo_4_5_Derecha_e.mp4,Ciclo_4_5_Derecha_e,pending,,
mendeley_labeled611_P06_6f37aa9ad82a80e6,67htnzmwbb.1,P06,e,dactylology,accepted,train,Mexican Sign Languages Dactylology and Ten First Numbers - Labeled images and videos. From person #6 to #11/persona_6/Ciclo_4_5_Izquierda/Ciclo_4_5_Izquierda_e.mp4,Ciclo_4_5_Izquierda_e,pending,,
mendeley_labeled611_P06_f81f37bd1ae2ef35,67htnzmwbb.1,P06,e,dactylology,accepted,train,Mexican Sign Languages Dactylology and Ten First Numbers - Labeled images and videos. From person #6 to #11/persona_6/Ciclo_5_5_Derecha/Ciclo_5_5_Derecha_e.mp4,Ciclo_5_5_Derecha_e,pending,,
mendeley_labeled611_P06_5d6579bbe00f2dec,67htnzmwbb.1,P06,e,dactylology,accepted,train,Mexican Sign Languages Dactylology and Ten First Numbers - Labeled images and videos. From person #6 to #11/persona_6/Ciclo_5_5_Izquierda/Ciclo_5_5_Izquierda_e.mp4,Ciclo_5_5_Izquierda_e,pending,,
mendeley_labeled611_P06_4a6f2dc35d6a9076,67htnzmwbb.1,P06,f,dactylology,accepted,train,Mexican Sign Languages Dactylology and Ten First Numbers - Labeled images and videos. From person #6 to #11/persona_6/Ciclo_1_5_Derecha/Ciclo_1_5_Derecha_f.mp4,Ciclo_1_5_Derecha_f,pending,,
mendeley_labeled611_P06_fe270d7298e52042,67htnzmwbb.1,P06,f,dactylology,accepted,train,Mexican Sign Languages Dactylology and Ten First Numbers - Labeled images and videos. From person #6 to #11/persona_6/Ciclo_1_5_Izquierda/Ciclo_1_5_Izquierda_f.mp4,Ciclo_1_5_Izquierda_f,pending,,
mendeley_labeled611_P06_05cd202e6afe86d8,67htnzmwbb.1,P06,f,dactylology,accepted,train,Mexican Sign Languages Dactylology and Ten First Numbers - Labeled images and videos. From person #6 to #11/persona_6/Ciclo_2_5_Derecha/Ciclo_2_5_Derecha_f.mp4,Ciclo_2_5_Derecha_f,pending,,
mendeley_labeled611_P06_4a6cb8e9b7e9fe09,67htnzmwbb.1,P06,f,dactylology,accepted,train,Mexican Sign Languages Dactylology and Ten First Numbers - Labeled images and videos. From person #6 to #11/persona_6/Ciclo_2_5_Izquierda/Ciclo_2_5_Izquierda_f.mp4,Ciclo_2_5_Izquierda_f,pending,,
mendeley_labeled611_P06_a16a40e08b2ceee5,67htnzmwbb.1,P06,f,dactylology,accepted,train,Mexican Sign Languages Dactylology and Ten First Numbers - Labeled images and videos. From person #6 to #11/persona_6/Ciclo_3_5_Derecha/Ciclo_3_5_Derecha_f.mp4,Ciclo_3_5_Derecha_f,pending,,
mendeley_labeled611_P06_1a6b9b5aeb8d7949,67htnzmwbb.1,P06,f,dactylology,accepted,train,Mexican Sign Languages Dactylology and Ten First Numbers - Labeled images and videos. From person #6 to #11/persona_6/Ciclo_3_5_Izquierda/Ciclo_3_5_Izquierda_f.mp4,Ciclo_3_5_Izquierda_f,pending,,
mendeley_labeled611_P06_a0125e076beafe27,67htnzmwbb.1,P06,f,dactylology,accepted,train,Mexican Sign Languages Dactylology and Ten First Numbers - Labeled images and videos. From person #6 to #11/persona_6/Ciclo_4_5_Derecha/Ciclo_4_5_Derecha_f.mp4,Ciclo_4_5_Derecha_f,pending,,
mendeley_labeled611_P06_3de64e7645057ed7,67htnzmwbb.1,P06,f,dactylology,accepted,train,Mexican Sign Languages Dactylology and Ten First Numbers - Labeled images and videos. From person #6 to #11/persona_6/Ciclo_4_5_Izquierda/Ciclo_4_5_Izquierda_f.mp4,Ciclo_4_5_Izquierda_f,pending,,
mendeley_labeled611_P06_6997366faa8b18fa,67htnzmwbb.1,P06,f,dactylology,accepted,train,Mexican Sign Languages Dactylology and Ten First Numbers - Labeled images and videos. From person #6 to #11/persona_6/Ciclo_5_5_Derecha/Ciclo_5_5_Derecha_f.mp4,Ciclo_5_5_Derecha_f,pending,,
mendeley_labeled611_P06_19bbfa0c1a3444a7,67htnzmwbb.1,P06,f,dactylology,accepted,train,Mexican Sign Languages Dactylology and Ten First Numbers - Labeled images and videos. From person #6 to #11/persona_6/Ciclo_5_5_Izquierda/Ciclo_5_5_Izquierda_f.mp4,Ciclo_5_5_Izquierda_f,pending,,
mendeley_labeled611_P06_adb94ec91186fa43,67htnzmwbb.1,P06,g,dactylology,accepted,train,Mexican Sign Languages Dactylology and Ten First Numbers - Labeled images and videos. From person #6 to #11/persona_6/Ciclo_1_5_Derecha/Ciclo_1_5_Derecha_g.mp4,Ciclo_1_5_Derecha_g,pending,,
mendeley_labeled611_P06_eef25689551764c3,67htnzmwbb.1,P06,g,dactylology,accepted,train,Mexican Sign Languages Dactylology and Ten First Numbers - Labeled images and videos. From person #6 to #11/persona_6/Ciclo_1_5_Izquierda/Ciclo_1_5_Izquierda_g.mp4,Ciclo_1_5_Izquierda_g,pending,,
mendeley_labeled611_P06_169c5a2cc2884322,67htnzmwbb.1,P06,g,dactylology,accepted,train,Mexican Sign Languages Dactylology and Ten First Numbers - Labeled images and videos. From person #6 to #11/persona_6/Ciclo_2_5_Derecha/Ciclo_2_5_Derecha_g.mp4,Ciclo_2_5_Derecha_g,pending,,
mendeley_labeled611_P06_6cf4225fe93d3727,67htnzmwbb.1,P06,g,dactylology,accepted,train,Mexican Sign Languages Dactylology and Ten First Numbers - Labeled images and videos. From person #6 to #11/persona_6/Ciclo_2_5_Izquierda/Ciclo_2_5_Izquierda_g.mp4,Ciclo_2_5_Izquierda_g,pending,,
mendeley_labeled611_P06_95fd7dbb056cfecc,67htnzmwbb.1,P06,g,dactylology,accepted,train,Mexican Sign Languages Dactylology and Ten First Numbers - Labeled images and videos. From person #6 to #11/persona_6/Ciclo_3_5_Derecha/Ciclo_3_5_Derecha_g.mp4,Ciclo_3_5_Derecha_g,pending,,
mendeley_labeled611_P06_f0f046b5c8bff9b6,67htnzmwbb.1,P06,g,dactylology,accepted,train,Mexican Sign Languages Dactylology and Ten First Numbers - Labeled images and videos. From person #6 to #11/persona_6/Ciclo_3_5_Izquierda/Ciclo_3_5_Izquierda_g.mp4,Ciclo_3_5_Izquierda_g,pending,,
mendeley_labeled611_P06_e7bd311e9b67da6d,67htnzmwbb.1,P06,g,dactylology,accepted,train,Mexican Sign Languages Dactylology and Ten First Numbers - Labeled images and videos. From person #6 to #11/persona_6/Ciclo_4_5_Derecha/Ciclo_4_5_Derecha_g.mp4,Ciclo_4_5_Derecha_g,pending,,
mendeley_labeled611_P06_1c4f52cf93ab5044,67htnzmwbb.1,P06,g,dactylology,accepted,train,Mexican Sign Languages Dactylology and Ten First Numbers - Labeled images and videos. From person #6 to #11/persona_6/Ciclo_4_5_Izquierda/Ciclo_4_5_Izquierda_g.mp4,Ciclo_4_5_Izquierda_g,pending,,
mendeley_labeled611_P06_504435f03c2b72b6,67htnzmwbb.1,P06,g,dactylology,accepted,train,Mexican Sign Languages Dactylology and Ten First Numbers - Labeled images and videos. From person #6 to #11/persona_6/Ciclo_5_5_Derecha/Ciclo_5_5_Derecha_g.mp4,Ciclo_5_5_Derecha_g,pending,,
mendeley_labeled611_P06_e89ec503cc8c2a1f,67htnzmwbb.1,P06,g,dactylology,accepted,train,Mexican Sign Languages Dactylology and Ten First Numbers - Labeled images and videos. From person #6 to #11/persona_6/Ciclo_5_5_Izquierda/Ciclo_5_5_Izquierda_g.mp4,Ciclo_5_5_Izquierda_g,pending,,
mendeley_labeled611_P06_2e68972bd431de87,67htnzmwbb.1,P06,h,dactylology,accepted,train,Mexican Sign Languages Dactylology and Ten First Numbers - Labeled images and videos. From person #6 to #11/persona_6/Ciclo_1_5_Derecha/Ciclo_1_5_Derecha_h.mp4,Ciclo_1_5_Derecha_h,pending,,
mendeley_labeled611_P06_246f49acd6d6b5d9,67htnzmwbb.1,P06,h,dactylology,accepted,train,Mexican Sign Languages Dactylology and Ten First Numbers - Labeled images and videos. From person #6 to #11/persona_6/Ciclo_1_5_Izquierda/Ciclo_1_5_Izquierda_h.mp4,Ciclo_1_5_Izquierda_h,pending,,
mendeley_labeled611_P06_afeafd9e8abbb50a,67htnzmwbb.1,P06,h,dactylology,accepted,train,Mexican Sign Languages Dactylology and Ten First Numbers - Labeled images and videos. From person #6 to #11/persona_6/Ciclo_2_5_Derecha/Ciclo_2_5_Derecha_h.mp4,Ciclo_2_5_Derecha_h,pending,,
mendeley_labeled611_P06_c4e9cc7a70fd80d2,67htnzmwbb.1,P06,h,dactylology,accepted,train,Mexican Sign Languages Dactylology and Ten First Numbers - Labeled images and videos. From person #6 to #11/persona_6/Ciclo_2_5_Izquierda/Ciclo_2_5_Izquierda_h.mp4,Ciclo_2_5_Izquierda_h,pending,,
mendeley_labeled611_P06_641c02e62a8957ed,67htnzmwbb.1,P06,h,dactylology,accepted,train,Mexican Sign Languages Dactylology and Ten First Numbers - Labeled images and videos. From person #6 to #11/persona_6/Ciclo_3_5_Derecha/Ciclo_3_5_Derecha_h.mp4,Ciclo_3_5_Derecha_h,pending,,
mendeley_labeled611_P06_657f7b51c70452dd,67htnzmwbb.1,P06,h,dactylology,accepted,train,Mexican Sign Languages Dactylology and Ten First Numbers - Labeled images and videos. From person #6 to #11/persona_6/Ciclo_3_5_Izquierda/Ciclo_3_5_Izquierda_h.mp4,Ciclo_3_5_Izquierda_h,pending,,
mendeley_labeled611_P06_66ad4f3e1c2efbab,67htnzmwbb.1,P06,h,dactylology,accepted,train,Mexican Sign Languages Dactylology and Ten First Numbers - Labeled images and videos. From person #6 to #11/persona_6/Ciclo_4_5_Derecha/Ciclo_4_5_Derecha_h.mp4,Ciclo_4_5_Derecha_h,pending,,
mendeley_labeled611_P06_547b0c66d94ea389,67htnzmwbb.1,P06,h,dactylology,accepted,train,Mexican Sign Languages Dactylology and Ten First Numbers - Labeled images and videos. From person #6 to #11/persona_6/Ciclo_4_5_Izquierda/Ciclo_4_5_Izquierda_h.mp4,Ciclo_4_5_Izquierda_h,pending,,
mendeley_labeled611_P06_95533376d05574b5,67htnzmwbb.1,P06,h,dactylology,accepted,train,Mexican Sign Languages Dactylology and Ten First Numbers - Labeled images and videos. From person #6 to #11/persona_6/Ciclo_5_5_Derecha/Ciclo_5_5_Derecha_h.mp4,Ciclo_5_5_Derecha_h,pending,,
mendeley_labeled611_P06_52e2958623014486,67htnzmwbb.1,P06,h,dactylology,accepted,train,Mexican Sign Languages Dactylology and Ten First Numbers - Labeled images and videos. From person #6 to #11/persona_6/Ciclo_5_5_Izquierda/Ciclo_5_5_Izquierda_h.mp4,Ciclo_5_5_Izquierda_h,pending,,
mendeley_labeled611_P06_1dad3c207466b38d,67htnzmwbb.1,P06,i,dactylology,accepted,train,Mexican Sign Languages Dactylology and Ten First Numbers - Labeled images and videos. From person #6 to #11/persona_6/Ciclo_1_5_Derecha/Ciclo_1_5_Derecha_i.mp4,Ciclo_1_5_Derecha_i,pending,,
mendeley_labeled611_P06_c2c1a644c8ccb8ad,67htnzmwbb.1,P06,i,dactylology,accepted,train,Mexican Sign Languages Dactylology and Ten First Numbers - Labeled images and videos. From person #6 to #11/persona_6/Ciclo_1_5_Izquierda/Ciclo_1_5_Izquierda_i.mp4,Ciclo_1_5_Izquierda_i,pending,,
mendeley_labeled611_P06_8ceb4dd19208748b,67htnzmwbb.1,P06,i,dactylology,accepted,train,Mexican Sign Languages Dactylology and Ten First Numbers - Labeled images and videos. From person #6 to #11/persona_6/Ciclo_2_5_Derecha/Ciclo_2_5_Derecha_i.mp4,Ciclo_2_5_Derecha_i,pending,,
mendeley_labeled611_P06_98c1aa357a533ea6,67htnzmwbb.1,P06,i,dactylology,accepted,train,Mexican Sign Languages Dactylology and Ten First Numbers - Labeled images and videos. From person #6 to #11/persona_6/Ciclo_2_5_Izquierda/Ciclo_2_5_Izquierda_i.mp4,Ciclo_2_5_Izquierda_i,pending,,
mendeley_labeled611_P06_72518df4bbaca1f3,67htnzmwbb.1,P06,i,dactylology,accepted,train,Mexican Sign Languages Dactylology and Ten First Numbers - Labeled images and videos. From person #6 to #11/persona_6/Ciclo_3_5_Derecha/Ciclo_3_5_Derecha_i.mp4,Ciclo_3_5_Derecha_i,pending,,
mendeley_labeled611_P06_45a3776cc401b66c,67htnzmwbb.1,P06,i,dactylology,accepted,train,Mexican Sign Languages Dactylology and Ten First Numbers - Labeled images and videos. From person #6 to #11/persona_6/Ciclo_3_5_Izquierda/Ciclo_3_5_Izquierda_i.mp4,Ciclo_3_5_Izquierda_i,pending,,
mendeley_labeled611_P06_ee54d2d33ba0d378,67htnzmwbb.1,P06,i,dactylology,accepted,train,Mexican Sign Languages Dactylology and Ten First Numbers - Labeled images and videos. From person #6 to #11/persona_6/Ciclo_4_5_Derecha/Ciclo_4_5_Derecha_i.mp4,Ciclo_4_5_Derecha_i,pending,,
mendeley_labeled611_P06_d5e7a2832441d3aa,67htnzmwbb.1,P06,i,dactylology,accepted,train,Mexican Sign Languages Dactylology and Ten First Numbers - Labeled images and videos. From person #6 to #11/persona_6/Ciclo_4_5_Izquierda/Ciclo_4_5_Izquierda_i.mp4,Ciclo_4_5_Izquierda_i,pending,,
mendeley_labeled611_P06_a33d37581598e98c,67htnzmwbb.1,P06,i,dactylology,accepted,train,Mexican Sign Languages Dactylology and Ten First Numbers - Labeled images and videos. From person #6 to #11/persona_6/Ciclo_5_5_Derecha/Ciclo_5_5_Derecha_i.mp4,Ciclo_5_5_Derecha_i,pending,,
mendeley_labeled611_P06_03bbf221ef5c5241,67htnzmwbb.1,P06,i,dactylology,accepted,train,Mexican Sign Languages Dactylology and Ten First Numbers - Labeled images and videos. From person #6 to #11/persona_6/Ciclo_5_5_Izquierda/Ciclo_5_5_Izquierda_i.mp4,Ciclo_5_5_Izquierda_i,pending,,
mendeley_labeled611_P06_e2045b3930433eed,67htnzmwbb.1,P06,j,dactylology,accepted,train,Mexican Sign Languages Dactylology and Ten First Numbers - Labeled images and videos. From person #6 to #11/persona_6/Ciclo_1_5_Derecha/Ciclo_1_5_Derecha_j.mp4,Ciclo_1_5_Derecha_j,pending,,
mendeley_labeled611_P06_0977276794e8ecb5,67htnzmwbb.1,P06,j,dactylology,accepted,train,Mexican Sign Languages Dactylology and Ten First Numbers - Labeled images and videos. From person #6 to #11/persona_6/Ciclo_1_5_Izquierda/Ciclo_1_5_Izquierda_j.mp4,Ciclo_1_5_Izquierda_j,pending,,
mendeley_labeled611_P06_ad8cd19148a9dee3,67htnzmwbb.1,P06,j,dactylology,accepted,train,Mexican Sign Languages Dactylology and Ten First Numbers - Labeled images and videos. From person #6 to #11/persona_6/Ciclo_2_5_Derecha/Ciclo_2_5_Derecha_j.mp4,Ciclo_2_5_Derecha_j,pending,,
mendeley_labeled611_P06_4469839055dcca33,67htnzmwbb.1,P06,j,dactylology,accepted,train,Mexican Sign Languages Dactylology and Ten First Numbers - Labeled images and videos. From person #6 to #11/persona_6/Ciclo_2_5_Izquierda/Ciclo_2_5_Izquierda_j.mp4,Ciclo_2_5_Izquierda_j,pending,,
mendeley_labeled611_P06_41b8809509c363c0,67htnzmwbb.1,P06,j,dactylology,accepted,train,Mexican Sign Languages Dactylology and Ten First Numbers - Labeled images and videos. From person #6 to #11/persona_6/Ciclo_3_5_Derecha/Ciclo_3_5_Derecha_j.mp4,Ciclo_3_5_Derecha_j,pending,,
mendeley_labeled611_P06_0bda006ea8202c36,67htnzmwbb.1,P06,j,dactylology,accepted,train,Mexican Sign Languages Dactylology and Ten First Numbers - Labeled images and videos. From person #6 to #11/persona_6/Ciclo_3_5_Izquierda/Ciclo_3_5_Izquierda_j.mp4,Ciclo_3_5_Izquierda_j,pending,,
mendeley_labeled611_P06_7a8c7215f19c626f,67htnzmwbb.1,P06,j,dactylology,accepted,train,Mexican Sign Languages Dactylology and Ten First Numbers - Labeled images and videos. From person #6 to #11/persona_6/Ciclo_4_5_Derecha/Ciclo_4_5_Derecha_j.mp4,Ciclo_4_5_Derecha_j,pending,,
mendeley_labeled611_P06_6486419aaf84f10f,67htnzmwbb.1,P06,j,dactylology,accepted,train,Mexican Sign Languages Dactylology and Ten First Numbers - Labeled images and videos. From person #6 to #11/persona_6/Ciclo_4_5_Izquierda/Ciclo_4_5_Izquierda_j.mp4,Ciclo_4_5_Izquierda_j,pending,,
mendeley_labeled611_P06_59e9a34325994ec8,67htnzmwbb.1,P06,j,dactylology,accepted,train,Mexican Sign Languages Dactylology and Ten First Numbers - Labeled images and videos. From person #6 to #11/persona_6/Ciclo_5_5_Derecha/Ciclo_5_5_Derecha_j.mp4,Ciclo_5_5_Derecha_j,pending,,
mendeley_labeled611_P06_84d483d079fc6c3f,67htnzmwbb.1,P06,j,dactylology,accepted,train,Mexican Sign Languages Dactylology and Ten First Numbers - Labeled images and videos. From person #6 to #11/persona_6/Ciclo_5_5_Izquierda/Ciclo_5_5_Izquierda_j.mp4,Ciclo_5_5_Izquierda_j,pending,,
mendeley_labeled611_P06_ae23227819781a37,67htnzmwbb.1,P06,k,dactylology,accepted,train,Mexican Sign Languages Dactylology and Ten First Numbers - Labeled images and videos. From person #6 to #11/persona_6/Ciclo_1_5_Derecha/Ciclo_1_5_Derecha_k.mp4,Ciclo_1_5_Derecha_k,pending,,
mendeley_labeled611_P06_943dd20e4997b710,67htnzmwbb.1,P06,k,dactylology,accepted,train,Mexican Sign Languages Dactylology and Ten First Numbers - Labeled images and videos. From person #6 to #11/persona_6/Ciclo_1_5_Izquierda/Ciclo_1_5_Izquierda_k.mp4,Ciclo_1_5_Izquierda_k,pending,,
mendeley_labeled611_P06_25337393dd6ceebd,67htnzmwbb.1,P06,k,dactylology,accepted,train,Mexican Sign Languages Dactylology and Ten First Numbers - Labeled images and videos. From person #6 to #11/persona_6/Ciclo_2_5_Derecha/Ciclo_2_5_Derecha_k.mp4,Ciclo_2_5_Derecha_k,pending,,
mendeley_labeled611_P06_4ca07039515a6f95,67htnzmwbb.1,P06,k,dactylology,accepted,train,Mexican Sign Languages Dactylology and Ten First Numbers - Labeled images and videos. From person #6 to #11/persona_6/Ciclo_2_5_Izquierda/Ciclo_2_5_Izquierda_k.mp4,Ciclo_2_5_Izquierda_k,pending,,
mendeley_labeled611_P06_ee6328120c25d12f,67htnzmwbb.1,P06,k,dactylology,accepted,train,Mexican Sign Languages Dactylology and Ten First Numbers - Labeled images and videos. From person #6 to #11/persona_6/Ciclo_3_5_Derecha/Ciclo_3_5_Derecha_k.mp4,Ciclo_3_5_Derecha_k,pending,,
mendeley_labeled611_P06_71343f43f9f5ab76,67htnzmwbb.1,P06,k,dactylology,accepted,train,Mexican Sign Languages Dactylology and Ten First Numbers - Labeled images and videos. From person #6 to #11/persona_6/Ciclo_3_5_Izquierda/Ciclo_3_5_Izquierda_k.mp4,Ciclo_3_5_Izquierda_k,pending,,
mendeley_labeled611_P06_b4e37d4f9805098c,67htnzmwbb.1,P06,k,dactylology,accepted,train,Mexican Sign Languages Dactylology and Ten First Numbers - Labeled images and videos. From person #6 to #11/persona_6/Ciclo_4_5_Derecha/Ciclo_4_5_Derecha_k.mp4,Ciclo_4_5_Derecha_k,pending,,
mendeley_labeled611_P06_043ef5b80738622d,67htnzmwbb.1,P06,k,dactylology,accepted,train,Mexican Sign Languages Dactylology and Ten First Numbers - Labeled images and videos. From person #6 to #11/persona_6/Ciclo_4_5_Izquierda/Ciclo_4_5_Izquierda_k.mp4,Ciclo_4_5_Izquierda_k,pending,,
mendeley_labeled611_P06_c12a7c65935e975e,67htnzmwbb.1,P06,k,dactylology,accepted,train,Mexican Sign Languages Dactylology and Ten First Numbers - Labeled images and videos. From person #6 to #11/persona_6/Ciclo_5_5_Derecha/Ciclo_5_5_Derecha_k.mp4,Ciclo_5_5_Derecha_k,pending,,
mendeley_labeled611_P06_ecb35e656f8531a1,67htnzmwbb.1,P06,k,dactylology,accepted,train,Mexican Sign Languages Dactylology and Ten First Numbers - Labeled images and videos. From person #6 to #11/persona_6/Ciclo_5_5_Izquierda/Ciclo_5_5_Izquierda_k.mp4,Ciclo_5_5_Izquierda_k,pending,,
mendeley_labeled611_P06_e5f6dd66db03a265,67htnzmwbb.1,P06,l,dactylology,accepted,train,Mexican Sign Languages Dactylology and Ten First Numbers - Labeled images and videos. From person #6 to #11/persona_6/Ciclo_1_5_Derecha/Ciclo_1_5_Derecha_l.mp4,Ciclo_1_5_Derecha_l,pending,,
mendeley_labeled611_P06_63f1997241685014,67htnzmwbb.1,P06,l,dactylology,accepted,train,Mexican Sign Languages Dactylology and Ten First Numbers - Labeled images and videos. From person #6 to #11/persona_6/Ciclo_1_5_Izquierda/Ciclo_1_5_Izquierda_l.mp4,Ciclo_1_5_Izquierda_l,pending,,
mendeley_labeled611_P06_16bc5fda05092034,67htnzmwbb.1,P06,l,dactylology,accepted,train,Mexican Sign Languages Dactylology and Ten First Numbers - Labeled images and videos. From person #6 to #11/persona_6/Ciclo_2_5_Derecha/Ciclo_2_5_Derecha_l.mp4,Ciclo_2_5_Derecha_l,pending,,
mendeley_labeled611_P06_3e372295155b96f8,67htnzmwbb.1,P06,l,dactylology,accepted,train,Mexican Sign Languages Dactylology and Ten First Numbers - Labeled images and videos. From person #6 to #11/persona_6/Ciclo_2_5_Izquierda/Ciclo_2_5_Izquierda_l.mp4,Ciclo_2_5_Izquierda_l,pending,,
mendeley_labeled611_P06_5651e7e09bfc3199,67htnzmwbb.1,P06,l,dactylology,accepted,train,Mexican Sign Languages Dactylology and Ten First Numbers - Labeled images and videos. From person #6 to #11/persona_6/Ciclo_3_5_Derecha/Ciclo_3_5_Derecha_l.mp4,Ciclo_3_5_Derecha_l,pending,,
mendeley_labeled611_P06_9249e21713ce8646,67htnzmwbb.1,P06,l,dactylology,accepted,train,Mexican Sign Languages Dactylology and Ten First Numbers - Labeled images and videos. From person #6 to #11/persona_6/Ciclo_3_5_Izquierda/Ciclo_3_5_Izquierda_l.mp4,Ciclo_3_5_Izquierda_l,pending,,
mendeley_labeled611_P06_365783d00c4184de,67htnzmwbb.1,P06,l,dactylology,accepted,train,Mexican Sign Languages Dactylology and Ten First Numbers - Labeled images and videos. From person #6 to #11/persona_6/Ciclo_4_5_Derecha/Ciclo_4_5_Derecha_l.mp4,Ciclo_4_5_Derecha_l,pending,,
mendeley_labeled611_P06_1a64cfc1032f9d50,67htnzmwbb.1,P06,l,dactylology,accepted,train,Mexican Sign Languages Dactylology and Ten First Numbers - Labeled images and videos. From person #6 to #11/persona_6/Ciclo_4_5_Izquierda/Ciclo_4_5_Izquierda_l.mp4,Ciclo_4_5_Izquierda_l,pending,,
mendeley_labeled611_P06_ae48c162b40cca35,67htnzmwbb.1,P06,l,dactylology,accepted,train,Mexican Sign Languages Dactylology and Ten First Numbers - Labeled images and videos. From person #6 to #11/persona_6/Ciclo_5_5_Derecha/Ciclo_5_5_Derecha_l.mp4,Ciclo_5_5_Derecha_l,pending,,
mendeley_labeled611_P06_96715b0ba14198a5,67htnzmwbb.1,P06,l,dactylology,accepted,train,Mexican Sign Languages Dactylology and Ten First Numbers - Labeled images and videos. From person #6 to #11/persona_6/Ciclo_5_5_Izquierda/Ciclo_5_5_Izquierda_l.mp4,Ciclo_5_5_Izquierda_l,pending,,
mendeley_labeled611_P06_26b5b5abcc2b9b39,67htnzmwbb.1,P06,ll,dactylology,accepted,train,Mexican Sign Languages Dactylology and Ten First Numbers - Labeled images and videos. From person #6 to #11/persona_6/Ciclo_1_5_Derecha/Ciclo_1_5_Derecha_ll.mp4,Ciclo_1_5_Derecha_ll,pending,,
mendeley_labeled611_P06_7fde79e0c1cc4b5f,67htnzmwbb.1,P06,ll,dactylology,accepted,train,Mexican Sign Languages Dactylology and Ten First Numbers - Labeled images and videos. From person #6 to #11/persona_6/Ciclo_2_5_Derecha/Ciclo_2_5_Derecha_ll.mp4,Ciclo_2_5_Derecha_ll,pending,,
mendeley_labeled611_P06_de528fe7095811ac,67htnzmwbb.1,P06,ll,dactylology,accepted,train,Mexican Sign Languages Dactylology and Ten First Numbers - Labeled images and videos. From person #6 to #11/persona_6/Ciclo_3_5_Derecha/Ciclo_3_5_Derecha_ll.mp4,Ciclo_3_5_Derecha_ll,pending,,
mendeley_labeled611_P06_441ae3ae9b5ccf3d,67htnzmwbb.1,P06,ll,dactylology,accepted,train,Mexican Sign Languages Dactylology and Ten First Numbers - Labeled images and videos. From person #6 to #11/persona_6/Ciclo_4_5_Derecha/Ciclo_4_5_Derecha_ll.mp4,Ciclo_4_5_Derecha_ll,pending,,
mendeley_labeled611_P06_253503dc9f355dac,67htnzmwbb.1,P06,ll,dactylology,accepted,train,Mexican Sign Languages Dactylology and Ten First Numbers - Labeled images and videos. From person #6 to #11/persona_6/Ciclo_4_5_Izquierda/Ciclo_4_5_Izquierda_ll.mp4,Ciclo_4_5_Izquierda_ll,pending,,
mendeley_labeled611_P06_2564812f8b7bf838,67htnzmwbb.1,P06,ll,dactylology,accepted,train,Mexican Sign Languages Dactylology and Ten First Numbers - Labeled images and videos. From person #6 to #11/persona_6/Ciclo_5_5_Derecha/Ciclo_5_5_Derecha_ll.mp4,Ciclo_5_5_Derecha_ll,pending,,
mendeley_labeled611_P06_fdb1d8bb9fd344f3,67htnzmwbb.1,P06,ll,dactylology,accepted,train,Mexican Sign Languages Dactylology and Ten First Numbers - Labeled images and videos. From person #6 to #11/persona_6/Ciclo_5_5_Izquierda/Ciclo_5_5_Izquierda_ll.mp4,Ciclo_5_5_Izquierda_ll,pending,,
mendeley_labeled611_P06_80a057cc851bfbd1,67htnzmwbb.1,P06,m,dactylology,accepted,train,Mexican Sign Languages Dactylology and Ten First Numbers - Labeled images and videos. From person #6 to #11/persona_6/Ciclo_1_5_Derecha/Ciclo_1_5_Derecha_m.mp4,Ciclo_1_5_Derecha_m,pending,,
mendeley_labeled611_P06_8cca5cecf61e7425,67htnzmwbb.1,P06,m,dactylology,accepted,train,Mexican Sign Languages Dactylology and Ten First Numbers - Labeled images and videos. From person #6 to #11/persona_6/Ciclo_1_5_Izquierda/Ciclo_1_5_Izquierda_m.mp4,Ciclo_1_5_Izquierda_m,pending,,
mendeley_labeled611_P06_52bbb87faa9b625f,67htnzmwbb.1,P06,m,dactylology,accepted,train,Mexican Sign Languages Dactylology and Ten First Numbers - Labeled images and videos. From person #6 to #11/persona_6/Ciclo_2_5_Derecha/Ciclo_2_5_Derecha_m.mp4,Ciclo_2_5_Derecha_m,pending,,
mendeley_labeled611_P06_f34f983efe0f7c24,67htnzmwbb.1,P06,m,dactylology,accepted,train,Mexican Sign Languages Dactylology and Ten First Numbers - Labeled images and videos. From person #6 to #11/persona_6/Ciclo_2_5_Izquierda/Ciclo_2_5_Izquierda_m.mp4,Ciclo_2_5_Izquierda_m,pending,,
mendeley_labeled611_P06_1cf766e93a5a9a7e,67htnzmwbb.1,P06,m,dactylology,accepted,train,Mexican Sign Languages Dactylology and Ten First Numbers - Labeled images and videos. From person #6 to #11/persona_6/Ciclo_3_5_Derecha/Ciclo_3_5_Derecha_m.mp4,Ciclo_3_5_Derecha_m,pending,,
mendeley_labeled611_P06_52e4a872642e588f,67htnzmwbb.1,P06,m,dactylology,accepted,train,Mexican Sign Languages Dactylology and Ten First Numbers - Labeled images and videos. From person #6 to #11/persona_6/Ciclo_3_5_Izquierda/Ciclo_3_5_Izquierda_m.mp4,Ciclo_3_5_Izquierda_m,pending,,
mendeley_labeled611_P06_bad71a0e3807bae5,67htnzmwbb.1,P06,m,dactylology,accepted,train,Mexican Sign Languages Dactylology and Ten First Numbers - Labeled images and videos. From person #6 to #11/persona_6/Ciclo_4_5_Derecha/Ciclo_4_5_Derecha_m.mp4,Ciclo_4_5_Derecha_m,pending,,
mendeley_labeled611_P06_2b813244f0adc702,67htnzmwbb.1,P06,m,dactylology,accepted,train,Mexican Sign Languages Dactylology and Ten First Numbers - Labeled images and videos. From person #6 to #11/persona_6/Ciclo_4_5_Izquierda/Ciclo_4_5_Izquierda_m.mp4,Ciclo_4_5_Izquierda_m,pending,,
mendeley_labeled611_P06_7ddb7b0bba23cd54,67htnzmwbb.1,P06,m,dactylology,accepted,train,Mexican Sign Languages Dactylology and Ten First Numbers - Labeled images and videos. From person #6 to #11/persona_6/Ciclo_5_5_Derecha/Ciclo_5_5_Derecha_m.mp4,Ciclo_5_5_Derecha_m,pending,,
mendeley_labeled611_P06_0eddd46d1e97ef8e,67htnzmwbb.1,P06,m,dactylology,accepted,train,Mexican Sign Languages Dactylology and Ten First Numbers - Labeled images and videos. From person #6 to #11/persona_6/Ciclo_5_5_Izquierda/Ciclo_5_5_Izquierda_m.mp4,Ciclo_5_5_Izquierda_m,pending,,
mendeley_labeled611_P06_3907ac1ef3d828fa,67htnzmwbb.1,P06,n,dactylology,accepted,train,Mexican Sign Languages Dactylology and Ten First Numbers - Labeled images and videos. From person #6 to #11/persona_6/Ciclo_1_5_Izquierda/Ciclo_1_5_Izquierda_n.mp4,Ciclo_1_5_Izquierda_n,pending,,
mendeley_labeled611_P06_63be2de3c2684b17,67htnzmwbb.1,P06,n,dactylology,accepted,train,Mexican Sign Languages Dactylology and Ten First Numbers - Labeled images and videos. From person #6 to #11/persona_6/Ciclo_3_5_Izquierda/Ciclo_3_5_Izquierda_n.mp4,Ciclo_3_5_Izquierda_n,pending,,
mendeley_labeled611_P06_fe2cba8d713e2990,67htnzmwbb.1,P06,n,dactylology,accepted,train,Mexican Sign Languages Dactylology and Ten First Numbers - Labeled images and videos. From person #6 to #11/persona_6/Ciclo_5_5_Izquierda/Ciclo_5_5_Izquierda_n.mp4,Ciclo_5_5_Izquierda_n,pending,,
mendeley_labeled611_P06_2b5ce8ab47e7afca,67htnzmwbb.1,P06,o,dactylology,accepted,train,Mexican Sign Languages Dactylology and Ten First Numbers - Labeled images and videos. From person #6 to #11/persona_6/Ciclo_1_5_Derecha/Ciclo_1_5_Derecha_o.mp4,Ciclo_1_5_Derecha_o,pending,,
mendeley_labeled611_P06_8056f6ce855e095a,67htnzmwbb.1,P06,o,dactylology,accepted,train,Mexican Sign Languages Dactylology and Ten First Numbers - Labeled images and videos. From person #6 to #11/persona_6/Ciclo_1_5_Izquierda/Ciclo_1_5_Izquierda_o.mp4,Ciclo_1_5_Izquierda_o,pending,,
mendeley_labeled611_P06_c36981bd003c41a6,67htnzmwbb.1,P06,o,dactylology,accepted,train,Mexican Sign Languages Dactylology and Ten First Numbers - Labeled images and videos. From person #6 to #11/persona_6/Ciclo_2_5_Derecha/Ciclo_2_5_Derecha_o.mp4,Ciclo_2_5_Derecha_o,pending,,
mendeley_labeled611_P06_49320ec8701299a5,67htnzmwbb.1,P06,o,dactylology,accepted,train,Mexican Sign Languages Dactylology and Ten First Numbers - Labeled images and videos. From person #6 to #11/persona_6/Ciclo_2_5_Izquierda/Ciclo_2_5_Izquierda_o.mp4,Ciclo_2_5_Izquierda_o,pending,,
mendeley_labeled611_P06_60bbe6d28eeb0098,67htnzmwbb.1,P06,o,dactylology,accepted,train,Mexican Sign Languages Dactylology and Ten First Numbers - Labeled images and videos. From person #6 to #11/persona_6/Ciclo_3_5_Derecha/Ciclo_3_5_Derecha_o.mp4,Ciclo_3_5_Derecha_o,pending,,
mendeley_labeled611_P06_8977b3f3fca9cb62,67htnzmwbb.1,P06,o,dactylology,accepted,train,Mexican Sign Languages Dactylology and Ten First Numbers - Labeled images and videos. From person #6 to #11/persona_6/Ciclo_3_5_Izquierda/Ciclo_3_5_Izquierda_o.mp4,Ciclo_3_5_Izquierda_o,pending,,
mendeley_labeled611_P06_5fec4d52469da676,67htnzmwbb.1,P06,o,dactylology,accepted,train,Mexican Sign Languages Dactylology and Ten First Numbers - Labeled images and videos. From person #6 to #11/persona_6/Ciclo_4_5_Derecha/Ciclo_4_5_Derecha_o.mp4,Ciclo_4_5_Derecha_o,pending,,
mendeley_labeled611_P06_639bf9b275cd7d11,67htnzmwbb.1,P06,o,dactylology,accepted,train,Mexican Sign Languages Dactylology and Ten First Numbers - Labeled images and videos. From person #6 to #11/persona_6/Ciclo_4_5_Izquierda/Ciclo_4_5_Izquierda_o.mp4,Ciclo_4_5_Izquierda_o,pending,,
mendeley_labeled611_P06_aca75a0ffb50f4eb,67htnzmwbb.1,P06,o,dactylology,accepted,train,Mexican Sign Languages Dactylology and Ten First Numbers - Labeled images and videos. From person #6 to #11/persona_6/Ciclo_5_5_Derecha/Ciclo_5_5_Derecha_o.mp4,Ciclo_5_5_Derecha_o,pending,,
mendeley_labeled611_P06_5ef54232241d9b8b,67htnzmwbb.1,P06,o,dactylology,accepted,train,Mexican Sign Languages Dactylology and Ten First Numbers - Labeled images and videos. From person #6 to #11/persona_6/Ciclo_5_5_Izquierda/Ciclo_5_5_Izquierda_o.mp4,Ciclo_5_5_Izquierda_o,pending,,
mendeley_labeled611_P06_6435210b422421ea,67htnzmwbb.1,P06,p,dactylology,accepted,train,Mexican Sign Languages Dactylology and Ten First Numbers - Labeled images and videos. From person #6 to #11/persona_6/Ciclo_1_5_Derecha/Ciclo_1_5_Derecha_p.mp4,Ciclo_1_5_Derecha_p,pending,,
mendeley_labeled611_P06_286ab7baafbd5efd,67htnzmwbb.1,P06,p,dactylology,accepted,train,Mexican Sign Languages Dactylology and Ten First Numbers - Labeled images and videos. From person #6 to #11/persona_6/Ciclo_1_5_Izquierda/Ciclo_1_5_Izquierda_p.mp4,Ciclo_1_5_Izquierda_p,pending,,
mendeley_labeled611_P06_e65b350cd0ca84cc,67htnzmwbb.1,P06,p,dactylology,accepted,train,Mexican Sign Languages Dactylology and Ten First Numbers - Labeled images and videos. From person #6 to #11/persona_6/Ciclo_2_5_Derecha/Ciclo_2_5_Derecha_p.mp4,Ciclo_2_5_Derecha_p,pending,,
mendeley_labeled611_P06_e51170e14427f8e4,67htnzmwbb.1,P06,p,dactylology,accepted,train,Mexican Sign Languages Dactylology and Ten First Numbers - Labeled images and videos. From person #6 to #11/persona_6/Ciclo_2_5_Izquierda/Ciclo_2_5_Izquierda_p.mp4,Ciclo_2_5_Izquierda_p,pending,,
mendeley_labeled611_P06_938e2614ccd0ee13,67htnzmwbb.1,P06,p,dactylology,accepted,train,Mexican Sign Languages Dactylology and Ten First Numbers - Labeled images and videos. From person #6 to #11/persona_6/Ciclo_3_5_Derecha/Ciclo_3_5_Derecha_p.mp4,Ciclo_3_5_Derecha_p,pending,,
mendeley_labeled611_P06_c5f85ed117e2d6bf,67htnzmwbb.1,P06,p,dactylology,accepted,train,Mexican Sign Languages Dactylology and Ten First Numbers - Labeled images and videos. From person #6 to #11/persona_6/Ciclo_3_5_Izquierda/Ciclo_3_5_Izquierda_p.mp4,Ciclo_3_5_Izquierda_p,pending,,
mendeley_labeled611_P06_153b2081cfe9727a,67htnzmwbb.1,P06,p,dactylology,accepted,train,Mexican Sign Languages Dactylology and Ten First Numbers - Labeled images and videos. From person #6 to #11/persona_6/Ciclo_4_5_Derecha/Ciclo_4_5_Derecha_p.mp4,Ciclo_4_5_Derecha_p,pending,,
mendeley_labeled611_P06_effbd70dce76f40f,67htnzmwbb.1,P06,p,dactylology,accepted,train,Mexican Sign Languages Dactylology and Ten First Numbers - Labeled images and videos. From person #6 to #11/persona_6/Ciclo_4_5_Izquierda/Ciclo_4_5_Izquierda_p.mp4,Ciclo_4_5_Izquierda_p,pending,,
mendeley_labeled611_P06_8c47048b1abb43da,67htnzmwbb.1,P06,p,dactylology,accepted,train,Mexican Sign Languages Dactylology and Ten First Numbers - Labeled images and videos. From person #6 to #11/persona_6/Ciclo_5_5_Derecha/Ciclo_5_5_Derecha_p.mp4,Ciclo_5_5_Derecha_p,pending,,
mendeley_labeled611_P06_b22b9526a9d1a3c0,67htnzmwbb.1,P06,p,dactylology,accepted,train,Mexican Sign Languages Dactylology and Ten First Numbers - Labeled images and videos. From person #6 to #11/persona_6/Ciclo_5_5_Izquierda/Ciclo_5_5_Izquierda_p.mp4,Ciclo_5_5_Izquierda_p,pending,,
mendeley_labeled611_P06_e050ef58091936f0,67htnzmwbb.1,P06,q,dactylology,accepted,train,Mexican Sign Languages Dactylology and Ten First Numbers - Labeled images and videos. From person #6 to #11/persona_6/Ciclo_1_5_Derecha/Ciclo_1_5_Derecha_q.mp4,Ciclo_1_5_Derecha_q,pending,,
mendeley_labeled611_P06_78d470dff2edb031,67htnzmwbb.1,P06,q,dactylology,accepted,train,Mexican Sign Languages Dactylology and Ten First Numbers - Labeled images and videos. From person #6 to #11/persona_6/Ciclo_1_5_Izquierda/Ciclo_1_5_Izquierda_q.mp4,Ciclo_1_5_Izquierda_q,pending,,
mendeley_labeled611_P06_ea111d5d8bd3316f,67htnzmwbb.1,P06,q,dactylology,accepted,train,Mexican Sign Languages Dactylology and Ten First Numbers - Labeled images and videos. From person #6 to #11/persona_6/Ciclo_2_5_Derecha/Ciclo_2_5_Derecha_q.mp4,Ciclo_2_5_Derecha_q,pending,,
mendeley_labeled611_P06_b884df3c4ae7c51d,67htnzmwbb.1,P06,q,dactylology,accepted,train,Mexican Sign Languages Dactylology and Ten First Numbers - Labeled images and videos. From person #6 to #11/persona_6/Ciclo_2_5_Izquierda/Ciclo_2_5_Izquierda_q.mp4,Ciclo_2_5_Izquierda_q,pending,,
mendeley_labeled611_P06_79ca48e54cd579e8,67htnzmwbb.1,P06,q,dactylology,accepted,train,Mexican Sign Languages Dactylology and Ten First Numbers - Labeled images and videos. From person #6 to #11/persona_6/Ciclo_3_5_Derecha/Ciclo_3_5_Derecha_q.mp4,Ciclo_3_5_Derecha_q,pending,,
mendeley_labeled611_P06_7ebe0a5614803cef,67htnzmwbb.1,P06,q,dactylology,accepted,train,Mexican Sign Languages Dactylology and Ten First Numbers - Labeled images and videos. From person #6 to #11/persona_6/Ciclo_3_5_Izquierda/Ciclo_3_5_Izquierda_q.mp4,Ciclo_3_5_Izquierda_q,pending,,
mendeley_labeled611_P06_8dc4e54339c74f95,67htnzmwbb.1,P06,q,dactylology,accepted,train,Mexican Sign Languages Dactylology and Ten First Numbers - Labeled images and videos. From person #6 to #11/persona_6/Ciclo_4_5_Derecha/Ciclo_4_5_Derecha_q.mp4,Ciclo_4_5_Derecha_q,pending,,
mendeley_labeled611_P06_ec11c99c5faa7f2c,67htnzmwbb.1,P06,q,dactylology,accepted,train,Mexican Sign Languages Dactylology and Ten First Numbers - Labeled images and videos. From person #6 to #11/persona_6/Ciclo_4_5_Izquierda/Ciclo_4_5_Izquierda_q.mp4,Ciclo_4_5_Izquierda_q,pending,,
mendeley_labeled611_P06_c967e8b472c342ed,67htnzmwbb.1,P06,q,dactylology,accepted,train,Mexican Sign Languages Dactylology and Ten First Numbers - Labeled images and videos. From person #6 to #11/persona_6/Ciclo_5_5_Derecha/Ciclo_5_5_Derecha_q.mp4,Ciclo_5_5_Derecha_q,pending,,
mendeley_labeled611_P06_9601dc6a7d50d72b,67htnzmwbb.1,P06,q,dactylology,accepted,train,Mexican Sign Languages Dactylology and Ten First Numbers - Labeled images and videos. From person #6 to #11/persona_6/Ciclo_5_5_Izquierda/Ciclo_5_5_Izquierda_q.mp4,Ciclo_5_5_Izquierda_q,pending,,
mendeley_labeled611_P06_78fb921b6bb706d5,67htnzmwbb.1,P06,r,dactylology,accepted,train,Mexican Sign Languages Dactylology and Ten First Numbers - Labeled images and videos. From person #6 to #11/persona_6/Ciclo_1_5_Derecha/Ciclo_1_5_Derecha_r.mp4,Ciclo_1_5_Derecha_r,pending,,
mendeley_labeled611_P06_c84f8a4ac1df3aa5,67htnzmwbb.1,P06,r,dactylology,accepted,train,Mexican Sign Languages Dactylology and Ten First Numbers - Labeled images and videos. From person #6 to #11/persona_6/Ciclo_1_5_Izquierda/Ciclo_1_5_Izquierda_r.mp4,Ciclo_1_5_Izquierda_r,pending,,
mendeley_labeled611_P06_ffaeb6951fac1a39,67htnzmwbb.1,P06,r,dactylology,accepted,train,Mexican Sign Languages Dactylology and Ten First Numbers - Labeled images and videos. From person #6 to #11/persona_6/Ciclo_2_5_Derecha/Ciclo_2_5_Derecha_r.mp4,Ciclo_2_5_Derecha_r,pending,,
mendeley_labeled611_P06_58351d299b4a5fca,67htnzmwbb.1,P06,r,dactylology,accepted,train,Mexican Sign Languages Dactylology and Ten First Numbers - Labeled images and videos. From person #6 to #11/persona_6/Ciclo_2_5_Izquierda/Ciclo_2_5_Izquierda_r.mp4,Ciclo_2_5_Izquierda_r,pending,,
mendeley_labeled611_P06_7e39b4753015f53f,67htnzmwbb.1,P06,r,dactylology,accepted,train,Mexican Sign Languages Dactylology and Ten First Numbers - Labeled images and videos. From person #6 to #11/persona_6/Ciclo_3_5_Derecha/Ciclo_3_5_Derecha_r.mp4,Ciclo_3_5_Derecha_r,pending,,
mendeley_labeled611_P06_42d94b0b2ef0ad5a,67htnzmwbb.1,P06,r,dactylology,accepted,train,Mexican Sign Languages Dactylology and Ten First Numbers - Labeled images and videos. From person #6 to #11/persona_6/Ciclo_3_5_Izquierda/Ciclo_3_5_Izquierda_r.mp4,Ciclo_3_5_Izquierda_r,pending,,
mendeley_labeled611_P06_3b29bcd788cfe4cb,67htnzmwbb.1,P06,r,dactylology,accepted,train,Mexican Sign Languages Dactylology and Ten First Numbers - Labeled images and videos. From person #6 to #11/persona_6/Ciclo_4_5_Derecha/Ciclo_4_5_Derecha_r.mp4,Ciclo_4_5_Derecha_r,pending,,
mendeley_labeled611_P06_2b79ca29af49e35e,67htnzmwbb.1,P06,r,dactylology,accepted,train,Mexican Sign Languages Dactylology and Ten First Numbers - Labeled images and videos. From person #6 to #11/persona_6/Ciclo_4_5_Izquierda/Ciclo_4_5_Izquierda_r.mp4,Ciclo_4_5_Izquierda_r,pending,,
mendeley_labeled611_P06_ab30d8df4b7b674b,67htnzmwbb.1,P06,r,dactylology,accepted,train,Mexican Sign Languages Dactylology and Ten First Numbers - Labeled images and videos. From person #6 to #11/persona_6/Ciclo_5_5_Derecha/Ciclo_5_5_Derecha_r.mp4,Ciclo_5_5_Derecha_r,pending,,
mendeley_labeled611_P06_d33949baad083cfa,67htnzmwbb.1,P06,r,dactylology,accepted,train,Mexican Sign Languages Dactylology and Ten First Numbers - Labeled images and videos. From person #6 to #11/persona_6/Ciclo_5_5_Izquierda/Ciclo_5_5_Izquierda_r.mp4,Ciclo_5_5_Izquierda_r,pending,,
mendeley_labeled611_P06_35cf722aa3545829,67htnzmwbb.1,P06,rr,dactylology,accepted,train,Mexican Sign Languages Dactylology and Ten First Numbers - Labeled images and videos. From person #6 to #11/persona_6/Ciclo_1_5_Derecha/Ciclo_1_5_Derecha_rr.mp4,Ciclo_1_5_Derecha_rr,pending,,
mendeley_labeled611_P06_72a698aaa662f225,67htnzmwbb.1,P06,rr,dactylology,accepted,train,Mexican Sign Languages Dactylology and Ten First Numbers - Labeled images and videos. From person #6 to #11/persona_6/Ciclo_1_5_Izquierda/Ciclo_1_5_Izquierda_rr.mp4,Ciclo_1_5_Izquierda_rr,pending,,
mendeley_labeled611_P06_8a2de1e2fa01e88a,67htnzmwbb.1,P06,rr,dactylology,accepted,train,Mexican Sign Languages Dactylology and Ten First Numbers - Labeled images and videos. From person #6 to #11/persona_6/Ciclo_2_5_Derecha/Ciclo_2_5_Derecha_rr.mp4,Ciclo_2_5_Derecha_rr,pending,,
mendeley_labeled611_P06_a36b6de743df5795,67htnzmwbb.1,P06,rr,dactylology,accepted,train,Mexican Sign Languages Dactylology and Ten First Numbers - Labeled images and videos. From person #6 to #11/persona_6/Ciclo_2_5_Izquierda/Ciclo_2_5_Izquierda_rr.mp4,Ciclo_2_5_Izquierda_rr,pending,,
mendeley_labeled611_P06_0c418ad2cd8b6964,67htnzmwbb.1,P06,rr,dactylology,accepted,train,Mexican Sign Languages Dactylology and Ten First Numbers - Labeled images and videos. From person #6 to #11/persona_6/Ciclo_3_5_Derecha/Ciclo_3_5_Derecha_rr.mp4,Ciclo_3_5_Derecha_rr,pending,,
mendeley_labeled611_P06_7711277e2e90d00f,67htnzmwbb.1,P06,rr,dactylology,accepted,train,Mexican Sign Languages Dactylology and Ten First Numbers - Labeled images and videos. From person #6 to #11/persona_6/Ciclo_3_5_Izquierda/Ciclo_3_5_Izquierda_rr.mp4,Ciclo_3_5_Izquierda_rr,pending,,
mendeley_labeled611_P06_b1964f7ee800125e,67htnzmwbb.1,P06,rr,dactylology,accepted,train,Mexican Sign Languages Dactylology and Ten First Numbers - Labeled images and videos. From person #6 to #11/persona_6/Ciclo_4_5_Derecha/Ciclo_4_5_Derecha_rr.mp4,Ciclo_4_5_Derecha_rr,pending,,
mendeley_labeled611_P06_97b240d1f954ee63,67htnzmwbb.1,P06,rr,dactylology,accepted,train,Mexican Sign Languages Dactylology and Ten First Numbers - Labeled images and videos. From person #6 to #11/persona_6/Ciclo_4_5_Izquierda/Ciclo_4_5_Izquierda_rr.mp4,Ciclo_4_5_Izquierda_rr,pending,,
mendeley_labeled611_P06_902d3e05787c1917,67htnzmwbb.1,P06,rr,dactylology,accepted,train,Mexican Sign Languages Dactylology and Ten First Numbers - Labeled images and videos. From person #6 to #11/persona_6/Ciclo_5_5_Derecha/Ciclo_5_5_Derecha_rr.mp4,Ciclo_5_5_Derecha_rr,pending,,
mendeley_labeled611_P06_fa563e8d812f66a5,67htnzmwbb.1,P06,rr,dactylology,accepted,train,Mexican Sign Languages Dactylology and Ten First Numbers - Labeled images and videos. From person #6 to #11/persona_6/Ciclo_5_5_Izquierda/Ciclo_5_5_Izquierda_rr.mp4,Ciclo_5_5_Izquierda_rr,pending,,
mendeley_labeled611_P06_68f0a82852608d92,67htnzmwbb.1,P06,s,dactylology,accepted,train,Mexican Sign Languages Dactylology and Ten First Numbers - Labeled images and videos. From person #6 to #11/persona_6/Ciclo_1_5_Derecha/Ciclo_1_5_Derecha_s.mp4,Ciclo_1_5_Derecha_s,pending,,
mendeley_labeled611_P06_6cecea0fa8f5c603,67htnzmwbb.1,P06,s,dactylology,accepted,train,Mexican Sign Languages Dactylology and Ten First Numbers - Labeled images and videos. From person #6 to #11/persona_6/Ciclo_1_5_Izquierda/Ciclo_1_5_Izquierda_s.mp4,Ciclo_1_5_Izquierda_s,pending,,
mendeley_labeled611_P06_d70a44f4339db31f,67htnzmwbb.1,P06,s,dactylology,accepted,train,Mexican Sign Languages Dactylology and Ten First Numbers - Labeled images and videos. From person #6 to #11/persona_6/Ciclo_2_5_Derecha/Ciclo_2_5_Derecha_s.mp4,Ciclo_2_5_Derecha_s,pending,,
mendeley_labeled611_P06_ec42333f59cc0f37,67htnzmwbb.1,P06,s,dactylology,accepted,train,Mexican Sign Languages Dactylology and Ten First Numbers - Labeled images and videos. From person #6 to #11/persona_6/Ciclo_2_5_Izquierda/Ciclo_2_5_Izquierda_s.mp4,Ciclo_2_5_Izquierda_s,pending,,
mendeley_labeled611_P06_d3a39c622cd676d6,67htnzmwbb.1,P06,s,dactylology,accepted,train,Mexican Sign Languages Dactylology and Ten First Numbers - Labeled images and videos. From person #6 to #11/persona_6/Ciclo_3_5_Derecha/Ciclo_3_5_Derecha_s.mp4,Ciclo_3_5_Derecha_s,pending,,
mendeley_labeled611_P06_cfc38aef13138047,67htnzmwbb.1,P06,s,dactylology,accepted,train,Mexican Sign Languages Dactylology and Ten First Numbers - Labeled images and videos. From person #6 to #11/persona_6/Ciclo_3_5_Izquierda/Ciclo_3_5_Izquierda_s.mp4,Ciclo_3_5_Izquierda_s,pending,,
mendeley_labeled611_P06_cb16b3275bf0b61b,67htnzmwbb.1,P06,s,dactylology,accepted,train,Mexican Sign Languages Dactylology and Ten First Numbers - Labeled images and videos. From person #6 to #11/persona_6/Ciclo_4_5_Derecha/Ciclo_4_5_Derecha_s.mp4,Ciclo_4_5_Derecha_s,pending,,
mendeley_labeled611_P06_e906cde925997b49,67htnzmwbb.1,P06,s,dactylology,accepted,train,Mexican Sign Languages Dactylology and Ten First Numbers - Labeled images and videos. From person #6 to #11/persona_6/Ciclo_4_5_Izquierda/Ciclo_4_5_Izquierda_s.mp4,Ciclo_4_5_Izquierda_s,pending,,
mendeley_labeled611_P06_0237759acba9f806,67htnzmwbb.1,P06,s,dactylology,accepted,train,Mexican Sign Languages Dactylology and Ten First Numbers - Labeled images and videos. From person #6 to #11/persona_6/Ciclo_5_5_Derecha/Ciclo_5_5_Derecha_s.mp4,Ciclo_5_5_Derecha_s,pending,,
mendeley_labeled611_P06_22fc226f9fec39d6,67htnzmwbb.1,P06,s,dactylology,accepted,train,Mexican Sign Languages Dactylology and Ten First Numbers - Labeled images and videos. From person #6 to #11/persona_6/Ciclo_5_5_Izquierda/Ciclo_5_5_Izquierda_s.mp4,Ciclo_5_5_Izquierda_s,pending,,
mendeley_labeled611_P06_e1313b3ffb0c8965,67htnzmwbb.1,P06,t,dactylology,accepted,train,Mexican Sign Languages Dactylology and Ten First Numbers - Labeled images and videos. From person #6 to #11/persona_6/Ciclo_1_5_Derecha/Ciclo_1_5_Derecha_t.mp4,Ciclo_1_5_Derecha_t,pending,,
mendeley_labeled611_P06_80ebeb965d0b1b4d,67htnzmwbb.1,P06,t,dactylology,accepted,train,Mexican Sign Languages Dactylology and Ten First Numbers - Labeled images and videos. From person #6 to #11/persona_6/Ciclo_1_5_Izquierda/Ciclo_1_5_Izquierda_t.mp4,Ciclo_1_5_Izquierda_t,pending,,
mendeley_labeled611_P06_10eddc549a2adb5c,67htnzmwbb.1,P06,t,dactylology,accepted,train,Mexican Sign Languages Dactylology and Ten First Numbers - Labeled images and videos. From person #6 to #11/persona_6/Ciclo_2_5_Derecha/Ciclo_2_5_Derecha_t.mp4,Ciclo_2_5_Derecha_t,pending,,
mendeley_labeled611_P06_2f88fc227187fba0,67htnzmwbb.1,P06,t,dactylology,accepted,train,Mexican Sign Languages Dactylology and Ten First Numbers - Labeled images and videos. From person #6 to #11/persona_6/Ciclo_2_5_Izquierda/Ciclo_2_5_Izquierda_t.mp4,Ciclo_2_5_Izquierda_t,pending,,
mendeley_labeled611_P06_7f53ce7bcc977112,67htnzmwbb.1,P06,t,dactylology,accepted,train,Mexican Sign Languages Dactylology and Ten First Numbers - Labeled images and videos. From person #6 to #11/persona_6/Ciclo_3_5_Derecha/Ciclo_3_5_Derecha_t.mp4,Ciclo_3_5_Derecha_t,pending,,
mendeley_labeled611_P06_2fbb0e20b991b3d3,67htnzmwbb.1,P06,t,dactylology,accepted,train,Mexican Sign Languages Dactylology and Ten First Numbers - Labeled images and videos. From person #6 to #11/persona_6/Ciclo_3_5_Izquierda/Ciclo_3_5_Izquierda_t.mp4,Ciclo_3_5_Izquierda_t,pending,,
mendeley_labeled611_P06_4d5b204ee41cb996,67htnzmwbb.1,P06,t,dactylology,accepted,train,Mexican Sign Languages Dactylology and Ten First Numbers - Labeled images and videos. From person #6 to #11/persona_6/Ciclo_4_5_Derecha/Ciclo_4_5_Derecha_t.mp4,Ciclo_4_5_Derecha_t,pending,,
mendeley_labeled611_P06_e5417a0b8356c6c3,67htnzmwbb.1,P06,t,dactylology,accepted,train,Mexican Sign Languages Dactylology and Ten First Numbers - Labeled images and videos. From person #6 to #11/persona_6/Ciclo_4_5_Izquierda/Ciclo_4_5_Izquierda_t.mp4,Ciclo_4_5_Izquierda_t,pending,,
mendeley_labeled611_P06_644322a9cbc278d8,67htnzmwbb.1,P06,t,dactylology,accepted,train,Mexican Sign Languages Dactylology and Ten First Numbers - Labeled images and videos. From person #6 to #11/persona_6/Ciclo_5_5_Derecha/Ciclo_5_5_Derecha_t.mp4,Ciclo_5_5_Derecha_t,pending,,
mendeley_labeled611_P06_8a3ca4703d2f70a3,67htnzmwbb.1,P06,t,dactylology,accepted,train,Mexican Sign Languages Dactylology and Ten First Numbers - Labeled images and videos. From person #6 to #11/persona_6/Ciclo_5_5_Izquierda/Ciclo_5_5_Izquierda_t.mp4,Ciclo_5_5_Izquierda_t,pending,,
mendeley_labeled611_P06_c777e9031fdd159f,67htnzmwbb.1,P06,u,dactylology,accepted,train,Mexican Sign Languages Dactylology and Ten First Numbers - Labeled images and videos. From person #6 to #11/persona_6/Ciclo_1_5_Derecha/Ciclo_1_5_Derecha_u.mp4,Ciclo_1_5_Derecha_u,pending,,
mendeley_labeled611_P06_758a686e0288b1f5,67htnzmwbb.1,P06,u,dactylology,accepted,train,Mexican Sign Languages Dactylology and Ten First Numbers - Labeled images and videos. From person #6 to #11/persona_6/Ciclo_1_5_Izquierda/Ciclo_1_5_Izquierda_u.mp4,Ciclo_1_5_Izquierda_u,pending,,
mendeley_labeled611_P06_a71e67ad7fdc86d8,67htnzmwbb.1,P06,u,dactylology,accepted,train,Mexican Sign Languages Dactylology and Ten First Numbers - Labeled images and videos. From person #6 to #11/persona_6/Ciclo_2_5_Derecha/Ciclo_2_5_Derecha_u.mp4,Ciclo_2_5_Derecha_u,pending,,
mendeley_labeled611_P06_5979f9da0cb30d14,67htnzmwbb.1,P06,u,dactylology,accepted,train,Mexican Sign Languages Dactylology and Ten First Numbers - Labeled images and videos. From person #6 to #11/persona_6/Ciclo_2_5_Izquierda/Ciclo_2_5_Izquierda_u.mp4,Ciclo_2_5_Izquierda_u,pending,,
mendeley_labeled611_P06_39d33a572fb7095b,67htnzmwbb.1,P06,u,dactylology,accepted,train,Mexican Sign Languages Dactylology and Ten First Numbers - Labeled images and videos. From person #6 to #11/persona_6/Ciclo_3_5_Derecha/Ciclo_3_5_Derecha_u.mp4,Ciclo_3_5_Derecha_u,pending,,
mendeley_labeled611_P06_59344ac358c1ee7f,67htnzmwbb.1,P06,u,dactylology,accepted,train,Mexican Sign Languages Dactylology and Ten First Numbers - Labeled images and videos. From person #6 to #11/persona_6/Ciclo_3_5_Izquierda/Ciclo_3_5_Izquierda_u.mp4,Ciclo_3_5_Izquierda_u,pending,,
mendeley_labeled611_P06_dd71bba604dc7c12,67htnzmwbb.1,P06,u,dactylology,accepted,train,Mexican Sign Languages Dactylology and Ten First Numbers - Labeled images and videos. From person #6 to #11/persona_6/Ciclo_4_5_Derecha/Ciclo_4_5_Derecha_u.mp4,Ciclo_4_5_Derecha_u,pending,,
mendeley_labeled611_P06_d3662bd275757221,67htnzmwbb.1,P06,u,dactylology,accepted,train,Mexican Sign Languages Dactylology and Ten First Numbers - Labeled images and videos. From person #6 to #11/persona_6/Ciclo_4_5_Izquierda/Ciclo_4_5_Izquierda_u.mp4,Ciclo_4_5_Izquierda_u,pending,,
mendeley_labeled611_P06_7a00ecb972dd62c4,67htnzmwbb.1,P06,u,dactylology,accepted,train,Mexican Sign Languages Dactylology and Ten First Numbers - Labeled images and videos. From person #6 to #11/persona_6/Ciclo_5_5_Derecha/Ciclo_5_5_Derecha_u.mp4,Ciclo_5_5_Derecha_u,pending,,
mendeley_labeled611_P06_727b78953b8224d0,67htnzmwbb.1,P06,u,dactylology,accepted,train,Mexican Sign Languages Dactylology and Ten First Numbers - Labeled images and videos. From person #6 to #11/persona_6/Ciclo_5_5_Izquierda/Ciclo_5_5_Izquierda_u.mp4,Ciclo_5_5_Izquierda_u,pending,,
mendeley_labeled611_P06_eb39ab365612f448,67htnzmwbb.1,P06,v,dactylology,accepted,train,Mexican Sign Languages Dactylology and Ten First Numbers - Labeled images and videos. From person #6 to #11/persona_6/Ciclo_1_5_Derecha/Ciclo_1_5_Derecha_v.mp4,Ciclo_1_5_Derecha_v,pending,,
mendeley_labeled611_P06_314c47bec072e1d2,67htnzmwbb.1,P06,v,dactylology,accepted,train,Mexican Sign Languages Dactylology and Ten First Numbers - Labeled images and videos. From person #6 to #11/persona_6/Ciclo_1_5_Izquierda/Ciclo_1_5_Izquierda_v.mp4,Ciclo_1_5_Izquierda_v,pending,,
mendeley_labeled611_P06_7b43756bd0a3ed0f,67htnzmwbb.1,P06,v,dactylology,accepted,train,Mexican Sign Languages Dactylology and Ten First Numbers - Labeled images and videos. From person #6 to #11/persona_6/Ciclo_2_5_Derecha/Ciclo_2_5_Derecha_v.mp4,Ciclo_2_5_Derecha_v,pending,,
mendeley_labeled611_P06_fdbac09d13de7efc,67htnzmwbb.1,P06,v,dactylology,accepted,train,Mexican Sign Languages Dactylology and Ten First Numbers - Labeled images and videos. From person #6 to #11/persona_6/Ciclo_2_5_Izquierda/Ciclo_2_5_Izquierda_v.mp4,Ciclo_2_5_Izquierda_v,pending,,
mendeley_labeled611_P06_d480c60e95b507e4,67htnzmwbb.1,P06,v,dactylology,accepted,train,Mexican Sign Languages Dactylology and Ten First Numbers - Labeled images and videos. From person #6 to #11/persona_6/Ciclo_3_5_Derecha/Ciclo_3_5_Derecha_v.mp4,Ciclo_3_5_Derecha_v,pending,,
mendeley_labeled611_P06_3ce848cb0a11bc64,67htnzmwbb.1,P06,v,dactylology,accepted,train,Mexican Sign Languages Dactylology and Ten First Numbers - Labeled images and videos. From person #6 to #11/persona_6/Ciclo_3_5_Izquierda/Ciclo_3_5_Izquierda_v.mp4,Ciclo_3_5_Izquierda_v,pending,,
mendeley_labeled611_P06_22adc7e57f53dc46,67htnzmwbb.1,P06,v,dactylology,accepted,train,Mexican Sign Languages Dactylology and Ten First Numbers - Labeled images and videos. From person #6 to #11/persona_6/Ciclo_4_5_Derecha/Ciclo_4_5_Derecha_v.mp4,Ciclo_4_5_Derecha_v,pending,,
mendeley_labeled611_P06_ac680793f09e0d13,67htnzmwbb.1,P06,v,dactylology,accepted,train,Mexican Sign Languages Dactylology and Ten First Numbers - Labeled images and videos. From person #6 to #11/persona_6/Ciclo_4_5_Izquierda/Ciclo_4_5_Izquierda_v.mp4,Ciclo_4_5_Izquierda_v,pending,,
mendeley_labeled611_P06_f90d15ef57543bca,67htnzmwbb.1,P06,v,dactylology,accepted,train,Mexican Sign Languages Dactylology and Ten First Numbers - Labeled images and videos. From person #6 to #11/persona_6/Ciclo_5_5_Derecha/Ciclo_5_5_Derecha_v.mp4,Ciclo_5_5_Derecha_v,pending,,
mendeley_labeled611_P06_9d73e6190444825f,67htnzmwbb.1,P06,v,dactylology,accepted,train,Mexican Sign Languages Dactylology and Ten First Numbers - Labeled images and videos. From person #6 to #11/persona_6/Ciclo_5_5_Izquierda/Ciclo_5_5_Izquierda_v.mp4,Ciclo_5_5_Izquierda_v,pending,,
mendeley_labeled611_P06_35af6f4120483f40,67htnzmwbb.1,P06,w,dactylology,accepted,train,Mexican Sign Languages Dactylology and Ten First Numbers - Labeled images and videos. From person #6 to #11/persona_6/Ciclo_1_5_Derecha/Ciclo_1_5_Derecha_w.mp4,Ciclo_1_5_Derecha_w,pending,,
mendeley_labeled611_P06_de16ff4ef743746b,67htnzmwbb.1,P06,w,dactylology,accepted,train,Mexican Sign Languages Dactylology and Ten First Numbers - Labeled images and videos. From person #6 to #11/persona_6/Ciclo_1_5_Izquierda/Ciclo_1_5_Izquierda_w.mp4,Ciclo_1_5_Izquierda_w,pending,,
mendeley_labeled611_P06_db05a8ca49386b34,67htnzmwbb.1,P06,w,dactylology,accepted,train,Mexican Sign Languages Dactylology and Ten First Numbers - Labeled images and videos. From person #6 to #11/persona_6/Ciclo_2_5_Derecha/Ciclo_2_5_Derecha_w.mp4,Ciclo_2_5_Derecha_w,pending,,
mendeley_labeled611_P06_c8b76b2f0ff6d88a,67htnzmwbb.1,P06,w,dactylology,accepted,train,Mexican Sign Languages Dactylology and Ten First Numbers - Labeled images and videos. From person #6 to #11/persona_6/Ciclo_2_5_Izquierda/Ciclo_2_5_Izquierda_w.mp4,Ciclo_2_5_Izquierda_w,pending,,
mendeley_labeled611_P06_4237a2a20d1c301a,67htnzmwbb.1,P06,w,dactylology,accepted,train,Mexican Sign Languages Dactylology and Ten First Numbers - Labeled images and videos. From person #6 to #11/persona_6/Ciclo_3_5_Derecha/Ciclo_3_5_Derecha_w.mp4,Ciclo_3_5_Derecha_w,pending,,
mendeley_labeled611_P06_1d0de2f0165d5d94,67htnzmwbb.1,P06,w,dactylology,accepted,train,Mexican Sign Languages Dactylology and Ten First Numbers - Labeled images and videos. From person #6 to #11/persona_6/Ciclo_3_5_Izquierda/Ciclo_3_5_Izquierda_w.mp4,Ciclo_3_5_Izquierda_w,pending,,
mendeley_labeled611_P06_43403a68991b8ab2,67htnzmwbb.1,P06,w,dactylology,accepted,train,Mexican Sign Languages Dactylology and Ten First Numbers - Labeled images and videos. From person #6 to #11/persona_6/Ciclo_4_5_Derecha/Ciclo_4_5_Derecha_w.mp4,Ciclo_4_5_Derecha_w,pending,,
mendeley_labeled611_P06_db6040e107ec4ca3,67htnzmwbb.1,P06,w,dactylology,accepted,train,Mexican Sign Languages Dactylology and Ten First Numbers - Labeled images and videos. From person #6 to #11/persona_6/Ciclo_4_5_Izquierda/Ciclo_4_5_Izquierda_w.mp4,Ciclo_4_5_Izquierda_w,pending,,
mendeley_labeled611_P06_61c5f294c376e700,67htnzmwbb.1,P06,w,dactylology,accepted,train,Mexican Sign Languages Dactylology and Ten First Numbers - Labeled images and videos. From person #6 to #11/persona_6/Ciclo_5_5_Derecha/Ciclo_5_5_Derecha_w.mp4,Ciclo_5_5_Derecha_w,pending,,
mendeley_labeled611_P06_ae45c1e54c4b4260,67htnzmwbb.1,P06,w,dactylology,accepted,train,Mexican Sign Languages Dactylology and Ten First Numbers - Labeled images and videos. From person #6 to #11/persona_6/Ciclo_5_5_Izquierda/Ciclo_5_5_Izquierda_w.mp4,Ciclo_5_5_Izquierda_w,pending,,
mendeley_labeled611_P06_e4a315852fda0b72,67htnzmwbb.1,P06,x,dactylology,accepted,train,Mexican Sign Languages Dactylology and Ten First Numbers - Labeled images and videos. From person #6 to #11/persona_6/Ciclo_1_5_Derecha/Ciclo_1_5_Derecha_x.mp4,Ciclo_1_5_Derecha_x,pending,,
mendeley_labeled611_P06_975e4d79aa4ba86c,67htnzmwbb.1,P06,x,dactylology,accepted,train,Mexican Sign Languages Dactylology and Ten First Numbers - Labeled images and videos. From person #6 to #11/persona_6/Ciclo_1_5_Izquierda/Ciclo_1_5_Izquierda_x.mp4,Ciclo_1_5_Izquierda_x,pending,,
mendeley_labeled611_P06_cc9743585951e555,67htnzmwbb.1,P06,x,dactylology,accepted,train,Mexican Sign Languages Dactylology and Ten First Numbers - Labeled images and videos. From person #6 to #11/persona_6/Ciclo_2_5_Derecha/Ciclo_2_5_Derecha_x.mp4,Ciclo_2_5_Derecha_x,pending,,
mendeley_labeled611_P06_dc99746bda2c0ee6,67htnzmwbb.1,P06,x,dactylology,accepted,train,Mexican Sign Languages Dactylology and Ten First Numbers - Labeled images and videos. From person #6 to #11/persona_6/Ciclo_2_5_Izquierda/Ciclo_2_5_Izquierda_x.mp4,Ciclo_2_5_Izquierda_x,pending,,
mendeley_labeled611_P06_45288dcf962b75ce,67htnzmwbb.1,P06,x,dactylology,accepted,train,Mexican Sign Languages Dactylology and Ten First Numbers - Labeled images and videos. From person #6 to #11/persona_6/Ciclo_3_5_Derecha/Ciclo_3_5_Derecha_x.mp4,Ciclo_3_5_Derecha_x,pending,,
mendeley_labeled611_P06_dec0b28856d466af,67htnzmwbb.1,P06,x,dactylology,accepted,train,Mexican Sign Languages Dactylology and Ten First Numbers - Labeled images and videos. From person #6 to #11/persona_6/Ciclo_3_5_Izquierda/Ciclo_3_5_Izquierda_x.mp4,Ciclo_3_5_Izquierda_x,pending,,
mendeley_labeled611_P06_acf21b23b38a50ce,67htnzmwbb.1,P06,x,dactylology,accepted,train,Mexican Sign Languages Dactylology and Ten First Numbers - Labeled images and videos. From person #6 to #11/persona_6/Ciclo_4_5_Derecha/Ciclo_4_5_Derecha_x.mp4,Ciclo_4_5_Derecha_x,pending,,
mendeley_labeled611_P06_0939f6bdd31f3adf,67htnzmwbb.1,P06,x,dactylology,accepted,train,Mexican Sign Languages Dactylology and Ten First Numbers - Labeled images and videos. From person #6 to #11/persona_6/Ciclo_4_5_Izquierda/Ciclo_4_5_Izquierda_x.mp4,Ciclo_4_5_Izquierda_x,pending,,
mendeley_labeled611_P06_cb18d81be97ee6da,67htnzmwbb.1,P06,x,dactylology,accepted,train,Mexican Sign Languages Dactylology and Ten First Numbers - Labeled images and videos. From person #6 to #11/persona_6/Ciclo_5_5_Derecha/Ciclo_5_5_Derecha_x.mp4,Ciclo_5_5_Derecha_x,pending,,
mendeley_labeled611_P06_aaaf77d1c5d6104a,67htnzmwbb.1,P06,x,dactylology,accepted,train,Mexican Sign Languages Dactylology and Ten First Numbers - Labeled images and videos. From person #6 to #11/persona_6/Ciclo_5_5_Izquierda/Ciclo_5_5_Izquierda_x.mp4,Ciclo_5_5_Izquierda_x,pending,,
mendeley_labeled611_P06_62904d099e28fe04,67htnzmwbb.1,P06,y,dactylology,accepted,train,Mexican Sign Languages Dactylology and Ten First Numbers - Labeled images and videos. From person #6 to #11/persona_6/Ciclo_1_5_Derecha/Ciclo_1_5_Derecha_y.mp4,Ciclo_1_5_Derecha_y,pending,,
mendeley_labeled611_P06_6357bb7b5a1c6d92,67htnzmwbb.1,P06,y,dactylology,accepted,train,Mexican Sign Languages Dactylology and Ten First Numbers - Labeled images and videos. From person #6 to #11/persona_6/Ciclo_1_5_Izquierda/Ciclo_1_5_Izquierda_y.mp4,Ciclo_1_5_Izquierda_y,pending,,
mendeley_labeled611_P06_fd7a4ab080a86216,67htnzmwbb.1,P06,y,dactylology,accepted,train,Mexican Sign Languages Dactylology and Ten First Numbers - Labeled images and videos. From person #6 to #11/persona_6/Ciclo_2_5_Derecha/Ciclo_2_5_Derecha_y.mp4,Ciclo_2_5_Derecha_y,pending,,
mendeley_labeled611_P06_c085a51b2a3b720e,67htnzmwbb.1,P06,y,dactylology,accepted,train,Mexican Sign Languages Dactylology and Ten First Numbers - Labeled images and videos. From person #6 to #11/persona_6/Ciclo_2_5_Izquierda/Ciclo_2_5_Izquierda_y.mp4,Ciclo_2_5_Izquierda_y,pending,,
mendeley_labeled611_P06_0bdac4c5ea046157,67htnzmwbb.1,P06,y,dactylology,accepted,train,Mexican Sign Languages Dactylology and Ten First Numbers - Labeled images and videos. From person #6 to #11/persona_6/Ciclo_3_5_Derecha/Ciclo_3_5_Derecha_y.mp4,Ciclo_3_5_Derecha_y,pending,,
mendeley_labeled611_P06_e1845007af46c95e,67htnzmwbb.1,P06,y,dactylology,accepted,train,Mexican Sign Languages Dactylology and Ten First Numbers - Labeled images and videos. From person #6 to #11/persona_6/Ciclo_3_5_Izquierda/Ciclo_3_5_Izquierda_y.mp4,Ciclo_3_5_Izquierda_y,pending,,
mendeley_labeled611_P06_b27398f51ce4bae8,67htnzmwbb.1,P06,y,dactylology,accepted,train,Mexican Sign Languages Dactylology and Ten First Numbers - Labeled images and videos. From person #6 to #11/persona_6/Ciclo_4_5_Derecha/Ciclo_4_5_Derecha_y.mp4,Ciclo_4_5_Derecha_y,pending,,
mendeley_labeled611_P06_644b6a3f8e8774db,67htnzmwbb.1,P06,y,dactylology,accepted,train,Mexican Sign Languages Dactylology and Ten First Numbers - Labeled images and videos. From person #6 to #11/persona_6/Ciclo_4_5_Izquierda/Ciclo_4_5_Izquierda_y.mp4,Ciclo_4_5_Izquierda_y,pending,,
mendeley_labeled611_P06_15d733c78dc0efac,67htnzmwbb.1,P06,y,dactylology,accepted,train,Mexican Sign Languages Dactylology and Ten First Numbers - Labeled images and videos. From person #6 to #11/persona_6/Ciclo_5_5_Derecha/Ciclo_5_5_Derecha_y.mp4,Ciclo_5_5_Derecha_y,pending,,
mendeley_labeled611_P06_16295cba743d561b,67htnzmwbb.1,P06,y,dactylology,accepted,train,Mexican Sign Languages Dactylology and Ten First Numbers - Labeled images and videos. From person #6 to #11/persona_6/Ciclo_5_5_Izquierda/Ciclo_5_5_Izquierda_y.mp4,Ciclo_5_5_Izquierda_y,pending,,
mendeley_labeled611_P06_ae06cc35aac1aeee,67htnzmwbb.1,P06,z,dactylology,accepted,train,Mexican Sign Languages Dactylology and Ten First Numbers - Labeled images and videos. From person #6 to #11/persona_6/Ciclo_1_5_Derecha/Ciclo_1_5_Derecha_z.mp4,Ciclo_1_5_Derecha_z,pending,,
mendeley_labeled611_P06_ce034931d9929788,67htnzmwbb.1,P06,z,dactylology,accepted,train,Mexican Sign Languages Dactylology and Ten First Numbers - Labeled images and videos. From person #6 to #11/persona_6/Ciclo_1_5_Izquierda/Ciclo_1_5_Izquierda_z.mp4,Ciclo_1_5_Izquierda_z,pending,,
mendeley_labeled611_P06_562ca8c436d438b2,67htnzmwbb.1,P06,z,dactylology,accepted,train,Mexican Sign Languages Dactylology and Ten First Numbers - Labeled images and videos. From person #6 to #11/persona_6/Ciclo_2_5_Derecha/Ciclo_2_5_Derecha_z.mp4,Ciclo_2_5_Derecha_z,pending,,
mendeley_labeled611_P06_00a38c922247efd8,67htnzmwbb.1,P06,z,dactylology,accepted,train,Mexican Sign Languages Dactylology and Ten First Numbers - Labeled images and videos. From person #6 to #11/persona_6/Ciclo_2_5_Izquierda/Ciclo_2_5_Izquierda_z.mp4,Ciclo_2_5_Izquierda_z,pending,,
mendeley_labeled611_P06_681edf464e49c11d,67htnzmwbb.1,P06,z,dactylology,accepted,train,Mexican Sign Languages Dactylology and Ten First Numbers - Labeled images and videos. From person #6 to #11/persona_6/Ciclo_3_5_Derecha/Ciclo_3_5_Derecha_z.mp4,Ciclo_3_5_Derecha_z,pending,,
mendeley_labeled611_P06_63fccb024ad83e45,67htnzmwbb.1,P06,z,dactylology,accepted,train,Mexican Sign Languages Dactylology and Ten First Numbers - Labeled images and videos. From person #6 to #11/persona_6/Ciclo_3_5_Izquierda/Ciclo_3_5_Izquierda_z.mp4,Ciclo_3_5_Izquierda_z,pending,,
mendeley_labeled611_P06_d03488e0afc0d955,67htnzmwbb.1,P06,z,dactylology,accepted,train,Mexican Sign Languages Dactylology and Ten First Numbers - Labeled images and videos. From person #6 to #11/persona_6/Ciclo_4_5_Derecha/Ciclo_4_5_Derecha_z.mp4,Ciclo_4_5_Derecha_z,pending,,
mendeley_labeled611_P06_e8c04b52d617a7c9,67htnzmwbb.1,P06,z,dactylology,accepted,train,Mexican Sign Languages Dactylology and Ten First Numbers - Labeled images and videos. From person #6 to #11/persona_6/Ciclo_4_5_Izquierda/Ciclo_4_5_Izquierda_z.mp4,Ciclo_4_5_Izquierda_z,pending,,
mendeley_labeled611_P06_a8b4e819adc6df0a,67htnzmwbb.1,P06,z,dactylology,accepted,train,Mexican Sign Languages Dactylology and Ten First Numbers - Labeled images and videos. From person #6 to #11/persona_6/Ciclo_5_5_Derecha/Ciclo_5_5_Derecha_z.mp4,Ciclo_5_5_Derecha_z,pending,,
mendeley_labeled611_P06_5420d37152c65511,67htnzmwbb.1,P06,z,dactylology,accepted,train,Mexican Sign Languages Dactylology and Ten First Numbers - Labeled images and videos. From person #6 to #11/persona_6/Ciclo_5_5_Izquierda/Ciclo_5_5_Izquierda_z.mp4,Ciclo_5_5_Izquierda_z,pending,,
mendeley_labeled611_P06_a24183298f902992,67htnzmwbb.1,P06,ñ,dactylology,accepted,train,Mexican Sign Languages Dactylology and Ten First Numbers - Labeled images and videos. From person #6 to #11/persona_6/Ciclo_1_5_Derecha/Ciclo_1_5_Derecha_ñ.mp4,Ciclo_1_5_Derecha_ñ,pending,,
mendeley_labeled611_P06_ec04895e8a0abad2,67htnzmwbb.1,P06,ñ,dactylology,accepted,train,Mexican Sign Languages Dactylology and Ten First Numbers - Labeled images and videos. From person #6 to #11/persona_6/Ciclo_2_5_Derecha/Ciclo_2_5_Derecha_ñ.mp4,Ciclo_2_5_Derecha_ñ,pending,,
mendeley_labeled611_P06_d4951740b45b6d62,67htnzmwbb.1,P06,ñ,dactylology,accepted,train,Mexican Sign Languages Dactylology and Ten First Numbers - Labeled images and videos. From person #6 to #11/persona_6/Ciclo_2_5_Izquierda/Ciclo_2_5_Izquierda_ñ.mp4,Ciclo_2_5_Izquierda_ñ,pending,,
mendeley_labeled611_P06_042aa05091229bcf,67htnzmwbb.1,P06,ñ,dactylology,accepted,train,Mexican Sign Languages Dactylology and Ten First Numbers - Labeled images and videos. From person #6 to #11/persona_6/Ciclo_3_5_Derecha/Ciclo_3_5_Derecha_ñ.mp4,Ciclo_3_5_Derecha_ñ,pending,,
mendeley_labeled611_P06_242305a953a8a58a,67htnzmwbb.1,P06,ñ,dactylology,accepted,train,Mexican Sign Languages Dactylology and Ten First Numbers - Labeled images and videos. From person #6 to #11/persona_6/Ciclo_4_5_Derecha/Ciclo_4_5_Derecha_ñ.mp4,Ciclo_4_5_Derecha_ñ,pending,,
mendeley_labeled611_P06_ef39410c1b7ae7d0,67htnzmwbb.1,P06,ñ,dactylology,accepted,train,Mexican Sign Languages Dactylology and Ten First Numbers - Labeled images and videos. From person #6 to #11/persona_6/Ciclo_4_5_Izquierda/Ciclo_4_5_Izquierda_ñ.mp4,Ciclo_4_5_Izquierda_ñ,pending,,
mendeley_labeled611_P06_ba96131440e9e0dc,67htnzmwbb.1,P06,ñ,dactylology,accepted,train,Mexican Sign Languages Dactylology and Ten First Numbers - Labeled images and videos. From person #6 to #11/persona_6/Ciclo_5_5_Derecha/Ciclo_5_5_Derecha_ñ.mp4,Ciclo_5_5_Derecha_ñ,pending,,
mendeley_labeled611_P06_53301c2494f9d036,67htnzmwbb.1,P06,1,number,accepted,train,Mexican Sign Languages Dactylology and Ten First Numbers - Labeled images and videos. From person #6 to #11/persona_6/Ciclo_1_5_Derecha/Ciclo_1_5_Derecha_1.mp4,Ciclo_1_5_Derecha_1,pending,,
mendeley_labeled611_P06_118ac51d25b415ab,67htnzmwbb.1,P06,1,number,accepted,train,Mexican Sign Languages Dactylology and Ten First Numbers - Labeled images and videos. From person #6 to #11/persona_6/Ciclo_1_5_Izquierda/Ciclo_1_5_Izquierda_1.mp4,Ciclo_1_5_Izquierda_1,pending,,
mendeley_labeled611_P06_a262bf06c2836f0b,67htnzmwbb.1,P06,1,number,accepted,train,Mexican Sign Languages Dactylology and Ten First Numbers - Labeled images and videos. From person #6 to #11/persona_6/Ciclo_2_5_Derecha/Ciclo_2_5_Derecha_1.mp4,Ciclo_2_5_Derecha_1,pending,,
mendeley_labeled611_P06_abe5bedfc10156fc,67htnzmwbb.1,P06,1,number,accepted,train,Mexican Sign Languages Dactylology and Ten First Numbers - Labeled images and videos. From person #6 to #11/persona_6/Ciclo_2_5_Izquierda/Ciclo_2_5_Izquierda_1.mp4,Ciclo_2_5_Izquierda_1,pending,,
mendeley_labeled611_P06_0e64f404dc39005d,67htnzmwbb.1,P06,1,number,accepted,train,Mexican Sign Languages Dactylology and Ten First Numbers - Labeled images and videos. From person #6 to #11/persona_6/Ciclo_3_5_Derecha/Ciclo_3_5_Derecha_1.mp4,Ciclo_3_5_Derecha_1,pending,,
mendeley_labeled611_P06_5da235f411a6a07f,67htnzmwbb.1,P06,1,number,accepted,train,Mexican Sign Languages Dactylology and Ten First Numbers - Labeled images and videos. From person #6 to #11/persona_6/Ciclo_3_5_Izquierda/Ciclo_3_5_Izquierda_1.mp4,Ciclo_3_5_Izquierda_1,pending,,
mendeley_labeled611_P06_88e772846000fb52,67htnzmwbb.1,P06,1,number,accepted,train,Mexican Sign Languages Dactylology and Ten First Numbers - Labeled images and videos. From person #6 to #11/persona_6/Ciclo_4_5_Derecha/Ciclo_4_5_Derecha_1.mp4,Ciclo_4_5_Derecha_1,pending,,
mendeley_labeled611_P06_fe2fec851847cf16,67htnzmwbb.1,P06,1,number,accepted,train,Mexican Sign Languages Dactylology and Ten First Numbers - Labeled images and videos. From person #6 to #11/persona_6/Ciclo_4_5_Izquierda/Ciclo_4_5_Izquierda_1.mp4,Ciclo_4_5_Izquierda_1,pending,,
mendeley_labeled611_P06_de50cd2e0ce2110a,67htnzmwbb.1,P06,1,number,accepted,train,Mexican Sign Languages Dactylology and Ten First Numbers - Labeled images and videos. From person #6 to #11/persona_6/Ciclo_5_5_Derecha/Ciclo_5_5_Derecha_1.mp4,Ciclo_5_5_Derecha_1,pending,,
mendeley_labeled611_P06_57c4b3e67c6795b0,67htnzmwbb.1,P06,1,number,accepted,train,Mexican Sign Languages Dactylology and Ten First Numbers - Labeled images and videos. From person #6 to #11/persona_6/Ciclo_5_5_Izquierda/Ciclo_5_5_Izquierda_1.mp4,Ciclo_5_5_Izquierda_1,pending,,
mendeley_labeled611_P06_f311c99b7c6dcfbc,67htnzmwbb.1,P06,10,number,accepted,train,Mexican Sign Languages Dactylology and Ten First Numbers - Labeled images and videos. From person #6 to #11/persona_6/Ciclo_1_5_Derecha/Ciclo_1_5_Derecha_10.mp4,Ciclo_1_5_Derecha_10,pending,,
mendeley_labeled611_P06_74ba60d10246c33c,67htnzmwbb.1,P06,10,number,accepted,train,Mexican Sign Languages Dactylology and Ten First Numbers - Labeled images and videos. From person #6 to #11/persona_6/Ciclo_1_5_Izquierda/Ciclo_1_5_Izquierda_10.mp4,Ciclo_1_5_Izquierda_10,pending,,
mendeley_labeled611_P06_25a77a0ae1b9f1d7,67htnzmwbb.1,P06,10,number,accepted,train,Mexican Sign Languages Dactylology and Ten First Numbers - Labeled images and videos. From person #6 to #11/persona_6/Ciclo_2_5_Derecha/Ciclo_2_5_Derecha_10.mp4,Ciclo_2_5_Derecha_10,pending,,
mendeley_labeled611_P06_e7fb4e965553702d,67htnzmwbb.1,P06,10,number,accepted,train,Mexican Sign Languages Dactylology and Ten First Numbers - Labeled images and videos. From person #6 to #11/persona_6/Ciclo_2_5_Izquierda/Ciclo_2_5_Izquierda_10.mp4,Ciclo_2_5_Izquierda_10,pending,,
mendeley_labeled611_P06_39ea982e9187c470,67htnzmwbb.1,P06,10,number,accepted,train,Mexican Sign Languages Dactylology and Ten First Numbers - Labeled images and videos. From person #6 to #11/persona_6/Ciclo_3_5_Derecha/Ciclo_3_5_Derecha_10.mp4,Ciclo_3_5_Derecha_10,pending,,
mendeley_labeled611_P06_85d8ee22dfa2a760,67htnzmwbb.1,P06,10,number,accepted,train,Mexican Sign Languages Dactylology and Ten First Numbers - Labeled images and videos. From person #6 to #11/persona_6/Ciclo_3_5_Izquierda/Ciclo_3_5_Izquierda_10.mp4,Ciclo_3_5_Izquierda_10,pending,,
mendeley_labeled611_P06_e70301a53ffdbe07,67htnzmwbb.1,P06,10,number,accepted,train,Mexican Sign Languages Dactylology and Ten First Numbers - Labeled images and videos. From person #6 to #11/persona_6/Ciclo_4_5_Derecha/Ciclo_4_5_Derecha_10.mp4,Ciclo_4_5_Derecha_10,pending,,
mendeley_labeled611_P06_eb00445110133684,67htnzmwbb.1,P06,10,number,accepted,train,Mexican Sign Languages Dactylology and Ten First Numbers - Labeled images and videos. From person #6 to #11/persona_6/Ciclo_4_5_Izquierda/Ciclo_4_5_Izquierda_10.mp4,Ciclo_4_5_Izquierda_10,pending,,
mendeley_labeled611_P06_adfcdca5aaea6262,67htnzmwbb.1,P06,10,number,accepted,train,Mexican Sign Languages Dactylology and Ten First Numbers - Labeled images and videos. From person #6 to #11/persona_6/Ciclo_5_5_Derecha/Ciclo_5_5_Derecha_10.mp4,Ciclo_5_5_Derecha_10,pending,,
mendeley_labeled611_P06_3cb9a8ddd26688bb,67htnzmwbb.1,P06,10,number,accepted,train,Mexican Sign Languages Dactylology and Ten First Numbers - Labeled images and videos. From person #6 to #11/persona_6/Ciclo_5_5_Izquierda/Ciclo_5_5_Izquierda_10.mp4,Ciclo_5_5_Izquierda_10,pending,,
mendeley_labeled611_P06_8c84d0726ff18d80,67htnzmwbb.1,P06,2,number,accepted,train,Mexican Sign Languages Dactylology and Ten First Numbers - Labeled images and videos. From person #6 to #11/persona_6/Ciclo_1_5_Derecha/Ciclo_1_5_Derecha_2.mp4,Ciclo_1_5_Derecha_2,pending,,
mendeley_labeled611_P06_b9eeaf42eed69a0f,67htnzmwbb.1,P06,2,number,accepted,train,Mexican Sign Languages Dactylology and Ten First Numbers - Labeled images and videos. From person #6 to #11/persona_6/Ciclo_1_5_Izquierda/Ciclo_1_5_Izquierda_2.mp4,Ciclo_1_5_Izquierda_2,pending,,
mendeley_labeled611_P06_bb01160ce9241bd1,67htnzmwbb.1,P06,2,number,accepted,train,Mexican Sign Languages Dactylology and Ten First Numbers - Labeled images and videos. From person #6 to #11/persona_6/Ciclo_2_5_Derecha/Ciclo_2_5_Derecha_2.mp4,Ciclo_2_5_Derecha_2,pending,,
mendeley_labeled611_P06_4ab6f45516a75ff6,67htnzmwbb.1,P06,2,number,accepted,train,Mexican Sign Languages Dactylology and Ten First Numbers - Labeled images and videos. From person #6 to #11/persona_6/Ciclo_2_5_Izquierda/Ciclo_2_5_Izquierda_2.mp4,Ciclo_2_5_Izquierda_2,pending,,
mendeley_labeled611_P06_1afdf22dbe384951,67htnzmwbb.1,P06,2,number,accepted,train,Mexican Sign Languages Dactylology and Ten First Numbers - Labeled images and videos. From person #6 to #11/persona_6/Ciclo_3_5_Derecha/Ciclo_3_5_Derecha_2.mp4,Ciclo_3_5_Derecha_2,pending,,
mendeley_labeled611_P06_fc7e07947e7bd25b,67htnzmwbb.1,P06,2,number,accepted,train,Mexican Sign Languages Dactylology and Ten First Numbers - Labeled images and videos. From person #6 to #11/persona_6/Ciclo_3_5_Izquierda/Ciclo_3_5_Izquierda_2.mp4,Ciclo_3_5_Izquierda_2,pending,,
mendeley_labeled611_P06_cfe92ff73d79a655,67htnzmwbb.1,P06,2,number,accepted,train,Mexican Sign Languages Dactylology and Ten First Numbers - Labeled images and videos. From person #6 to #11/persona_6/Ciclo_4_5_Derecha/Ciclo_4_5_Derecha_2.mp4,Ciclo_4_5_Derecha_2,pending,,
mendeley_labeled611_P06_ed67babce35a7441,67htnzmwbb.1,P06,2,number,accepted,train,Mexican Sign Languages Dactylology and Ten First Numbers - Labeled images and videos. From person #6 to #11/persona_6/Ciclo_4_5_Izquierda/Ciclo_4_5_Izquierda_2.mp4,Ciclo_4_5_Izquierda_2,pending,,
mendeley_labeled611_P06_2bc233da5230367b,67htnzmwbb.1,P06,2,number,accepted,train,Mexican Sign Languages Dactylology and Ten First Numbers - Labeled images and videos. From person #6 to #11/persona_6/Ciclo_5_5_Derecha/Ciclo_5_5_Derecha_2.mp4,Ciclo_5_5_Derecha_2,pending,,
mendeley_labeled611_P06_835feec1acc35b47,67htnzmwbb.1,P06,2,number,accepted,train,Mexican Sign Languages Dactylology and Ten First Numbers - Labeled images and videos. From person #6 to #11/persona_6/Ciclo_5_5_Izquierda/Ciclo_5_5_Izquierda_2.mp4,Ciclo_5_5_Izquierda_2,pending,,
mendeley_labeled611_P06_ecc2e4f209dd7435,67htnzmwbb.1,P06,3,number,accepted,train,Mexican Sign Languages Dactylology and Ten First Numbers - Labeled images and videos. From person #6 to #11/persona_6/Ciclo_1_5_Derecha/Ciclo_1_5_Derecha_3.mp4,Ciclo_1_5_Derecha_3,pending,,
mendeley_labeled611_P06_6e68473e84786ba0,67htnzmwbb.1,P06,3,number,accepted,train,Mexican Sign Languages Dactylology and Ten First Numbers - Labeled images and videos. From person #6 to #11/persona_6/Ciclo_1_5_Izquierda/Ciclo_1_5_Izquierda_3.mp4,Ciclo_1_5_Izquierda_3,pending,,
mendeley_labeled611_P06_44455497543d5665,67htnzmwbb.1,P06,3,number,accepted,train,Mexican Sign Languages Dactylology and Ten First Numbers - Labeled images and videos. From person #6 to #11/persona_6/Ciclo_2_5_Derecha/Ciclo_2_5_Derecha_3.mp4,Ciclo_2_5_Derecha_3,pending,,
mendeley_labeled611_P06_dc5b19cd8197e5ad,67htnzmwbb.1,P06,3,number,accepted,train,Mexican Sign Languages Dactylology and Ten First Numbers - Labeled images and videos. From person #6 to #11/persona_6/Ciclo_2_5_Izquierda/Ciclo_2_5_Izquierda_3.mp4,Ciclo_2_5_Izquierda_3,pending,,
mendeley_labeled611_P06_6f769b984c4b9d51,67htnzmwbb.1,P06,3,number,accepted,train,Mexican Sign Languages Dactylology and Ten First Numbers - Labeled images and videos. From person #6 to #11/persona_6/Ciclo_3_5_Derecha/Ciclo_3_5_Derecha_3.mp4,Ciclo_3_5_Derecha_3,pending,,
mendeley_labeled611_P06_dc3d0457907a825a,67htnzmwbb.1,P06,3,number,accepted,train,Mexican Sign Languages Dactylology and Ten First Numbers - Labeled images and videos. From person #6 to #11/persona_6/Ciclo_3_5_Izquierda/Ciclo_3_5_Izquierda_3.mp4,Ciclo_3_5_Izquierda_3,pending,,
mendeley_labeled611_P06_e6ffa2bf53245067,67htnzmwbb.1,P06,3,number,accepted,train,Mexican Sign Languages Dactylology and Ten First Numbers - Labeled images and videos. From person #6 to #11/persona_6/Ciclo_4_5_Derecha/Ciclo_4_5_Derecha_3.mp4,Ciclo_4_5_Derecha_3,pending,,
mendeley_labeled611_P06_29e1991e8f6021d1,67htnzmwbb.1,P06,3,number,accepted,train,Mexican Sign Languages Dactylology and Ten First Numbers - Labeled images and videos. From person #6 to #11/persona_6/Ciclo_4_5_Izquierda/Ciclo_4_5_Izquierda_3.mp4,Ciclo_4_5_Izquierda_3,pending,,
mendeley_labeled611_P06_34f58f2d47e1d799,67htnzmwbb.1,P06,3,number,accepted,train,Mexican Sign Languages Dactylology and Ten First Numbers - Labeled images and videos. From person #6 to #11/persona_6/Ciclo_5_5_Derecha/Ciclo_5_5_Derecha_3.mp4,Ciclo_5_5_Derecha_3,pending,,
mendeley_labeled611_P06_5c371d9625915f91,67htnzmwbb.1,P06,3,number,accepted,train,Mexican Sign Languages Dactylology and Ten First Numbers - Labeled images and videos. From person #6 to #11/persona_6/Ciclo_5_5_Izquierda/Ciclo_5_5_Izquierda_3.mp4,Ciclo_5_5_Izquierda_3,pending,,
mendeley_labeled611_P06_d651aa8494f4a601,67htnzmwbb.1,P06,4,number,accepted,train,Mexican Sign Languages Dactylology and Ten First Numbers - Labeled images and videos. From person #6 to #11/persona_6/Ciclo_1_5_Derecha/Ciclo_1_5_Derecha_4.mp4,Ciclo_1_5_Derecha_4,pending,,
mendeley_labeled611_P06_5422f7f1c0bb1c09,67htnzmwbb.1,P06,4,number,accepted,train,Mexican Sign Languages Dactylology and Ten First Numbers - Labeled images and videos. From person #6 to #11/persona_6/Ciclo_1_5_Izquierda/Ciclo_1_5_Izquierda_4.mp4,Ciclo_1_5_Izquierda_4,pending,,
mendeley_labeled611_P06_5432dbdb383a8215,67htnzmwbb.1,P06,4,number,accepted,train,Mexican Sign Languages Dactylology and Ten First Numbers - Labeled images and videos. From person #6 to #11/persona_6/Ciclo_2_5_Derecha/Ciclo_2_5_Derecha_4.mp4,Ciclo_2_5_Derecha_4,pending,,
mendeley_labeled611_P06_50293ca127389cf3,67htnzmwbb.1,P06,4,number,accepted,train,Mexican Sign Languages Dactylology and Ten First Numbers - Labeled images and videos. From person #6 to #11/persona_6/Ciclo_2_5_Izquierda/Ciclo_2_5_Izquierda_4.mp4,Ciclo_2_5_Izquierda_4,pending,,
mendeley_labeled611_P06_d659ec6fb6d88a11,67htnzmwbb.1,P06,4,number,accepted,train,Mexican Sign Languages Dactylology and Ten First Numbers - Labeled images and videos. From person #6 to #11/persona_6/Ciclo_3_5_Derecha/Ciclo_3_5_Derecha_4.mp4,Ciclo_3_5_Derecha_4,pending,,
mendeley_labeled611_P06_bf81b6f5a3ce5585,67htnzmwbb.1,P06,4,number,accepted,train,Mexican Sign Languages Dactylology and Ten First Numbers - Labeled images and videos. From person #6 to #11/persona_6/Ciclo_3_5_Izquierda/Ciclo_3_5_Izquierda_4.mp4,Ciclo_3_5_Izquierda_4,pending,,
mendeley_labeled611_P06_85546eb5a022f292,67htnzmwbb.1,P06,4,number,accepted,train,Mexican Sign Languages Dactylology and Ten First Numbers - Labeled images and videos. From person #6 to #11/persona_6/Ciclo_4_5_Derecha/Ciclo_4_5_Derecha_4.mp4,Ciclo_4_5_Derecha_4,pending,,
mendeley_labeled611_P06_c2ba54134e6b307b,67htnzmwbb.1,P06,4,number,accepted,train,Mexican Sign Languages Dactylology and Ten First Numbers - Labeled images and videos. From person #6 to #11/persona_6/Ciclo_4_5_Izquierda/Ciclo_4_5_Izquierda_4.mp4,Ciclo_4_5_Izquierda_4,pending,,
mendeley_labeled611_P06_f4cbb1ba7767a1d8,67htnzmwbb.1,P06,4,number,accepted,train,Mexican Sign Languages Dactylology and Ten First Numbers - Labeled images and videos. From person #6 to #11/persona_6/Ciclo_5_5_Derecha/Ciclo_5_5_Derecha_4.mp4,Ciclo_5_5_Derecha_4,pending,,
mendeley_labeled611_P06_81cd781c47f076f7,67htnzmwbb.1,P06,4,number,accepted,train,Mexican Sign Languages Dactylology and Ten First Numbers - Labeled images and videos. From person #6 to #11/persona_6/Ciclo_5_5_Izquierda/Ciclo_5_5_Izquierda_4.mp4,Ciclo_5_5_Izquierda_4,pending,,
mendeley_labeled611_P06_310d1d9d9e4b1670,67htnzmwbb.1,P06,5,number,accepted,train,Mexican Sign Languages Dactylology and Ten First Numbers - Labeled images and videos. From person #6 to #11/persona_6/Ciclo_1_5_Derecha/Ciclo_1_5_Derecha_5.mp4,Ciclo_1_5_Derecha_5,pending,,
mendeley_labeled611_P06_bddd5c456c0fe4aa,67htnzmwbb.1,P06,5,number,accepted,train,Mexican Sign Languages Dactylology and Ten First Numbers - Labeled images and videos. From person #6 to #11/persona_6/Ciclo_1_5_Izquierda/Ciclo_1_5_Izquierda_5.mp4,Ciclo_1_5_Izquierda_5,pending,,
mendeley_labeled611_P06_be2989a293dba4fc,67htnzmwbb.1,P06,5,number,accepted,train,Mexican Sign Languages Dactylology and Ten First Numbers - Labeled images and videos. From person #6 to #11/persona_6/Ciclo_2_5_Derecha/Ciclo_2_5_Derecha_5.mp4,Ciclo_2_5_Derecha_5,pending,,
mendeley_labeled611_P06_24c9dc9625f3acfa,67htnzmwbb.1,P06,5,number,accepted,train,Mexican Sign Languages Dactylology and Ten First Numbers - Labeled images and videos. From person #6 to #11/persona_6/Ciclo_2_5_Izquierda/Ciclo_2_5_Izquierda_5.mp4,Ciclo_2_5_Izquierda_5,pending,,
mendeley_labeled611_P06_c5377e7163de9959,67htnzmwbb.1,P06,5,number,accepted,train,Mexican Sign Languages Dactylology and Ten First Numbers - Labeled images and videos. From person #6 to #11/persona_6/Ciclo_3_5_Derecha/Ciclo_3_5_Derecha_5.mp4,Ciclo_3_5_Derecha_5,pending,,
mendeley_labeled611_P06_b1c1ae30ba5d046a,67htnzmwbb.1,P06,5,number,accepted,train,Mexican Sign Languages Dactylology and Ten First Numbers - Labeled images and videos. From person #6 to #11/persona_6/Ciclo_3_5_Izquierda/Ciclo_3_5_Izquierda_5.mp4,Ciclo_3_5_Izquierda_5,pending,,
mendeley_labeled611_P06_c51f568374c8b040,67htnzmwbb.1,P06,5,number,accepted,train,Mexican Sign Languages Dactylology and Ten First Numbers - Labeled images and videos. From person #6 to #11/persona_6/Ciclo_4_5_Derecha/Ciclo_4_5_Derecha_5.mp4,Ciclo_4_5_Derecha_5,pending,,
mendeley_labeled611_P06_d5f0ce54ad1a9b26,67htnzmwbb.1,P06,5,number,accepted,train,Mexican Sign Languages Dactylology and Ten First Numbers - Labeled images and videos. From person #6 to #11/persona_6/Ciclo_4_5_Izquierda/Ciclo_4_5_Izquierda_5.mp4,Ciclo_4_5_Izquierda_5,pending,,
mendeley_labeled611_P06_fb2b4ded26f71ad7,67htnzmwbb.1,P06,5,number,accepted,train,Mexican Sign Languages Dactylology and Ten First Numbers - Labeled images and videos. From person #6 to #11/persona_6/Ciclo_5_5_Derecha/Ciclo_5_5_Derecha_5.mp4,Ciclo_5_5_Derecha_5,pending,,
mendeley_labeled611_P06_476f16db7ba00b44,67htnzmwbb.1,P06,5,number,accepted,train,Mexican Sign Languages Dactylology and Ten First Numbers - Labeled images and videos. From person #6 to #11/persona_6/Ciclo_5_5_Izquierda/Ciclo_5_5_Izquierda_5.mp4,Ciclo_5_5_Izquierda_5,pending,,
mendeley_labeled611_P06_2d6089e2dc8a5000,67htnzmwbb.1,P06,6,number,accepted,train,Mexican Sign Languages Dactylology and Ten First Numbers - Labeled images and videos. From person #6 to #11/persona_6/Ciclo_1_5_Derecha/Ciclo_1_5_Derecha_6.mp4,Ciclo_1_5_Derecha_6,pending,,
mendeley_labeled611_P06_b394b67b4c71de96,67htnzmwbb.1,P06,6,number,accepted,train,Mexican Sign Languages Dactylology and Ten First Numbers - Labeled images and videos. From person #6 to #11/persona_6/Ciclo_1_5_Izquierda/Ciclo_1_5_Izquierda_6.mp4,Ciclo_1_5_Izquierda_6,pending,,
mendeley_labeled611_P06_70e69e48d3942eca,67htnzmwbb.1,P06,6,number,accepted,train,Mexican Sign Languages Dactylology and Ten First Numbers - Labeled images and videos. From person #6 to #11/persona_6/Ciclo_2_5_Derecha/Ciclo_2_5_Derecha_6.mp4,Ciclo_2_5_Derecha_6,pending,,
mendeley_labeled611_P06_2b94d9dedebf4121,67htnzmwbb.1,P06,6,number,accepted,train,Mexican Sign Languages Dactylology and Ten First Numbers - Labeled images and videos. From person #6 to #11/persona_6/Ciclo_2_5_Izquierda/Ciclo_2_5_Izquierda_6.mp4,Ciclo_2_5_Izquierda_6,pending,,
mendeley_labeled611_P06_d05ef8b629270688,67htnzmwbb.1,P06,6,number,accepted,train,Mexican Sign Languages Dactylology and Ten First Numbers - Labeled images and videos. From person #6 to #11/persona_6/Ciclo_3_5_Derecha/Ciclo_3_5_Derecha_6.mp4,Ciclo_3_5_Derecha_6,pending,,
mendeley_labeled611_P06_3383797121792375,67htnzmwbb.1,P06,6,number,accepted,train,Mexican Sign Languages Dactylology and Ten First Numbers - Labeled images and videos. From person #6 to #11/persona_6/Ciclo_3_5_Izquierda/Ciclo_3_5_Izquierda_6.mp4,Ciclo_3_5_Izquierda_6,pending,,
mendeley_labeled611_P06_b6a551bfc22438cf,67htnzmwbb.1,P06,6,number,accepted,train,Mexican Sign Languages Dactylology and Ten First Numbers - Labeled images and videos. From person #6 to #11/persona_6/Ciclo_4_5_Derecha/Ciclo_4_5_Derecha_6.mp4,Ciclo_4_5_Derecha_6,pending,,
mendeley_labeled611_P06_bec22703b393636f,67htnzmwbb.1,P06,6,number,accepted,train,Mexican Sign Languages Dactylology and Ten First Numbers - Labeled images and videos. From person #6 to #11/persona_6/Ciclo_4_5_Izquierda/Ciclo_4_5_Izquierda_6.mp4,Ciclo_4_5_Izquierda_6,pending,,
mendeley_labeled611_P06_3b830750134058bc,67htnzmwbb.1,P06,6,number,accepted,train,Mexican Sign Languages Dactylology and Ten First Numbers - Labeled images and videos. From person #6 to #11/persona_6/Ciclo_5_5_Derecha/Ciclo_5_5_Derecha_6.mp4,Ciclo_5_5_Derecha_6,pending,,
mendeley_labeled611_P06_49d4687a80c6ec0b,67htnzmwbb.1,P06,6,number,accepted,train,Mexican Sign Languages Dactylology and Ten First Numbers - Labeled images and videos. From person #6 to #11/persona_6/Ciclo_5_5_Izquierda/Ciclo_5_5_Izquierda_6.mp4,Ciclo_5_5_Izquierda_6,pending,,
mendeley_labeled611_P06_680a728ddae009f1,67htnzmwbb.1,P06,7,number,accepted,train,Mexican Sign Languages Dactylology and Ten First Numbers - Labeled images and videos. From person #6 to #11/persona_6/Ciclo_1_5_Derecha/Ciclo_1_5_Derecha_7.mp4,Ciclo_1_5_Derecha_7,pending,,
mendeley_labeled611_P06_7be41542f99702a9,67htnzmwbb.1,P06,7,number,accepted,train,Mexican Sign Languages Dactylology and Ten First Numbers - Labeled images and videos. From person #6 to #11/persona_6/Ciclo_1_5_Izquierda/Ciclo_1_5_Izquierda_7.mp4,Ciclo_1_5_Izquierda_7,pending,,
mendeley_labeled611_P06_19d4e8f6e8ec3dd2,67htnzmwbb.1,P06,7,number,accepted,train,Mexican Sign Languages Dactylology and Ten First Numbers - Labeled images and videos. From person #6 to #11/persona_6/Ciclo_2_5_Derecha/Ciclo_2_5_Derecha_7.mp4,Ciclo_2_5_Derecha_7,pending,,
mendeley_labeled611_P06_cfeeaec56e9318ee,67htnzmwbb.1,P06,7,number,accepted,train,Mexican Sign Languages Dactylology and Ten First Numbers - Labeled images and videos. From person #6 to #11/persona_6/Ciclo_2_5_Izquierda/Ciclo_2_5_Izquierda_7.mp4,Ciclo_2_5_Izquierda_7,pending,,
mendeley_labeled611_P06_6a4e028c5971ee4f,67htnzmwbb.1,P06,7,number,accepted,train,Mexican Sign Languages Dactylology and Ten First Numbers - Labeled images and videos. From person #6 to #11/persona_6/Ciclo_3_5_Derecha/Ciclo_3_5_Derecha_7.mp4,Ciclo_3_5_Derecha_7,pending,,
mendeley_labeled611_P06_88848bf417c4e775,67htnzmwbb.1,P06,7,number,accepted,train,Mexican Sign Languages Dactylology and Ten First Numbers - Labeled images and videos. From person #6 to #11/persona_6/Ciclo_3_5_Izquierda/Ciclo_3_5_Izquierda_7.mp4,Ciclo_3_5_Izquierda_7,pending,,
mendeley_labeled611_P06_96a35a1dd861c32e,67htnzmwbb.1,P06,7,number,accepted,train,Mexican Sign Languages Dactylology and Ten First Numbers - Labeled images and videos. From person #6 to #11/persona_6/Ciclo_4_5_Derecha/Ciclo_4_5_Derecha_7.mp4,Ciclo_4_5_Derecha_7,pending,,
mendeley_labeled611_P06_988a42995a6a67db,67htnzmwbb.1,P06,7,number,accepted,train,Mexican Sign Languages Dactylology and Ten First Numbers - Labeled images and videos. From person #6 to #11/persona_6/Ciclo_4_5_Izquierda/Ciclo_4_5_Izquierda_7.mp4,Ciclo_4_5_Izquierda_7,pending,,
mendeley_labeled611_P06_ad301a4d9f715f22,67htnzmwbb.1,P06,7,number,accepted,train,Mexican Sign Languages Dactylology and Ten First Numbers - Labeled images and videos. From person #6 to #11/persona_6/Ciclo_5_5_Derecha/Ciclo_5_5_Derecha_7.mp4,Ciclo_5_5_Derecha_7,pending,,
mendeley_labeled611_P06_13f7dedaec6c8da7,67htnzmwbb.1,P06,7,number,accepted,train,Mexican Sign Languages Dactylology and Ten First Numbers - Labeled images and videos. From person #6 to #11/persona_6/Ciclo_5_5_Izquierda/Ciclo_5_5_Izquierda_7.mp4,Ciclo_5_5_Izquierda_7,pending,,
mendeley_labeled611_P06_488714e03b1bcd09,67htnzmwbb.1,P06,8,number,accepted,train,Mexican Sign Languages Dactylology and Ten First Numbers - Labeled images and videos. From person #6 to #11/persona_6/Ciclo_1_5_Derecha/Ciclo_1_5_Derecha_8.mp4,Ciclo_1_5_Derecha_8,pending,,
mendeley_labeled611_P06_85844613039d4d53,67htnzmwbb.1,P06,8,number,accepted,train,Mexican Sign Languages Dactylology and Ten First Numbers - Labeled images and videos. From person #6 to #11/persona_6/Ciclo_1_5_Izquierda/Ciclo_1_5_Izquierda_8.mp4,Ciclo_1_5_Izquierda_8,pending,,
mendeley_labeled611_P06_9b68328165dad2c3,67htnzmwbb.1,P06,8,number,accepted,train,Mexican Sign Languages Dactylology and Ten First Numbers - Labeled images and videos. From person #6 to #11/persona_6/Ciclo_2_5_Derecha/Ciclo_2_5_Derecha_8.mp4,Ciclo_2_5_Derecha_8,pending,,
mendeley_labeled611_P06_15ae21b6fecd19f5,67htnzmwbb.1,P06,8,number,accepted,train,Mexican Sign Languages Dactylology and Ten First Numbers - Labeled images and videos. From person #6 to #11/persona_6/Ciclo_2_5_Izquierda/Ciclo_2_5_Izquierda_8.mp4,Ciclo_2_5_Izquierda_8,pending,,
mendeley_labeled611_P06_78830dc9892bffc4,67htnzmwbb.1,P06,8,number,accepted,train,Mexican Sign Languages Dactylology and Ten First Numbers - Labeled images and videos. From person #6 to #11/persona_6/Ciclo_3_5_Derecha/Ciclo_3_5_Derecha_8.mp4,Ciclo_3_5_Derecha_8,pending,,
mendeley_labeled611_P06_6d109fb7cb111056,67htnzmwbb.1,P06,8,number,accepted,train,Mexican Sign Languages Dactylology and Ten First Numbers - Labeled images and videos. From person #6 to #11/persona_6/Ciclo_3_5_Izquierda/Ciclo_3_5_Izquierda_8.mp4,Ciclo_3_5_Izquierda_8,pending,,
mendeley_labeled611_P06_207173ce6e67f11d,67htnzmwbb.1,P06,8,number,accepted,train,Mexican Sign Languages Dactylology and Ten First Numbers - Labeled images and videos. From person #6 to #11/persona_6/Ciclo_4_5_Derecha/Ciclo_4_5_Derecha_8.mp4,Ciclo_4_5_Derecha_8,pending,,
mendeley_labeled611_P06_c4ad8a44ae1480f3,67htnzmwbb.1,P06,8,number,accepted,train,Mexican Sign Languages Dactylology and Ten First Numbers - Labeled images and videos. From person #6 to #11/persona_6/Ciclo_4_5_Izquierda/Ciclo_4_5_Izquierda_8.mp4,Ciclo_4_5_Izquierda_8,pending,,
mendeley_labeled611_P06_732d1cdafc5c4cdc,67htnzmwbb.1,P06,8,number,accepted,train,Mexican Sign Languages Dactylology and Ten First Numbers - Labeled images and videos. From person #6 to #11/persona_6/Ciclo_5_5_Derecha/Ciclo_5_5_Derecha_8.mp4,Ciclo_5_5_Derecha_8,pending,,
mendeley_labeled611_P06_66af42165e54f6f4,67htnzmwbb.1,P06,8,number,accepted,train,Mexican Sign Languages Dactylology and Ten First Numbers - Labeled images and videos. From person #6 to #11/persona_6/Ciclo_5_5_Izquierda/Ciclo_5_5_Izquierda_8.mp4,Ciclo_5_5_Izquierda_8,pending,,
mendeley_labeled611_P06_b7331f95eaba608f,67htnzmwbb.1,P06,9,number,accepted,train,Mexican Sign Languages Dactylology and Ten First Numbers - Labeled images and videos. From person #6 to #11/persona_6/Ciclo_1_5_Derecha/Ciclo_1_5_Derecha_9.mp4,Ciclo_1_5_Derecha_9,pending,,
mendeley_labeled611_P06_41bd73a1a1dff0dd,67htnzmwbb.1,P06,9,number,accepted,train,Mexican Sign Languages Dactylology and Ten First Numbers - Labeled images and videos. From person #6 to #11/persona_6/Ciclo_1_5_Izquierda/Ciclo_1_5_Izquierda_9.mp4,Ciclo_1_5_Izquierda_9,pending,,
mendeley_labeled611_P06_ac2120f677ca1215,67htnzmwbb.1,P06,9,number,accepted,train,Mexican Sign Languages Dactylology and Ten First Numbers - Labeled images and videos. From person #6 to #11/persona_6/Ciclo_2_5_Derecha/Ciclo_2_5_Derecha_9.mp4,Ciclo_2_5_Derecha_9,pending,,
mendeley_labeled611_P06_70c4aab84a7e1a29,67htnzmwbb.1,P06,9,number,accepted,train,Mexican Sign Languages Dactylology and Ten First Numbers - Labeled images and videos. From person #6 to #11/persona_6/Ciclo_2_5_Izquierda/Ciclo_2_5_Izquierda_9.mp4,Ciclo_2_5_Izquierda_9,pending,,
mendeley_labeled611_P06_bcc750fd72389ddf,67htnzmwbb.1,P06,9,number,accepted,train,Mexican Sign Languages Dactylology and Ten First Numbers - Labeled images and videos. From person #6 to #11/persona_6/Ciclo_3_5_Derecha/Ciclo_3_5_Derecha_9.mp4,Ciclo_3_5_Derecha_9,pending,,
mendeley_labeled611_P06_9c5d931addf334a5,67htnzmwbb.1,P06,9,number,accepted,train,Mexican Sign Languages Dactylology and Ten First Numbers - Labeled images and videos. From person #6 to #11/persona_6/Ciclo_3_5_Izquierda/Ciclo_3_5_Izquierda_9.mp4,Ciclo_3_5_Izquierda_9,pending,,
mendeley_labeled611_P06_7ca6c849c847ae53,67htnzmwbb.1,P06,9,number,accepted,train,Mexican Sign Languages Dactylology and Ten First Numbers - Labeled images and videos. From person #6 to #11/persona_6/Ciclo_4_5_Derecha/Ciclo_4_5_Derecha_9.mp4,Ciclo_4_5_Derecha_9,pending,,
mendeley_labeled611_P06_c8f87106b8e45eef,67htnzmwbb.1,P06,9,number,accepted,train,Mexican Sign Languages Dactylology and Ten First Numbers - Labeled images and videos. From person #6 to #11/persona_6/Ciclo_4_5_Izquierda/Ciclo_4_5_Izquierda_9.mp4,Ciclo_4_5_Izquierda_9,pending,,
mendeley_labeled611_P06_cc31dceb69b66609,67htnzmwbb.1,P06,9,number,accepted,train,Mexican Sign Languages Dactylology and Ten First Numbers - Labeled images and videos. From person #6 to #11/persona_6/Ciclo_5_5_Derecha/Ciclo_5_5_Derecha_9.mp4,Ciclo_5_5_Derecha_9,pending,,
mendeley_labeled611_P06_3e356147cee12ca6,67htnzmwbb.1,P06,9,number,accepted,train,Mexican Sign Languages Dactylology and Ten First Numbers - Labeled images and videos. From person #6 to #11/persona_6/Ciclo_5_5_Izquierda/Ciclo_5_5_Izquierda_9.mp4,Ciclo_5_5_Izquierda_9,pending,,
mendeley_labeled611_P06_d08551061b5a8167,67htnzmwbb.1,P06,n-3d8vlo,unknown,quarantined_ambiguous,train,Mexican Sign Languages Dactylology and Ten First Numbers - Labeled images and videos. From person #6 to #11/persona_6/Ciclo_2_5_Izquierda/Ciclo_2_5_Izquierda_n-3D8Vlo.mp4,Ciclo_2_5_Izquierda_n-3D8Vlo,quarantined,,ambiguous_or_unrecognized_filename_suffix
mendeley_labeled611_P06_7cf3d80f5324766b,67htnzmwbb.1,P06,n-3j58da,unknown,quarantined_ambiguous,train,Mexican Sign Languages Dactylology and Ten First Numbers - Labeled images and videos. From person #6 to #11/persona_6/Ciclo_5_5_Derecha/Ciclo_5_5_Derecha_n-3j58da.mp4,Ciclo_5_5_Derecha_n-3j58da,quarantined,,ambiguous_or_unrecognized_filename_suffix
mendeley_labeled611_P06_2c5350f80d3ea2fb,67htnzmwbb.1,P06,n-5l0zcw,unknown,quarantined_ambiguous,train,Mexican Sign Languages Dactylology and Ten First Numbers - Labeled images and videos. From person #6 to #11/persona_6/Ciclo_4_5_Izquierda/Ciclo_4_5_Izquierda_n-5L0Zcw.mp4,Ciclo_4_5_Izquierda_n-5L0Zcw,quarantined,,ambiguous_or_unrecognized_filename_suffix
mendeley_labeled611_P06_8556a8c4fa2e0501,67htnzmwbb.1,P06,n-7dpdnt,unknown,quarantined_ambiguous,train,Mexican Sign Languages Dactylology and Ten First Numbers - Labeled images and videos. From person #6 to #11/persona_6/Ciclo_3_5_Derecha/Ciclo_3_5_Derecha_n-7dpDnt.mp4,Ciclo_3_5_Derecha_n-7dpDnt,quarantined,,ambiguous_or_unrecognized_filename_suffix
mendeley_labeled611_P06_33e9e9efd39c5c7a,67htnzmwbb.1,P06,n-845hzh,unknown,quarantined_ambiguous,train,Mexican Sign Languages Dactylology and Ten First Numbers - Labeled images and videos. From person #6 to #11/persona_6/Ciclo_4_5_Derecha/Ciclo_4_5_Derecha_n-845HZH.mp4,Ciclo_4_5_Derecha_n-845HZH,quarantined,,ambiguous_or_unrecognized_filename_suffix
mendeley_labeled611_P06_77b6d18b0938df69,67htnzmwbb.1,P06,n-8iq7sr,unknown,quarantined_ambiguous,train,Mexican Sign Languages Dactylology and Ten First Numbers - Labeled images and videos. From person #6 to #11/persona_6/Ciclo_2_5_Derecha/Ciclo_2_5_Derecha_n-8iq7Sr.mp4,Ciclo_2_5_Derecha_n-8iq7Sr,quarantined,,ambiguous_or_unrecognized_filename_suffix
mendeley_labeled611_P06_ecb34659c52ab4e2,67htnzmwbb.1,P06,n-n2fv9b,unknown,quarantined_ambiguous,train,Mexican Sign Languages Dactylology and Ten First Numbers - Labeled images and videos. From person #6 to #11/persona_6/Ciclo_1_5_Derecha/Ciclo_1_5_Derecha_n-n2FV9b.mp4,Ciclo_1_5_Derecha_n-n2FV9b,quarantined,,ambiguous_or_unrecognized_filename_suffix
mendeley_labeled611_P06_2bab663bef0612e0,67htnzmwbb.1,P06,ñ-0zixvj,unknown,quarantined_unknown_label,train,Mexican Sign Languages Dactylology and Ten First Numbers - Labeled images and videos. From person #6 to #11/persona_6/Ciclo_1_5_Izquierda/Ciclo_1_5_Izquierda_ñ-0ziXvj.mp4,Ciclo_1_5_Izquierda_ñ-0ziXvj,quarantined,,ambiguous_or_unrecognized_filename_suffix
mendeley_labeled611_P06_6138d461d3c1ce5f,67htnzmwbb.1,P06,ñ-eimh62,unknown,quarantined_unknown_label,train,Mexican Sign Languages Dactylology and Ten First Numbers - Labeled images and videos. From person #6 to #11/persona_6/Ciclo_5_5_Izquierda/Ciclo_5_5_Izquierda_ñ-eImh62.mp4,Ciclo_5_5_Izquierda_ñ-eImh62,quarantined,,ambiguous_or_unrecognized_filename_suffix
mendeley_labeled611_P06_95cea28009f0daa8,67htnzmwbb.1,P06,ñ-ifvzzo,unknown,quarantined_unknown_label,train,Mexican Sign Languages Dactylology and Ten First Numbers - Labeled images and videos. From person #6 to #11/persona_6/Ciclo_3_5_Izquierda/Ciclo_3_5_Izquierda_ñ-ifVzZo.mp4,Ciclo_3_5_Izquierda_ñ-ifVzZo,quarantined,,ambiguous_or_unrecognized_filename_suffix
mendeley_labeled611_P07_e4933f50d933e1c4,67htnzmwbb.1,P07,a,dactylology,accepted,train,Mexican Sign Languages Dactylology and Ten First Numbers - Labeled images and videos. From person #6 to #11/persona_7/Ciclo_1_5_Derecha/Ciclo_1_5_Derecha_a.mp4,Ciclo_1_5_Derecha_a,pending,,
mendeley_labeled611_P07_36040614a3ecc9b2,67htnzmwbb.1,P07,a,dactylology,accepted,train,Mexican Sign Languages Dactylology and Ten First Numbers - Labeled images and videos. From person #6 to #11/persona_7/Ciclo_1_5_Izquierda/Ciclo_1_5_Izq_a.mp4,Ciclo_1_5_Izq_a,pending,,
mendeley_labeled611_P07_e2bf00e4e6b32984,67htnzmwbb.1,P07,a,dactylology,accepted,train,Mexican Sign Languages Dactylology and Ten First Numbers - Labeled images and videos. From person #6 to #11/persona_7/Ciclo_2_5_Derecha/Ciclo_2_5_Derecha_a.mp4,Ciclo_2_5_Derecha_a,pending,,
mendeley_labeled611_P07_7009696c78db0f03,67htnzmwbb.1,P07,a,dactylology,accepted,train,Mexican Sign Languages Dactylology and Ten First Numbers - Labeled images and videos. From person #6 to #11/persona_7/Ciclo_2_5_Izquierda/Ciclo_2_5_Izq_a.mp4,Ciclo_2_5_Izq_a,pending,,
mendeley_labeled611_P07_f6dfa9945d325177,67htnzmwbb.1,P07,a,dactylology,accepted,train,Mexican Sign Languages Dactylology and Ten First Numbers - Labeled images and videos. From person #6 to #11/persona_7/Ciclo_3_5_Derecha/Ciclo_3_5_Derecha_a.mp4,Ciclo_3_5_Derecha_a,pending,,
mendeley_labeled611_P07_7022f3cfc190be0f,67htnzmwbb.1,P07,a,dactylology,accepted,train,Mexican Sign Languages Dactylology and Ten First Numbers - Labeled images and videos. From person #6 to #11/persona_7/Ciclo_3_5_Izquierda/Ciclo_3_5_Izq_a.mp4,Ciclo_3_5_Izq_a,pending,,
mendeley_labeled611_P07_a6ff803fb067b143,67htnzmwbb.1,P07,a,dactylology,accepted,train,Mexican Sign Languages Dactylology and Ten First Numbers - Labeled images and videos. From person #6 to #11/persona_7/Ciclo_4_5_Derecha/Ciclo_4_5_Derecha_a.mp4,Ciclo_4_5_Derecha_a,pending,,
mendeley_labeled611_P07_b2c9d5a8d174c061,67htnzmwbb.1,P07,a,dactylology,accepted,train,Mexican Sign Languages Dactylology and Ten First Numbers - Labeled images and videos. From person #6 to #11/persona_7/Ciclo_4_5_Izquierda/Ciclo_4_5_Izq_a.mp4,Ciclo_4_5_Izq_a,pending,,
mendeley_labeled611_P07_38ef52de234fac69,67htnzmwbb.1,P07,a,dactylology,accepted,train,Mexican Sign Languages Dactylology and Ten First Numbers - Labeled images and videos. From person #6 to #11/persona_7/Ciclo_5_5_Derecha/Ciclo_5_5_Derecha_a.mp4,Ciclo_5_5_Derecha_a,pending,,
mendeley_labeled611_P07_b74a94e09b679738,67htnzmwbb.1,P07,a,dactylology,accepted,train,Mexican Sign Languages Dactylology and Ten First Numbers - Labeled images and videos. From person #6 to #11/persona_7/Ciclo_5_5_Izquierda/Ciclo_5_5_Izq_a.mp4,Ciclo_5_5_Izq_a,pending,,
mendeley_labeled611_P07_4225cf28a16208a1,67htnzmwbb.1,P07,b,dactylology,accepted,train,Mexican Sign Languages Dactylology and Ten First Numbers - Labeled images and videos. From person #6 to #11/persona_7/Ciclo_1_5_Derecha/Ciclo_1_5_Derecha_b.mp4,Ciclo_1_5_Derecha_b,pending,,
mendeley_labeled611_P07_660fd6f84515025e,67htnzmwbb.1,P07,b,dactylology,accepted,train,Mexican Sign Languages Dactylology and Ten First Numbers - Labeled images and videos. From person #6 to #11/persona_7/Ciclo_1_5_Izquierda/Ciclo_1_5_Izq_b.mp4,Ciclo_1_5_Izq_b,pending,,
mendeley_labeled611_P07_22c2ad544a5cb165,67htnzmwbb.1,P07,b,dactylology,accepted,train,Mexican Sign Languages Dactylology and Ten First Numbers - Labeled images and videos. From person #6 to #11/persona_7/Ciclo_2_5_Derecha/Ciclo_2_5_Derecha_b.mp4,Ciclo_2_5_Derecha_b,pending,,
mendeley_labeled611_P07_53f1227f66651ee7,67htnzmwbb.1,P07,b,dactylology,accepted,train,Mexican Sign Languages Dactylology and Ten First Numbers - Labeled images and videos. From person #6 to #11/persona_7/Ciclo_2_5_Izquierda/Ciclo_2_5_Izq_b.mp4,Ciclo_2_5_Izq_b,pending,,
mendeley_labeled611_P07_4595c971c7fcee5b,67htnzmwbb.1,P07,b,dactylology,accepted,train,Mexican Sign Languages Dactylology and Ten First Numbers - Labeled images and videos. From person #6 to #11/persona_7/Ciclo_3_5_Derecha/Ciclo_3_5_Derecha_b.mp4,Ciclo_3_5_Derecha_b,pending,,
mendeley_labeled611_P07_002c9eaa555561c2,67htnzmwbb.1,P07,b,dactylology,accepted,train,Mexican Sign Languages Dactylology and Ten First Numbers - Labeled images and videos. From person #6 to #11/persona_7/Ciclo_3_5_Izquierda/Ciclo_3_5_Izq_b.mp4,Ciclo_3_5_Izq_b,pending,,
mendeley_labeled611_P07_7182e1e8117e8667,67htnzmwbb.1,P07,b,dactylology,accepted,train,Mexican Sign Languages Dactylology and Ten First Numbers - Labeled images and videos. From person #6 to #11/persona_7/Ciclo_4_5_Derecha/Ciclo_4_5_Derecha_b.mp4,Ciclo_4_5_Derecha_b,pending,,
mendeley_labeled611_P07_81ce51082be31804,67htnzmwbb.1,P07,b,dactylology,accepted,train,Mexican Sign Languages Dactylology and Ten First Numbers - Labeled images and videos. From person #6 to #11/persona_7/Ciclo_4_5_Izquierda/Ciclo_4_5_Izq_b.mp4,Ciclo_4_5_Izq_b,pending,,
mendeley_labeled611_P07_585bc0ce6368426f,67htnzmwbb.1,P07,b,dactylology,accepted,train,Mexican Sign Languages Dactylology and Ten First Numbers - Labeled images and videos. From person #6 to #11/persona_7/Ciclo_5_5_Derecha/Ciclo_5_5_Derecha_b.mp4,Ciclo_5_5_Derecha_b,pending,,
mendeley_labeled611_P07_d5712933f3f2fd40,67htnzmwbb.1,P07,b,dactylology,accepted,train,Mexican Sign Languages Dactylology and Ten First Numbers - Labeled images and videos. From person #6 to #11/persona_7/Ciclo_5_5_Izquierda/Ciclo_5_5_Izq_b.mp4,Ciclo_5_5_Izq_b,pending,,
mendeley_labeled611_P07_5535d5e1cd304652,67htnzmwbb.1,P07,c,dactylology,accepted,train,Mexican Sign Languages Dactylology and Ten First Numbers - Labeled images and videos. From person #6 to #11/persona_7/Ciclo_1_5_Derecha/Ciclo_1_5_Derecha_c.mp4,Ciclo_1_5_Derecha_c,pending,,
mendeley_labeled611_P07_8e5e6a3e62210b55,67htnzmwbb.1,P07,c,dactylology,accepted,train,Mexican Sign Languages Dactylology and Ten First Numbers - Labeled images and videos. From person #6 to #11/persona_7/Ciclo_1_5_Izquierda/Ciclo_1_5_Izq_c.mp4,Ciclo_1_5_Izq_c,pending,,
mendeley_labeled611_P07_d56b51ec7b801c11,67htnzmwbb.1,P07,c,dactylology,accepted,train,Mexican Sign Languages Dactylology and Ten First Numbers - Labeled images and videos. From person #6 to #11/persona_7/Ciclo_2_5_Derecha/Ciclo_2_5_Derecha_c.mp4,Ciclo_2_5_Derecha_c,pending,,
mendeley_labeled611_P07_5a3ccce72500d215,67htnzmwbb.1,P07,c,dactylology,accepted,train,Mexican Sign Languages Dactylology and Ten First Numbers - Labeled images and videos. From person #6 to #11/persona_7/Ciclo_2_5_Izquierda/Ciclo_2_5_Izq_c.mp4,Ciclo_2_5_Izq_c,pending,,
mendeley_labeled611_P07_8df29e11af85ab85,67htnzmwbb.1,P07,c,dactylology,accepted,train,Mexican Sign Languages Dactylology and Ten First Numbers - Labeled images and videos. From person #6 to #11/persona_7/Ciclo_3_5_Derecha/Ciclo_3_5_Derecha_c.mp4,Ciclo_3_5_Derecha_c,pending,,
mendeley_labeled611_P07_f31ccd8e244ef984,67htnzmwbb.1,P07,c,dactylology,accepted,train,Mexican Sign Languages Dactylology and Ten First Numbers - Labeled images and videos. From person #6 to #11/persona_7/Ciclo_3_5_Izquierda/Ciclo_3_5_Izq_c.mp4,Ciclo_3_5_Izq_c,pending,,
mendeley_labeled611_P07_9f66a1c30753c1cd,67htnzmwbb.1,P07,c,dactylology,accepted,train,Mexican Sign Languages Dactylology and Ten First Numbers - Labeled images and videos. From person #6 to #11/persona_7/Ciclo_4_5_Derecha/Ciclo_4_5_Derecha_c.mp4,Ciclo_4_5_Derecha_c,pending,,
mendeley_labeled611_P07_61287fa9a6642bc3,67htnzmwbb.1,P07,c,dactylology,accepted,train,Mexican Sign Languages Dactylology and Ten First Numbers - Labeled images and videos. From person #6 to #11/persona_7/Ciclo_4_5_Izquierda/Ciclo_4_5_Izq_c.mp4,Ciclo_4_5_Izq_c,pending,,
mendeley_labeled611_P07_c27639c29cc63f59,67htnzmwbb.1,P07,c,dactylology,accepted,train,Mexican Sign Languages Dactylology and Ten First Numbers - Labeled images and videos. From person #6 to #11/persona_7/Ciclo_5_5_Derecha/Ciclo_5_5_Derecha_c.mp4,Ciclo_5_5_Derecha_c,pending,,
mendeley_labeled611_P07_66380e4dd1332579,67htnzmwbb.1,P07,c,dactylology,accepted,train,Mexican Sign Languages Dactylology and Ten First Numbers - Labeled images and videos. From person #6 to #11/persona_7/Ciclo_5_5_Izquierda/Ciclo_5_5_Izq_c.mp4,Ciclo_5_5_Izq_c,pending,,
mendeley_labeled611_P07_8446e880ad7d7397,67htnzmwbb.1,P07,d,dactylology,accepted,train,Mexican Sign Languages Dactylology and Ten First Numbers - Labeled images and videos. From person #6 to #11/persona_7/Ciclo_1_5_Derecha/Ciclo_1_5_Derecha_d.mp4,Ciclo_1_5_Derecha_d,pending,,
mendeley_labeled611_P07_f818149f5e650151,67htnzmwbb.1,P07,d,dactylology,accepted,train,Mexican Sign Languages Dactylology and Ten First Numbers - Labeled images and videos. From person #6 to #11/persona_7/Ciclo_1_5_Izquierda/Ciclo_1_5_Izq_d.mp4,Ciclo_1_5_Izq_d,pending,,
mendeley_labeled611_P07_c6260e733a50c1ba,67htnzmwbb.1,P07,d,dactylology,accepted,train,Mexican Sign Languages Dactylology and Ten First Numbers - Labeled images and videos. From person #6 to #11/persona_7/Ciclo_2_5_Derecha/Ciclo_2_5_Derecha_d.mp4,Ciclo_2_5_Derecha_d,pending,,
mendeley_labeled611_P07_980c117d6c3738b3,67htnzmwbb.1,P07,d,dactylology,accepted,train,Mexican Sign Languages Dactylology and Ten First Numbers - Labeled images and videos. From person #6 to #11/persona_7/Ciclo_2_5_Izquierda/Ciclo_2_5_Izq_d.mp4,Ciclo_2_5_Izq_d,pending,,
mendeley_labeled611_P07_92c3a2e85fbd41e9,67htnzmwbb.1,P07,d,dactylology,accepted,train,Mexican Sign Languages Dactylology and Ten First Numbers - Labeled images and videos. From person #6 to #11/persona_7/Ciclo_3_5_Derecha/Ciclo_3_5_Derecha_d.mp4,Ciclo_3_5_Derecha_d,pending,,
mendeley_labeled611_P07_bc477f29870363c8,67htnzmwbb.1,P07,d,dactylology,accepted,train,Mexican Sign Languages Dactylology and Ten First Numbers - Labeled images and videos. From person #6 to #11/persona_7/Ciclo_3_5_Izquierda/Ciclo_3_5_Izq_d.mp4,Ciclo_3_5_Izq_d,pending,,
mendeley_labeled611_P07_8f07eafa8c4f47e7,67htnzmwbb.1,P07,d,dactylology,accepted,train,Mexican Sign Languages Dactylology and Ten First Numbers - Labeled images and videos. From person #6 to #11/persona_7/Ciclo_4_5_Derecha/Ciclo_4_5_Derecha_d.mp4,Ciclo_4_5_Derecha_d,pending,,
mendeley_labeled611_P07_5504ef315e9b7eec,67htnzmwbb.1,P07,d,dactylology,accepted,train,Mexican Sign Languages Dactylology and Ten First Numbers - Labeled images and videos. From person #6 to #11/persona_7/Ciclo_4_5_Izquierda/Ciclo_4_5_Izq_d.mp4,Ciclo_4_5_Izq_d,pending,,
mendeley_labeled611_P07_17811465608cd002,67htnzmwbb.1,P07,d,dactylology,accepted,train,Mexican Sign Languages Dactylology and Ten First Numbers - Labeled images and videos. From person #6 to #11/persona_7/Ciclo_5_5_Derecha/Ciclo_5_5_Derecha_d.mp4,Ciclo_5_5_Derecha_d,pending,,
mendeley_labeled611_P07_4a66e777b35bd127,67htnzmwbb.1,P07,d,dactylology,accepted,train,Mexican Sign Languages Dactylology and Ten First Numbers - Labeled images and videos. From person #6 to #11/persona_7/Ciclo_5_5_Izquierda/Ciclo_5_5_Izq_d.mp4,Ciclo_5_5_Izq_d,pending,,
mendeley_labeled611_P07_c29b738795f1897d,67htnzmwbb.1,P07,e,dactylology,accepted,train,Mexican Sign Languages Dactylology and Ten First Numbers - Labeled images and videos. From person #6 to #11/persona_7/Ciclo_1_5_Derecha/Ciclo_1_5_Derecha_e.mp4,Ciclo_1_5_Derecha_e,pending,,
mendeley_labeled611_P07_eec721c349e7d909,67htnzmwbb.1,P07,e,dactylology,accepted,train,Mexican Sign Languages Dactylology and Ten First Numbers - Labeled images and videos. From person #6 to #11/persona_7/Ciclo_1_5_Izquierda/Ciclo_1_5_Izq_e.mp4,Ciclo_1_5_Izq_e,pending,,
mendeley_labeled611_P07_3a8e3bb6859d3c93,67htnzmwbb.1,P07,e,dactylology,accepted,train,Mexican Sign Languages Dactylology and Ten First Numbers - Labeled images and videos. From person #6 to #11/persona_7/Ciclo_2_5_Derecha/Ciclo_2_5_Derecha_e.mp4,Ciclo_2_5_Derecha_e,pending,,
mendeley_labeled611_P07_43f54c9807af8f01,67htnzmwbb.1,P07,e,dactylology,accepted,train,Mexican Sign Languages Dactylology and Ten First Numbers - Labeled images and videos. From person #6 to #11/persona_7/Ciclo_2_5_Izquierda/Ciclo_2_5_Izq_e.mp4,Ciclo_2_5_Izq_e,pending,,
mendeley_labeled611_P07_4c4f02a187c656c5,67htnzmwbb.1,P07,e,dactylology,accepted,train,Mexican Sign Languages Dactylology and Ten First Numbers - Labeled images and videos. From person #6 to #11/persona_7/Ciclo_3_5_Derecha/Ciclo_3_5_Derecha_e.mp4,Ciclo_3_5_Derecha_e,pending,,
mendeley_labeled611_P07_be660c4c04812ea3,67htnzmwbb.1,P07,e,dactylology,accepted,train,Mexican Sign Languages Dactylology and Ten First Numbers - Labeled images and videos. From person #6 to #11/persona_7/Ciclo_3_5_Izquierda/Ciclo_3_5_Izq_e.mp4,Ciclo_3_5_Izq_e,pending,,
mendeley_labeled611_P07_e19c1cfc6492a97d,67htnzmwbb.1,P07,e,dactylology,accepted,train,Mexican Sign Languages Dactylology and Ten First Numbers - Labeled images and videos. From person #6 to #11/persona_7/Ciclo_4_5_Derecha/Ciclo_4_5_Derecha_e.mp4,Ciclo_4_5_Derecha_e,pending,,
mendeley_labeled611_P07_bc9cbdc4ab0ef349,67htnzmwbb.1,P07,e,dactylology,accepted,train,Mexican Sign Languages Dactylology and Ten First Numbers - Labeled images and videos. From person #6 to #11/persona_7/Ciclo_4_5_Izquierda/Ciclo_4_5_Izq_e.mp4,Ciclo_4_5_Izq_e,pending,,
mendeley_labeled611_P07_0031ab738cc66d3d,67htnzmwbb.1,P07,e,dactylology,accepted,train,Mexican Sign Languages Dactylology and Ten First Numbers - Labeled images and videos. From person #6 to #11/persona_7/Ciclo_5_5_Derecha/Ciclo_5_5_Derecha_e.mp4,Ciclo_5_5_Derecha_e,pending,,
mendeley_labeled611_P07_41b4a1d19eb4fb85,67htnzmwbb.1,P07,e,dactylology,accepted,train,Mexican Sign Languages Dactylology and Ten First Numbers - Labeled images and videos. From person #6 to #11/persona_7/Ciclo_5_5_Izquierda/Ciclo_5_5_Izq_e.mp4,Ciclo_5_5_Izq_e,pending,,
mendeley_labeled611_P07_c2ebd2d5e7ee7177,67htnzmwbb.1,P07,f,dactylology,accepted,train,Mexican Sign Languages Dactylology and Ten First Numbers - Labeled images and videos. From person #6 to #11/persona_7/Ciclo_1_5_Derecha/Ciclo_1_5_Derecha_f.mp4,Ciclo_1_5_Derecha_f,pending,,
mendeley_labeled611_P07_7b198a49e71735b2,67htnzmwbb.1,P07,f,dactylology,accepted,train,Mexican Sign Languages Dactylology and Ten First Numbers - Labeled images and videos. From person #6 to #11/persona_7/Ciclo_1_5_Izquierda/Ciclo_1_5_Izq_f.mp4,Ciclo_1_5_Izq_f,pending,,
mendeley_labeled611_P07_87db80cc9d4152ef,67htnzmwbb.1,P07,f,dactylology,accepted,train,Mexican Sign Languages Dactylology and Ten First Numbers - Labeled images and videos. From person #6 to #11/persona_7/Ciclo_2_5_Derecha/Ciclo_2_5_Derecha_f.mp4,Ciclo_2_5_Derecha_f,pending,,
mendeley_labeled611_P07_1305a1333d327ab7,67htnzmwbb.1,P07,f,dactylology,accepted,train,Mexican Sign Languages Dactylology and Ten First Numbers - Labeled images and videos. From person #6 to #11/persona_7/Ciclo_2_5_Izquierda/Ciclo_2_5_Izq_f.mp4,Ciclo_2_5_Izq_f,pending,,
mendeley_labeled611_P07_266918b12084ffdc,67htnzmwbb.1,P07,f,dactylology,accepted,train,Mexican Sign Languages Dactylology and Ten First Numbers - Labeled images and videos. From person #6 to #11/persona_7/Ciclo_3_5_Derecha/Ciclo_3_5_Derecha_f.mp4,Ciclo_3_5_Derecha_f,pending,,
mendeley_labeled611_P07_8beaeee6cb2ed1a7,67htnzmwbb.1,P07,f,dactylology,accepted,train,Mexican Sign Languages Dactylology and Ten First Numbers - Labeled images and videos. From person #6 to #11/persona_7/Ciclo_3_5_Izquierda/Ciclo_3_5_Izq_f.mp4,Ciclo_3_5_Izq_f,pending,,
mendeley_labeled611_P07_f43ede34099cb80b,67htnzmwbb.1,P07,f,dactylology,accepted,train,Mexican Sign Languages Dactylology and Ten First Numbers - Labeled images and videos. From person #6 to #11/persona_7/Ciclo_4_5_Derecha/Ciclo_4_5_Derecha_f.mp4,Ciclo_4_5_Derecha_f,pending,,
mendeley_labeled611_P07_24908c62361e048f,67htnzmwbb.1,P07,f,dactylology,accepted,train,Mexican Sign Languages Dactylology and Ten First Numbers - Labeled images and videos. From person #6 to #11/persona_7/Ciclo_4_5_Izquierda/Ciclo_4_5_Izq_f.mp4,Ciclo_4_5_Izq_f,pending,,
mendeley_labeled611_P07_25614a861506bdeb,67htnzmwbb.1,P07,f,dactylology,accepted,train,Mexican Sign Languages Dactylology and Ten First Numbers - Labeled images and videos. From person #6 to #11/persona_7/Ciclo_5_5_Derecha/Ciclo_5_5_Derecha_f.mp4,Ciclo_5_5_Derecha_f,pending,,
mendeley_labeled611_P07_475cef9c6f3c8c72,67htnzmwbb.1,P07,f,dactylology,accepted,train,Mexican Sign Languages Dactylology and Ten First Numbers - Labeled images and videos. From person #6 to #11/persona_7/Ciclo_5_5_Izquierda/Ciclo_5_5_Izq_f.mp4,Ciclo_5_5_Izq_f,pending,,
mendeley_labeled611_P07_646e1ad494cba346,67htnzmwbb.1,P07,g,dactylology,accepted,train,Mexican Sign Languages Dactylology and Ten First Numbers - Labeled images and videos. From person #6 to #11/persona_7/Ciclo_1_5_Derecha/Ciclo_1_5_Derecha_g.mp4,Ciclo_1_5_Derecha_g,pending,,
mendeley_labeled611_P07_4ffa219fa06a9d76,67htnzmwbb.1,P07,g,dactylology,accepted,train,Mexican Sign Languages Dactylology and Ten First Numbers - Labeled images and videos. From person #6 to #11/persona_7/Ciclo_1_5_Izquierda/Ciclo_1_5_Izq_g.mp4,Ciclo_1_5_Izq_g,pending,,
mendeley_labeled611_P07_f05f05cb35ac20a5,67htnzmwbb.1,P07,g,dactylology,accepted,train,Mexican Sign Languages Dactylology and Ten First Numbers - Labeled images and videos. From person #6 to #11/persona_7/Ciclo_2_5_Derecha/Ciclo_2_5_Derecha_g.mp4,Ciclo_2_5_Derecha_g,pending,,
mendeley_labeled611_P07_1faff254ae215ffd,67htnzmwbb.1,P07,g,dactylology,accepted,train,Mexican Sign Languages Dactylology and Ten First Numbers - Labeled images and videos. From person #6 to #11/persona_7/Ciclo_2_5_Izquierda/Ciclo_2_5_Izq_g.mp4,Ciclo_2_5_Izq_g,pending,,
mendeley_labeled611_P07_61aabdd369046f9c,67htnzmwbb.1,P07,g,dactylology,accepted,train,Mexican Sign Languages Dactylology and Ten First Numbers - Labeled images and videos. From person #6 to #11/persona_7/Ciclo_3_5_Derecha/Ciclo_3_5_Derecha_g.mp4,Ciclo_3_5_Derecha_g,pending,,
mendeley_labeled611_P07_38bb1bbd4d0016da,67htnzmwbb.1,P07,g,dactylology,accepted,train,Mexican Sign Languages Dactylology and Ten First Numbers - Labeled images and videos. From person #6 to #11/persona_7/Ciclo_3_5_Izquierda/Ciclo_3_5_Izq_g.mp4,Ciclo_3_5_Izq_g,pending,,
mendeley_labeled611_P07_ef378d37c1360d91,67htnzmwbb.1,P07,g,dactylology,accepted,train,Mexican Sign Languages Dactylology and Ten First Numbers - Labeled images and videos. From person #6 to #11/persona_7/Ciclo_4_5_Derecha/Ciclo_4_5_Derecha_g.mp4,Ciclo_4_5_Derecha_g,pending,,
mendeley_labeled611_P07_44ef1dd85b9adc0b,67htnzmwbb.1,P07,g,dactylology,accepted,train,Mexican Sign Languages Dactylology and Ten First Numbers - Labeled images and videos. From person #6 to #11/persona_7/Ciclo_4_5_Izquierda/Ciclo_4_5_Izq_g.mp4,Ciclo_4_5_Izq_g,pending,,
mendeley_labeled611_P07_1a8f7e990d1f8214,67htnzmwbb.1,P07,g,dactylology,accepted,train,Mexican Sign Languages Dactylology and Ten First Numbers - Labeled images and videos. From person #6 to #11/persona_7/Ciclo_5_5_Derecha/Ciclo_5_5_Derecha_g.mp4,Ciclo_5_5_Derecha_g,pending,,
mendeley_labeled611_P07_cc157edb2f5a7f4a,67htnzmwbb.1,P07,g,dactylology,accepted,train,Mexican Sign Languages Dactylology and Ten First Numbers - Labeled images and videos. From person #6 to #11/persona_7/Ciclo_5_5_Izquierda/Ciclo_5_5_Izq_g.mp4,Ciclo_5_5_Izq_g,pending,,
mendeley_labeled611_P07_02e3ebfdfba6ebef,67htnzmwbb.1,P07,h,dactylology,accepted,train,Mexican Sign Languages Dactylology and Ten First Numbers - Labeled images and videos. From person #6 to #11/persona_7/Ciclo_1_5_Derecha/Ciclo_1_5_Derecha_h.mp4,Ciclo_1_5_Derecha_h,pending,,
mendeley_labeled611_P07_7ca28b0f6be8a383,67htnzmwbb.1,P07,h,dactylology,accepted,train,Mexican Sign Languages Dactylology and Ten First Numbers - Labeled images and videos. From person #6 to #11/persona_7/Ciclo_1_5_Izquierda/Ciclo_1_5_Izq_h.mp4,Ciclo_1_5_Izq_h,pending,,
mendeley_labeled611_P07_4760b08dcd63ec59,67htnzmwbb.1,P07,h,dactylology,accepted,train,Mexican Sign Languages Dactylology and Ten First Numbers - Labeled images and videos. From person #6 to #11/persona_7/Ciclo_2_5_Derecha/Ciclo_2_5_Derecha_h.mp4,Ciclo_2_5_Derecha_h,pending,,
mendeley_labeled611_P07_244b0201adb8e240,67htnzmwbb.1,P07,h,dactylology,accepted,train,Mexican Sign Languages Dactylology and Ten First Numbers - Labeled images and videos. From person #6 to #11/persona_7/Ciclo_2_5_Izquierda/Ciclo_2_5_Izq_h.mp4,Ciclo_2_5_Izq_h,pending,,
mendeley_labeled611_P07_2c17eb20f9b59f55,67htnzmwbb.1,P07,h,dactylology,accepted,train,Mexican Sign Languages Dactylology and Ten First Numbers - Labeled images and videos. From person #6 to #11/persona_7/Ciclo_3_5_Derecha/Ciclo_3_5_Derecha_h.mp4,Ciclo_3_5_Derecha_h,pending,,
mendeley_labeled611_P07_8c422ba4c966100f,67htnzmwbb.1,P07,h,dactylology,accepted,train,Mexican Sign Languages Dactylology and Ten First Numbers - Labeled images and videos. From person #6 to #11/persona_7/Ciclo_3_5_Izquierda/Ciclo_3_5_Izq_h.mp4,Ciclo_3_5_Izq_h,pending,,
mendeley_labeled611_P07_8b4554ccdceafa9d,67htnzmwbb.1,P07,h,dactylology,accepted,train,Mexican Sign Languages Dactylology and Ten First Numbers - Labeled images and videos. From person #6 to #11/persona_7/Ciclo_4_5_Derecha/Ciclo_4_5_Derecha_h.mp4,Ciclo_4_5_Derecha_h,pending,,
mendeley_labeled611_P07_4e1b009944f8598b,67htnzmwbb.1,P07,h,dactylology,accepted,train,Mexican Sign Languages Dactylology and Ten First Numbers - Labeled images and videos. From person #6 to #11/persona_7/Ciclo_4_5_Izquierda/Ciclo_4_5_Izq_h.mp4,Ciclo_4_5_Izq_h,pending,,
mendeley_labeled611_P07_47f06ac641f122ea,67htnzmwbb.1,P07,h,dactylology,accepted,train,Mexican Sign Languages Dactylology and Ten First Numbers - Labeled images and videos. From person #6 to #11/persona_7/Ciclo_5_5_Derecha/Ciclo_5_5_Derecha_h.mp4,Ciclo_5_5_Derecha_h,pending,,
mendeley_labeled611_P07_f87dbb93cd24d192,67htnzmwbb.1,P07,h,dactylology,accepted,train,Mexican Sign Languages Dactylology and Ten First Numbers - Labeled images and videos. From person #6 to #11/persona_7/Ciclo_5_5_Izquierda/Ciclo_5_5_Izq_h.mp4,Ciclo_5_5_Izq_h,pending,,
mendeley_labeled611_P07_4752e970832c6107,67htnzmwbb.1,P07,i,dactylology,accepted,train,Mexican Sign Languages Dactylology and Ten First Numbers - Labeled images and videos. From person #6 to #11/persona_7/Ciclo_1_5_Derecha/Ciclo_1_5_Derecha_i.mp4,Ciclo_1_5_Derecha_i,pending,,
mendeley_labeled611_P07_b0f64c76a0f9bdb6,67htnzmwbb.1,P07,i,dactylology,accepted,train,Mexican Sign Languages Dactylology and Ten First Numbers - Labeled images and videos. From person #6 to #11/persona_7/Ciclo_1_5_Izquierda/Ciclo_1_5_Izq_i.mp4,Ciclo_1_5_Izq_i,pending,,
mendeley_labeled611_P07_7aa18ffddb6a330b,67htnzmwbb.1,P07,i,dactylology,accepted,train,Mexican Sign Languages Dactylology and Ten First Numbers - Labeled images and videos. From person #6 to #11/persona_7/Ciclo_2_5_Derecha/Ciclo_2_5_Derecha_i.mp4,Ciclo_2_5_Derecha_i,pending,,
mendeley_labeled611_P07_5ac05918854cf36c,67htnzmwbb.1,P07,i,dactylology,accepted,train,Mexican Sign Languages Dactylology and Ten First Numbers - Labeled images and videos. From person #6 to #11/persona_7/Ciclo_2_5_Izquierda/Ciclo_2_5_Izq_i.mp4,Ciclo_2_5_Izq_i,pending,,
mendeley_labeled611_P07_2f4aea1bc8c23051,67htnzmwbb.1,P07,i,dactylology,accepted,train,Mexican Sign Languages Dactylology and Ten First Numbers - Labeled images and videos. From person #6 to #11/persona_7/Ciclo_3_5_Derecha/Ciclo_3_5_Derecha_i.mp4,Ciclo_3_5_Derecha_i,pending,,
mendeley_labeled611_P07_cddbcd352396bd80,67htnzmwbb.1,P07,i,dactylology,accepted,train,Mexican Sign Languages Dactylology and Ten First Numbers - Labeled images and videos. From person #6 to #11/persona_7/Ciclo_3_5_Izquierda/Ciclo_3_5_Izq_i.mp4,Ciclo_3_5_Izq_i,pending,,
mendeley_labeled611_P07_f2e7b48be63d18c4,67htnzmwbb.1,P07,i,dactylology,accepted,train,Mexican Sign Languages Dactylology and Ten First Numbers - Labeled images and videos. From person #6 to #11/persona_7/Ciclo_4_5_Derecha/Ciclo_4_5_Derecha_i.mp4,Ciclo_4_5_Derecha_i,pending,,
mendeley_labeled611_P07_2d05a33b3c5ad000,67htnzmwbb.1,P07,i,dactylology,accepted,train,Mexican Sign Languages Dactylology and Ten First Numbers - Labeled images and videos. From person #6 to #11/persona_7/Ciclo_4_5_Izquierda/Ciclo_4_5_Izq_i.mp4,Ciclo_4_5_Izq_i,pending,,
mendeley_labeled611_P07_ecb477b6e29d4221,67htnzmwbb.1,P07,i,dactylology,accepted,train,Mexican Sign Languages Dactylology and Ten First Numbers - Labeled images and videos. From person #6 to #11/persona_7/Ciclo_5_5_Derecha/Ciclo_5_5_Derecha_i.mp4,Ciclo_5_5_Derecha_i,pending,,
mendeley_labeled611_P07_a2f0315717a7fa7a,67htnzmwbb.1,P07,i,dactylology,accepted,train,Mexican Sign Languages Dactylology and Ten First Numbers - Labeled images and videos. From person #6 to #11/persona_7/Ciclo_5_5_Izquierda/Ciclo_5_5_Izq_i.mp4,Ciclo_5_5_Izq_i,pending,,
mendeley_labeled611_P07_0fb0aeca6688ebae,67htnzmwbb.1,P07,j,dactylology,accepted,train,Mexican Sign Languages Dactylology and Ten First Numbers - Labeled images and videos. From person #6 to #11/persona_7/Ciclo_1_5_Derecha/Ciclo_1_5_Derecha_j.mp4,Ciclo_1_5_Derecha_j,pending,,
mendeley_labeled611_P07_34d4232f8ff3fe9f,67htnzmwbb.1,P07,j,dactylology,accepted,train,Mexican Sign Languages Dactylology and Ten First Numbers - Labeled images and videos. From person #6 to #11/persona_7/Ciclo_1_5_Izquierda/Ciclo_1_5_Izq_j.mp4,Ciclo_1_5_Izq_j,pending,,
mendeley_labeled611_P07_94e4a1363c6ef6f1,67htnzmwbb.1,P07,j,dactylology,accepted,train,Mexican Sign Languages Dactylology and Ten First Numbers - Labeled images and videos. From person #6 to #11/persona_7/Ciclo_2_5_Derecha/Ciclo_2_5_Derecha_j.mp4,Ciclo_2_5_Derecha_j,pending,,
mendeley_labeled611_P07_7a3b420486d10b2c,67htnzmwbb.1,P07,j,dactylology,accepted,train,Mexican Sign Languages Dactylology and Ten First Numbers - Labeled images and videos. From person #6 to #11/persona_7/Ciclo_2_5_Izquierda/Ciclo_2_5_Izq_j.mp4,Ciclo_2_5_Izq_j,pending,,
mendeley_labeled611_P07_694024e5d79d3273,67htnzmwbb.1,P07,j,dactylology,accepted,train,Mexican Sign Languages Dactylology and Ten First Numbers - Labeled images and videos. From person #6 to #11/persona_7/Ciclo_3_5_Derecha/Ciclo_3_5_Derecha_j.mp4,Ciclo_3_5_Derecha_j,pending,,
mendeley_labeled611_P07_885a76e0eb4890a4,67htnzmwbb.1,P07,j,dactylology,accepted,train,Mexican Sign Languages Dactylology and Ten First Numbers - Labeled images and videos. From person #6 to #11/persona_7/Ciclo_3_5_Izquierda/Ciclo_3_5_Izq_j.mp4,Ciclo_3_5_Izq_j,pending,,
mendeley_labeled611_P07_b3adc7c81c7a994d,67htnzmwbb.1,P07,j,dactylology,accepted,train,Mexican Sign Languages Dactylology and Ten First Numbers - Labeled images and videos. From person #6 to #11/persona_7/Ciclo_4_5_Derecha/Ciclo_4_5_Derecha_j.mp4,Ciclo_4_5_Derecha_j,pending,,
mendeley_labeled611_P07_18693acc6566c682,67htnzmwbb.1,P07,j,dactylology,accepted,train,Mexican Sign Languages Dactylology and Ten First Numbers - Labeled images and videos. From person #6 to #11/persona_7/Ciclo_4_5_Izquierda/Ciclo_4_5_Izq_j.mp4,Ciclo_4_5_Izq_j,pending,,
mendeley_labeled611_P07_64d8139edabfd8a2,67htnzmwbb.1,P07,j,dactylology,accepted,train,Mexican Sign Languages Dactylology and Ten First Numbers - Labeled images and videos. From person #6 to #11/persona_7/Ciclo_5_5_Derecha/Ciclo_5_5_Derecha_j.mp4,Ciclo_5_5_Derecha_j,pending,,
mendeley_labeled611_P07_9bf6784e0f7a54d0,67htnzmwbb.1,P07,j,dactylology,accepted,train,Mexican Sign Languages Dactylology and Ten First Numbers - Labeled images and videos. From person #6 to #11/persona_7/Ciclo_5_5_Izquierda/Ciclo_5_5_Izq_j.mp4,Ciclo_5_5_Izq_j,pending,,
mendeley_labeled611_P07_1112adf8ad238d5c,67htnzmwbb.1,P07,k,dactylology,accepted,train,Mexican Sign Languages Dactylology and Ten First Numbers - Labeled images and videos. From person #6 to #11/persona_7/Ciclo_1_5_Derecha/Ciclo_1_5_Derecha_k.mp4,Ciclo_1_5_Derecha_k,pending,,
mendeley_labeled611_P07_c6e2368922e5f5b9,67htnzmwbb.1,P07,k,dactylology,accepted,train,Mexican Sign Languages Dactylology and Ten First Numbers - Labeled images and videos. From person #6 to #11/persona_7/Ciclo_1_5_Izquierda/Ciclo_1_5_Izq_k.mp4,Ciclo_1_5_Izq_k,pending,,
mendeley_labeled611_P07_72cb9523bab990b1,67htnzmwbb.1,P07,k,dactylology,accepted,train,Mexican Sign Languages Dactylology and Ten First Numbers - Labeled images and videos. From person #6 to #11/persona_7/Ciclo_2_5_Derecha/Ciclo_2_5_Derecha_k.mp4,Ciclo_2_5_Derecha_k,pending,,
mendeley_labeled611_P07_adfae4f4cff805ca,67htnzmwbb.1,P07,k,dactylology,accepted,train,Mexican Sign Languages Dactylology and Ten First Numbers - Labeled images and videos. From person #6 to #11/persona_7/Ciclo_2_5_Izquierda/Ciclo_2_5_Izq_k.mp4,Ciclo_2_5_Izq_k,pending,,
mendeley_labeled611_P07_57b8fbe9aeb1d298,67htnzmwbb.1,P07,k,dactylology,accepted,train,Mexican Sign Languages Dactylology and Ten First Numbers - Labeled images and videos. From person #6 to #11/persona_7/Ciclo_3_5_Derecha/Ciclo_3_5_Derecha_k.mp4,Ciclo_3_5_Derecha_k,pending,,
mendeley_labeled611_P07_8223aacb347681ed,67htnzmwbb.1,P07,k,dactylology,accepted,train,Mexican Sign Languages Dactylology and Ten First Numbers - Labeled images and videos. From person #6 to #11/persona_7/Ciclo_3_5_Izquierda/Ciclo_3_5_Izq_k.mp4,Ciclo_3_5_Izq_k,pending,,
mendeley_labeled611_P07_180abe735026964d,67htnzmwbb.1,P07,k,dactylology,accepted,train,Mexican Sign Languages Dactylology and Ten First Numbers - Labeled images and videos. From person #6 to #11/persona_7/Ciclo_4_5_Derecha/Ciclo_4_5_Derecha_k.mp4,Ciclo_4_5_Derecha_k,pending,,
mendeley_labeled611_P07_3f9bb1a76151d7d7,67htnzmwbb.1,P07,k,dactylology,accepted,train,Mexican Sign Languages Dactylology and Ten First Numbers - Labeled images and videos. From person #6 to #11/persona_7/Ciclo_4_5_Izquierda/Ciclo_4_5_Izq_k.mp4,Ciclo_4_5_Izq_k,pending,,
mendeley_labeled611_P07_41f46ec971212fbd,67htnzmwbb.1,P07,k,dactylology,accepted,train,Mexican Sign Languages Dactylology and Ten First Numbers - Labeled images and videos. From person #6 to #11/persona_7/Ciclo_5_5_Derecha/Ciclo_5_5_Derecha_k.mp4,Ciclo_5_5_Derecha_k,pending,,
mendeley_labeled611_P07_6289fd6141595619,67htnzmwbb.1,P07,k,dactylology,accepted,train,Mexican Sign Languages Dactylology and Ten First Numbers - Labeled images and videos. From person #6 to #11/persona_7/Ciclo_5_5_Izquierda/Ciclo_5_5_Izq_k.mp4,Ciclo_5_5_Izq_k,pending,,
mendeley_labeled611_P07_4fed6cc23d0c7c9c,67htnzmwbb.1,P07,l,dactylology,accepted,train,Mexican Sign Languages Dactylology and Ten First Numbers - Labeled images and videos. From person #6 to #11/persona_7/Ciclo_1_5_Derecha/Ciclo_1_5_Derecha_l.mp4,Ciclo_1_5_Derecha_l,pending,,
mendeley_labeled611_P07_a2c633a1125efdf7,67htnzmwbb.1,P07,l,dactylology,accepted,train,Mexican Sign Languages Dactylology and Ten First Numbers - Labeled images and videos. From person #6 to #11/persona_7/Ciclo_1_5_Izquierda/Ciclo_1_5_Izq_l.mp4,Ciclo_1_5_Izq_l,pending,,
mendeley_labeled611_P07_9db9ee8696ae75b7,67htnzmwbb.1,P07,l,dactylology,accepted,train,Mexican Sign Languages Dactylology and Ten First Numbers - Labeled images and videos. From person #6 to #11/persona_7/Ciclo_2_5_Derecha/Ciclo_2_5_Derecha_l.mp4,Ciclo_2_5_Derecha_l,pending,,
mendeley_labeled611_P07_5035d548eb251163,67htnzmwbb.1,P07,l,dactylology,accepted,train,Mexican Sign Languages Dactylology and Ten First Numbers - Labeled images and videos. From person #6 to #11/persona_7/Ciclo_2_5_Izquierda/Ciclo_2_5_Izq_l.mp4,Ciclo_2_5_Izq_l,pending,,
mendeley_labeled611_P07_603972a767c9d005,67htnzmwbb.1,P07,l,dactylology,accepted,train,Mexican Sign Languages Dactylology and Ten First Numbers - Labeled images and videos. From person #6 to #11/persona_7/Ciclo_3_5_Derecha/Ciclo_3_5_Derecha_l.mp4,Ciclo_3_5_Derecha_l,pending,,
mendeley_labeled611_P07_4375872c2bc52ba0,67htnzmwbb.1,P07,l,dactylology,accepted,train,Mexican Sign Languages Dactylology and Ten First Numbers - Labeled images and videos. From person #6 to #11/persona_7/Ciclo_3_5_Izquierda/Ciclo_3_5_Izq_l.mp4,Ciclo_3_5_Izq_l,pending,,
mendeley_labeled611_P07_bf3daa06fbaf76b5,67htnzmwbb.1,P07,l,dactylology,accepted,train,Mexican Sign Languages Dactylology and Ten First Numbers - Labeled images and videos. From person #6 to #11/persona_7/Ciclo_4_5_Derecha/Ciclo_4_5_Derecha_l.mp4,Ciclo_4_5_Derecha_l,pending,,
mendeley_labeled611_P07_61fdae6745b38b01,67htnzmwbb.1,P07,l,dactylology,accepted,train,Mexican Sign Languages Dactylology and Ten First Numbers - Labeled images and videos. From person #6 to #11/persona_7/Ciclo_4_5_Izquierda/Ciclo_4_5_Izq_l.mp4,Ciclo_4_5_Izq_l,pending,,
mendeley_labeled611_P07_443e6abf1089f05e,67htnzmwbb.1,P07,l,dactylology,accepted,train,Mexican Sign Languages Dactylology and Ten First Numbers - Labeled images and videos. From person #6 to #11/persona_7/Ciclo_5_5_Derecha/Ciclo_5_5_Derecha_l.mp4,Ciclo_5_5_Derecha_l,pending,,
mendeley_labeled611_P07_7c86e1448da95c40,67htnzmwbb.1,P07,l,dactylology,accepted,train,Mexican Sign Languages Dactylology and Ten First Numbers - Labeled images and videos. From person #6 to #11/persona_7/Ciclo_5_5_Izquierda/Ciclo_5_5_Izq_l.mp4,Ciclo_5_5_Izq_l,pending,,
mendeley_labeled611_P07_85ff7afca78b40ff,67htnzmwbb.1,P07,ll,dactylology,accepted,train,Mexican Sign Languages Dactylology and Ten First Numbers - Labeled images and videos. From person #6 to #11/persona_7/Ciclo_1_5_Derecha/Ciclo_1_5_Derecha_ll.mp4,Ciclo_1_5_Derecha_ll,pending,,
mendeley_labeled611_P07_5223abebacfc7127,67htnzmwbb.1,P07,ll,dactylology,accepted,train,Mexican Sign Languages Dactylology and Ten First Numbers - Labeled images and videos. From person #6 to #11/persona_7/Ciclo_1_5_Izquierda/Ciclo_1_5_Izq_ll.mp4,Ciclo_1_5_Izq_ll,pending,,
mendeley_labeled611_P07_dc7544aeba1ee343,67htnzmwbb.1,P07,ll,dactylology,accepted,train,Mexican Sign Languages Dactylology and Ten First Numbers - Labeled images and videos. From person #6 to #11/persona_7/Ciclo_2_5_Derecha/Ciclo_2_5_Derecha_ll.mp4,Ciclo_2_5_Derecha_ll,pending,,
mendeley_labeled611_P07_df5192845220fbbc,67htnzmwbb.1,P07,ll,dactylology,accepted,train,Mexican Sign Languages Dactylology and Ten First Numbers - Labeled images and videos. From person #6 to #11/persona_7/Ciclo_2_5_Izquierda/Ciclo_2_5_Izq_ll.mp4,Ciclo_2_5_Izq_ll,pending,,
mendeley_labeled611_P07_0a236c0b6ac9fbbd,67htnzmwbb.1,P07,ll,dactylology,accepted,train,Mexican Sign Languages Dactylology and Ten First Numbers - Labeled images and videos. From person #6 to #11/persona_7/Ciclo_3_5_Derecha/Ciclo_3_5_Derecha_ll.mp4,Ciclo_3_5_Derecha_ll,pending,,
mendeley_labeled611_P07_d017d7810c5a8e30,67htnzmwbb.1,P07,ll,dactylology,accepted,train,Mexican Sign Languages Dactylology and Ten First Numbers - Labeled images and videos. From person #6 to #11/persona_7/Ciclo_3_5_Izquierda/Ciclo_3_5_Izq_ll.mp4,Ciclo_3_5_Izq_ll,pending,,
mendeley_labeled611_P07_102dc01019426ad0,67htnzmwbb.1,P07,ll,dactylology,accepted,train,Mexican Sign Languages Dactylology and Ten First Numbers - Labeled images and videos. From person #6 to #11/persona_7/Ciclo_4_5_Derecha/Ciclo_4_5_Derecha_ll.mp4,Ciclo_4_5_Derecha_ll,pending,,
mendeley_labeled611_P07_5caa147f61e25066,67htnzmwbb.1,P07,ll,dactylology,accepted,train,Mexican Sign Languages Dactylology and Ten First Numbers - Labeled images and videos. From person #6 to #11/persona_7/Ciclo_4_5_Izquierda/Ciclo_4_5_Izq_ll.mp4,Ciclo_4_5_Izq_ll,pending,,
mendeley_labeled611_P07_aeb8c1367941f0d5,67htnzmwbb.1,P07,ll,dactylology,accepted,train,Mexican Sign Languages Dactylology and Ten First Numbers - Labeled images and videos. From person #6 to #11/persona_7/Ciclo_5_5_Derecha/Ciclo_5_5_Derecha_ll.mp4,Ciclo_5_5_Derecha_ll,pending,,
mendeley_labeled611_P07_99680258e57659c4,67htnzmwbb.1,P07,ll,dactylology,accepted,train,Mexican Sign Languages Dactylology and Ten First Numbers - Labeled images and videos. From person #6 to #11/persona_7/Ciclo_5_5_Izquierda/Ciclo_5_5_Izq_ll.mp4,Ciclo_5_5_Izq_ll,pending,,
mendeley_labeled611_P07_759fb4b5a145fe1a,67htnzmwbb.1,P07,m,dactylology,accepted,train,Mexican Sign Languages Dactylology and Ten First Numbers - Labeled images and videos. From person #6 to #11/persona_7/Ciclo_1_5_Derecha/Ciclo_1_5_Derecha_m.mp4,Ciclo_1_5_Derecha_m,pending,,
mendeley_labeled611_P07_e232d1b8e74034cd,67htnzmwbb.1,P07,m,dactylology,accepted,train,Mexican Sign Languages Dactylology and Ten First Numbers - Labeled images and videos. From person #6 to #11/persona_7/Ciclo_1_5_Izquierda/Ciclo_1_5_Izq_m.mp4,Ciclo_1_5_Izq_m,pending,,
mendeley_labeled611_P07_81997733edf2119e,67htnzmwbb.1,P07,m,dactylology,accepted,train,Mexican Sign Languages Dactylology and Ten First Numbers - Labeled images and videos. From person #6 to #11/persona_7/Ciclo_2_5_Derecha/Ciclo_2_5_Derecha_m.mp4,Ciclo_2_5_Derecha_m,pending,,
mendeley_labeled611_P07_ec60b59d7bfcf3cb,67htnzmwbb.1,P07,m,dactylology,accepted,train,Mexican Sign Languages Dactylology and Ten First Numbers - Labeled images and videos. From person #6 to #11/persona_7/Ciclo_2_5_Izquierda/Ciclo_2_5_Izq_m.mp4,Ciclo_2_5_Izq_m,pending,,
mendeley_labeled611_P07_2ab481ffa6bcbfcb,67htnzmwbb.1,P07,m,dactylology,accepted,train,Mexican Sign Languages Dactylology and Ten First Numbers - Labeled images and videos. From person #6 to #11/persona_7/Ciclo_3_5_Derecha/Ciclo_3_5_Derecha_m.mp4,Ciclo_3_5_Derecha_m,pending,,
mendeley_labeled611_P07_02107a95a9db9a60,67htnzmwbb.1,P07,m,dactylology,accepted,train,Mexican Sign Languages Dactylology and Ten First Numbers - Labeled images and videos. From person #6 to #11/persona_7/Ciclo_3_5_Izquierda/Ciclo_3_5_Izq_m.mp4,Ciclo_3_5_Izq_m,pending,,
mendeley_labeled611_P07_4b96721c3319f703,67htnzmwbb.1,P07,m,dactylology,accepted,train,Mexican Sign Languages Dactylology and Ten First Numbers - Labeled images and videos. From person #6 to #11/persona_7/Ciclo_4_5_Derecha/Ciclo_4_5_Derecha_m.mp4,Ciclo_4_5_Derecha_m,pending,,
mendeley_labeled611_P07_59ad2f5a2d41764a,67htnzmwbb.1,P07,m,dactylology,accepted,train,Mexican Sign Languages Dactylology and Ten First Numbers - Labeled images and videos. From person #6 to #11/persona_7/Ciclo_4_5_Izquierda/Ciclo_4_5_Izq_m.mp4,Ciclo_4_5_Izq_m,pending,,
mendeley_labeled611_P07_f99a8e13e64df0a5,67htnzmwbb.1,P07,m,dactylology,accepted,train,Mexican Sign Languages Dactylology and Ten First Numbers - Labeled images and videos. From person #6 to #11/persona_7/Ciclo_5_5_Derecha/Ciclo_5_5_Derecha_m.mp4,Ciclo_5_5_Derecha_m,pending,,
mendeley_labeled611_P07_c080f64c45b1ae3b,67htnzmwbb.1,P07,m,dactylology,accepted,train,Mexican Sign Languages Dactylology and Ten First Numbers - Labeled images and videos. From person #6 to #11/persona_7/Ciclo_5_5_Izquierda/Ciclo_5_5_Izq_m.mp4,Ciclo_5_5_Izq_m,pending,,
mendeley_labeled611_P07_ff83c46bf3fd6cfb,67htnzmwbb.1,P07,n,dactylology,accepted,train,Mexican Sign Languages Dactylology and Ten First Numbers - Labeled images and videos. From person #6 to #11/persona_7/Ciclo_1_5_Derecha/Ciclo_1_5_Derecha_n.mp4,Ciclo_1_5_Derecha_n,pending,,
mendeley_labeled611_P07_aeb85be579324bae,67htnzmwbb.1,P07,n,dactylology,accepted,train,Mexican Sign Languages Dactylology and Ten First Numbers - Labeled images and videos. From person #6 to #11/persona_7/Ciclo_1_5_Izquierda/Ciclo_1_5_Izq_n.mp4,Ciclo_1_5_Izq_n,pending,,
mendeley_labeled611_P07_0625e2489a5e1803,67htnzmwbb.1,P07,n,dactylology,accepted,train,Mexican Sign Languages Dactylology and Ten First Numbers - Labeled images and videos. From person #6 to #11/persona_7/Ciclo_2_5_Derecha/Ciclo_2_5_Derecha_n.mp4,Ciclo_2_5_Derecha_n,pending,,
mendeley_labeled611_P07_e4cf40dbeb8e2b44,67htnzmwbb.1,P07,n,dactylology,accepted,train,Mexican Sign Languages Dactylology and Ten First Numbers - Labeled images and videos. From person #6 to #11/persona_7/Ciclo_2_5_Izquierda/Ciclo_2_5_Izq_n.mp4,Ciclo_2_5_Izq_n,pending,,
mendeley_labeled611_P07_04332971934f11c2,67htnzmwbb.1,P07,n,dactylology,accepted,train,Mexican Sign Languages Dactylology and Ten First Numbers - Labeled images and videos. From person #6 to #11/persona_7/Ciclo_5_5_Derecha/Ciclo_5_5_Derecha_n.mp4,Ciclo_5_5_Derecha_n,pending,,
mendeley_labeled611_P07_57a00a168a60d0a7,67htnzmwbb.1,P07,o,dactylology,accepted,train,Mexican Sign Languages Dactylology and Ten First Numbers - Labeled images and videos. From person #6 to #11/persona_7/Ciclo_1_5_Derecha/Ciclo_1_5_Derecha_o.mp4,Ciclo_1_5_Derecha_o,pending,,
mendeley_labeled611_P07_609186c21b47e651,67htnzmwbb.1,P07,o,dactylology,accepted,train,Mexican Sign Languages Dactylology and Ten First Numbers - Labeled images and videos. From person #6 to #11/persona_7/Ciclo_1_5_Izquierda/Ciclo_1_5_Izq_o.mp4,Ciclo_1_5_Izq_o,pending,,
mendeley_labeled611_P07_6b31d73399cc7d52,67htnzmwbb.1,P07,o,dactylology,accepted,train,Mexican Sign Languages Dactylology and Ten First Numbers - Labeled images and videos. From person #6 to #11/persona_7/Ciclo_2_5_Derecha/Ciclo_2_5_Derecha_o.mp4,Ciclo_2_5_Derecha_o,pending,,
mendeley_labeled611_P07_ff72678a57676e56,67htnzmwbb.1,P07,o,dactylology,accepted,train,Mexican Sign Languages Dactylology and Ten First Numbers - Labeled images and videos. From person #6 to #11/persona_7/Ciclo_2_5_Izquierda/Ciclo_2_5_Izq_o.mp4,Ciclo_2_5_Izq_o,pending,,
mendeley_labeled611_P07_c5d1f0ebf41da182,67htnzmwbb.1,P07,o,dactylology,accepted,train,Mexican Sign Languages Dactylology and Ten First Numbers - Labeled images and videos. From person #6 to #11/persona_7/Ciclo_3_5_Derecha/Ciclo_3_5_Derecha_o.mp4,Ciclo_3_5_Derecha_o,pending,,
mendeley_labeled611_P07_983e5c6a68c57367,67htnzmwbb.1,P07,o,dactylology,accepted,train,Mexican Sign Languages Dactylology and Ten First Numbers - Labeled images and videos. From person #6 to #11/persona_7/Ciclo_3_5_Izquierda/Ciclo_3_5_Izq_o.mp4,Ciclo_3_5_Izq_o,pending,,
mendeley_labeled611_P07_901ae201e24aacfd,67htnzmwbb.1,P07,o,dactylology,accepted,train,Mexican Sign Languages Dactylology and Ten First Numbers - Labeled images and videos. From person #6 to #11/persona_7/Ciclo_4_5_Derecha/Ciclo_4_5_Derecha_o.mp4,Ciclo_4_5_Derecha_o,pending,,
mendeley_labeled611_P07_2ae353c0201f6597,67htnzmwbb.1,P07,o,dactylology,accepted,train,Mexican Sign Languages Dactylology and Ten First Numbers - Labeled images and videos. From person #6 to #11/persona_7/Ciclo_4_5_Izquierda/Ciclo_4_5_Izq_o.mp4,Ciclo_4_5_Izq_o,pending,,
mendeley_labeled611_P07_d3e99f53e393fec8,67htnzmwbb.1,P07,o,dactylology,accepted,train,Mexican Sign Languages Dactylology and Ten First Numbers - Labeled images and videos. From person #6 to #11/persona_7/Ciclo_5_5_Derecha/Ciclo_5_5_Derecha_o.mp4,Ciclo_5_5_Derecha_o,pending,,
mendeley_labeled611_P07_ffd722e9a50c33f0,67htnzmwbb.1,P07,o,dactylology,accepted,train,Mexican Sign Languages Dactylology and Ten First Numbers - Labeled images and videos. From person #6 to #11/persona_7/Ciclo_5_5_Izquierda/Ciclo_5_5_Izq_o.mp4,Ciclo_5_5_Izq_o,pending,,
mendeley_labeled611_P07_54803780628401a5,67htnzmwbb.1,P07,p,dactylology,accepted,train,Mexican Sign Languages Dactylology and Ten First Numbers - Labeled images and videos. From person #6 to #11/persona_7/Ciclo_1_5_Derecha/Ciclo_1_5_Derecha_p.mp4,Ciclo_1_5_Derecha_p,pending,,
mendeley_labeled611_P07_d29649c418e2acbb,67htnzmwbb.1,P07,p,dactylology,accepted,train,Mexican Sign Languages Dactylology and Ten First Numbers - Labeled images and videos. From person #6 to #11/persona_7/Ciclo_1_5_Izquierda/Ciclo_1_5_Izq_p.mp4,Ciclo_1_5_Izq_p,pending,,
mendeley_labeled611_P07_cbd6119d36b69908,67htnzmwbb.1,P07,p,dactylology,accepted,train,Mexican Sign Languages Dactylology and Ten First Numbers - Labeled images and videos. From person #6 to #11/persona_7/Ciclo_2_5_Derecha/Ciclo_2_5_Derecha_p.mp4,Ciclo_2_5_Derecha_p,pending,,
mendeley_labeled611_P07_c11e1b042b120aeb,67htnzmwbb.1,P07,p,dactylology,accepted,train,Mexican Sign Languages Dactylology and Ten First Numbers - Labeled images and videos. From person #6 to #11/persona_7/Ciclo_2_5_Izquierda/Ciclo_2_5_Izq_p.mp4,Ciclo_2_5_Izq_p,pending,,
mendeley_labeled611_P07_dce9c3462fe2dd93,67htnzmwbb.1,P07,p,dactylology,accepted,train,Mexican Sign Languages Dactylology and Ten First Numbers - Labeled images and videos. From person #6 to #11/persona_7/Ciclo_3_5_Derecha/Ciclo_3_5_Derecha_p.mp4,Ciclo_3_5_Derecha_p,pending,,
mendeley_labeled611_P07_395c116a53ee4bc7,67htnzmwbb.1,P07,p,dactylology,accepted,train,Mexican Sign Languages Dactylology and Ten First Numbers - Labeled images and videos. From person #6 to #11/persona_7/Ciclo_3_5_Izquierda/Ciclo_3_5_Izq_p.mp4,Ciclo_3_5_Izq_p,pending,,
mendeley_labeled611_P07_ca6f0092ff1dd246,67htnzmwbb.1,P07,p,dactylology,accepted,train,Mexican Sign Languages Dactylology and Ten First Numbers - Labeled images and videos. From person #6 to #11/persona_7/Ciclo_4_5_Derecha/Ciclo_4_5_Derecha_p.mp4,Ciclo_4_5_Derecha_p,pending,,
mendeley_labeled611_P07_c91355d5e35204c5,67htnzmwbb.1,P07,p,dactylology,accepted,train,Mexican Sign Languages Dactylology and Ten First Numbers - Labeled images and videos. From person #6 to #11/persona_7/Ciclo_4_5_Izquierda/Ciclo_4_5_Izq_p.mp4,Ciclo_4_5_Izq_p,pending,,
mendeley_labeled611_P07_346eb446efbaa163,67htnzmwbb.1,P07,p,dactylology,accepted,train,Mexican Sign Languages Dactylology and Ten First Numbers - Labeled images and videos. From person #6 to #11/persona_7/Ciclo_5_5_Derecha/Ciclo_5_5_Derecha_p.mp4,Ciclo_5_5_Derecha_p,pending,,
mendeley_labeled611_P07_b19de01e276b719b,67htnzmwbb.1,P07,p,dactylology,accepted,train,Mexican Sign Languages Dactylology and Ten First Numbers - Labeled images and videos. From person #6 to #11/persona_7/Ciclo_5_5_Izquierda/Ciclo_5_5_Izq_p.mp4,Ciclo_5_5_Izq_p,pending,,
mendeley_labeled611_P07_ecbf14ae687d430a,67htnzmwbb.1,P07,q,dactylology,accepted,train,Mexican Sign Languages Dactylology and Ten First Numbers - Labeled images and videos. From person #6 to #11/persona_7/Ciclo_1_5_Derecha/Ciclo_1_5_Derecha_q.mp4,Ciclo_1_5_Derecha_q,pending,,
mendeley_labeled611_P07_08fddc9cda1fc295,67htnzmwbb.1,P07,q,dactylology,accepted,train,Mexican Sign Languages Dactylology and Ten First Numbers - Labeled images and videos. From person #6 to #11/persona_7/Ciclo_1_5_Izquierda/Ciclo_1_5_Izq_q.mp4,Ciclo_1_5_Izq_q,pending,,
mendeley_labeled611_P07_e4c561f9a6740411,67htnzmwbb.1,P07,q,dactylology,accepted,train,Mexican Sign Languages Dactylology and Ten First Numbers - Labeled images and videos. From person #6 to #11/persona_7/Ciclo_2_5_Derecha/Ciclo_2_5_Derecha_q.mp4,Ciclo_2_5_Derecha_q,pending,,
mendeley_labeled611_P07_275542197c1b4145,67htnzmwbb.1,P07,q,dactylology,accepted,train,Mexican Sign Languages Dactylology and Ten First Numbers - Labeled images and videos. From person #6 to #11/persona_7/Ciclo_2_5_Izquierda/Ciclo_2_5_Izq_q.mp4,Ciclo_2_5_Izq_q,pending,,
mendeley_labeled611_P07_b6427f03c99113dc,67htnzmwbb.1,P07,q,dactylology,accepted,train,Mexican Sign Languages Dactylology and Ten First Numbers - Labeled images and videos. From person #6 to #11/persona_7/Ciclo_3_5_Derecha/Ciclo_3_5_Derecha_q.mp4,Ciclo_3_5_Derecha_q,pending,,
mendeley_labeled611_P07_f86b6c2e18d5b65a,67htnzmwbb.1,P07,q,dactylology,accepted,train,Mexican Sign Languages Dactylology and Ten First Numbers - Labeled images and videos. From person #6 to #11/persona_7/Ciclo_3_5_Izquierda/Ciclo_3_5_Izq_q.mp4,Ciclo_3_5_Izq_q,pending,,
mendeley_labeled611_P07_802e4c46bcdc41fc,67htnzmwbb.1,P07,q,dactylology,accepted,train,Mexican Sign Languages Dactylology and Ten First Numbers - Labeled images and videos. From person #6 to #11/persona_7/Ciclo_4_5_Derecha/Ciclo_4_5_Derecha_q.mp4,Ciclo_4_5_Derecha_q,pending,,
mendeley_labeled611_P07_4cfaa2f7de3528c9,67htnzmwbb.1,P07,q,dactylology,accepted,train,Mexican Sign Languages Dactylology and Ten First Numbers - Labeled images and videos. From person #6 to #11/persona_7/Ciclo_4_5_Izquierda/Ciclo_4_5_Izq_q.mp4,Ciclo_4_5_Izq_q,pending,,
mendeley_labeled611_P07_4dde22f1f5beb881,67htnzmwbb.1,P07,q,dactylology,accepted,train,Mexican Sign Languages Dactylology and Ten First Numbers - Labeled images and videos. From person #6 to #11/persona_7/Ciclo_5_5_Derecha/Ciclo_5_5_Derecha_q.mp4,Ciclo_5_5_Derecha_q,pending,,
mendeley_labeled611_P07_8a68e78812b1a6d3,67htnzmwbb.1,P07,q,dactylology,accepted,train,Mexican Sign Languages Dactylology and Ten First Numbers - Labeled images and videos. From person #6 to #11/persona_7/Ciclo_5_5_Izquierda/Ciclo_5_5_Izq_q.mp4,Ciclo_5_5_Izq_q,pending,,
mendeley_labeled611_P07_9666f70f904475cb,67htnzmwbb.1,P07,r,dactylology,accepted,train,Mexican Sign Languages Dactylology and Ten First Numbers - Labeled images and videos. From person #6 to #11/persona_7/Ciclo_1_5_Derecha/Ciclo_1_5_Derecha_r.mp4,Ciclo_1_5_Derecha_r,pending,,
mendeley_labeled611_P07_2ff9e60be06a862d,67htnzmwbb.1,P07,r,dactylology,accepted,train,Mexican Sign Languages Dactylology and Ten First Numbers - Labeled images and videos. From person #6 to #11/persona_7/Ciclo_1_5_Izquierda/Ciclo_1_5_Izq_r.mp4,Ciclo_1_5_Izq_r,pending,,
mendeley_labeled611_P07_9b8bf60131d6f401,67htnzmwbb.1,P07,r,dactylology,accepted,train,Mexican Sign Languages Dactylology and Ten First Numbers - Labeled images and videos. From person #6 to #11/persona_7/Ciclo_2_5_Derecha/Ciclo_2_5_Derecha_r.mp4,Ciclo_2_5_Derecha_r,pending,,
mendeley_labeled611_P07_578a676589584e3d,67htnzmwbb.1,P07,r,dactylology,accepted,train,Mexican Sign Languages Dactylology and Ten First Numbers - Labeled images and videos. From person #6 to #11/persona_7/Ciclo_2_5_Izquierda/Ciclo_2_5_Izq_r.mp4,Ciclo_2_5_Izq_r,pending,,
mendeley_labeled611_P07_d42b6013441c0f4b,67htnzmwbb.1,P07,r,dactylology,accepted,train,Mexican Sign Languages Dactylology and Ten First Numbers - Labeled images and videos. From person #6 to #11/persona_7/Ciclo_3_5_Derecha/Ciclo_3_5_Derecha_r.mp4,Ciclo_3_5_Derecha_r,pending,,
mendeley_labeled611_P07_87ab06b226c24914,67htnzmwbb.1,P07,r,dactylology,accepted,train,Mexican Sign Languages Dactylology and Ten First Numbers - Labeled images and videos. From person #6 to #11/persona_7/Ciclo_3_5_Izquierda/Ciclo_3_5_Izq_r.mp4,Ciclo_3_5_Izq_r,pending,,
mendeley_labeled611_P07_dca68752f41d2f76,67htnzmwbb.1,P07,r,dactylology,accepted,train,Mexican Sign Languages Dactylology and Ten First Numbers - Labeled images and videos. From person #6 to #11/persona_7/Ciclo_4_5_Derecha/Ciclo_4_5_Derecha_r.mp4,Ciclo_4_5_Derecha_r,pending,,
mendeley_labeled611_P07_eb1de28f320a2de3,67htnzmwbb.1,P07,r,dactylology,accepted,train,Mexican Sign Languages Dactylology and Ten First Numbers - Labeled images and videos. From person #6 to #11/persona_7/Ciclo_4_5_Izquierda/Ciclo_4_5_Izq_r.mp4,Ciclo_4_5_Izq_r,pending,,
mendeley_labeled611_P07_d5c70da8a13ff37a,67htnzmwbb.1,P07,r,dactylology,accepted,train,Mexican Sign Languages Dactylology and Ten First Numbers - Labeled images and videos. From person #6 to #11/persona_7/Ciclo_5_5_Derecha/Ciclo_5_5_Derecha_r.mp4,Ciclo_5_5_Derecha_r,pending,,
mendeley_labeled611_P07_675b09bfa73c43e0,67htnzmwbb.1,P07,r,dactylology,accepted,train,Mexican Sign Languages Dactylology and Ten First Numbers - Labeled images and videos. From person #6 to #11/persona_7/Ciclo_5_5_Izquierda/Ciclo_5_5_Izq_r.mp4,Ciclo_5_5_Izq_r,pending,,
mendeley_labeled611_P07_4367f0fba0e9df98,67htnzmwbb.1,P07,rr,dactylology,accepted,train,Mexican Sign Languages Dactylology and Ten First Numbers - Labeled images and videos. From person #6 to #11/persona_7/Ciclo_1_5_Derecha/Ciclo_1_5_Derecha_rr.mp4,Ciclo_1_5_Derecha_rr,pending,,
mendeley_labeled611_P07_2073889f8a04cef4,67htnzmwbb.1,P07,rr,dactylology,accepted,train,Mexican Sign Languages Dactylology and Ten First Numbers - Labeled images and videos. From person #6 to #11/persona_7/Ciclo_1_5_Izquierda/Ciclo_1_5_Izq_rr.mp4,Ciclo_1_5_Izq_rr,pending,,
mendeley_labeled611_P07_de66ac37d3934ef7,67htnzmwbb.1,P07,rr,dactylology,accepted,train,Mexican Sign Languages Dactylology and Ten First Numbers - Labeled images and videos. From person #6 to #11/persona_7/Ciclo_2_5_Derecha/Ciclo_2_5_Derecha_rr.mp4,Ciclo_2_5_Derecha_rr,pending,,
mendeley_labeled611_P07_4963ccd5addf4004,67htnzmwbb.1,P07,rr,dactylology,accepted,train,Mexican Sign Languages Dactylology and Ten First Numbers - Labeled images and videos. From person #6 to #11/persona_7/Ciclo_2_5_Izquierda/Ciclo_2_5_Izq_rr.mp4,Ciclo_2_5_Izq_rr,pending,,
mendeley_labeled611_P07_10c2f2599702c3ce,67htnzmwbb.1,P07,rr,dactylology,accepted,train,Mexican Sign Languages Dactylology and Ten First Numbers - Labeled images and videos. From person #6 to #11/persona_7/Ciclo_3_5_Derecha/Ciclo_3_5_Derecha_rr.mp4,Ciclo_3_5_Derecha_rr,pending,,
mendeley_labeled611_P07_7e5bf771ec014126,67htnzmwbb.1,P07,rr,dactylology,accepted,train,Mexican Sign Languages Dactylology and Ten First Numbers - Labeled images and videos. From person #6 to #11/persona_7/Ciclo_3_5_Izquierda/Ciclo_3_5_Izq_rr.mp4,Ciclo_3_5_Izq_rr,pending,,
mendeley_labeled611_P07_17b3c67fea8a99dd,67htnzmwbb.1,P07,rr,dactylology,accepted,train,Mexican Sign Languages Dactylology and Ten First Numbers - Labeled images and videos. From person #6 to #11/persona_7/Ciclo_4_5_Derecha/Ciclo_4_5_Derecha_rr.mp4,Ciclo_4_5_Derecha_rr,pending,,
mendeley_labeled611_P07_261d28c5211c2316,67htnzmwbb.1,P07,rr,dactylology,accepted,train,Mexican Sign Languages Dactylology and Ten First Numbers - Labeled images and videos. From person #6 to #11/persona_7/Ciclo_4_5_Izquierda/Ciclo_4_5_Izq_rr.mp4,Ciclo_4_5_Izq_rr,pending,,
mendeley_labeled611_P07_49c8079a02aad384,67htnzmwbb.1,P07,rr,dactylology,accepted,train,Mexican Sign Languages Dactylology and Ten First Numbers - Labeled images and videos. From person #6 to #11/persona_7/Ciclo_5_5_Derecha/Ciclo_5_5_Derecha_rr.mp4,Ciclo_5_5_Derecha_rr,pending,,
mendeley_labeled611_P07_dd83c64df743ef69,67htnzmwbb.1,P07,rr,dactylology,accepted,train,Mexican Sign Languages Dactylology and Ten First Numbers - Labeled images and videos. From person #6 to #11/persona_7/Ciclo_5_5_Izquierda/Ciclo_5_5_Izq_rr.mp4,Ciclo_5_5_Izq_rr,pending,,
mendeley_labeled611_P07_7ffeaa3b8047476d,67htnzmwbb.1,P07,s,dactylology,accepted,train,Mexican Sign Languages Dactylology and Ten First Numbers - Labeled images and videos. From person #6 to #11/persona_7/Ciclo_1_5_Derecha/Ciclo_1_5_Derecha_s.mp4,Ciclo_1_5_Derecha_s,pending,,
mendeley_labeled611_P07_745ba3c219dbeaa9,67htnzmwbb.1,P07,s,dactylology,accepted,train,Mexican Sign Languages Dactylology and Ten First Numbers - Labeled images and videos. From person #6 to #11/persona_7/Ciclo_1_5_Izquierda/Ciclo_1_5_Izq_s.mp4,Ciclo_1_5_Izq_s,pending,,
mendeley_labeled611_P07_c0711e4f0ee2da47,67htnzmwbb.1,P07,s,dactylology,accepted,train,Mexican Sign Languages Dactylology and Ten First Numbers - Labeled images and videos. From person #6 to #11/persona_7/Ciclo_2_5_Derecha/Ciclo_2_5_Derecha_s.mp4,Ciclo_2_5_Derecha_s,pending,,
mendeley_labeled611_P07_3c59b182f7a1989f,67htnzmwbb.1,P07,s,dactylology,accepted,train,Mexican Sign Languages Dactylology and Ten First Numbers - Labeled images and videos. From person #6 to #11/persona_7/Ciclo_2_5_Izquierda/Ciclo_2_5_Izq_s.mp4,Ciclo_2_5_Izq_s,pending,,
mendeley_labeled611_P07_acc00880a474e62d,67htnzmwbb.1,P07,s,dactylology,accepted,train,Mexican Sign Languages Dactylology and Ten First Numbers - Labeled images and videos. From person #6 to #11/persona_7/Ciclo_3_5_Derecha/Ciclo_3_5_Derecha_s.mp4,Ciclo_3_5_Derecha_s,pending,,
mendeley_labeled611_P07_faa0785bb1e82b80,67htnzmwbb.1,P07,s,dactylology,accepted,train,Mexican Sign Languages Dactylology and Ten First Numbers - Labeled images and videos. From person #6 to #11/persona_7/Ciclo_3_5_Izquierda/Ciclo_3_5_Izq_s.mp4,Ciclo_3_5_Izq_s,pending,,
mendeley_labeled611_P07_da8df96186a3a4ac,67htnzmwbb.1,P07,s,dactylology,accepted,train,Mexican Sign Languages Dactylology and Ten First Numbers - Labeled images and videos. From person #6 to #11/persona_7/Ciclo_4_5_Derecha/Ciclo_4_5_Derecha_s.mp4,Ciclo_4_5_Derecha_s,pending,,
mendeley_labeled611_P07_0842e443a7606d59,67htnzmwbb.1,P07,s,dactylology,accepted,train,Mexican Sign Languages Dactylology and Ten First Numbers - Labeled images and videos. From person #6 to #11/persona_7/Ciclo_4_5_Izquierda/Ciclo_4_5_Izq_s.mp4,Ciclo_4_5_Izq_s,pending,,
mendeley_labeled611_P07_ed133af31d54b03a,67htnzmwbb.1,P07,s,dactylology,accepted,train,Mexican Sign Languages Dactylology and Ten First Numbers - Labeled images and videos. From person #6 to #11/persona_7/Ciclo_5_5_Derecha/Ciclo_5_5_Derecha_s.mp4,Ciclo_5_5_Derecha_s,pending,,
mendeley_labeled611_P07_8b06ad168a7efaa3,67htnzmwbb.1,P07,s,dactylology,accepted,train,Mexican Sign Languages Dactylology and Ten First Numbers - Labeled images and videos. From person #6 to #11/persona_7/Ciclo_5_5_Izquierda/Ciclo_5_5_Izq_s.mp4,Ciclo_5_5_Izq_s,pending,,
mendeley_labeled611_P07_b2ddec198af60b4b,67htnzmwbb.1,P07,t,dactylology,accepted,train,Mexican Sign Languages Dactylology and Ten First Numbers - Labeled images and videos. From person #6 to #11/persona_7/Ciclo_1_5_Derecha/Ciclo_1_5_Derecha_t.mp4,Ciclo_1_5_Derecha_t,pending,,
mendeley_labeled611_P07_0d361fef5be3b77a,67htnzmwbb.1,P07,t,dactylology,accepted,train,Mexican Sign Languages Dactylology and Ten First Numbers - Labeled images and videos. From person #6 to #11/persona_7/Ciclo_1_5_Izquierda/Ciclo_1_5_Izq_t.mp4,Ciclo_1_5_Izq_t,pending,,
mendeley_labeled611_P07_9801bde6c292e50e,67htnzmwbb.1,P07,t,dactylology,accepted,train,Mexican Sign Languages Dactylology and Ten First Numbers - Labeled images and videos. From person #6 to #11/persona_7/Ciclo_2_5_Derecha/Ciclo_2_5_Derecha_t.mp4,Ciclo_2_5_Derecha_t,pending,,
mendeley_labeled611_P07_e3d0428ab4de739c,67htnzmwbb.1,P07,t,dactylology,accepted,train,Mexican Sign Languages Dactylology and Ten First Numbers - Labeled images and videos. From person #6 to #11/persona_7/Ciclo_2_5_Izquierda/Ciclo_2_5_Izq_t.mp4,Ciclo_2_5_Izq_t,pending,,
mendeley_labeled611_P07_dfa9449f0288dbb5,67htnzmwbb.1,P07,t,dactylology,accepted,train,Mexican Sign Languages Dactylology and Ten First Numbers - Labeled images and videos. From person #6 to #11/persona_7/Ciclo_3_5_Derecha/Ciclo_3_5_Derecha_t.mp4,Ciclo_3_5_Derecha_t,pending,,
mendeley_labeled611_P07_d44236dcfb92efa0,67htnzmwbb.1,P07,t,dactylology,accepted,train,Mexican Sign Languages Dactylology and Ten First Numbers - Labeled images and videos. From person #6 to #11/persona_7/Ciclo_3_5_Izquierda/Ciclo_3_5_Izq_t.mp4,Ciclo_3_5_Izq_t,pending,,
mendeley_labeled611_P07_c481ffdc55ef177b,67htnzmwbb.1,P07,t,dactylology,accepted,train,Mexican Sign Languages Dactylology and Ten First Numbers - Labeled images and videos. From person #6 to #11/persona_7/Ciclo_4_5_Derecha/Ciclo_4_5_Derecha_t.mp4,Ciclo_4_5_Derecha_t,pending,,
mendeley_labeled611_P07_a64f4bcc85ec97f0,67htnzmwbb.1,P07,t,dactylology,accepted,train,Mexican Sign Languages Dactylology and Ten First Numbers - Labeled images and videos. From person #6 to #11/persona_7/Ciclo_4_5_Izquierda/Ciclo_4_5_Izq_t.mp4,Ciclo_4_5_Izq_t,pending,,
mendeley_labeled611_P07_42dca0bc78fbf7f5,67htnzmwbb.1,P07,t,dactylology,accepted,train,Mexican Sign Languages Dactylology and Ten First Numbers - Labeled images and videos. From person #6 to #11/persona_7/Ciclo_5_5_Derecha/Ciclo_5_5_Derecha_t.mp4,Ciclo_5_5_Derecha_t,pending,,
mendeley_labeled611_P07_d47ae683bda39132,67htnzmwbb.1,P07,t,dactylology,accepted,train,Mexican Sign Languages Dactylology and Ten First Numbers - Labeled images and videos. From person #6 to #11/persona_7/Ciclo_5_5_Izquierda/Ciclo_5_5_Izq_t.mp4,Ciclo_5_5_Izq_t,pending,,
mendeley_labeled611_P07_93c20845177c3535,67htnzmwbb.1,P07,u,dactylology,accepted,train,Mexican Sign Languages Dactylology and Ten First Numbers - Labeled images and videos. From person #6 to #11/persona_7/Ciclo_1_5_Derecha/Ciclo_1_5_Derecha_u.mp4,Ciclo_1_5_Derecha_u,pending,,
mendeley_labeled611_P07_17e5ea02e796275e,67htnzmwbb.1,P07,u,dactylology,accepted,train,Mexican Sign Languages Dactylology and Ten First Numbers - Labeled images and videos. From person #6 to #11/persona_7/Ciclo_1_5_Izquierda/Ciclo_1_5_Izq_u.mp4,Ciclo_1_5_Izq_u,pending,,
mendeley_labeled611_P07_e3566a264584b4c7,67htnzmwbb.1,P07,u,dactylology,accepted,train,Mexican Sign Languages Dactylology and Ten First Numbers - Labeled images and videos. From person #6 to #11/persona_7/Ciclo_2_5_Derecha/Ciclo_2_5_Derecha_u.mp4,Ciclo_2_5_Derecha_u,pending,,
mendeley_labeled611_P07_c304c763faae60ba,67htnzmwbb.1,P07,u,dactylology,accepted,train,Mexican Sign Languages Dactylology and Ten First Numbers - Labeled images and videos. From person #6 to #11/persona_7/Ciclo_2_5_Izquierda/Ciclo_2_5_Izq_u.mp4,Ciclo_2_5_Izq_u,pending,,
mendeley_labeled611_P07_b028050a6027455e,67htnzmwbb.1,P07,u,dactylology,accepted,train,Mexican Sign Languages Dactylology and Ten First Numbers - Labeled images and videos. From person #6 to #11/persona_7/Ciclo_3_5_Derecha/Ciclo_3_5_Derecha_u.mp4,Ciclo_3_5_Derecha_u,pending,,
mendeley_labeled611_P07_8a5f9590ffa08eb8,67htnzmwbb.1,P07,u,dactylology,accepted,train,Mexican Sign Languages Dactylology and Ten First Numbers - Labeled images and videos. From person #6 to #11/persona_7/Ciclo_3_5_Izquierda/Ciclo_3_5_Izq_u.mp4,Ciclo_3_5_Izq_u,pending,,
mendeley_labeled611_P07_6c25641cbf1ad8bf,67htnzmwbb.1,P07,u,dactylology,accepted,train,Mexican Sign Languages Dactylology and Ten First Numbers - Labeled images and videos. From person #6 to #11/persona_7/Ciclo_4_5_Derecha/Ciclo_4_5_Derecha_u.mp4,Ciclo_4_5_Derecha_u,pending,,
mendeley_labeled611_P07_c370c3aaa0ca5562,67htnzmwbb.1,P07,u,dactylology,accepted,train,Mexican Sign Languages Dactylology and Ten First Numbers - Labeled images and videos. From person #6 to #11/persona_7/Ciclo_4_5_Izquierda/Ciclo_4_5_Izq_u.mp4,Ciclo_4_5_Izq_u,pending,,
mendeley_labeled611_P07_3c5f1d32d4d6d7d7,67htnzmwbb.1,P07,u,dactylology,accepted,train,Mexican Sign Languages Dactylology and Ten First Numbers - Labeled images and videos. From person #6 to #11/persona_7/Ciclo_5_5_Derecha/Ciclo_5_5_Derecha_u.mp4,Ciclo_5_5_Derecha_u,pending,,
mendeley_labeled611_P07_4866787040a0beb2,67htnzmwbb.1,P07,u,dactylology,accepted,train,Mexican Sign Languages Dactylology and Ten First Numbers - Labeled images and videos. From person #6 to #11/persona_7/Ciclo_5_5_Izquierda/Ciclo_5_5_Izq_u.mp4,Ciclo_5_5_Izq_u,pending,,
mendeley_labeled611_P07_5aa3d6e036c428b1,67htnzmwbb.1,P07,v,dactylology,accepted,train,Mexican Sign Languages Dactylology and Ten First Numbers - Labeled images and videos. From person #6 to #11/persona_7/Ciclo_1_5_Derecha/Ciclo_1_5_Derecha_v.mp4,Ciclo_1_5_Derecha_v,pending,,
mendeley_labeled611_P07_9957ccd0c16a5bf5,67htnzmwbb.1,P07,v,dactylology,accepted,train,Mexican Sign Languages Dactylology and Ten First Numbers - Labeled images and videos. From person #6 to #11/persona_7/Ciclo_1_5_Izquierda/Ciclo_1_5_Izq_v.mp4,Ciclo_1_5_Izq_v,pending,,
mendeley_labeled611_P07_993afc40c0232d99,67htnzmwbb.1,P07,v,dactylology,accepted,train,Mexican Sign Languages Dactylology and Ten First Numbers - Labeled images and videos. From person #6 to #11/persona_7/Ciclo_2_5_Derecha/Ciclo_2_5_Derecha_v.mp4,Ciclo_2_5_Derecha_v,pending,,
mendeley_labeled611_P07_0213678c285a49eb,67htnzmwbb.1,P07,v,dactylology,accepted,train,Mexican Sign Languages Dactylology and Ten First Numbers - Labeled images and videos. From person #6 to #11/persona_7/Ciclo_2_5_Izquierda/Ciclo_2_5_Izq_v.mp4,Ciclo_2_5_Izq_v,pending,,
mendeley_labeled611_P07_2a97cc31994dfe75,67htnzmwbb.1,P07,v,dactylology,accepted,train,Mexican Sign Languages Dactylology and Ten First Numbers - Labeled images and videos. From person #6 to #11/persona_7/Ciclo_3_5_Derecha/Ciclo_3_5_Derecha_v.mp4,Ciclo_3_5_Derecha_v,pending,,
mendeley_labeled611_P07_040fda8319d687d0,67htnzmwbb.1,P07,v,dactylology,accepted,train,Mexican Sign Languages Dactylology and Ten First Numbers - Labeled images and videos. From person #6 to #11/persona_7/Ciclo_3_5_Izquierda/Ciclo_3_5_Izq_v.mp4,Ciclo_3_5_Izq_v,pending,,
mendeley_labeled611_P07_1c0e8268c15e95f2,67htnzmwbb.1,P07,v,dactylology,accepted,train,Mexican Sign Languages Dactylology and Ten First Numbers - Labeled images and videos. From person #6 to #11/persona_7/Ciclo_4_5_Derecha/Ciclo_4_5_Derecha_v.mp4,Ciclo_4_5_Derecha_v,pending,,
mendeley_labeled611_P07_feac6a352a8b0fb8,67htnzmwbb.1,P07,v,dactylology,accepted,train,Mexican Sign Languages Dactylology and Ten First Numbers - Labeled images and videos. From person #6 to #11/persona_7/Ciclo_4_5_Izquierda/Ciclo_4_5_Izq_v.mp4,Ciclo_4_5_Izq_v,pending,,
mendeley_labeled611_P07_b0c535c9462451de,67htnzmwbb.1,P07,v,dactylology,accepted,train,Mexican Sign Languages Dactylology and Ten First Numbers - Labeled images and videos. From person #6 to #11/persona_7/Ciclo_5_5_Derecha/Ciclo_5_5_Derecha_v.mp4,Ciclo_5_5_Derecha_v,pending,,
mendeley_labeled611_P07_739154f93f919292,67htnzmwbb.1,P07,v,dactylology,accepted,train,Mexican Sign Languages Dactylology and Ten First Numbers - Labeled images and videos. From person #6 to #11/persona_7/Ciclo_5_5_Izquierda/Ciclo_5_5_Izq_v.mp4,Ciclo_5_5_Izq_v,pending,,
mendeley_labeled611_P07_e063a3d8e93c08c2,67htnzmwbb.1,P07,w,dactylology,accepted,train,Mexican Sign Languages Dactylology and Ten First Numbers - Labeled images and videos. From person #6 to #11/persona_7/Ciclo_1_5_Derecha/Ciclo_1_5_Derecha_w.mp4,Ciclo_1_5_Derecha_w,pending,,
mendeley_labeled611_P07_8aff4122051411d6,67htnzmwbb.1,P07,w,dactylology,accepted,train,Mexican Sign Languages Dactylology and Ten First Numbers - Labeled images and videos. From person #6 to #11/persona_7/Ciclo_1_5_Izquierda/Ciclo_1_5_Izq_w.mp4,Ciclo_1_5_Izq_w,pending,,
mendeley_labeled611_P07_cd3541eb08e1b6c9,67htnzmwbb.1,P07,w,dactylology,accepted,train,Mexican Sign Languages Dactylology and Ten First Numbers - Labeled images and videos. From person #6 to #11/persona_7/Ciclo_2_5_Derecha/Ciclo_2_5_Derecha_w.mp4,Ciclo_2_5_Derecha_w,pending,,
mendeley_labeled611_P07_3d351755368910b8,67htnzmwbb.1,P07,w,dactylology,accepted,train,Mexican Sign Languages Dactylology and Ten First Numbers - Labeled images and videos. From person #6 to #11/persona_7/Ciclo_2_5_Izquierda/Ciclo_2_5_Izq_w.mp4,Ciclo_2_5_Izq_w,pending,,
mendeley_labeled611_P07_a1284c760ad38f03,67htnzmwbb.1,P07,w,dactylology,accepted,train,Mexican Sign Languages Dactylology and Ten First Numbers - Labeled images and videos. From person #6 to #11/persona_7/Ciclo_3_5_Derecha/Ciclo_3_5_Derecha_w.mp4,Ciclo_3_5_Derecha_w,pending,,
mendeley_labeled611_P07_e3c72afcc22260e1,67htnzmwbb.1,P07,w,dactylology,accepted,train,Mexican Sign Languages Dactylology and Ten First Numbers - Labeled images and videos. From person #6 to #11/persona_7/Ciclo_3_5_Izquierda/Ciclo_3_5_Izq_w.mp4,Ciclo_3_5_Izq_w,pending,,
mendeley_labeled611_P07_bfea52e4a3846287,67htnzmwbb.1,P07,w,dactylology,accepted,train,Mexican Sign Languages Dactylology and Ten First Numbers - Labeled images and videos. From person #6 to #11/persona_7/Ciclo_4_5_Derecha/Ciclo_4_5_Derecha_w.mp4,Ciclo_4_5_Derecha_w,pending,,
mendeley_labeled611_P07_b6c3bf73f46134c1,67htnzmwbb.1,P07,w,dactylology,accepted,train,Mexican Sign Languages Dactylology and Ten First Numbers - Labeled images and videos. From person #6 to #11/persona_7/Ciclo_4_5_Izquierda/Ciclo_4_5_Izq_w.mp4,Ciclo_4_5_Izq_w,pending,,
mendeley_labeled611_P07_6e40941c85122377,67htnzmwbb.1,P07,w,dactylology,accepted,train,Mexican Sign Languages Dactylology and Ten First Numbers - Labeled images and videos. From person #6 to #11/persona_7/Ciclo_5_5_Derecha/Ciclo_5_5_Derecha_w.mp4,Ciclo_5_5_Derecha_w,pending,,
mendeley_labeled611_P07_f50291d7287c9497,67htnzmwbb.1,P07,w,dactylology,accepted,train,Mexican Sign Languages Dactylology and Ten First Numbers - Labeled images and videos. From person #6 to #11/persona_7/Ciclo_5_5_Izquierda/Ciclo_5_5_Izq_w.mp4,Ciclo_5_5_Izq_w,pending,,
mendeley_labeled611_P07_c729475dd661db08,67htnzmwbb.1,P07,x,dactylology,accepted,train,Mexican Sign Languages Dactylology and Ten First Numbers - Labeled images and videos. From person #6 to #11/persona_7/Ciclo_1_5_Derecha/Ciclo_1_5_Derecha_x.mp4,Ciclo_1_5_Derecha_x,pending,,
mendeley_labeled611_P07_258c10a9ef7e171a,67htnzmwbb.1,P07,x,dactylology,accepted,train,Mexican Sign Languages Dactylology and Ten First Numbers - Labeled images and videos. From person #6 to #11/persona_7/Ciclo_1_5_Izquierda/Ciclo_1_5_Izq_x.mp4,Ciclo_1_5_Izq_x,pending,,
mendeley_labeled611_P07_53188edc6e1bb95f,67htnzmwbb.1,P07,x,dactylology,accepted,train,Mexican Sign Languages Dactylology and Ten First Numbers - Labeled images and videos. From person #6 to #11/persona_7/Ciclo_2_5_Derecha/Ciclo_2_5_Derecha_x.mp4,Ciclo_2_5_Derecha_x,pending,,
mendeley_labeled611_P07_4bf7288ac4a80cc3,67htnzmwbb.1,P07,x,dactylology,accepted,train,Mexican Sign Languages Dactylology and Ten First Numbers - Labeled images and videos. From person #6 to #11/persona_7/Ciclo_2_5_Izquierda/Ciclo_2_5_Izq_x.mp4,Ciclo_2_5_Izq_x,pending,,
mendeley_labeled611_P07_a2531d921f2b8ec8,67htnzmwbb.1,P07,x,dactylology,accepted,train,Mexican Sign Languages Dactylology and Ten First Numbers - Labeled images and videos. From person #6 to #11/persona_7/Ciclo_3_5_Derecha/Ciclo_3_5_Derecha_x.mp4,Ciclo_3_5_Derecha_x,pending,,
mendeley_labeled611_P07_95704d95a5e7eca3,67htnzmwbb.1,P07,x,dactylology,accepted,train,Mexican Sign Languages Dactylology and Ten First Numbers - Labeled images and videos. From person #6 to #11/persona_7/Ciclo_3_5_Izquierda/Ciclo_3_5_Izq_x.mp4,Ciclo_3_5_Izq_x,pending,,
mendeley_labeled611_P07_ebd1e85157be6aa0,67htnzmwbb.1,P07,x,dactylology,accepted,train,Mexican Sign Languages Dactylology and Ten First Numbers - Labeled images and videos. From person #6 to #11/persona_7/Ciclo_4_5_Derecha/Ciclo_4_5_Derecha_x.mp4,Ciclo_4_5_Derecha_x,pending,,
mendeley_labeled611_P07_2c364a56cc35be21,67htnzmwbb.1,P07,x,dactylology,accepted,train,Mexican Sign Languages Dactylology and Ten First Numbers - Labeled images and videos. From person #6 to #11/persona_7/Ciclo_4_5_Izquierda/Ciclo_4_5_Izq_x.mp4,Ciclo_4_5_Izq_x,pending,,
mendeley_labeled611_P07_6fde71b815c608df,67htnzmwbb.1,P07,x,dactylology,accepted,train,Mexican Sign Languages Dactylology and Ten First Numbers - Labeled images and videos. From person #6 to #11/persona_7/Ciclo_5_5_Derecha/Ciclo_5_5_Derecha_x.mp4,Ciclo_5_5_Derecha_x,pending,,
mendeley_labeled611_P07_54ebcac5c8fb4490,67htnzmwbb.1,P07,x,dactylology,accepted,train,Mexican Sign Languages Dactylology and Ten First Numbers - Labeled images and videos. From person #6 to #11/persona_7/Ciclo_5_5_Izquierda/Ciclo_5_5_Izq_x.mp4,Ciclo_5_5_Izq_x,pending,,
mendeley_labeled611_P07_823e1499e73f8f75,67htnzmwbb.1,P07,y,dactylology,accepted,train,Mexican Sign Languages Dactylology and Ten First Numbers - Labeled images and videos. From person #6 to #11/persona_7/Ciclo_1_5_Derecha/Ciclo_1_5_Derecha_y.mp4,Ciclo_1_5_Derecha_y,pending,,
mendeley_labeled611_P07_911e7920b8b02cf1,67htnzmwbb.1,P07,y,dactylology,accepted,train,Mexican Sign Languages Dactylology and Ten First Numbers - Labeled images and videos. From person #6 to #11/persona_7/Ciclo_1_5_Izquierda/Ciclo_1_5_Izq_y.mp4,Ciclo_1_5_Izq_y,pending,,
mendeley_labeled611_P07_72b0fd0400431be7,67htnzmwbb.1,P07,y,dactylology,accepted,train,Mexican Sign Languages Dactylology and Ten First Numbers - Labeled images and videos. From person #6 to #11/persona_7/Ciclo_2_5_Derecha/Ciclo_2_5_Derecha_y.mp4,Ciclo_2_5_Derecha_y,pending,,
mendeley_labeled611_P07_2dabb664ac549cb8,67htnzmwbb.1,P07,y,dactylology,accepted,train,Mexican Sign Languages Dactylology and Ten First Numbers - Labeled images and videos. From person #6 to #11/persona_7/Ciclo_2_5_Izquierda/Ciclo_2_5_Izq_y.mp4,Ciclo_2_5_Izq_y,pending,,
mendeley_labeled611_P07_71697142f11d9def,67htnzmwbb.1,P07,y,dactylology,accepted,train,Mexican Sign Languages Dactylology and Ten First Numbers - Labeled images and videos. From person #6 to #11/persona_7/Ciclo_3_5_Derecha/Ciclo_3_5_Derecha_y.mp4,Ciclo_3_5_Derecha_y,pending,,
mendeley_labeled611_P07_f12c5e712b0a4499,67htnzmwbb.1,P07,y,dactylology,accepted,train,Mexican Sign Languages Dactylology and Ten First Numbers - Labeled images and videos. From person #6 to #11/persona_7/Ciclo_3_5_Izquierda/Ciclo_3_5_Izq_y.mp4,Ciclo_3_5_Izq_y,pending,,
mendeley_labeled611_P07_f45fb749b49862ca,67htnzmwbb.1,P07,y,dactylology,accepted,train,Mexican Sign Languages Dactylology and Ten First Numbers - Labeled images and videos. From person #6 to #11/persona_7/Ciclo_4_5_Derecha/Ciclo_4_5_Derecha_y.mp4,Ciclo_4_5_Derecha_y,pending,,
mendeley_labeled611_P07_b71ce3fbaa8a37f6,67htnzmwbb.1,P07,y,dactylology,accepted,train,Mexican Sign Languages Dactylology and Ten First Numbers - Labeled images and videos. From person #6 to #11/persona_7/Ciclo_4_5_Izquierda/Ciclo_4_5_Izq_y.mp4,Ciclo_4_5_Izq_y,pending,,
mendeley_labeled611_P07_512d8ca7df5e4093,67htnzmwbb.1,P07,y,dactylology,accepted,train,Mexican Sign Languages Dactylology and Ten First Numbers - Labeled images and videos. From person #6 to #11/persona_7/Ciclo_5_5_Derecha/Ciclo_5_5_Derecha_y.mp4,Ciclo_5_5_Derecha_y,pending,,
mendeley_labeled611_P07_449e2490e849a486,67htnzmwbb.1,P07,y,dactylology,accepted,train,Mexican Sign Languages Dactylology and Ten First Numbers - Labeled images and videos. From person #6 to #11/persona_7/Ciclo_5_5_Izquierda/Ciclo_5_5_Izq_y.mp4,Ciclo_5_5_Izq_y,pending,,
mendeley_labeled611_P07_ba3fca3c60818b59,67htnzmwbb.1,P07,z,dactylology,accepted,train,Mexican Sign Languages Dactylology and Ten First Numbers - Labeled images and videos. From person #6 to #11/persona_7/Ciclo_1_5_Derecha/Ciclo_1_5_Derecha_z.mp4,Ciclo_1_5_Derecha_z,pending,,
mendeley_labeled611_P07_e6adef025be81690,67htnzmwbb.1,P07,z,dactylology,accepted,train,Mexican Sign Languages Dactylology and Ten First Numbers - Labeled images and videos. From person #6 to #11/persona_7/Ciclo_1_5_Izquierda/Ciclo_1_5_Izq_z.mp4,Ciclo_1_5_Izq_z,pending,,
mendeley_labeled611_P07_f154c7b505ea457b,67htnzmwbb.1,P07,z,dactylology,accepted,train,Mexican Sign Languages Dactylology and Ten First Numbers - Labeled images and videos. From person #6 to #11/persona_7/Ciclo_2_5_Derecha/Ciclo_2_5_Derecha_z.mp4,Ciclo_2_5_Derecha_z,pending,,
mendeley_labeled611_P07_cf88d897dada65af,67htnzmwbb.1,P07,z,dactylology,accepted,train,Mexican Sign Languages Dactylology and Ten First Numbers - Labeled images and videos. From person #6 to #11/persona_7/Ciclo_2_5_Izquierda/Ciclo_2_5_Izq_z.mp4,Ciclo_2_5_Izq_z,pending,,
mendeley_labeled611_P07_e70b8b8e6b490fe8,67htnzmwbb.1,P07,z,dactylology,accepted,train,Mexican Sign Languages Dactylology and Ten First Numbers - Labeled images and videos. From person #6 to #11/persona_7/Ciclo_3_5_Derecha/Ciclo_3_5_Derecha_z.mp4,Ciclo_3_5_Derecha_z,pending,,
mendeley_labeled611_P07_aafdb9e8f36210cf,67htnzmwbb.1,P07,z,dactylology,accepted,train,Mexican Sign Languages Dactylology and Ten First Numbers - Labeled images and videos. From person #6 to #11/persona_7/Ciclo_3_5_Izquierda/Ciclo_3_5_Izq_z.mp4,Ciclo_3_5_Izq_z,pending,,
mendeley_labeled611_P07_55fb8a3bc187ac2a,67htnzmwbb.1,P07,z,dactylology,accepted,train,Mexican Sign Languages Dactylology and Ten First Numbers - Labeled images and videos. From person #6 to #11/persona_7/Ciclo_4_5_Derecha/Ciclo_4_5_Derecha_z.mp4,Ciclo_4_5_Derecha_z,pending,,
mendeley_labeled611_P07_0f80e3b40cdbd8ad,67htnzmwbb.1,P07,z,dactylology,accepted,train,Mexican Sign Languages Dactylology and Ten First Numbers - Labeled images and videos. From person #6 to #11/persona_7/Ciclo_4_5_Izquierda/Ciclo_4_5_Izq_z.mp4,Ciclo_4_5_Izq_z,pending,,
mendeley_labeled611_P07_e7919903a8ca1a22,67htnzmwbb.1,P07,z,dactylology,accepted,train,Mexican Sign Languages Dactylology and Ten First Numbers - Labeled images and videos. From person #6 to #11/persona_7/Ciclo_5_5_Derecha/Ciclo_5_5_Derecha_z.mp4,Ciclo_5_5_Derecha_z,pending,,
mendeley_labeled611_P07_2280958bae1221bf,67htnzmwbb.1,P07,z,dactylology,accepted,train,Mexican Sign Languages Dactylology and Ten First Numbers - Labeled images and videos. From person #6 to #11/persona_7/Ciclo_5_5_Izquierda/Ciclo_5_5_Izq_z.mp4,Ciclo_5_5_Izq_z,pending,,
mendeley_labeled611_P07_0dfb6cd1dc5ec673,67htnzmwbb.1,P07,ñ,dactylology,accepted,train,Mexican Sign Languages Dactylology and Ten First Numbers - Labeled images and videos. From person #6 to #11/persona_7/Ciclo_3_5_Derecha/Ciclo_3_5_Derecha_ñ.mp4,Ciclo_3_5_Derecha_ñ,pending,,
mendeley_labeled611_P07_7da42dd59812c9d7,67htnzmwbb.1,P07,ñ,dactylology,accepted,train,Mexican Sign Languages Dactylology and Ten First Numbers - Labeled images and videos. From person #6 to #11/persona_7/Ciclo_3_5_Izquierda/Ciclo_3_5_Izq_ñ.mp4,Ciclo_3_5_Izq_ñ,pending,,
mendeley_labeled611_P07_92bdfd5d9e3700d4,67htnzmwbb.1,P07,ñ,dactylology,accepted,train,Mexican Sign Languages Dactylology and Ten First Numbers - Labeled images and videos. From person #6 to #11/persona_7/Ciclo_4_5_Derecha/Ciclo_4_5_Derecha_ñ.mp4,Ciclo_4_5_Derecha_ñ,pending,,
mendeley_labeled611_P07_7983ecd2769ec0a5,67htnzmwbb.1,P07,ñ,dactylology,accepted,train,Mexican Sign Languages Dactylology and Ten First Numbers - Labeled images and videos. From person #6 to #11/persona_7/Ciclo_4_5_Izquierda/Ciclo_4_5_Izq_ñ.mp4,Ciclo_4_5_Izq_ñ,pending,,
mendeley_labeled611_P07_b94f2bbeece915fb,67htnzmwbb.1,P07,ñ,dactylology,accepted,train,Mexican Sign Languages Dactylology and Ten First Numbers - Labeled images and videos. From person #6 to #11/persona_7/Ciclo_5_5_Izquierda/Ciclo_5_5_Izq_ñ.mp4,Ciclo_5_5_Izq_ñ,pending,,
mendeley_labeled611_P07_60dd6b6b39956850,67htnzmwbb.1,P07,1,number,accepted,train,Mexican Sign Languages Dactylology and Ten First Numbers - Labeled images and videos. From person #6 to #11/persona_7/Ciclo_1_5_Derecha/Ciclo_1_5_Derecha_1.mp4,Ciclo_1_5_Derecha_1,pending,,
mendeley_labeled611_P07_147171ad5ff57d13,67htnzmwbb.1,P07,1,number,accepted,train,Mexican Sign Languages Dactylology and Ten First Numbers - Labeled images and videos. From person #6 to #11/persona_7/Ciclo_1_5_Izquierda/Ciclo_1_5_Izq_1.mp4,Ciclo_1_5_Izq_1,pending,,
mendeley_labeled611_P07_fff8ee26a7cca4ef,67htnzmwbb.1,P07,1,number,accepted,train,Mexican Sign Languages Dactylology and Ten First Numbers - Labeled images and videos. From person #6 to #11/persona_7/Ciclo_2_5_Derecha/Ciclo_2_5_Derecha_1.mp4,Ciclo_2_5_Derecha_1,pending,,
mendeley_labeled611_P07_cafd7e32f76a1740,67htnzmwbb.1,P07,1,number,accepted,train,Mexican Sign Languages Dactylology and Ten First Numbers - Labeled images and videos. From person #6 to #11/persona_7/Ciclo_2_5_Izquierda/Ciclo_2_5_Izq_1.mp4,Ciclo_2_5_Izq_1,pending,,
mendeley_labeled611_P07_3fb15fe56a82467a,67htnzmwbb.1,P07,1,number,accepted,train,Mexican Sign Languages Dactylology and Ten First Numbers - Labeled images and videos. From person #6 to #11/persona_7/Ciclo_3_5_Derecha/Ciclo_3_5_Derecha_1.mp4,Ciclo_3_5_Derecha_1,pending,,
mendeley_labeled611_P07_34478416117bae8d,67htnzmwbb.1,P07,1,number,accepted,train,Mexican Sign Languages Dactylology and Ten First Numbers - Labeled images and videos. From person #6 to #11/persona_7/Ciclo_3_5_Izquierda/Ciclo_3_5_Izq_1.mp4,Ciclo_3_5_Izq_1,pending,,
mendeley_labeled611_P07_f5c811385ae6b8df,67htnzmwbb.1,P07,1,number,accepted,train,Mexican Sign Languages Dactylology and Ten First Numbers - Labeled images and videos. From person #6 to #11/persona_7/Ciclo_4_5_Derecha/Ciclo_4_5_Derecha_1.mp4,Ciclo_4_5_Derecha_1,pending,,
mendeley_labeled611_P07_923190cc528d8f5d,67htnzmwbb.1,P07,1,number,accepted,train,Mexican Sign Languages Dactylology and Ten First Numbers - Labeled images and videos. From person #6 to #11/persona_7/Ciclo_4_5_Izquierda/Ciclo_4_5_Izq_1.mp4,Ciclo_4_5_Izq_1,pending,,
mendeley_labeled611_P07_e0c08c87e98cfb16,67htnzmwbb.1,P07,1,number,accepted,train,Mexican Sign Languages Dactylology and Ten First Numbers - Labeled images and videos. From person #6 to #11/persona_7/Ciclo_5_5_Derecha/Ciclo_5_5_Derecha_1.mp4,Ciclo_5_5_Derecha_1,pending,,
mendeley_labeled611_P07_f3bf4cd4d55dda21,67htnzmwbb.1,P07,1,number,accepted,train,Mexican Sign Languages Dactylology and Ten First Numbers - Labeled images and videos. From person #6 to #11/persona_7/Ciclo_5_5_Izquierda/Ciclo_5_5_Izq_1.mp4,Ciclo_5_5_Izq_1,pending,,
mendeley_labeled611_P07_2ec8a1ddc9ce0a41,67htnzmwbb.1,P07,10,number,accepted,train,Mexican Sign Languages Dactylology and Ten First Numbers - Labeled images and videos. From person #6 to #11/persona_7/Ciclo_1_5_Derecha/Ciclo_1_5_Derecha_10.mp4,Ciclo_1_5_Derecha_10,pending,,
mendeley_labeled611_P07_746d325908ab4820,67htnzmwbb.1,P07,10,number,accepted,train,Mexican Sign Languages Dactylology and Ten First Numbers - Labeled images and videos. From person #6 to #11/persona_7/Ciclo_1_5_Izquierda/Ciclo_1_5_Izq_10.mp4,Ciclo_1_5_Izq_10,pending,,
mendeley_labeled611_P07_0bc9ae91b65939d8,67htnzmwbb.1,P07,10,number,accepted,train,Mexican Sign Languages Dactylology and Ten First Numbers - Labeled images and videos. From person #6 to #11/persona_7/Ciclo_2_5_Derecha/Ciclo_2_5_Derecha_10.mp4,Ciclo_2_5_Derecha_10,pending,,
mendeley_labeled611_P07_f66144fcbb2bf1b5,67htnzmwbb.1,P07,10,number,accepted,train,Mexican Sign Languages Dactylology and Ten First Numbers - Labeled images and videos. From person #6 to #11/persona_7/Ciclo_2_5_Izquierda/Ciclo_2_5_Izq_10.mp4,Ciclo_2_5_Izq_10,pending,,
mendeley_labeled611_P07_f35575bc45f87bfd,67htnzmwbb.1,P07,10,number,accepted,train,Mexican Sign Languages Dactylology and Ten First Numbers - Labeled images and videos. From person #6 to #11/persona_7/Ciclo_3_5_Derecha/Ciclo_3_5_Derecha_10.mp4,Ciclo_3_5_Derecha_10,pending,,
mendeley_labeled611_P07_cd9cb55d65ae2704,67htnzmwbb.1,P07,10,number,accepted,train,Mexican Sign Languages Dactylology and Ten First Numbers - Labeled images and videos. From person #6 to #11/persona_7/Ciclo_3_5_Izquierda/Ciclo_3_5_Izq_10.mp4,Ciclo_3_5_Izq_10,pending,,
mendeley_labeled611_P07_d374cbe6de0be2fa,67htnzmwbb.1,P07,10,number,accepted,train,Mexican Sign Languages Dactylology and Ten First Numbers - Labeled images and videos. From person #6 to #11/persona_7/Ciclo_4_5_Derecha/Ciclo_4_5_Derecha_10.mp4,Ciclo_4_5_Derecha_10,pending,,
mendeley_labeled611_P07_2c617b6c4344a2f4,67htnzmwbb.1,P07,10,number,accepted,train,Mexican Sign Languages Dactylology and Ten First Numbers - Labeled images and videos. From person #6 to #11/persona_7/Ciclo_4_5_Izquierda/Ciclo_4_5_Izq_10.mp4,Ciclo_4_5_Izq_10,pending,,
mendeley_labeled611_P07_94c6c7eb1f04f1b2,67htnzmwbb.1,P07,10,number,accepted,train,Mexican Sign Languages Dactylology and Ten First Numbers - Labeled images and videos. From person #6 to #11/persona_7/Ciclo_5_5_Derecha/Ciclo_5_5_Derecha_10.mp4,Ciclo_5_5_Derecha_10,pending,,
mendeley_labeled611_P07_6b630eabf43cf011,67htnzmwbb.1,P07,10,number,accepted,train,Mexican Sign Languages Dactylology and Ten First Numbers - Labeled images and videos. From person #6 to #11/persona_7/Ciclo_5_5_Izquierda/Ciclo_5_5_Izq_10.mp4,Ciclo_5_5_Izq_10,pending,,
mendeley_labeled611_P07_cc4e98af354f8f08,67htnzmwbb.1,P07,2,number,accepted,train,Mexican Sign Languages Dactylology and Ten First Numbers - Labeled images and videos. From person #6 to #11/persona_7/Ciclo_1_5_Derecha/Ciclo_1_5_Derecha_2.mp4,Ciclo_1_5_Derecha_2,pending,,
mendeley_labeled611_P07_4fb8d64ecd734916,67htnzmwbb.1,P07,2,number,accepted,train,Mexican Sign Languages Dactylology and Ten First Numbers - Labeled images and videos. From person #6 to #11/persona_7/Ciclo_1_5_Izquierda/Ciclo_1_5_Izq_2.mp4,Ciclo_1_5_Izq_2,pending,,
mendeley_labeled611_P07_9028e734587ef829,67htnzmwbb.1,P07,2,number,accepted,train,Mexican Sign Languages Dactylology and Ten First Numbers - Labeled images and videos. From person #6 to #11/persona_7/Ciclo_2_5_Derecha/Ciclo_2_5_Derecha_2.mp4,Ciclo_2_5_Derecha_2,pending,,
mendeley_labeled611_P07_9eb861cca0575880,67htnzmwbb.1,P07,2,number,accepted,train,Mexican Sign Languages Dactylology and Ten First Numbers - Labeled images and videos. From person #6 to #11/persona_7/Ciclo_2_5_Izquierda/Ciclo_2_5_Izq_2.mp4,Ciclo_2_5_Izq_2,pending,,
mendeley_labeled611_P07_7487aa45b7bf47d6,67htnzmwbb.1,P07,2,number,accepted,train,Mexican Sign Languages Dactylology and Ten First Numbers - Labeled images and videos. From person #6 to #11/persona_7/Ciclo_3_5_Derecha/Ciclo_3_5_Derecha_2.mp4,Ciclo_3_5_Derecha_2,pending,,
mendeley_labeled611_P07_f92fb19bdcba29b9,67htnzmwbb.1,P07,2,number,accepted,train,Mexican Sign Languages Dactylology and Ten First Numbers - Labeled images and videos. From person #6 to #11/persona_7/Ciclo_3_5_Izquierda/Ciclo_3_5_Izq_2.mp4,Ciclo_3_5_Izq_2,pending,,
mendeley_labeled611_P07_ae6d34247ef1b8e8,67htnzmwbb.1,P07,2,number,accepted,train,Mexican Sign Languages Dactylology and Ten First Numbers - Labeled images and videos. From person #6 to #11/persona_7/Ciclo_4_5_Derecha/Ciclo_4_5_Derecha_2.mp4,Ciclo_4_5_Derecha_2,pending,,
mendeley_labeled611_P07_fae4646d02060286,67htnzmwbb.1,P07,2,number,accepted,train,Mexican Sign Languages Dactylology and Ten First Numbers - Labeled images and videos. From person #6 to #11/persona_7/Ciclo_4_5_Izquierda/Ciclo_4_5_Izq_2.mp4,Ciclo_4_5_Izq_2,pending,,
mendeley_labeled611_P07_bb1517aae7d0ea69,67htnzmwbb.1,P07,2,number,accepted,train,Mexican Sign Languages Dactylology and Ten First Numbers - Labeled images and videos. From person #6 to #11/persona_7/Ciclo_5_5_Derecha/Ciclo_5_5_Derecha_2.mp4,Ciclo_5_5_Derecha_2,pending,,
mendeley_labeled611_P07_f9d7eec0693f8cae,67htnzmwbb.1,P07,2,number,accepted,train,Mexican Sign Languages Dactylology and Ten First Numbers - Labeled images and videos. From person #6 to #11/persona_7/Ciclo_5_5_Izquierda/Ciclo_5_5_Izq_2.mp4,Ciclo_5_5_Izq_2,pending,,
mendeley_labeled611_P07_eec7baaf88018656,67htnzmwbb.1,P07,3,number,accepted,train,Mexican Sign Languages Dactylology and Ten First Numbers - Labeled images and videos. From person #6 to #11/persona_7/Ciclo_1_5_Derecha/Ciclo_1_5_Derecha_3.mp4,Ciclo_1_5_Derecha_3,pending,,
mendeley_labeled611_P07_ffc249cd5374c5a5,67htnzmwbb.1,P07,3,number,accepted,train,Mexican Sign Languages Dactylology and Ten First Numbers - Labeled images and videos. From person #6 to #11/persona_7/Ciclo_1_5_Izquierda/Ciclo_1_5_Izq_3.mp4,Ciclo_1_5_Izq_3,pending,,
mendeley_labeled611_P07_a1dd8d92a286bcb4,67htnzmwbb.1,P07,3,number,accepted,train,Mexican Sign Languages Dactylology and Ten First Numbers - Labeled images and videos. From person #6 to #11/persona_7/Ciclo_2_5_Derecha/Ciclo_2_5_Derecha_3.mp4,Ciclo_2_5_Derecha_3,pending,,
mendeley_labeled611_P07_7efad4a6c4909ee8,67htnzmwbb.1,P07,3,number,accepted,train,Mexican Sign Languages Dactylology and Ten First Numbers - Labeled images and videos. From person #6 to #11/persona_7/Ciclo_2_5_Izquierda/Ciclo_2_5_Izq_3.mp4,Ciclo_2_5_Izq_3,pending,,
mendeley_labeled611_P07_df735f10285a52b4,67htnzmwbb.1,P07,3,number,accepted,train,Mexican Sign Languages Dactylology and Ten First Numbers - Labeled images and videos. From person #6 to #11/persona_7/Ciclo_3_5_Derecha/Ciclo_3_5_Derecha_3.mp4,Ciclo_3_5_Derecha_3,pending,,
mendeley_labeled611_P07_3df0c0de58bbd7d1,67htnzmwbb.1,P07,3,number,accepted,train,Mexican Sign Languages Dactylology and Ten First Numbers - Labeled images and videos. From person #6 to #11/persona_7/Ciclo_3_5_Izquierda/Ciclo_3_5_Izq_3.mp4,Ciclo_3_5_Izq_3,pending,,
mendeley_labeled611_P07_7b58e18189591102,67htnzmwbb.1,P07,3,number,accepted,train,Mexican Sign Languages Dactylology and Ten First Numbers - Labeled images and videos. From person #6 to #11/persona_7/Ciclo_4_5_Derecha/Ciclo_4_5_Derecha_3.mp4,Ciclo_4_5_Derecha_3,pending,,
mendeley_labeled611_P07_1912566e7ef435b4,67htnzmwbb.1,P07,3,number,accepted,train,Mexican Sign Languages Dactylology and Ten First Numbers - Labeled images and videos. From person #6 to #11/persona_7/Ciclo_4_5_Izquierda/Ciclo_4_5_Izq_3.mp4,Ciclo_4_5_Izq_3,pending,,
mendeley_labeled611_P07_4a4b79f4aed8ee6b,67htnzmwbb.1,P07,3,number,accepted,train,Mexican Sign Languages Dactylology and Ten First Numbers - Labeled images and videos. From person #6 to #11/persona_7/Ciclo_5_5_Derecha/Ciclo_5_5_Derecha_3.mp4,Ciclo_5_5_Derecha_3,pending,,
mendeley_labeled611_P07_de8f6b91de61fafa,67htnzmwbb.1,P07,3,number,accepted,train,Mexican Sign Languages Dactylology and Ten First Numbers - Labeled images and videos. From person #6 to #11/persona_7/Ciclo_5_5_Izquierda/Ciclo_5_5_Izq_3.mp4,Ciclo_5_5_Izq_3,pending,,
mendeley_labeled611_P07_b754dc8e305a0897,67htnzmwbb.1,P07,4,number,accepted,train,Mexican Sign Languages Dactylology and Ten First Numbers - Labeled images and videos. From person #6 to #11/persona_7/Ciclo_1_5_Derecha/Ciclo_1_5_Derecha_4.mp4,Ciclo_1_5_Derecha_4,pending,,
mendeley_labeled611_P07_3af7b3a25a3a4a8e,67htnzmwbb.1,P07,4,number,accepted,train,Mexican Sign Languages Dactylology and Ten First Numbers - Labeled images and videos. From person #6 to #11/persona_7/Ciclo_1_5_Izquierda/Ciclo_1_5_Izq_4.mp4,Ciclo_1_5_Izq_4,pending,,
mendeley_labeled611_P07_24b060319e6fe323,67htnzmwbb.1,P07,4,number,accepted,train,Mexican Sign Languages Dactylology and Ten First Numbers - Labeled images and videos. From person #6 to #11/persona_7/Ciclo_2_5_Derecha/Ciclo_2_5_Derecha_4.mp4,Ciclo_2_5_Derecha_4,pending,,
mendeley_labeled611_P07_cf47e9d7597a439a,67htnzmwbb.1,P07,4,number,accepted,train,Mexican Sign Languages Dactylology and Ten First Numbers - Labeled images and videos. From person #6 to #11/persona_7/Ciclo_2_5_Izquierda/Ciclo_2_5_Izq_4.mp4,Ciclo_2_5_Izq_4,pending,,
mendeley_labeled611_P07_ad942b3c42813922,67htnzmwbb.1,P07,4,number,accepted,train,Mexican Sign Languages Dactylology and Ten First Numbers - Labeled images and videos. From person #6 to #11/persona_7/Ciclo_3_5_Derecha/Ciclo_3_5_Derecha_4.mp4,Ciclo_3_5_Derecha_4,pending,,
mendeley_labeled611_P07_a91fd8fc77c1a7e9,67htnzmwbb.1,P07,4,number,accepted,train,Mexican Sign Languages Dactylology and Ten First Numbers - Labeled images and videos. From person #6 to #11/persona_7/Ciclo_3_5_Izquierda/Ciclo_3_5_Izq_4.mp4,Ciclo_3_5_Izq_4,pending,,
mendeley_labeled611_P07_519a36dee14b3609,67htnzmwbb.1,P07,4,number,accepted,train,Mexican Sign Languages Dactylology and Ten First Numbers - Labeled images and videos. From person #6 to #11/persona_7/Ciclo_4_5_Derecha/Ciclo_4_5_Derecha_4.mp4,Ciclo_4_5_Derecha_4,pending,,
mendeley_labeled611_P07_1224080d9bb36931,67htnzmwbb.1,P07,4,number,accepted,train,Mexican Sign Languages Dactylology and Ten First Numbers - Labeled images and videos. From person #6 to #11/persona_7/Ciclo_4_5_Izquierda/Ciclo_4_5_Izq_4.mp4,Ciclo_4_5_Izq_4,pending,,
mendeley_labeled611_P07_fdd0a493c5dd5b9e,67htnzmwbb.1,P07,4,number,accepted,train,Mexican Sign Languages Dactylology and Ten First Numbers - Labeled images and videos. From person #6 to #11/persona_7/Ciclo_5_5_Derecha/Ciclo_5_5_Derecha_4.mp4,Ciclo_5_5_Derecha_4,pending,,
mendeley_labeled611_P07_c91b49b30b8451ca,67htnzmwbb.1,P07,4,number,accepted,train,Mexican Sign Languages Dactylology and Ten First Numbers - Labeled images and videos. From person #6 to #11/persona_7/Ciclo_5_5_Izquierda/Ciclo_5_5_Izq_4.mp4,Ciclo_5_5_Izq_4,pending,,
mendeley_labeled611_P07_cf91643efca712e0,67htnzmwbb.1,P07,5,number,accepted,train,Mexican Sign Languages Dactylology and Ten First Numbers - Labeled images and videos. From person #6 to #11/persona_7/Ciclo_1_5_Derecha/Ciclo_1_5_Derecha_5.mp4,Ciclo_1_5_Derecha_5,pending,,
mendeley_labeled611_P07_c1ed7faf4963dbdf,67htnzmwbb.1,P07,5,number,accepted,train,Mexican Sign Languages Dactylology and Ten First Numbers - Labeled images and videos. From person #6 to #11/persona_7/Ciclo_1_5_Izquierda/Ciclo_1_5_Izq_5.mp4,Ciclo_1_5_Izq_5,pending,,
mendeley_labeled611_P07_e4b73613d4bf7365,67htnzmwbb.1,P07,5,number,accepted,train,Mexican Sign Languages Dactylology and Ten First Numbers - Labeled images and videos. From person #6 to #11/persona_7/Ciclo_2_5_Derecha/Ciclo_2_5_Derecha_5.mp4,Ciclo_2_5_Derecha_5,pending,,
mendeley_labeled611_P07_168d0bd24b12087f,67htnzmwbb.1,P07,5,number,accepted,train,Mexican Sign Languages Dactylology and Ten First Numbers - Labeled images and videos. From person #6 to #11/persona_7/Ciclo_2_5_Izquierda/Ciclo_2_5_Izq_5.mp4,Ciclo_2_5_Izq_5,pending,,
mendeley_labeled611_P07_b50665c5cbf37f4b,67htnzmwbb.1,P07,5,number,accepted,train,Mexican Sign Languages Dactylology and Ten First Numbers - Labeled images and videos. From person #6 to #11/persona_7/Ciclo_3_5_Derecha/Ciclo_3_5_Derecha_5.mp4,Ciclo_3_5_Derecha_5,pending,,
mendeley_labeled611_P07_c2b333e7295750fd,67htnzmwbb.1,P07,5,number,accepted,train,Mexican Sign Languages Dactylology and Ten First Numbers - Labeled images and videos. From person #6 to #11/persona_7/Ciclo_3_5_Izquierda/Ciclo_3_5_Izq_5.mp4,Ciclo_3_5_Izq_5,pending,,
mendeley_labeled611_P07_539f527d294eb4f9,67htnzmwbb.1,P07,5,number,accepted,train,Mexican Sign Languages Dactylology and Ten First Numbers - Labeled images and videos. From person #6 to #11/persona_7/Ciclo_4_5_Derecha/Ciclo_4_5_Derecha_5.mp4,Ciclo_4_5_Derecha_5,pending,,
mendeley_labeled611_P07_de49dff7cb61acfd,67htnzmwbb.1,P07,5,number,accepted,train,Mexican Sign Languages Dactylology and Ten First Numbers - Labeled images and videos. From person #6 to #11/persona_7/Ciclo_4_5_Izquierda/Ciclo_4_5_Izq_5.mp4,Ciclo_4_5_Izq_5,pending,,
mendeley_labeled611_P07_4e82e3ce3e098cef,67htnzmwbb.1,P07,5,number,accepted,train,Mexican Sign Languages Dactylology and Ten First Numbers - Labeled images and videos. From person #6 to #11/persona_7/Ciclo_5_5_Derecha/Ciclo_5_5_Derecha_5.mp4,Ciclo_5_5_Derecha_5,pending,,
mendeley_labeled611_P07_55dabd9a0aa64fa2,67htnzmwbb.1,P07,5,number,accepted,train,Mexican Sign Languages Dactylology and Ten First Numbers - Labeled images and videos. From person #6 to #11/persona_7/Ciclo_5_5_Izquierda/Ciclo_5_5_Izq_5.mp4,Ciclo_5_5_Izq_5,pending,,
mendeley_labeled611_P07_85489dd612196427,67htnzmwbb.1,P07,6,number,accepted,train,Mexican Sign Languages Dactylology and Ten First Numbers - Labeled images and videos. From person #6 to #11/persona_7/Ciclo_1_5_Derecha/Ciclo_1_5_Derecha_6.mp4,Ciclo_1_5_Derecha_6,pending,,
mendeley_labeled611_P07_f3ef297894a64099,67htnzmwbb.1,P07,6,number,accepted,train,Mexican Sign Languages Dactylology and Ten First Numbers - Labeled images and videos. From person #6 to #11/persona_7/Ciclo_1_5_Izquierda/Ciclo_1_5_Izq_6.mp4,Ciclo_1_5_Izq_6,pending,,
mendeley_labeled611_P07_02d037e5bc2f10aa,67htnzmwbb.1,P07,6,number,accepted,train,Mexican Sign Languages Dactylology and Ten First Numbers - Labeled images and videos. From person #6 to #11/persona_7/Ciclo_2_5_Derecha/Ciclo_2_5_Derecha_6.mp4,Ciclo_2_5_Derecha_6,pending,,
mendeley_labeled611_P07_4c3ec401b7778e42,67htnzmwbb.1,P07,6,number,accepted,train,Mexican Sign Languages Dactylology and Ten First Numbers - Labeled images and videos. From person #6 to #11/persona_7/Ciclo_2_5_Izquierda/Ciclo_2_5_Izq_6.mp4,Ciclo_2_5_Izq_6,pending,,
mendeley_labeled611_P07_2e4e628dcc473032,67htnzmwbb.1,P07,6,number,accepted,train,Mexican Sign Languages Dactylology and Ten First Numbers - Labeled images and videos. From person #6 to #11/persona_7/Ciclo_3_5_Derecha/Ciclo_3_5_Derecha_6.mp4,Ciclo_3_5_Derecha_6,pending,,
mendeley_labeled611_P07_5cccb2f0aafdff88,67htnzmwbb.1,P07,6,number,accepted,train,Mexican Sign Languages Dactylology and Ten First Numbers - Labeled images and videos. From person #6 to #11/persona_7/Ciclo_3_5_Izquierda/Ciclo_3_5_Izq_6.mp4,Ciclo_3_5_Izq_6,pending,,
mendeley_labeled611_P07_5c6e356f5f1a0047,67htnzmwbb.1,P07,6,number,accepted,train,Mexican Sign Languages Dactylology and Ten First Numbers - Labeled images and videos. From person #6 to #11/persona_7/Ciclo_4_5_Derecha/Ciclo_4_5_Derecha_6.mp4,Ciclo_4_5_Derecha_6,pending,,
mendeley_labeled611_P07_51333de07b7d7154,67htnzmwbb.1,P07,6,number,accepted,train,Mexican Sign Languages Dactylology and Ten First Numbers - Labeled images and videos. From person #6 to #11/persona_7/Ciclo_4_5_Izquierda/Ciclo_4_5_Izq_6.mp4,Ciclo_4_5_Izq_6,pending,,
mendeley_labeled611_P07_4cbc3142976d292a,67htnzmwbb.1,P07,6,number,accepted,train,Mexican Sign Languages Dactylology and Ten First Numbers - Labeled images and videos. From person #6 to #11/persona_7/Ciclo_5_5_Derecha/Ciclo_5_5_Derecha_6.mp4,Ciclo_5_5_Derecha_6,pending,,
mendeley_labeled611_P07_260ced8a09b96807,67htnzmwbb.1,P07,6,number,accepted,train,Mexican Sign Languages Dactylology and Ten First Numbers - Labeled images and videos. From person #6 to #11/persona_7/Ciclo_5_5_Izquierda/Ciclo_5_5_Izq_6.mp4,Ciclo_5_5_Izq_6,pending,,
mendeley_labeled611_P07_2690728b3b3ed269,67htnzmwbb.1,P07,7,number,accepted,train,Mexican Sign Languages Dactylology and Ten First Numbers - Labeled images and videos. From person #6 to #11/persona_7/Ciclo_1_5_Derecha/Ciclo_1_5_Derecha_7.mp4,Ciclo_1_5_Derecha_7,pending,,
mendeley_labeled611_P07_dd7318b0f90882c3,67htnzmwbb.1,P07,7,number,accepted,train,Mexican Sign Languages Dactylology and Ten First Numbers - Labeled images and videos. From person #6 to #11/persona_7/Ciclo_1_5_Izquierda/Ciclo_1_5_Izq_7.mp4,Ciclo_1_5_Izq_7,pending,,
mendeley_labeled611_P07_0dc2e943fd8e13fe,67htnzmwbb.1,P07,7,number,accepted,train,Mexican Sign Languages Dactylology and Ten First Numbers - Labeled images and videos. From person #6 to #11/persona_7/Ciclo_2_5_Derecha/Ciclo_2_5_Derecha_7.mp4,Ciclo_2_5_Derecha_7,pending,,
mendeley_labeled611_P07_31f08ffcb7181315,67htnzmwbb.1,P07,7,number,accepted,train,Mexican Sign Languages Dactylology and Ten First Numbers - Labeled images and videos. From person #6 to #11/persona_7/Ciclo_2_5_Izquierda/Ciclo_2_5_Izq_7.mp4,Ciclo_2_5_Izq_7,pending,,
mendeley_labeled611_P07_b3f363bafe391322,67htnzmwbb.1,P07,7,number,accepted,train,Mexican Sign Languages Dactylology and Ten First Numbers - Labeled images and videos. From person #6 to #11/persona_7/Ciclo_3_5_Derecha/Ciclo_3_5_Derecha_7.mp4,Ciclo_3_5_Derecha_7,pending,,
mendeley_labeled611_P07_7e03dd89516fb482,67htnzmwbb.1,P07,7,number,accepted,train,Mexican Sign Languages Dactylology and Ten First Numbers - Labeled images and videos. From person #6 to #11/persona_7/Ciclo_3_5_Izquierda/Ciclo_3_5_Izq_7.mp4,Ciclo_3_5_Izq_7,pending,,
mendeley_labeled611_P07_0015f33fb184a7dc,67htnzmwbb.1,P07,7,number,accepted,train,Mexican Sign Languages Dactylology and Ten First Numbers - Labeled images and videos. From person #6 to #11/persona_7/Ciclo_4_5_Derecha/Ciclo_4_5_Derecha_7.mp4,Ciclo_4_5_Derecha_7,pending,,
mendeley_labeled611_P07_2acba344636f326e,67htnzmwbb.1,P07,7,number,accepted,train,Mexican Sign Languages Dactylology and Ten First Numbers - Labeled images and videos. From person #6 to #11/persona_7/Ciclo_4_5_Izquierda/Ciclo_4_5_Izq_7.mp4,Ciclo_4_5_Izq_7,pending,,
mendeley_labeled611_P07_5e1da43b6ccc1398,67htnzmwbb.1,P07,7,number,accepted,train,Mexican Sign Languages Dactylology and Ten First Numbers - Labeled images and videos. From person #6 to #11/persona_7/Ciclo_5_5_Derecha/Ciclo_5_5_Derecha_7.mp4,Ciclo_5_5_Derecha_7,pending,,
mendeley_labeled611_P07_ea05a760f6a0655c,67htnzmwbb.1,P07,7,number,accepted,train,Mexican Sign Languages Dactylology and Ten First Numbers - Labeled images and videos. From person #6 to #11/persona_7/Ciclo_5_5_Izquierda/Ciclo_5_5_Izq_7.mp4,Ciclo_5_5_Izq_7,pending,,
mendeley_labeled611_P07_30370f8ec25a507b,67htnzmwbb.1,P07,8,number,accepted,train,Mexican Sign Languages Dactylology and Ten First Numbers - Labeled images and videos. From person #6 to #11/persona_7/Ciclo_1_5_Derecha/Ciclo_1_5_Derecha_8.mp4,Ciclo_1_5_Derecha_8,pending,,
mendeley_labeled611_P07_b12cfa1c4b15da09,67htnzmwbb.1,P07,8,number,accepted,train,Mexican Sign Languages Dactylology and Ten First Numbers - Labeled images and videos. From person #6 to #11/persona_7/Ciclo_1_5_Izquierda/Ciclo_1_5_Izq_8.mp4,Ciclo_1_5_Izq_8,pending,,
mendeley_labeled611_P07_23352199c83e4dfa,67htnzmwbb.1,P07,8,number,accepted,train,Mexican Sign Languages Dactylology and Ten First Numbers - Labeled images and videos. From person #6 to #11/persona_7/Ciclo_2_5_Derecha/Ciclo_2_5_Derecha_8.mp4,Ciclo_2_5_Derecha_8,pending,,
mendeley_labeled611_P07_2e02f13cb867aaed,67htnzmwbb.1,P07,8,number,accepted,train,Mexican Sign Languages Dactylology and Ten First Numbers - Labeled images and videos. From person #6 to #11/persona_7/Ciclo_2_5_Izquierda/Ciclo_2_5_Izq_8.mp4,Ciclo_2_5_Izq_8,pending,,
mendeley_labeled611_P07_b698119c513dd096,67htnzmwbb.1,P07,8,number,accepted,train,Mexican Sign Languages Dactylology and Ten First Numbers - Labeled images and videos. From person #6 to #11/persona_7/Ciclo_3_5_Derecha/Ciclo_3_5_Derecha_8.mp4,Ciclo_3_5_Derecha_8,pending,,
mendeley_labeled611_P07_fb656e901812c11e,67htnzmwbb.1,P07,8,number,accepted,train,Mexican Sign Languages Dactylology and Ten First Numbers - Labeled images and videos. From person #6 to #11/persona_7/Ciclo_3_5_Izquierda/Ciclo_3_5_Izq_8.mp4,Ciclo_3_5_Izq_8,pending,,
mendeley_labeled611_P07_b1b5cf607f656b29,67htnzmwbb.1,P07,8,number,accepted,train,Mexican Sign Languages Dactylology and Ten First Numbers - Labeled images and videos. From person #6 to #11/persona_7/Ciclo_4_5_Derecha/Ciclo_4_5_Derecha_8.mp4,Ciclo_4_5_Derecha_8,pending,,
mendeley_labeled611_P07_95bbc0b100ac3c8d,67htnzmwbb.1,P07,8,number,accepted,train,Mexican Sign Languages Dactylology and Ten First Numbers - Labeled images and videos. From person #6 to #11/persona_7/Ciclo_4_5_Izquierda/Ciclo_4_5_Izq_8.mp4,Ciclo_4_5_Izq_8,pending,,
mendeley_labeled611_P07_61b08a1c06fda9dc,67htnzmwbb.1,P07,8,number,accepted,train,Mexican Sign Languages Dactylology and Ten First Numbers - Labeled images and videos. From person #6 to #11/persona_7/Ciclo_5_5_Derecha/Ciclo_5_5_Derecha_8.mp4,Ciclo_5_5_Derecha_8,pending,,
mendeley_labeled611_P07_06136c9ae3f9176e,67htnzmwbb.1,P07,8,number,accepted,train,Mexican Sign Languages Dactylology and Ten First Numbers - Labeled images and videos. From person #6 to #11/persona_7/Ciclo_5_5_Izquierda/Ciclo_5_5_Izq_8.mp4,Ciclo_5_5_Izq_8,pending,,
mendeley_labeled611_P07_5d9a33b6b50faf64,67htnzmwbb.1,P07,9,number,accepted,train,Mexican Sign Languages Dactylology and Ten First Numbers - Labeled images and videos. From person #6 to #11/persona_7/Ciclo_1_5_Derecha/Ciclo_1_5_Derecha_9.mp4,Ciclo_1_5_Derecha_9,pending,,
mendeley_labeled611_P07_35d6ea95ce492f42,67htnzmwbb.1,P07,9,number,accepted,train,Mexican Sign Languages Dactylology and Ten First Numbers - Labeled images and videos. From person #6 to #11/persona_7/Ciclo_1_5_Izquierda/Ciclo_1_5_Izq_9.mp4,Ciclo_1_5_Izq_9,pending,,
mendeley_labeled611_P07_7c506147075d2326,67htnzmwbb.1,P07,9,number,accepted,train,Mexican Sign Languages Dactylology and Ten First Numbers - Labeled images and videos. From person #6 to #11/persona_7/Ciclo_2_5_Derecha/Ciclo_2_5_Derecha_9.mp4,Ciclo_2_5_Derecha_9,pending,,
mendeley_labeled611_P07_2e82b6e6e0466118,67htnzmwbb.1,P07,9,number,accepted,train,Mexican Sign Languages Dactylology and Ten First Numbers - Labeled images and videos. From person #6 to #11/persona_7/Ciclo_2_5_Izquierda/Ciclo_2_5_Izq_9.mp4,Ciclo_2_5_Izq_9,pending,,
mendeley_labeled611_P07_db3728ed5643fe45,67htnzmwbb.1,P07,9,number,accepted,train,Mexican Sign Languages Dactylology and Ten First Numbers - Labeled images and videos. From person #6 to #11/persona_7/Ciclo_3_5_Derecha/Ciclo_3_5_Derecha_9.mp4,Ciclo_3_5_Derecha_9,pending,,
mendeley_labeled611_P07_02344b4b06c56664,67htnzmwbb.1,P07,9,number,accepted,train,Mexican Sign Languages Dactylology and Ten First Numbers - Labeled images and videos. From person #6 to #11/persona_7/Ciclo_3_5_Izquierda/Ciclo_3_5_Izq_9.mp4,Ciclo_3_5_Izq_9,pending,,
mendeley_labeled611_P07_62c0aff76cb7e002,67htnzmwbb.1,P07,9,number,accepted,train,Mexican Sign Languages Dactylology and Ten First Numbers - Labeled images and videos. From person #6 to #11/persona_7/Ciclo_4_5_Derecha/Ciclo_4_5_Derecha_9.mp4,Ciclo_4_5_Derecha_9,pending,,
mendeley_labeled611_P07_12de6e98ba1a5940,67htnzmwbb.1,P07,9,number,accepted,train,Mexican Sign Languages Dactylology and Ten First Numbers - Labeled images and videos. From person #6 to #11/persona_7/Ciclo_4_5_Izquierda/Ciclo_4_5_Izq_9.mp4,Ciclo_4_5_Izq_9,pending,,
mendeley_labeled611_P07_f2e86ab37c1ec4ad,67htnzmwbb.1,P07,9,number,accepted,train,Mexican Sign Languages Dactylology and Ten First Numbers - Labeled images and videos. From person #6 to #11/persona_7/Ciclo_5_5_Derecha/Ciclo_5_5_Derecha_9.mp4,Ciclo_5_5_Derecha_9,pending,,
mendeley_labeled611_P07_df6f5ee93715c9c8,67htnzmwbb.1,P07,9,number,accepted,train,Mexican Sign Languages Dactylology and Ten First Numbers - Labeled images and videos. From person #6 to #11/persona_7/Ciclo_5_5_Izquierda/Ciclo_5_5_Izq_9.mp4,Ciclo_5_5_Izq_9,pending,,
mendeley_labeled611_P07_e2be9fa45ebe56dc,67htnzmwbb.1,P07,n-agpd3m,unknown,quarantined_ambiguous,train,Mexican Sign Languages Dactylology and Ten First Numbers - Labeled images and videos. From person #6 to #11/persona_7/Ciclo_5_5_Izquierda/Ciclo_5_5_Izq_n-agpD3M.mp4,Ciclo_5_5_Izq_n-agpD3M,quarantined,,ambiguous_or_unrecognized_filename_suffix
mendeley_labeled611_P07_3e4f1b4aee1d1514,67htnzmwbb.1,P07,n-bhx6ah,unknown,quarantined_ambiguous,train,Mexican Sign Languages Dactylology and Ten First Numbers - Labeled images and videos. From person #6 to #11/persona_7/Ciclo_4_5_Izquierda/Ciclo_4_5_Izq_n-bHx6ah.mp4,Ciclo_4_5_Izq_n-bHx6ah,quarantined,,ambiguous_or_unrecognized_filename_suffix
mendeley_labeled611_P07_acbb48dbddb914a8,67htnzmwbb.1,P07,n-dvdzly,unknown,quarantined_ambiguous,train,Mexican Sign Languages Dactylology and Ten First Numbers - Labeled images and videos. From person #6 to #11/persona_7/Ciclo_4_5_Derecha/Ciclo_4_5_Derecha_n-DVDZly.mp4,Ciclo_4_5_Derecha_n-DVDZly,quarantined,,ambiguous_or_unrecognized_filename_suffix
mendeley_labeled611_P07_710c44cc61ad3765,67htnzmwbb.1,P07,n-ig0x0t,unknown,quarantined_ambiguous,train,Mexican Sign Languages Dactylology and Ten First Numbers - Labeled images and videos. From person #6 to #11/persona_7/Ciclo_3_5_Izquierda/Ciclo_3_5_Izq_n-ig0x0t.mp4,Ciclo_3_5_Izq_n-ig0x0t,quarantined,,ambiguous_or_unrecognized_filename_suffix
mendeley_labeled611_P07_c0bd11f2f37c9f29,67htnzmwbb.1,P07,n-lyexvf,unknown,quarantined_ambiguous,train,Mexican Sign Languages Dactylology and Ten First Numbers - Labeled images and videos. From person #6 to #11/persona_7/Ciclo_3_5_Derecha/Ciclo_3_5_Derecha_n-LyExVF.mp4,Ciclo_3_5_Derecha_n-LyExVF,quarantined,,ambiguous_or_unrecognized_filename_suffix
mendeley_labeled611_P07_096ce710fb573ad0,67htnzmwbb.1,P07,ñ-2ef1da,unknown,quarantined_unknown_label,train,Mexican Sign Languages Dactylology and Ten First Numbers - Labeled images and videos. From person #6 to #11/persona_7/Ciclo_5_5_Derecha/Ciclo_5_5_Derecha_ñ-2eF1Da.mp4,Ciclo_5_5_Derecha_ñ-2eF1Da,quarantined,,ambiguous_or_unrecognized_filename_suffix
mendeley_labeled611_P07_edee3edb42daac8f,67htnzmwbb.1,P07,ñ-iqilrp,unknown,quarantined_unknown_label,train,Mexican Sign Languages Dactylology and Ten First Numbers - Labeled images and videos. From person #6 to #11/persona_7/Ciclo_1_5_Derecha/Ciclo_1_5_Derecha_ñ-iQiLRP.mp4,Ciclo_1_5_Derecha_ñ-iQiLRP,quarantined,,ambiguous_or_unrecognized_filename_suffix
mendeley_labeled611_P07_396bd3f0f7410a98,67htnzmwbb.1,P07,ñ-jz7xsr,unknown,quarantined_unknown_label,train,Mexican Sign Languages Dactylology and Ten First Numbers - Labeled images and videos. From person #6 to #11/persona_7/Ciclo_2_5_Derecha/Ciclo_2_5_Derecha_ñ-JZ7xsr.mp4,Ciclo_2_5_Derecha_ñ-JZ7xsr,quarantined,,ambiguous_or_unrecognized_filename_suffix
mendeley_labeled611_P07_3f72aa290721dce4,67htnzmwbb.1,P07,ñ-uttein,unknown,quarantined_unknown_label,train,Mexican Sign Languages Dactylology and Ten First Numbers - Labeled images and videos. From person #6 to #11/persona_7/Ciclo_2_5_Izquierda/Ciclo_2_5_Izq_ñ-UTtEIn.mp4,Ciclo_2_5_Izq_ñ-UTtEIn,quarantined,,ambiguous_or_unrecognized_filename_suffix
mendeley_labeled611_P07_1cbc74e1014d645d,67htnzmwbb.1,P07,ñ-yg38fe,unknown,quarantined_unknown_label,train,Mexican Sign Languages Dactylology and Ten First Numbers - Labeled images and videos. From person #6 to #11/persona_7/Ciclo_1_5_Izquierda/Ciclo_1_5_Izq_ñ-yg38fe.mp4,Ciclo_1_5_Izq_ñ-yg38fe,quarantined,,ambiguous_or_unrecognized_filename_suffix
mendeley_labeled611_P08_64a19a7dc215355f,67htnzmwbb.1,P08,a,dactylology,accepted,train,Mexican Sign Languages Dactylology and Ten First Numbers - Labeled images and videos. From person #6 to #11/persona_8/Ciclo_1_5_Derecha/Ciclo_1_5_Derecha_a.mp4,Ciclo_1_5_Derecha_a,pending,,
mendeley_labeled611_P08_52922393c9aeff8a,67htnzmwbb.1,P08,a,dactylology,accepted,train,Mexican Sign Languages Dactylology and Ten First Numbers - Labeled images and videos. From person #6 to #11/persona_8/Ciclo_1_5_Izquierda/Ciclo_1_5_Izq_a.mp4,Ciclo_1_5_Izq_a,pending,,
mendeley_labeled611_P08_0851b80e9e35e013,67htnzmwbb.1,P08,a,dactylology,accepted,train,Mexican Sign Languages Dactylology and Ten First Numbers - Labeled images and videos. From person #6 to #11/persona_8/Ciclo_2_5_Derecha/Ciclo_2_5_Derecha_a.mp4,Ciclo_2_5_Derecha_a,pending,,
mendeley_labeled611_P08_c28e4f1f1c90cc9b,67htnzmwbb.1,P08,a,dactylology,accepted,train,Mexican Sign Languages Dactylology and Ten First Numbers - Labeled images and videos. From person #6 to #11/persona_8/Ciclo_2_5_Izquierda/Ciclo_2_5_Izq_a.mp4,Ciclo_2_5_Izq_a,pending,,
mendeley_labeled611_P08_7bb263f00ac1e612,67htnzmwbb.1,P08,a,dactylology,accepted,train,Mexican Sign Languages Dactylology and Ten First Numbers - Labeled images and videos. From person #6 to #11/persona_8/Ciclo_3_5_Derecha/Ciclo_3_5_Derecha_a.mp4,Ciclo_3_5_Derecha_a,pending,,
mendeley_labeled611_P08_3ae2aa33cc5e0079,67htnzmwbb.1,P08,a,dactylology,accepted,train,Mexican Sign Languages Dactylology and Ten First Numbers - Labeled images and videos. From person #6 to #11/persona_8/Ciclo_3_5_Izquierda/Ciclo_3_5_Izq_a.mp4,Ciclo_3_5_Izq_a,pending,,
mendeley_labeled611_P08_804254cb2e566996,67htnzmwbb.1,P08,a,dactylology,accepted,train,Mexican Sign Languages Dactylology and Ten First Numbers - Labeled images and videos. From person #6 to #11/persona_8/Ciclo_4_5_Derecha/Ciclo_4_5_Derecha_a.mp4,Ciclo_4_5_Derecha_a,pending,,
mendeley_labeled611_P08_a7d62259f339ba36,67htnzmwbb.1,P08,a,dactylology,accepted,train,Mexican Sign Languages Dactylology and Ten First Numbers - Labeled images and videos. From person #6 to #11/persona_8/Ciclo_4_5_Izquierda/Ciclo_4_5_Izq_a.mp4,Ciclo_4_5_Izq_a,pending,,
mendeley_labeled611_P08_8b054d1b894e8b83,67htnzmwbb.1,P08,a,dactylology,accepted,train,Mexican Sign Languages Dactylology and Ten First Numbers - Labeled images and videos. From person #6 to #11/persona_8/Ciclo_5_5_Derecha/Ciclo_5_5_Derecha_a.mp4,Ciclo_5_5_Derecha_a,pending,,
mendeley_labeled611_P08_cf12005d3921c9ec,67htnzmwbb.1,P08,a,dactylology,accepted,train,Mexican Sign Languages Dactylology and Ten First Numbers - Labeled images and videos. From person #6 to #11/persona_8/Ciclo_5_5_Izquierda/Ciclo_5_5_Izq_a.mp4,Ciclo_5_5_Izq_a,pending,,
mendeley_labeled611_P08_6d76662868be9df3,67htnzmwbb.1,P08,b,dactylology,accepted,train,Mexican Sign Languages Dactylology and Ten First Numbers - Labeled images and videos. From person #6 to #11/persona_8/Ciclo_1_5_Derecha/Ciclo_1_5_Derecha_b.mp4,Ciclo_1_5_Derecha_b,pending,,
mendeley_labeled611_P08_eeea4b2dc92848d2,67htnzmwbb.1,P08,b,dactylology,accepted,train,Mexican Sign Languages Dactylology and Ten First Numbers - Labeled images and videos. From person #6 to #11/persona_8/Ciclo_1_5_Izquierda/Ciclo_1_5_Izq_b.mp4,Ciclo_1_5_Izq_b,pending,,
mendeley_labeled611_P08_83bf3f849117edcb,67htnzmwbb.1,P08,b,dactylology,accepted,train,Mexican Sign Languages Dactylology and Ten First Numbers - Labeled images and videos. From person #6 to #11/persona_8/Ciclo_2_5_Derecha/Ciclo_2_5_Derecha_b.mp4,Ciclo_2_5_Derecha_b,pending,,
mendeley_labeled611_P08_d8a68404fe468917,67htnzmwbb.1,P08,b,dactylology,accepted,train,Mexican Sign Languages Dactylology and Ten First Numbers - Labeled images and videos. From person #6 to #11/persona_8/Ciclo_2_5_Izquierda/Ciclo_2_5_Izq_b.mp4,Ciclo_2_5_Izq_b,pending,,
mendeley_labeled611_P08_19ebd61293cb479d,67htnzmwbb.1,P08,b,dactylology,accepted,train,Mexican Sign Languages Dactylology and Ten First Numbers - Labeled images and videos. From person #6 to #11/persona_8/Ciclo_3_5_Derecha/Ciclo_3_5_Derecha_b.mp4,Ciclo_3_5_Derecha_b,pending,,
mendeley_labeled611_P08_a6d109cfa2f28fd4,67htnzmwbb.1,P08,b,dactylology,accepted,train,Mexican Sign Languages Dactylology and Ten First Numbers - Labeled images and videos. From person #6 to #11/persona_8/Ciclo_3_5_Izquierda/Ciclo_3_5_Izq_b.mp4,Ciclo_3_5_Izq_b,pending,,
mendeley_labeled611_P08_5f826ffa65e77847,67htnzmwbb.1,P08,b,dactylology,accepted,train,Mexican Sign Languages Dactylology and Ten First Numbers - Labeled images and videos. From person #6 to #11/persona_8/Ciclo_4_5_Derecha/Ciclo_4_5_Derecha_b.mp4,Ciclo_4_5_Derecha_b,pending,,
mendeley_labeled611_P08_4880f6d56553d605,67htnzmwbb.1,P08,b,dactylology,accepted,train,Mexican Sign Languages Dactylology and Ten First Numbers - Labeled images and videos. From person #6 to #11/persona_8/Ciclo_4_5_Izquierda/Ciclo_4_5_Izq_b.mp4,Ciclo_4_5_Izq_b,pending,,
mendeley_labeled611_P08_4a3eb742bd41e73f,67htnzmwbb.1,P08,b,dactylology,accepted,train,Mexican Sign Languages Dactylology and Ten First Numbers - Labeled images and videos. From person #6 to #11/persona_8/Ciclo_5_5_Derecha/Ciclo_5_5_Derecha_b.mp4,Ciclo_5_5_Derecha_b,pending,,
mendeley_labeled611_P08_7cc48d4dea26ad8c,67htnzmwbb.1,P08,b,dactylology,accepted,train,Mexican Sign Languages Dactylology and Ten First Numbers - Labeled images and videos. From person #6 to #11/persona_8/Ciclo_5_5_Izquierda/Ciclo_5_5_Izq_b.mp4,Ciclo_5_5_Izq_b,pending,,
mendeley_labeled611_P08_e7dac7eb33bec427,67htnzmwbb.1,P08,c,dactylology,accepted,train,Mexican Sign Languages Dactylology and Ten First Numbers - Labeled images and videos. From person #6 to #11/persona_8/Ciclo_1_5_Derecha/Ciclo_1_5_Derecha_c.mp4,Ciclo_1_5_Derecha_c,pending,,
mendeley_labeled611_P08_6a397f7b6502f246,67htnzmwbb.1,P08,c,dactylology,accepted,train,Mexican Sign Languages Dactylology and Ten First Numbers - Labeled images and videos. From person #6 to #11/persona_8/Ciclo_1_5_Izquierda/Ciclo_1_5_Izq_c.mp4,Ciclo_1_5_Izq_c,pending,,
mendeley_labeled611_P08_b1db77f88f375ac0,67htnzmwbb.1,P08,c,dactylology,accepted,train,Mexican Sign Languages Dactylology and Ten First Numbers - Labeled images and videos. From person #6 to #11/persona_8/Ciclo_2_5_Derecha/Ciclo_2_5_Derecha_c.mp4,Ciclo_2_5_Derecha_c,pending,,
mendeley_labeled611_P08_243d1158e2b00db6,67htnzmwbb.1,P08,c,dactylology,accepted,train,Mexican Sign Languages Dactylology and Ten First Numbers - Labeled images and videos. From person #6 to #11/persona_8/Ciclo_2_5_Izquierda/Ciclo_2_5_Izq_c.mp4,Ciclo_2_5_Izq_c,pending,,
mendeley_labeled611_P08_1c951f5ba8bdd865,67htnzmwbb.1,P08,c,dactylology,accepted,train,Mexican Sign Languages Dactylology and Ten First Numbers - Labeled images and videos. From person #6 to #11/persona_8/Ciclo_3_5_Derecha/Ciclo_3_5_Derecha_c.mp4,Ciclo_3_5_Derecha_c,pending,,
mendeley_labeled611_P08_df0b8a2abc873832,67htnzmwbb.1,P08,c,dactylology,accepted,train,Mexican Sign Languages Dactylology and Ten First Numbers - Labeled images and videos. From person #6 to #11/persona_8/Ciclo_3_5_Izquierda/Ciclo_3_5_Izq_c.mp4,Ciclo_3_5_Izq_c,pending,,
mendeley_labeled611_P08_efee5758e4b9358b,67htnzmwbb.1,P08,c,dactylology,accepted,train,Mexican Sign Languages Dactylology and Ten First Numbers - Labeled images and videos. From person #6 to #11/persona_8/Ciclo_4_5_Derecha/Ciclo_4_5_Derecha_c.mp4,Ciclo_4_5_Derecha_c,pending,,
mendeley_labeled611_P08_92db31b81b775eea,67htnzmwbb.1,P08,c,dactylology,accepted,train,Mexican Sign Languages Dactylology and Ten First Numbers - Labeled images and videos. From person #6 to #11/persona_8/Ciclo_4_5_Izquierda/Ciclo_4_5_Izq_c.mp4,Ciclo_4_5_Izq_c,pending,,
mendeley_labeled611_P08_6cb05845e474675e,67htnzmwbb.1,P08,c,dactylology,accepted,train,Mexican Sign Languages Dactylology and Ten First Numbers - Labeled images and videos. From person #6 to #11/persona_8/Ciclo_5_5_Derecha/Ciclo_5_5_Derecha_c.mp4,Ciclo_5_5_Derecha_c,pending,,
mendeley_labeled611_P08_bb332786394d4506,67htnzmwbb.1,P08,c,dactylology,accepted,train,Mexican Sign Languages Dactylology and Ten First Numbers - Labeled images and videos. From person #6 to #11/persona_8/Ciclo_5_5_Izquierda/Ciclo_5_5_Izq_c.mp4,Ciclo_5_5_Izq_c,pending,,
mendeley_labeled611_P08_cb17483bff89d70a,67htnzmwbb.1,P08,d,dactylology,accepted,train,Mexican Sign Languages Dactylology and Ten First Numbers - Labeled images and videos. From person #6 to #11/persona_8/Ciclo_1_5_Derecha/Ciclo_1_5_Derecha_d.mp4,Ciclo_1_5_Derecha_d,pending,,
mendeley_labeled611_P08_aebf3cfeabc6f698,67htnzmwbb.1,P08,d,dactylology,accepted,train,Mexican Sign Languages Dactylology and Ten First Numbers - Labeled images and videos. From person #6 to #11/persona_8/Ciclo_1_5_Izquierda/Ciclo_1_5_Izq_d.mp4,Ciclo_1_5_Izq_d,pending,,
mendeley_labeled611_P08_4b1fe5da81a5f4ec,67htnzmwbb.1,P08,d,dactylology,accepted,train,Mexican Sign Languages Dactylology and Ten First Numbers - Labeled images and videos. From person #6 to #11/persona_8/Ciclo_2_5_Derecha/Ciclo_2_5_Derecha_d.mp4,Ciclo_2_5_Derecha_d,pending,,
mendeley_labeled611_P08_22769fd9dca83c86,67htnzmwbb.1,P08,d,dactylology,accepted,train,Mexican Sign Languages Dactylology and Ten First Numbers - Labeled images and videos. From person #6 to #11/persona_8/Ciclo_2_5_Izquierda/Ciclo_2_5_Izq_d.mp4,Ciclo_2_5_Izq_d,pending,,
mendeley_labeled611_P08_cd56b65e870069b6,67htnzmwbb.1,P08,d,dactylology,accepted,train,Mexican Sign Languages Dactylology and Ten First Numbers - Labeled images and videos. From person #6 to #11/persona_8/Ciclo_3_5_Derecha/Ciclo_3_5_Derecha_d.mp4,Ciclo_3_5_Derecha_d,pending,,
mendeley_labeled611_P08_b4b1e22c25cf7bb4,67htnzmwbb.1,P08,d,dactylology,accepted,train,Mexican Sign Languages Dactylology and Ten First Numbers - Labeled images and videos. From person #6 to #11/persona_8/Ciclo_3_5_Izquierda/Ciclo_3_5_Izq_d.mp4,Ciclo_3_5_Izq_d,pending,,
mendeley_labeled611_P08_8f55b6630a8d3f15,67htnzmwbb.1,P08,d,dactylology,accepted,train,Mexican Sign Languages Dactylology and Ten First Numbers - Labeled images and videos. From person #6 to #11/persona_8/Ciclo_4_5_Derecha/Ciclo_4_5_Derecha_d.mp4,Ciclo_4_5_Derecha_d,pending,,
mendeley_labeled611_P08_9a032dbc78711928,67htnzmwbb.1,P08,d,dactylology,accepted,train,Mexican Sign Languages Dactylology and Ten First Numbers - Labeled images and videos. From person #6 to #11/persona_8/Ciclo_4_5_Izquierda/Ciclo_4_5_Izq_d.mp4,Ciclo_4_5_Izq_d,pending,,
mendeley_labeled611_P08_0466b2d744f357cf,67htnzmwbb.1,P08,d,dactylology,accepted,train,Mexican Sign Languages Dactylology and Ten First Numbers - Labeled images and videos. From person #6 to #11/persona_8/Ciclo_5_5_Derecha/Ciclo_5_5_Derecha_d.mp4,Ciclo_5_5_Derecha_d,pending,,
mendeley_labeled611_P08_f2056d34745b8622,67htnzmwbb.1,P08,d,dactylology,accepted,train,Mexican Sign Languages Dactylology and Ten First Numbers - Labeled images and videos. From person #6 to #11/persona_8/Ciclo_5_5_Izquierda/Ciclo_5_5_Izq_d.mp4,Ciclo_5_5_Izq_d,pending,,
mendeley_labeled611_P08_0dcc988684199987,67htnzmwbb.1,P08,e,dactylology,accepted,train,Mexican Sign Languages Dactylology and Ten First Numbers - Labeled images and videos. From person #6 to #11/persona_8/Ciclo_1_5_Derecha/Ciclo_1_5_Derecha_e.mp4,Ciclo_1_5_Derecha_e,pending,,
mendeley_labeled611_P08_ecd36e78572dc26f,67htnzmwbb.1,P08,e,dactylology,accepted,train,Mexican Sign Languages Dactylology and Ten First Numbers - Labeled images and videos. From person #6 to #11/persona_8/Ciclo_1_5_Izquierda/Ciclo_1_5_Izq_e.mp4,Ciclo_1_5_Izq_e,pending,,
mendeley_labeled611_P08_36bab8ea38dee9be,67htnzmwbb.1,P08,e,dactylology,accepted,train,Mexican Sign Languages Dactylology and Ten First Numbers - Labeled images and videos. From person #6 to #11/persona_8/Ciclo_2_5_Derecha/Ciclo_2_5_Derecha_e.mp4,Ciclo_2_5_Derecha_e,pending,,
mendeley_labeled611_P08_cd4b723d0675998c,67htnzmwbb.1,P08,e,dactylology,accepted,train,Mexican Sign Languages Dactylology and Ten First Numbers - Labeled images and videos. From person #6 to #11/persona_8/Ciclo_2_5_Izquierda/Ciclo_2_5_Izq_e.mp4,Ciclo_2_5_Izq_e,pending,,
mendeley_labeled611_P08_9989ea84e3d43de0,67htnzmwbb.1,P08,e,dactylology,accepted,train,Mexican Sign Languages Dactylology and Ten First Numbers - Labeled images and videos. From person #6 to #11/persona_8/Ciclo_3_5_Derecha/Ciclo_3_5_Derecha_e.mp4,Ciclo_3_5_Derecha_e,pending,,
mendeley_labeled611_P08_e776ba1c27546c01,67htnzmwbb.1,P08,e,dactylology,accepted,train,Mexican Sign Languages Dactylology and Ten First Numbers - Labeled images and videos. From person #6 to #11/persona_8/Ciclo_3_5_Izquierda/Ciclo_3_5_Izq_e.mp4,Ciclo_3_5_Izq_e,pending,,
mendeley_labeled611_P08_c0657fc81d56bc4b,67htnzmwbb.1,P08,e,dactylology,accepted,train,Mexican Sign Languages Dactylology and Ten First Numbers - Labeled images and videos. From person #6 to #11/persona_8/Ciclo_4_5_Derecha/Ciclo_4_5_Derecha_e.mp4,Ciclo_4_5_Derecha_e,pending,,
mendeley_labeled611_P08_31c3d76fb1525909,67htnzmwbb.1,P08,e,dactylology,accepted,train,Mexican Sign Languages Dactylology and Ten First Numbers - Labeled images and videos. From person #6 to #11/persona_8/Ciclo_4_5_Izquierda/Ciclo_4_5_Izq_e.mp4,Ciclo_4_5_Izq_e,pending,,
mendeley_labeled611_P08_0dc1519962d6bcd2,67htnzmwbb.1,P08,e,dactylology,accepted,train,Mexican Sign Languages Dactylology and Ten First Numbers - Labeled images and videos. From person #6 to #11/persona_8/Ciclo_5_5_Derecha/Ciclo_5_5_Derecha_e.mp4,Ciclo_5_5_Derecha_e,pending,,
mendeley_labeled611_P08_2f47f8818f29c1ca,67htnzmwbb.1,P08,e,dactylology,accepted,train,Mexican Sign Languages Dactylology and Ten First Numbers - Labeled images and videos. From person #6 to #11/persona_8/Ciclo_5_5_Izquierda/Ciclo_5_5_Izq_e.mp4,Ciclo_5_5_Izq_e,pending,,
mendeley_labeled611_P08_f3f20169d639dc60,67htnzmwbb.1,P08,f,dactylology,accepted,train,Mexican Sign Languages Dactylology and Ten First Numbers - Labeled images and videos. From person #6 to #11/persona_8/Ciclo_1_5_Derecha/Ciclo_1_5_Derecha_f.mp4,Ciclo_1_5_Derecha_f,pending,,
mendeley_labeled611_P08_6ca4325a4c914e3b,67htnzmwbb.1,P08,f,dactylology,accepted,train,Mexican Sign Languages Dactylology and Ten First Numbers - Labeled images and videos. From person #6 to #11/persona_8/Ciclo_1_5_Izquierda/Ciclo_1_5_Izq_f.mp4,Ciclo_1_5_Izq_f,pending,,
mendeley_labeled611_P08_7476c5b70bdc25ad,67htnzmwbb.1,P08,f,dactylology,accepted,train,Mexican Sign Languages Dactylology and Ten First Numbers - Labeled images and videos. From person #6 to #11/persona_8/Ciclo_2_5_Derecha/Ciclo_2_5_Derecha_f.mp4,Ciclo_2_5_Derecha_f,pending,,
mendeley_labeled611_P08_fc7a897ff4947d0c,67htnzmwbb.1,P08,f,dactylology,accepted,train,Mexican Sign Languages Dactylology and Ten First Numbers - Labeled images and videos. From person #6 to #11/persona_8/Ciclo_2_5_Izquierda/Ciclo_2_5_Izq_f.mp4,Ciclo_2_5_Izq_f,pending,,
mendeley_labeled611_P08_e0627e19e25430fe,67htnzmwbb.1,P08,f,dactylology,accepted,train,Mexican Sign Languages Dactylology and Ten First Numbers - Labeled images and videos. From person #6 to #11/persona_8/Ciclo_3_5_Derecha/Ciclo_3_5_Derecha_f.mp4,Ciclo_3_5_Derecha_f,pending,,
mendeley_labeled611_P08_e57870fd4215e8c7,67htnzmwbb.1,P08,f,dactylology,accepted,train,Mexican Sign Languages Dactylology and Ten First Numbers - Labeled images and videos. From person #6 to #11/persona_8/Ciclo_3_5_Izquierda/Ciclo_3_5_Izq_f.mp4,Ciclo_3_5_Izq_f,pending,,
mendeley_labeled611_P08_f32e9c46263aa957,67htnzmwbb.1,P08,f,dactylology,accepted,train,Mexican Sign Languages Dactylology and Ten First Numbers - Labeled images and videos. From person #6 to #11/persona_8/Ciclo_4_5_Derecha/Ciclo_4_5_Derecha_f.mp4,Ciclo_4_5_Derecha_f,pending,,
mendeley_labeled611_P08_e07a029c352c53e3,67htnzmwbb.1,P08,f,dactylology,accepted,train,Mexican Sign Languages Dactylology and Ten First Numbers - Labeled images and videos. From person #6 to #11/persona_8/Ciclo_4_5_Izquierda/Ciclo_4_5_Izq_f.mp4,Ciclo_4_5_Izq_f,pending,,
mendeley_labeled611_P08_9745bb22edebb49c,67htnzmwbb.1,P08,f,dactylology,accepted,train,Mexican Sign Languages Dactylology and Ten First Numbers - Labeled images and videos. From person #6 to #11/persona_8/Ciclo_5_5_Derecha/Ciclo_5_5_Derecha_f.mp4,Ciclo_5_5_Derecha_f,pending,,
mendeley_labeled611_P08_4b3d651bc965bce0,67htnzmwbb.1,P08,f,dactylology,accepted,train,Mexican Sign Languages Dactylology and Ten First Numbers - Labeled images and videos. From person #6 to #11/persona_8/Ciclo_5_5_Izquierda/Ciclo_5_5_Izq_f.mp4,Ciclo_5_5_Izq_f,pending,,
mendeley_labeled611_P08_d2ad2a899c331bec,67htnzmwbb.1,P08,g,dactylology,accepted,train,Mexican Sign Languages Dactylology and Ten First Numbers - Labeled images and videos. From person #6 to #11/persona_8/Ciclo_1_5_Derecha/Ciclo_1_5_Derecha_g.mp4,Ciclo_1_5_Derecha_g,pending,,
mendeley_labeled611_P08_3952d1b7e644aee2,67htnzmwbb.1,P08,g,dactylology,accepted,train,Mexican Sign Languages Dactylology and Ten First Numbers - Labeled images and videos. From person #6 to #11/persona_8/Ciclo_1_5_Izquierda/Ciclo_1_5_Izq_g.mp4,Ciclo_1_5_Izq_g,pending,,
mendeley_labeled611_P08_f2167056857519da,67htnzmwbb.1,P08,g,dactylology,accepted,train,Mexican Sign Languages Dactylology and Ten First Numbers - Labeled images and videos. From person #6 to #11/persona_8/Ciclo_2_5_Derecha/Ciclo_2_5_Derecha_g.mp4,Ciclo_2_5_Derecha_g,pending,,
mendeley_labeled611_P08_ecce62ee2353c8ad,67htnzmwbb.1,P08,g,dactylology,accepted,train,Mexican Sign Languages Dactylology and Ten First Numbers - Labeled images and videos. From person #6 to #11/persona_8/Ciclo_2_5_Izquierda/Ciclo_2_5_Izq_g.mp4,Ciclo_2_5_Izq_g,pending,,
mendeley_labeled611_P08_8afde0fed31dfd90,67htnzmwbb.1,P08,g,dactylology,accepted,train,Mexican Sign Languages Dactylology and Ten First Numbers - Labeled images and videos. From person #6 to #11/persona_8/Ciclo_3_5_Derecha/Ciclo_3_5_Derecha_g.mp4,Ciclo_3_5_Derecha_g,pending,,
mendeley_labeled611_P08_6f4e0275bb3f616e,67htnzmwbb.1,P08,g,dactylology,accepted,train,Mexican Sign Languages Dactylology and Ten First Numbers - Labeled images and videos. From person #6 to #11/persona_8/Ciclo_3_5_Izquierda/Ciclo_3_5_Izq_g.mp4,Ciclo_3_5_Izq_g,pending,,
mendeley_labeled611_P08_badbcdef88e6e54e,67htnzmwbb.1,P08,g,dactylology,accepted,train,Mexican Sign Languages Dactylology and Ten First Numbers - Labeled images and videos. From person #6 to #11/persona_8/Ciclo_4_5_Derecha/Ciclo_4_5_Derecha_g.mp4,Ciclo_4_5_Derecha_g,pending,,
mendeley_labeled611_P08_194a432c8491eae8,67htnzmwbb.1,P08,g,dactylology,accepted,train,Mexican Sign Languages Dactylology and Ten First Numbers - Labeled images and videos. From person #6 to #11/persona_8/Ciclo_4_5_Izquierda/Ciclo_4_5_Izq_g.mp4,Ciclo_4_5_Izq_g,pending,,
mendeley_labeled611_P08_d37d204175856688,67htnzmwbb.1,P08,g,dactylology,accepted,train,Mexican Sign Languages Dactylology and Ten First Numbers - Labeled images and videos. From person #6 to #11/persona_8/Ciclo_5_5_Derecha/Ciclo_5_5_Derecha_g.mp4,Ciclo_5_5_Derecha_g,pending,,
mendeley_labeled611_P08_1319bdf7fd7e6f77,67htnzmwbb.1,P08,g,dactylology,accepted,train,Mexican Sign Languages Dactylology and Ten First Numbers - Labeled images and videos. From person #6 to #11/persona_8/Ciclo_5_5_Izquierda/Ciclo_5_5_Izq_g.mp4,Ciclo_5_5_Izq_g,pending,,
mendeley_labeled611_P08_51f18705b17b0822,67htnzmwbb.1,P08,h,dactylology,accepted,train,Mexican Sign Languages Dactylology and Ten First Numbers - Labeled images and videos. From person #6 to #11/persona_8/Ciclo_1_5_Derecha/Ciclo_1_5_Derecha_h.mp4,Ciclo_1_5_Derecha_h,pending,,
mendeley_labeled611_P08_82e0d8c19ab5d014,67htnzmwbb.1,P08,h,dactylology,accepted,train,Mexican Sign Languages Dactylology and Ten First Numbers - Labeled images and videos. From person #6 to #11/persona_8/Ciclo_1_5_Izquierda/Ciclo_1_5_Izq_h.mp4,Ciclo_1_5_Izq_h,pending,,
mendeley_labeled611_P08_62af8b8b90c41d58,67htnzmwbb.1,P08,h,dactylology,accepted,train,Mexican Sign Languages Dactylology and Ten First Numbers - Labeled images and videos. From person #6 to #11/persona_8/Ciclo_2_5_Derecha/Ciclo_2_5_Derecha_h.mp4,Ciclo_2_5_Derecha_h,pending,,
mendeley_labeled611_P08_8953d5adbcc15056,67htnzmwbb.1,P08,h,dactylology,accepted,train,Mexican Sign Languages Dactylology and Ten First Numbers - Labeled images and videos. From person #6 to #11/persona_8/Ciclo_2_5_Izquierda/Ciclo_2_5_Izq_h.mp4,Ciclo_2_5_Izq_h,pending,,
mendeley_labeled611_P08_5ca09594314cf780,67htnzmwbb.1,P08,h,dactylology,accepted,train,Mexican Sign Languages Dactylology and Ten First Numbers - Labeled images and videos. From person #6 to #11/persona_8/Ciclo_3_5_Derecha/Ciclo_3_5_Derecha_h.mp4,Ciclo_3_5_Derecha_h,pending,,
mendeley_labeled611_P08_05837053596229d6,67htnzmwbb.1,P08,h,dactylology,accepted,train,Mexican Sign Languages Dactylology and Ten First Numbers - Labeled images and videos. From person #6 to #11/persona_8/Ciclo_3_5_Izquierda/Ciclo_3_5_Izq_h.mp4,Ciclo_3_5_Izq_h,pending,,
mendeley_labeled611_P08_843b550afa42ac37,67htnzmwbb.1,P08,h,dactylology,accepted,train,Mexican Sign Languages Dactylology and Ten First Numbers - Labeled images and videos. From person #6 to #11/persona_8/Ciclo_4_5_Derecha/Ciclo_4_5_Derecha_h.mp4,Ciclo_4_5_Derecha_h,pending,,
mendeley_labeled611_P08_59f7c7ad12a09975,67htnzmwbb.1,P08,h,dactylology,accepted,train,Mexican Sign Languages Dactylology and Ten First Numbers - Labeled images and videos. From person #6 to #11/persona_8/Ciclo_4_5_Izquierda/Ciclo_4_5_Izq_h.mp4,Ciclo_4_5_Izq_h,pending,,
mendeley_labeled611_P08_53c2cb4006fbaa1b,67htnzmwbb.1,P08,h,dactylology,accepted,train,Mexican Sign Languages Dactylology and Ten First Numbers - Labeled images and videos. From person #6 to #11/persona_8/Ciclo_5_5_Derecha/Ciclo_5_5_Derecha_h.mp4,Ciclo_5_5_Derecha_h,pending,,
mendeley_labeled611_P08_35035b53ecddb7ee,67htnzmwbb.1,P08,h,dactylology,accepted,train,Mexican Sign Languages Dactylology and Ten First Numbers - Labeled images and videos. From person #6 to #11/persona_8/Ciclo_5_5_Izquierda/Ciclo_5_5_Izq_h.mp4,Ciclo_5_5_Izq_h,pending,,
mendeley_labeled611_P08_d2e24564b4a7d846,67htnzmwbb.1,P08,i,dactylology,accepted,train,Mexican Sign Languages Dactylology and Ten First Numbers - Labeled images and videos. From person #6 to #11/persona_8/Ciclo_1_5_Derecha/Ciclo_1_5_Derecha_i.mp4,Ciclo_1_5_Derecha_i,pending,,
mendeley_labeled611_P08_4bda161671220937,67htnzmwbb.1,P08,i,dactylology,accepted,train,Mexican Sign Languages Dactylology and Ten First Numbers - Labeled images and videos. From person #6 to #11/persona_8/Ciclo_1_5_Izquierda/Ciclo_1_5_Izq_i.mp4,Ciclo_1_5_Izq_i,pending,,
mendeley_labeled611_P08_6c6c8821669bd295,67htnzmwbb.1,P08,i,dactylology,accepted,train,Mexican Sign Languages Dactylology and Ten First Numbers - Labeled images and videos. From person #6 to #11/persona_8/Ciclo_2_5_Derecha/Ciclo_2_5_Derecha_i.mp4,Ciclo_2_5_Derecha_i,pending,,
mendeley_labeled611_P08_505a7c96d46238fe,67htnzmwbb.1,P08,i,dactylology,accepted,train,Mexican Sign Languages Dactylology and Ten First Numbers - Labeled images and videos. From person #6 to #11/persona_8/Ciclo_2_5_Izquierda/Ciclo_2_5_Izq_i.mp4,Ciclo_2_5_Izq_i,pending,,
mendeley_labeled611_P08_d4852a58187553b7,67htnzmwbb.1,P08,i,dactylology,accepted,train,Mexican Sign Languages Dactylology and Ten First Numbers - Labeled images and videos. From person #6 to #11/persona_8/Ciclo_3_5_Derecha/Ciclo_3_5_Derecha_i.mp4,Ciclo_3_5_Derecha_i,pending,,
mendeley_labeled611_P08_0f9ccb380c583be9,67htnzmwbb.1,P08,i,dactylology,accepted,train,Mexican Sign Languages Dactylology and Ten First Numbers - Labeled images and videos. From person #6 to #11/persona_8/Ciclo_3_5_Izquierda/Ciclo_3_5_Izq_i.mp4,Ciclo_3_5_Izq_i,pending,,
mendeley_labeled611_P08_b268fadbc99dd318,67htnzmwbb.1,P08,i,dactylology,accepted,train,Mexican Sign Languages Dactylology and Ten First Numbers - Labeled images and videos. From person #6 to #11/persona_8/Ciclo_4_5_Derecha/Ciclo_4_5_Derecha_i.mp4,Ciclo_4_5_Derecha_i,pending,,
mendeley_labeled611_P08_b87f2699e8d00182,67htnzmwbb.1,P08,i,dactylology,accepted,train,Mexican Sign Languages Dactylology and Ten First Numbers - Labeled images and videos. From person #6 to #11/persona_8/Ciclo_4_5_Izquierda/Ciclo_4_5_Izq_i.mp4,Ciclo_4_5_Izq_i,pending,,
mendeley_labeled611_P08_75b64ea1ef7d659c,67htnzmwbb.1,P08,i,dactylology,accepted,train,Mexican Sign Languages Dactylology and Ten First Numbers - Labeled images and videos. From person #6 to #11/persona_8/Ciclo_5_5_Derecha/Ciclo_5_5_Derecha_i.mp4,Ciclo_5_5_Derecha_i,pending,,
mendeley_labeled611_P08_6ed85232839fae10,67htnzmwbb.1,P08,i,dactylology,accepted,train,Mexican Sign Languages Dactylology and Ten First Numbers - Labeled images and videos. From person #6 to #11/persona_8/Ciclo_5_5_Izquierda/Ciclo_5_5_Izq_i.mp4,Ciclo_5_5_Izq_i,pending,,
mendeley_labeled611_P08_f9da4f2e5191b243,67htnzmwbb.1,P08,j,dactylology,accepted,train,Mexican Sign Languages Dactylology and Ten First Numbers - Labeled images and videos. From person #6 to #11/persona_8/Ciclo_1_5_Derecha/Ciclo_1_5_Derecha_j.mp4,Ciclo_1_5_Derecha_j,pending,,
mendeley_labeled611_P08_824f376cd402ac33,67htnzmwbb.1,P08,j,dactylology,accepted,train,Mexican Sign Languages Dactylology and Ten First Numbers - Labeled images and videos. From person #6 to #11/persona_8/Ciclo_1_5_Izquierda/Ciclo_1_5_Izq_j.mp4,Ciclo_1_5_Izq_j,pending,,
mendeley_labeled611_P08_878704b2cc0a9f20,67htnzmwbb.1,P08,j,dactylology,accepted,train,Mexican Sign Languages Dactylology and Ten First Numbers - Labeled images and videos. From person #6 to #11/persona_8/Ciclo_2_5_Derecha/Ciclo_2_5_Derecha_j.mp4,Ciclo_2_5_Derecha_j,pending,,
mendeley_labeled611_P08_13efed357e3fddf5,67htnzmwbb.1,P08,j,dactylology,accepted,train,Mexican Sign Languages Dactylology and Ten First Numbers - Labeled images and videos. From person #6 to #11/persona_8/Ciclo_2_5_Izquierda/Ciclo_2_5_Izq_j.mp4,Ciclo_2_5_Izq_j,pending,,
mendeley_labeled611_P08_a1f486f7b1cc5830,67htnzmwbb.1,P08,j,dactylology,accepted,train,Mexican Sign Languages Dactylology and Ten First Numbers - Labeled images and videos. From person #6 to #11/persona_8/Ciclo_3_5_Derecha/Ciclo_3_5_Derecha_j.mp4,Ciclo_3_5_Derecha_j,pending,,
mendeley_labeled611_P08_bafee898ceb1a618,67htnzmwbb.1,P08,j,dactylology,accepted,train,Mexican Sign Languages Dactylology and Ten First Numbers - Labeled images and videos. From person #6 to #11/persona_8/Ciclo_3_5_Izquierda/Ciclo_3_5_Izq_j.mp4,Ciclo_3_5_Izq_j,pending,,
mendeley_labeled611_P08_c435f532e72d18d8,67htnzmwbb.1,P08,j,dactylology,accepted,train,Mexican Sign Languages Dactylology and Ten First Numbers - Labeled images and videos. From person #6 to #11/persona_8/Ciclo_4_5_Derecha/Ciclo_4_5_Derecha_j.mp4,Ciclo_4_5_Derecha_j,pending,,
mendeley_labeled611_P08_7b547e687125fba5,67htnzmwbb.1,P08,j,dactylology,accepted,train,Mexican Sign Languages Dactylology and Ten First Numbers - Labeled images and videos. From person #6 to #11/persona_8/Ciclo_4_5_Izquierda/Ciclo_4_5_Izq_j.mp4,Ciclo_4_5_Izq_j,pending,,
mendeley_labeled611_P08_fb4cf6aa3cea9b48,67htnzmwbb.1,P08,j,dactylology,accepted,train,Mexican Sign Languages Dactylology and Ten First Numbers - Labeled images and videos. From person #6 to #11/persona_8/Ciclo_5_5_Derecha/Ciclo_5_5_Derecha_j.mp4,Ciclo_5_5_Derecha_j,pending,,
mendeley_labeled611_P08_ea0fc602802e01ed,67htnzmwbb.1,P08,j,dactylology,accepted,train,Mexican Sign Languages Dactylology and Ten First Numbers - Labeled images and videos. From person #6 to #11/persona_8/Ciclo_5_5_Izquierda/Ciclo_5_5_Izq_j.mp4,Ciclo_5_5_Izq_j,pending,,
mendeley_labeled611_P08_13691d10a4f47524,67htnzmwbb.1,P08,k,dactylology,accepted,train,Mexican Sign Languages Dactylology and Ten First Numbers - Labeled images and videos. From person #6 to #11/persona_8/Ciclo_1_5_Derecha/Ciclo_1_5_Derecha_k.mp4,Ciclo_1_5_Derecha_k,pending,,
mendeley_labeled611_P08_6526e59399496d60,67htnzmwbb.1,P08,k,dactylology,accepted,train,Mexican Sign Languages Dactylology and Ten First Numbers - Labeled images and videos. From person #6 to #11/persona_8/Ciclo_1_5_Izquierda/Ciclo_1_5_Izq_k.mp4,Ciclo_1_5_Izq_k,pending,,
mendeley_labeled611_P08_0e00241f236d09a5,67htnzmwbb.1,P08,k,dactylology,accepted,train,Mexican Sign Languages Dactylology and Ten First Numbers - Labeled images and videos. From person #6 to #11/persona_8/Ciclo_2_5_Derecha/Ciclo_2_5_Derecha_k.mp4,Ciclo_2_5_Derecha_k,pending,,
mendeley_labeled611_P08_38041ecf3cab6177,67htnzmwbb.1,P08,k,dactylology,accepted,train,Mexican Sign Languages Dactylology and Ten First Numbers - Labeled images and videos. From person #6 to #11/persona_8/Ciclo_2_5_Izquierda/Ciclo_2_5_Izq_k.mp4,Ciclo_2_5_Izq_k,pending,,
mendeley_labeled611_P08_cf5f41d8eec93ad1,67htnzmwbb.1,P08,k,dactylology,accepted,train,Mexican Sign Languages Dactylology and Ten First Numbers - Labeled images and videos. From person #6 to #11/persona_8/Ciclo_3_5_Derecha/Ciclo_3_5_Derecha_k.mp4,Ciclo_3_5_Derecha_k,pending,,
mendeley_labeled611_P08_8b74e8a8f4e89d0b,67htnzmwbb.1,P08,k,dactylology,accepted,train,Mexican Sign Languages Dactylology and Ten First Numbers - Labeled images and videos. From person #6 to #11/persona_8/Ciclo_3_5_Izquierda/Ciclo_3_5_Izq_k.mp4,Ciclo_3_5_Izq_k,pending,,
mendeley_labeled611_P08_27213efea092d98e,67htnzmwbb.1,P08,k,dactylology,accepted,train,Mexican Sign Languages Dactylology and Ten First Numbers - Labeled images and videos. From person #6 to #11/persona_8/Ciclo_4_5_Derecha/Ciclo_4_5_Derecha_k.mp4,Ciclo_4_5_Derecha_k,pending,,
mendeley_labeled611_P08_be2d2da9fc74e9cc,67htnzmwbb.1,P08,k,dactylology,accepted,train,Mexican Sign Languages Dactylology and Ten First Numbers - Labeled images and videos. From person #6 to #11/persona_8/Ciclo_4_5_Izquierda/Ciclo_4_5_Izq_k.mp4,Ciclo_4_5_Izq_k,pending,,
mendeley_labeled611_P08_bbad230ae5a7ef49,67htnzmwbb.1,P08,k,dactylology,accepted,train,Mexican Sign Languages Dactylology and Ten First Numbers - Labeled images and videos. From person #6 to #11/persona_8/Ciclo_5_5_Derecha/Ciclo_5_5_Derecha_k.mp4,Ciclo_5_5_Derecha_k,pending,,
mendeley_labeled611_P08_6f85e1075717e71d,67htnzmwbb.1,P08,k,dactylology,accepted,train,Mexican Sign Languages Dactylology and Ten First Numbers - Labeled images and videos. From person #6 to #11/persona_8/Ciclo_5_5_Izquierda/Ciclo_5_5_Izq_k.mp4,Ciclo_5_5_Izq_k,pending,,
mendeley_labeled611_P08_41c129c5ccd97529,67htnzmwbb.1,P08,l,dactylology,accepted,train,Mexican Sign Languages Dactylology and Ten First Numbers - Labeled images and videos. From person #6 to #11/persona_8/Ciclo_1_5_Derecha/Ciclo_1_5_Derecha_l.mp4,Ciclo_1_5_Derecha_l,pending,,
mendeley_labeled611_P08_ccfcad201a15f42f,67htnzmwbb.1,P08,l,dactylology,accepted,train,Mexican Sign Languages Dactylology and Ten First Numbers - Labeled images and videos. From person #6 to #11/persona_8/Ciclo_1_5_Izquierda/Ciclo_1_5_Izq_l.mp4,Ciclo_1_5_Izq_l,pending,,
mendeley_labeled611_P08_4d8a1d8b4e81d97d,67htnzmwbb.1,P08,l,dactylology,accepted,train,Mexican Sign Languages Dactylology and Ten First Numbers - Labeled images and videos. From person #6 to #11/persona_8/Ciclo_2_5_Derecha/Ciclo_2_5_Derecha_l.mp4,Ciclo_2_5_Derecha_l,pending,,
mendeley_labeled611_P08_23986ea009149bc6,67htnzmwbb.1,P08,l,dactylology,accepted,train,Mexican Sign Languages Dactylology and Ten First Numbers - Labeled images and videos. From person #6 to #11/persona_8/Ciclo_2_5_Izquierda/Ciclo_2_5_Izq_l.mp4,Ciclo_2_5_Izq_l,pending,,
mendeley_labeled611_P08_2529978808539d87,67htnzmwbb.1,P08,l,dactylology,accepted,train,Mexican Sign Languages Dactylology and Ten First Numbers - Labeled images and videos. From person #6 to #11/persona_8/Ciclo_3_5_Derecha/Ciclo_3_5_Derecha_l.mp4,Ciclo_3_5_Derecha_l,pending,,
mendeley_labeled611_P08_d1021995fac14304,67htnzmwbb.1,P08,l,dactylology,accepted,train,Mexican Sign Languages Dactylology and Ten First Numbers - Labeled images and videos. From person #6 to #11/persona_8/Ciclo_3_5_Izquierda/Ciclo_3_5_Izq_l.mp4,Ciclo_3_5_Izq_l,pending,,
mendeley_labeled611_P08_0ad7d7cbcf134931,67htnzmwbb.1,P08,l,dactylology,accepted,train,Mexican Sign Languages Dactylology and Ten First Numbers - Labeled images and videos. From person #6 to #11/persona_8/Ciclo_4_5_Derecha/Ciclo_4_5_Derecha_l.mp4,Ciclo_4_5_Derecha_l,pending,,
mendeley_labeled611_P08_72e2ddf7fd8db5b7,67htnzmwbb.1,P08,l,dactylology,accepted,train,Mexican Sign Languages Dactylology and Ten First Numbers - Labeled images and videos. From person #6 to #11/persona_8/Ciclo_4_5_Izquierda/Ciclo_4_5_Izq_l.mp4,Ciclo_4_5_Izq_l,pending,,
mendeley_labeled611_P08_276d4612f28bf09b,67htnzmwbb.1,P08,l,dactylology,accepted,train,Mexican Sign Languages Dactylology and Ten First Numbers - Labeled images and videos. From person #6 to #11/persona_8/Ciclo_5_5_Derecha/Ciclo_5_5_Derecha_l.mp4,Ciclo_5_5_Derecha_l,pending,,
mendeley_labeled611_P08_acff2affac3a7260,67htnzmwbb.1,P08,l,dactylology,accepted,train,Mexican Sign Languages Dactylology and Ten First Numbers - Labeled images and videos. From person #6 to #11/persona_8/Ciclo_5_5_Izquierda/Ciclo_5_5_Izq_l.mp4,Ciclo_5_5_Izq_l,pending,,
mendeley_labeled611_P08_d6ecded9cf4a7a26,67htnzmwbb.1,P08,ll,dactylology,accepted,train,Mexican Sign Languages Dactylology and Ten First Numbers - Labeled images and videos. From person #6 to #11/persona_8/Ciclo_1_5_Derecha/Ciclo_1_5_Derecha_ll.mp4,Ciclo_1_5_Derecha_ll,pending,,
mendeley_labeled611_P08_ec7b10f9d33a6c04,67htnzmwbb.1,P08,ll,dactylology,accepted,train,Mexican Sign Languages Dactylology and Ten First Numbers - Labeled images and videos. From person #6 to #11/persona_8/Ciclo_1_5_Izquierda/Ciclo_1_5_Izq_ll.mp4,Ciclo_1_5_Izq_ll,pending,,
mendeley_labeled611_P08_95cbbe34b84119d0,67htnzmwbb.1,P08,ll,dactylology,accepted,train,Mexican Sign Languages Dactylology and Ten First Numbers - Labeled images and videos. From person #6 to #11/persona_8/Ciclo_2_5_Derecha/Ciclo_2_5_Derecha_ll.mp4,Ciclo_2_5_Derecha_ll,pending,,
mendeley_labeled611_P08_8864a8d48c71276f,67htnzmwbb.1,P08,ll,dactylology,accepted,train,Mexican Sign Languages Dactylology and Ten First Numbers - Labeled images and videos. From person #6 to #11/persona_8/Ciclo_2_5_Izquierda/Ciclo_2_5_Izq_ll.mp4,Ciclo_2_5_Izq_ll,pending,,
mendeley_labeled611_P08_1285296cf76d0df0,67htnzmwbb.1,P08,ll,dactylology,accepted,train,Mexican Sign Languages Dactylology and Ten First Numbers - Labeled images and videos. From person #6 to #11/persona_8/Ciclo_3_5_Derecha/Ciclo_3_5_Derecha_ll.mp4,Ciclo_3_5_Derecha_ll,pending,,
mendeley_labeled611_P08_7b9915aa52531265,67htnzmwbb.1,P08,ll,dactylology,accepted,train,Mexican Sign Languages Dactylology and Ten First Numbers - Labeled images and videos. From person #6 to #11/persona_8/Ciclo_3_5_Izquierda/Ciclo_3_5_Izq_ll.mp4,Ciclo_3_5_Izq_ll,pending,,
mendeley_labeled611_P08_6c68363ed8677950,67htnzmwbb.1,P08,ll,dactylology,accepted,train,Mexican Sign Languages Dactylology and Ten First Numbers - Labeled images and videos. From person #6 to #11/persona_8/Ciclo_4_5_Derecha/Ciclo_4_5_Derecha_ll.mp4,Ciclo_4_5_Derecha_ll,pending,,
mendeley_labeled611_P08_8dae01f7adfce0a7,67htnzmwbb.1,P08,ll,dactylology,accepted,train,Mexican Sign Languages Dactylology and Ten First Numbers - Labeled images and videos. From person #6 to #11/persona_8/Ciclo_4_5_Izquierda/Ciclo_4_5_Izq_ll.mp4,Ciclo_4_5_Izq_ll,pending,,
mendeley_labeled611_P08_6fc76b16e6454e92,67htnzmwbb.1,P08,ll,dactylology,accepted,train,Mexican Sign Languages Dactylology and Ten First Numbers - Labeled images and videos. From person #6 to #11/persona_8/Ciclo_5_5_Derecha/Ciclo_5_5_Derecha_ll.mp4,Ciclo_5_5_Derecha_ll,pending,,
mendeley_labeled611_P08_1ec9bb99e1ea221d,67htnzmwbb.1,P08,ll,dactylology,accepted,train,Mexican Sign Languages Dactylology and Ten First Numbers - Labeled images and videos. From person #6 to #11/persona_8/Ciclo_5_5_Izquierda/Ciclo_5_5_Izq_ll.mp4,Ciclo_5_5_Izq_ll,pending,,
mendeley_labeled611_P08_486ff526b23f29ae,67htnzmwbb.1,P08,m,dactylology,accepted,train,Mexican Sign Languages Dactylology and Ten First Numbers - Labeled images and videos. From person #6 to #11/persona_8/Ciclo_1_5_Derecha/Ciclo_1_5_Derecha_m.mp4,Ciclo_1_5_Derecha_m,pending,,
mendeley_labeled611_P08_81053aac23d4e4a8,67htnzmwbb.1,P08,m,dactylology,accepted,train,Mexican Sign Languages Dactylology and Ten First Numbers - Labeled images and videos. From person #6 to #11/persona_8/Ciclo_1_5_Izquierda/Ciclo_1_5_Izq_m.mp4,Ciclo_1_5_Izq_m,pending,,
mendeley_labeled611_P08_33a1fba7e981f000,67htnzmwbb.1,P08,m,dactylology,accepted,train,Mexican Sign Languages Dactylology and Ten First Numbers - Labeled images and videos. From person #6 to #11/persona_8/Ciclo_2_5_Derecha/Ciclo_2_5_Derecha_m.mp4,Ciclo_2_5_Derecha_m,pending,,
mendeley_labeled611_P08_6d1e499a3f57e80a,67htnzmwbb.1,P08,m,dactylology,accepted,train,Mexican Sign Languages Dactylology and Ten First Numbers - Labeled images and videos. From person #6 to #11/persona_8/Ciclo_2_5_Izquierda/Ciclo_2_5_Izq_m.mp4,Ciclo_2_5_Izq_m,pending,,
mendeley_labeled611_P08_b721d4cbc764dc43,67htnzmwbb.1,P08,m,dactylology,accepted,train,Mexican Sign Languages Dactylology and Ten First Numbers - Labeled images and videos. From person #6 to #11/persona_8/Ciclo_3_5_Derecha/Ciclo_3_5_Derecha_m.mp4,Ciclo_3_5_Derecha_m,pending,,
mendeley_labeled611_P08_c6605bc68d891923,67htnzmwbb.1,P08,m,dactylology,accepted,train,Mexican Sign Languages Dactylology and Ten First Numbers - Labeled images and videos. From person #6 to #11/persona_8/Ciclo_3_5_Izquierda/Ciclo_3_5_Izq_m.mp4,Ciclo_3_5_Izq_m,pending,,
mendeley_labeled611_P08_897962e4bd834a2c,67htnzmwbb.1,P08,m,dactylology,accepted,train,Mexican Sign Languages Dactylology and Ten First Numbers - Labeled images and videos. From person #6 to #11/persona_8/Ciclo_4_5_Derecha/Ciclo_4_5_Derecha_m.mp4,Ciclo_4_5_Derecha_m,pending,,
mendeley_labeled611_P08_31d1385a95804ff0,67htnzmwbb.1,P08,m,dactylology,accepted,train,Mexican Sign Languages Dactylology and Ten First Numbers - Labeled images and videos. From person #6 to #11/persona_8/Ciclo_4_5_Izquierda/Ciclo_4_5_Izq_m.mp4,Ciclo_4_5_Izq_m,pending,,
mendeley_labeled611_P08_9ff9853d2595f9b3,67htnzmwbb.1,P08,m,dactylology,accepted,train,Mexican Sign Languages Dactylology and Ten First Numbers - Labeled images and videos. From person #6 to #11/persona_8/Ciclo_5_5_Derecha/Ciclo_5_5_Derecha_m.mp4,Ciclo_5_5_Derecha_m,pending,,
mendeley_labeled611_P08_899cb8b7946d4d5d,67htnzmwbb.1,P08,m,dactylology,accepted,train,Mexican Sign Languages Dactylology and Ten First Numbers - Labeled images and videos. From person #6 to #11/persona_8/Ciclo_5_5_Izquierda/Ciclo_5_5_Izq_m.mp4,Ciclo_5_5_Izq_m,pending,,
mendeley_labeled611_P08_58eb7ae6b2ddb9bc,67htnzmwbb.1,P08,n,dactylology,accepted,train,Mexican Sign Languages Dactylology and Ten First Numbers - Labeled images and videos. From person #6 to #11/persona_8/Ciclo_1_5_Derecha/Ciclo_1_5_Derecha_n.mp4,Ciclo_1_5_Derecha_n,pending,,
mendeley_labeled611_P08_fe60c54c818eebba,67htnzmwbb.1,P08,n,dactylology,accepted,train,Mexican Sign Languages Dactylology and Ten First Numbers - Labeled images and videos. From person #6 to #11/persona_8/Ciclo_2_5_Izquierda/Ciclo_2_5_Izq_n.mp4,Ciclo_2_5_Izq_n,pending,,
mendeley_labeled611_P08_1cf498da33bc2c51,67htnzmwbb.1,P08,n,dactylology,accepted,train,Mexican Sign Languages Dactylology and Ten First Numbers - Labeled images and videos. From person #6 to #11/persona_8/Ciclo_3_5_Derecha/Ciclo_3_5_Derecha_n.mp4,Ciclo_3_5_Derecha_n,pending,,
mendeley_labeled611_P08_bf55cc14c33c16a9,67htnzmwbb.1,P08,n,dactylology,accepted,train,Mexican Sign Languages Dactylology and Ten First Numbers - Labeled images and videos. From person #6 to #11/persona_8/Ciclo_3_5_Izquierda/Ciclo_3_5_Izq_n.mp4,Ciclo_3_5_Izq_n,pending,,
mendeley_labeled611_P08_d6e509fea4c2b7ff,67htnzmwbb.1,P08,n,dactylology,accepted,train,Mexican Sign Languages Dactylology and Ten First Numbers - Labeled images and videos. From person #6 to #11/persona_8/Ciclo_4_5_Derecha/Ciclo_4_5_Derecha_n.mp4,Ciclo_4_5_Derecha_n,pending,,
mendeley_labeled611_P08_d7c01f2340acb331,67htnzmwbb.1,P08,n,dactylology,accepted,train,Mexican Sign Languages Dactylology and Ten First Numbers - Labeled images and videos. From person #6 to #11/persona_8/Ciclo_4_5_Izquierda/Ciclo_4_5_Izq_n.mp4,Ciclo_4_5_Izq_n,pending,,
mendeley_labeled611_P08_5e2f68aa17b78159,67htnzmwbb.1,P08,n,dactylology,accepted,train,Mexican Sign Languages Dactylology and Ten First Numbers - Labeled images and videos. From person #6 to #11/persona_8/Ciclo_5_5_Izquierda/Ciclo_5_5_Izq_n.mp4,Ciclo_5_5_Izq_n,pending,,
mendeley_labeled611_P08_2cac628c8a6c6ca5,67htnzmwbb.1,P08,o,dactylology,accepted,train,Mexican Sign Languages Dactylology and Ten First Numbers - Labeled images and videos. From person #6 to #11/persona_8/Ciclo_1_5_Derecha/Ciclo_1_5_Derecha_o.mp4,Ciclo_1_5_Derecha_o,pending,,
mendeley_labeled611_P08_d0c41c4ef4a49336,67htnzmwbb.1,P08,o,dactylology,accepted,train,Mexican Sign Languages Dactylology and Ten First Numbers - Labeled images and videos. From person #6 to #11/persona_8/Ciclo_1_5_Izquierda/Ciclo_1_5_Izq_o.mp4,Ciclo_1_5_Izq_o,pending,,
mendeley_labeled611_P08_5aee92a839ff2a3e,67htnzmwbb.1,P08,o,dactylology,accepted,train,Mexican Sign Languages Dactylology and Ten First Numbers - Labeled images and videos. From person #6 to #11/persona_8/Ciclo_2_5_Derecha/Ciclo_2_5_Derecha_o.mp4,Ciclo_2_5_Derecha_o,pending,,
mendeley_labeled611_P08_70063fcb7d667782,67htnzmwbb.1,P08,o,dactylology,accepted,train,Mexican Sign Languages Dactylology and Ten First Numbers - Labeled images and videos. From person #6 to #11/persona_8/Ciclo_2_5_Izquierda/Ciclo_2_5_Izq_o.mp4,Ciclo_2_5_Izq_o,pending,,
mendeley_labeled611_P08_eb46a9f88d6a9d2e,67htnzmwbb.1,P08,o,dactylology,accepted,train,Mexican Sign Languages Dactylology and Ten First Numbers - Labeled images and videos. From person #6 to #11/persona_8/Ciclo_3_5_Derecha/Ciclo_3_5_Derecha_o.mp4,Ciclo_3_5_Derecha_o,pending,,
mendeley_labeled611_P08_0db0b2dda6414eef,67htnzmwbb.1,P08,o,dactylology,accepted,train,Mexican Sign Languages Dactylology and Ten First Numbers - Labeled images and videos. From person #6 to #11/persona_8/Ciclo_3_5_Izquierda/Ciclo_3_5_Izq_o.mp4,Ciclo_3_5_Izq_o,pending,,
mendeley_labeled611_P08_7164bf75f6f5918a,67htnzmwbb.1,P08,o,dactylology,accepted,train,Mexican Sign Languages Dactylology and Ten First Numbers - Labeled images and videos. From person #6 to #11/persona_8/Ciclo_4_5_Derecha/Ciclo_4_5_Derecha_o.mp4,Ciclo_4_5_Derecha_o,pending,,
mendeley_labeled611_P08_e7b5f7295f18a00d,67htnzmwbb.1,P08,o,dactylology,accepted,train,Mexican Sign Languages Dactylology and Ten First Numbers - Labeled images and videos. From person #6 to #11/persona_8/Ciclo_4_5_Izquierda/Ciclo_4_5_Izq_o.mp4,Ciclo_4_5_Izq_o,pending,,
mendeley_labeled611_P08_0f91b30e19b257a6,67htnzmwbb.1,P08,o,dactylology,accepted,train,Mexican Sign Languages Dactylology and Ten First Numbers - Labeled images and videos. From person #6 to #11/persona_8/Ciclo_5_5_Derecha/Ciclo_5_5_Derecha_o.mp4,Ciclo_5_5_Derecha_o,pending,,
mendeley_labeled611_P08_6d6945e359e99499,67htnzmwbb.1,P08,o,dactylology,accepted,train,Mexican Sign Languages Dactylology and Ten First Numbers - Labeled images and videos. From person #6 to #11/persona_8/Ciclo_5_5_Izquierda/Ciclo_5_5_Izq_o.mp4,Ciclo_5_5_Izq_o,pending,,
mendeley_labeled611_P08_78de3eb26ca8cc02,67htnzmwbb.1,P08,p,dactylology,accepted,train,Mexican Sign Languages Dactylology and Ten First Numbers - Labeled images and videos. From person #6 to #11/persona_8/Ciclo_1_5_Derecha/Ciclo_1_5_Derecha_p.mp4,Ciclo_1_5_Derecha_p,pending,,
mendeley_labeled611_P08_b051c3eb67381a11,67htnzmwbb.1,P08,p,dactylology,accepted,train,Mexican Sign Languages Dactylology and Ten First Numbers - Labeled images and videos. From person #6 to #11/persona_8/Ciclo_1_5_Izquierda/Ciclo_1_5_Izq_p.mp4,Ciclo_1_5_Izq_p,pending,,
mendeley_labeled611_P08_455e7b8c38f5d580,67htnzmwbb.1,P08,p,dactylology,accepted,train,Mexican Sign Languages Dactylology and Ten First Numbers - Labeled images and videos. From person #6 to #11/persona_8/Ciclo_2_5_Derecha/Ciclo_2_5_Derecha_p.mp4,Ciclo_2_5_Derecha_p,pending,,
mendeley_labeled611_P08_9347f2a76eb5162c,67htnzmwbb.1,P08,p,dactylology,accepted,train,Mexican Sign Languages Dactylology and Ten First Numbers - Labeled images and videos. From person #6 to #11/persona_8/Ciclo_2_5_Izquierda/Ciclo_2_5_Izq_p.mp4,Ciclo_2_5_Izq_p,pending,,
mendeley_labeled611_P08_9ab3ea10d5fa0692,67htnzmwbb.1,P08,p,dactylology,accepted,train,Mexican Sign Languages Dactylology and Ten First Numbers - Labeled images and videos. From person #6 to #11/persona_8/Ciclo_3_5_Derecha/Ciclo_3_5_Derecha_p.mp4,Ciclo_3_5_Derecha_p,pending,,
mendeley_labeled611_P08_6353cad759de80cd,67htnzmwbb.1,P08,p,dactylology,accepted,train,Mexican Sign Languages Dactylology and Ten First Numbers - Labeled images and videos. From person #6 to #11/persona_8/Ciclo_3_5_Izquierda/Ciclo_3_5_Izq_p.mp4,Ciclo_3_5_Izq_p,pending,,
mendeley_labeled611_P08_042e2664156d34f8,67htnzmwbb.1,P08,p,dactylology,accepted,train,Mexican Sign Languages Dactylology and Ten First Numbers - Labeled images and videos. From person #6 to #11/persona_8/Ciclo_4_5_Derecha/Ciclo_4_5_Derecha_p.mp4,Ciclo_4_5_Derecha_p,pending,,
mendeley_labeled611_P08_2420eceb097e4c38,67htnzmwbb.1,P08,p,dactylology,accepted,train,Mexican Sign Languages Dactylology and Ten First Numbers - Labeled images and videos. From person #6 to #11/persona_8/Ciclo_4_5_Izquierda/Ciclo_4_5_Izq_p.mp4,Ciclo_4_5_Izq_p,pending,,
mendeley_labeled611_P08_7b6ee0a8031a9863,67htnzmwbb.1,P08,p,dactylology,accepted,train,Mexican Sign Languages Dactylology and Ten First Numbers - Labeled images and videos. From person #6 to #11/persona_8/Ciclo_5_5_Derecha/Ciclo_5_5_Derecha_p.mp4,Ciclo_5_5_Derecha_p,pending,,
mendeley_labeled611_P08_ea3ae2326af94f1c,67htnzmwbb.1,P08,p,dactylology,accepted,train,Mexican Sign Languages Dactylology and Ten First Numbers - Labeled images and videos. From person #6 to #11/persona_8/Ciclo_5_5_Izquierda/Ciclo_5_5_Izq_p.mp4,Ciclo_5_5_Izq_p,pending,,
mendeley_labeled611_P08_aa0a0a5fbe57f218,67htnzmwbb.1,P08,q,dactylology,accepted,train,Mexican Sign Languages Dactylology and Ten First Numbers - Labeled images and videos. From person #6 to #11/persona_8/Ciclo_1_5_Derecha/Ciclo_1_5_Derecha_q.mp4,Ciclo_1_5_Derecha_q,pending,,
mendeley_labeled611_P08_2f4ab13f2a30c4bf,67htnzmwbb.1,P08,q,dactylology,accepted,train,Mexican Sign Languages Dactylology and Ten First Numbers - Labeled images and videos. From person #6 to #11/persona_8/Ciclo_1_5_Izquierda/Ciclo_1_5_Izq_q.mp4,Ciclo_1_5_Izq_q,pending,,
mendeley_labeled611_P08_b5c2a47c84114b7e,67htnzmwbb.1,P08,q,dactylology,accepted,train,Mexican Sign Languages Dactylology and Ten First Numbers - Labeled images and videos. From person #6 to #11/persona_8/Ciclo_2_5_Derecha/Ciclo_2_5_Derecha_q.mp4,Ciclo_2_5_Derecha_q,pending,,
mendeley_labeled611_P08_dcc96f94cd926b33,67htnzmwbb.1,P08,q,dactylology,accepted,train,Mexican Sign Languages Dactylology and Ten First Numbers - Labeled images and videos. From person #6 to #11/persona_8/Ciclo_2_5_Izquierda/Ciclo_2_5_Izq_q.mp4,Ciclo_2_5_Izq_q,pending,,
mendeley_labeled611_P08_f67fae96ea283352,67htnzmwbb.1,P08,q,dactylology,accepted,train,Mexican Sign Languages Dactylology and Ten First Numbers - Labeled images and videos. From person #6 to #11/persona_8/Ciclo_3_5_Derecha/Ciclo_3_5_Derecha_q.mp4,Ciclo_3_5_Derecha_q,pending,,
mendeley_labeled611_P08_e81116c3f655e03d,67htnzmwbb.1,P08,q,dactylology,accepted,train,Mexican Sign Languages Dactylology and Ten First Numbers - Labeled images and videos. From person #6 to #11/persona_8/Ciclo_3_5_Izquierda/Ciclo_3_5_Izq_q.mp4,Ciclo_3_5_Izq_q,pending,,
mendeley_labeled611_P08_46475220e5e70159,67htnzmwbb.1,P08,q,dactylology,accepted,train,Mexican Sign Languages Dactylology and Ten First Numbers - Labeled images and videos. From person #6 to #11/persona_8/Ciclo_4_5_Derecha/Ciclo_4_5_Derecha_q.mp4,Ciclo_4_5_Derecha_q,pending,,
mendeley_labeled611_P08_824d4096e3865c57,67htnzmwbb.1,P08,q,dactylology,accepted,train,Mexican Sign Languages Dactylology and Ten First Numbers - Labeled images and videos. From person #6 to #11/persona_8/Ciclo_4_5_Izquierda/Ciclo_4_5_Izq_q.mp4,Ciclo_4_5_Izq_q,pending,,
mendeley_labeled611_P08_e870d5aa0a4fd0d3,67htnzmwbb.1,P08,q,dactylology,accepted,train,Mexican Sign Languages Dactylology and Ten First Numbers - Labeled images and videos. From person #6 to #11/persona_8/Ciclo_5_5_Derecha/Ciclo_5_5_Derecha_q.mp4,Ciclo_5_5_Derecha_q,pending,,
mendeley_labeled611_P08_ab1c7f0998dd102c,67htnzmwbb.1,P08,q,dactylology,accepted,train,Mexican Sign Languages Dactylology and Ten First Numbers - Labeled images and videos. From person #6 to #11/persona_8/Ciclo_5_5_Izquierda/Ciclo_5_5_Izq_q.mp4,Ciclo_5_5_Izq_q,pending,,
mendeley_labeled611_P08_98ddf868fed2ac3d,67htnzmwbb.1,P08,r,dactylology,accepted,train,Mexican Sign Languages Dactylology and Ten First Numbers - Labeled images and videos. From person #6 to #11/persona_8/Ciclo_1_5_Derecha/Ciclo_1_5_Derecha_r.mp4,Ciclo_1_5_Derecha_r,pending,,
mendeley_labeled611_P08_6863e8d0dede033d,67htnzmwbb.1,P08,r,dactylology,accepted,train,Mexican Sign Languages Dactylology and Ten First Numbers - Labeled images and videos. From person #6 to #11/persona_8/Ciclo_1_5_Izquierda/Ciclo_1_5_Izq_r.mp4,Ciclo_1_5_Izq_r,pending,,
mendeley_labeled611_P08_8cbc1408fdb2a4cd,67htnzmwbb.1,P08,r,dactylology,accepted,train,Mexican Sign Languages Dactylology and Ten First Numbers - Labeled images and videos. From person #6 to #11/persona_8/Ciclo_2_5_Derecha/Ciclo_2_5_Derecha_r.mp4,Ciclo_2_5_Derecha_r,pending,,
mendeley_labeled611_P08_88ce835f210a5a09,67htnzmwbb.1,P08,r,dactylology,accepted,train,Mexican Sign Languages Dactylology and Ten First Numbers - Labeled images and videos. From person #6 to #11/persona_8/Ciclo_2_5_Izquierda/Ciclo_2_5_Izq_r.mp4,Ciclo_2_5_Izq_r,pending,,
mendeley_labeled611_P08_2c0a0c7dd3f5e215,67htnzmwbb.1,P08,r,dactylology,accepted,train,Mexican Sign Languages Dactylology and Ten First Numbers - Labeled images and videos. From person #6 to #11/persona_8/Ciclo_3_5_Derecha/Ciclo_3_5_Derecha_r.mp4,Ciclo_3_5_Derecha_r,pending,,
mendeley_labeled611_P08_aedf45de401351e1,67htnzmwbb.1,P08,r,dactylology,accepted,train,Mexican Sign Languages Dactylology and Ten First Numbers - Labeled images and videos. From person #6 to #11/persona_8/Ciclo_3_5_Izquierda/Ciclo_3_5_Izq_r.mp4,Ciclo_3_5_Izq_r,pending,,
mendeley_labeled611_P08_47d9a56606670276,67htnzmwbb.1,P08,r,dactylology,accepted,train,Mexican Sign Languages Dactylology and Ten First Numbers - Labeled images and videos. From person #6 to #11/persona_8/Ciclo_4_5_Derecha/Ciclo_4_5_Derecha_r.mp4,Ciclo_4_5_Derecha_r,pending,,
mendeley_labeled611_P08_ba32644e3d8d7dc1,67htnzmwbb.1,P08,r,dactylology,accepted,train,Mexican Sign Languages Dactylology and Ten First Numbers - Labeled images and videos. From person #6 to #11/persona_8/Ciclo_4_5_Izquierda/Ciclo_4_5_Izq_r.mp4,Ciclo_4_5_Izq_r,pending,,
mendeley_labeled611_P08_b9c5bee124527f9d,67htnzmwbb.1,P08,r,dactylology,accepted,train,Mexican Sign Languages Dactylology and Ten First Numbers - Labeled images and videos. From person #6 to #11/persona_8/Ciclo_5_5_Derecha/Ciclo_5_5_Derecha_r.mp4,Ciclo_5_5_Derecha_r,pending,,
mendeley_labeled611_P08_04ccb71685caf9bc,67htnzmwbb.1,P08,r,dactylology,accepted,train,Mexican Sign Languages Dactylology and Ten First Numbers - Labeled images and videos. From person #6 to #11/persona_8/Ciclo_5_5_Izquierda/Ciclo_5_5_Izq_r.mp4,Ciclo_5_5_Izq_r,pending,,
mendeley_labeled611_P08_2499fbff213af470,67htnzmwbb.1,P08,rr,dactylology,accepted,train,Mexican Sign Languages Dactylology and Ten First Numbers - Labeled images and videos. From person #6 to #11/persona_8/Ciclo_1_5_Derecha/Ciclo_1_5_Derecha_rr.mp4,Ciclo_1_5_Derecha_rr,pending,,
mendeley_labeled611_P08_eb48bcda94f4c0f0,67htnzmwbb.1,P08,rr,dactylology,accepted,train,Mexican Sign Languages Dactylology and Ten First Numbers - Labeled images and videos. From person #6 to #11/persona_8/Ciclo_1_5_Izquierda/Ciclo_1_5_Izq_rr.mp4,Ciclo_1_5_Izq_rr,pending,,
mendeley_labeled611_P08_f169f2e3523dc2c3,67htnzmwbb.1,P08,rr,dactylology,accepted,train,Mexican Sign Languages Dactylology and Ten First Numbers - Labeled images and videos. From person #6 to #11/persona_8/Ciclo_2_5_Derecha/Ciclo_2_5_Derecha_rr.mp4,Ciclo_2_5_Derecha_rr,pending,,
mendeley_labeled611_P08_56bc04eda814d127,67htnzmwbb.1,P08,rr,dactylology,accepted,train,Mexican Sign Languages Dactylology and Ten First Numbers - Labeled images and videos. From person #6 to #11/persona_8/Ciclo_2_5_Izquierda/Ciclo_2_5_Izq_rr.mp4,Ciclo_2_5_Izq_rr,pending,,
mendeley_labeled611_P08_fc5aafbeb4686fee,67htnzmwbb.1,P08,rr,dactylology,accepted,train,Mexican Sign Languages Dactylology and Ten First Numbers - Labeled images and videos. From person #6 to #11/persona_8/Ciclo_3_5_Derecha/Ciclo_3_5_Derecha_rr.mp4,Ciclo_3_5_Derecha_rr,pending,,
mendeley_labeled611_P08_64d56f6095ad646b,67htnzmwbb.1,P08,rr,dactylology,accepted,train,Mexican Sign Languages Dactylology and Ten First Numbers - Labeled images and videos. From person #6 to #11/persona_8/Ciclo_3_5_Izquierda/Ciclo_3_5_Izq_rr.mp4,Ciclo_3_5_Izq_rr,pending,,
mendeley_labeled611_P08_bc5256eee0952d42,67htnzmwbb.1,P08,rr,dactylology,accepted,train,Mexican Sign Languages Dactylology and Ten First Numbers - Labeled images and videos. From person #6 to #11/persona_8/Ciclo_4_5_Derecha/Ciclo_4_5_Derecha_rr.mp4,Ciclo_4_5_Derecha_rr,pending,,
mendeley_labeled611_P08_848af21fbff8d431,67htnzmwbb.1,P08,rr,dactylology,accepted,train,Mexican Sign Languages Dactylology and Ten First Numbers - Labeled images and videos. From person #6 to #11/persona_8/Ciclo_4_5_Izquierda/Ciclo_4_5_Izq_rr.mp4,Ciclo_4_5_Izq_rr,pending,,
mendeley_labeled611_P08_960bb6d73357d22e,67htnzmwbb.1,P08,rr,dactylology,accepted,train,Mexican Sign Languages Dactylology and Ten First Numbers - Labeled images and videos. From person #6 to #11/persona_8/Ciclo_5_5_Derecha/Ciclo_5_5_Derecha_rr.mp4,Ciclo_5_5_Derecha_rr,pending,,
mendeley_labeled611_P08_7dabb9c2c29d7dbd,67htnzmwbb.1,P08,rr,dactylology,accepted,train,Mexican Sign Languages Dactylology and Ten First Numbers - Labeled images and videos. From person #6 to #11/persona_8/Ciclo_5_5_Izquierda/Ciclo_5_5_Izq_rr.mp4,Ciclo_5_5_Izq_rr,pending,,
mendeley_labeled611_P08_cc26b8b50ed5dbf9,67htnzmwbb.1,P08,s,dactylology,accepted,train,Mexican Sign Languages Dactylology and Ten First Numbers - Labeled images and videos. From person #6 to #11/persona_8/Ciclo_1_5_Derecha/Ciclo_1_5_Derecha_s.mp4,Ciclo_1_5_Derecha_s,pending,,
mendeley_labeled611_P08_7ea0981bd4bc5835,67htnzmwbb.1,P08,s,dactylology,accepted,train,Mexican Sign Languages Dactylology and Ten First Numbers - Labeled images and videos. From person #6 to #11/persona_8/Ciclo_1_5_Izquierda/Ciclo_1_5_Izq_s.mp4,Ciclo_1_5_Izq_s,pending,,
mendeley_labeled611_P08_8d9863f9e1ae93af,67htnzmwbb.1,P08,s,dactylology,accepted,train,Mexican Sign Languages Dactylology and Ten First Numbers - Labeled images and videos. From person #6 to #11/persona_8/Ciclo_2_5_Derecha/Ciclo_2_5_Derecha_s.mp4,Ciclo_2_5_Derecha_s,pending,,
mendeley_labeled611_P08_25f61e4aaae08423,67htnzmwbb.1,P08,s,dactylology,accepted,train,Mexican Sign Languages Dactylology and Ten First Numbers - Labeled images and videos. From person #6 to #11/persona_8/Ciclo_2_5_Izquierda/Ciclo_2_5_Izq_s.mp4,Ciclo_2_5_Izq_s,pending,,
mendeley_labeled611_P08_58aaed82c00f8ee2,67htnzmwbb.1,P08,s,dactylology,accepted,train,Mexican Sign Languages Dactylology and Ten First Numbers - Labeled images and videos. From person #6 to #11/persona_8/Ciclo_3_5_Derecha/Ciclo_3_5_Derecha_s.mp4,Ciclo_3_5_Derecha_s,pending,,
mendeley_labeled611_P08_2f8d0d6eb7797306,67htnzmwbb.1,P08,s,dactylology,accepted,train,Mexican Sign Languages Dactylology and Ten First Numbers - Labeled images and videos. From person #6 to #11/persona_8/Ciclo_3_5_Izquierda/Ciclo_3_5_Izq_s.mp4,Ciclo_3_5_Izq_s,pending,,
mendeley_labeled611_P08_049d1b250c305bd8,67htnzmwbb.1,P08,s,dactylology,accepted,train,Mexican Sign Languages Dactylology and Ten First Numbers - Labeled images and videos. From person #6 to #11/persona_8/Ciclo_4_5_Derecha/Ciclo_4_5_Derecha_s.mp4,Ciclo_4_5_Derecha_s,pending,,
mendeley_labeled611_P08_7bf6d022ff5da883,67htnzmwbb.1,P08,s,dactylology,accepted,train,Mexican Sign Languages Dactylology and Ten First Numbers - Labeled images and videos. From person #6 to #11/persona_8/Ciclo_4_5_Izquierda/Ciclo_4_5_Izq_s.mp4,Ciclo_4_5_Izq_s,pending,,
mendeley_labeled611_P08_3331b287bed3e30f,67htnzmwbb.1,P08,s,dactylology,accepted,train,Mexican Sign Languages Dactylology and Ten First Numbers - Labeled images and videos. From person #6 to #11/persona_8/Ciclo_5_5_Derecha/Ciclo_5_5_Derecha_s.mp4,Ciclo_5_5_Derecha_s,pending,,
mendeley_labeled611_P08_7383ee0960ec40d3,67htnzmwbb.1,P08,s,dactylology,accepted,train,Mexican Sign Languages Dactylology and Ten First Numbers - Labeled images and videos. From person #6 to #11/persona_8/Ciclo_5_5_Izquierda/Ciclo_5_5_Izq_s.mp4,Ciclo_5_5_Izq_s,pending,,
mendeley_labeled611_P08_d8e8f17c80054c6a,67htnzmwbb.1,P08,t,dactylology,accepted,train,Mexican Sign Languages Dactylology and Ten First Numbers - Labeled images and videos. From person #6 to #11/persona_8/Ciclo_1_5_Derecha/Ciclo_1_5_Derecha_t.mp4,Ciclo_1_5_Derecha_t,pending,,
mendeley_labeled611_P08_908606755ba8c3f7,67htnzmwbb.1,P08,t,dactylology,accepted,train,Mexican Sign Languages Dactylology and Ten First Numbers - Labeled images and videos. From person #6 to #11/persona_8/Ciclo_1_5_Izquierda/Ciclo_1_5_Izq_t.mp4,Ciclo_1_5_Izq_t,pending,,
mendeley_labeled611_P08_d70477d27f54ca8f,67htnzmwbb.1,P08,t,dactylology,accepted,train,Mexican Sign Languages Dactylology and Ten First Numbers - Labeled images and videos. From person #6 to #11/persona_8/Ciclo_2_5_Derecha/Ciclo_2_5_Derecha_t.mp4,Ciclo_2_5_Derecha_t,pending,,
mendeley_labeled611_P08_fcdda81bdf5e3282,67htnzmwbb.1,P08,t,dactylology,accepted,train,Mexican Sign Languages Dactylology and Ten First Numbers - Labeled images and videos. From person #6 to #11/persona_8/Ciclo_2_5_Izquierda/Ciclo_2_5_Izq_t.mp4,Ciclo_2_5_Izq_t,pending,,
mendeley_labeled611_P08_b888079150e0fdf7,67htnzmwbb.1,P08,t,dactylology,accepted,train,Mexican Sign Languages Dactylology and Ten First Numbers - Labeled images and videos. From person #6 to #11/persona_8/Ciclo_3_5_Derecha/Ciclo_3_5_Derecha_t.mp4,Ciclo_3_5_Derecha_t,pending,,
mendeley_labeled611_P08_55823fb8ca37526b,67htnzmwbb.1,P08,t,dactylology,accepted,train,Mexican Sign Languages Dactylology and Ten First Numbers - Labeled images and videos. From person #6 to #11/persona_8/Ciclo_3_5_Izquierda/Ciclo_3_5_Izq_t.mp4,Ciclo_3_5_Izq_t,pending,,
mendeley_labeled611_P08_c052a78dbcfffefc,67htnzmwbb.1,P08,t,dactylology,accepted,train,Mexican Sign Languages Dactylology and Ten First Numbers - Labeled images and videos. From person #6 to #11/persona_8/Ciclo_4_5_Derecha/Ciclo_4_5_Derecha_t.mp4,Ciclo_4_5_Derecha_t,pending,,
mendeley_labeled611_P08_7d14e088e0d9817f,67htnzmwbb.1,P08,t,dactylology,accepted,train,Mexican Sign Languages Dactylology and Ten First Numbers - Labeled images and videos. From person #6 to #11/persona_8/Ciclo_4_5_Izquierda/Ciclo_4_5_Izq_t.mp4,Ciclo_4_5_Izq_t,pending,,
mendeley_labeled611_P08_bf7202ffeda50b5c,67htnzmwbb.1,P08,t,dactylology,accepted,train,Mexican Sign Languages Dactylology and Ten First Numbers - Labeled images and videos. From person #6 to #11/persona_8/Ciclo_5_5_Derecha/Ciclo_5_5_Derecha_t.mp4,Ciclo_5_5_Derecha_t,pending,,
mendeley_labeled611_P08_a0c6daa0eb2ecfbc,67htnzmwbb.1,P08,t,dactylology,accepted,train,Mexican Sign Languages Dactylology and Ten First Numbers - Labeled images and videos. From person #6 to #11/persona_8/Ciclo_5_5_Izquierda/Ciclo_5_5_Izq_t.mp4,Ciclo_5_5_Izq_t,pending,,
mendeley_labeled611_P08_15dc9f5cefcca730,67htnzmwbb.1,P08,u,dactylology,accepted,train,Mexican Sign Languages Dactylology and Ten First Numbers - Labeled images and videos. From person #6 to #11/persona_8/Ciclo_1_5_Derecha/Ciclo_1_5_Derecha_u.mp4,Ciclo_1_5_Derecha_u,pending,,
mendeley_labeled611_P08_b9bbd62d8bbb5d6f,67htnzmwbb.1,P08,u,dactylology,accepted,train,Mexican Sign Languages Dactylology and Ten First Numbers - Labeled images and videos. From person #6 to #11/persona_8/Ciclo_2_5_Derecha/Ciclo_2_5_Derecha_u.mp4,Ciclo_2_5_Derecha_u,pending,,
mendeley_labeled611_P08_6c69d48062d459dd,67htnzmwbb.1,P08,u,dactylology,accepted,train,Mexican Sign Languages Dactylology and Ten First Numbers - Labeled images and videos. From person #6 to #11/persona_8/Ciclo_2_5_Izquierda/Ciclo_2_5_Izq_u.mp4,Ciclo_2_5_Izq_u,pending,,
mendeley_labeled611_P08_f92daf722c58aa29,67htnzmwbb.1,P08,u,dactylology,accepted,train,Mexican Sign Languages Dactylology and Ten First Numbers - Labeled images and videos. From person #6 to #11/persona_8/Ciclo_3_5_Derecha/Ciclo_3_5_Derecha_u.mp4,Ciclo_3_5_Derecha_u,pending,,
mendeley_labeled611_P08_039978de320d4094,67htnzmwbb.1,P08,u,dactylology,accepted,train,Mexican Sign Languages Dactylology and Ten First Numbers - Labeled images and videos. From person #6 to #11/persona_8/Ciclo_3_5_Izquierda/Ciclo_3_5_Izq_u.mp4,Ciclo_3_5_Izq_u,pending,,
mendeley_labeled611_P08_6fad3e57c7e240a3,67htnzmwbb.1,P08,u,dactylology,accepted,train,Mexican Sign Languages Dactylology and Ten First Numbers - Labeled images and videos. From person #6 to #11/persona_8/Ciclo_4_5_Derecha/Ciclo_4_5_Derecha_u.mp4,Ciclo_4_5_Derecha_u,pending,,
mendeley_labeled611_P08_9c080433b2c17965,67htnzmwbb.1,P08,u,dactylology,accepted,train,Mexican Sign Languages Dactylology and Ten First Numbers - Labeled images and videos. From person #6 to #11/persona_8/Ciclo_4_5_Izquierda/Ciclo_4_5_Izq_u.mp4,Ciclo_4_5_Izq_u,pending,,
mendeley_labeled611_P08_8dafab5514abf65d,67htnzmwbb.1,P08,u,dactylology,accepted,train,Mexican Sign Languages Dactylology and Ten First Numbers - Labeled images and videos. From person #6 to #11/persona_8/Ciclo_5_5_Derecha/Ciclo_5_5_Derecha_u.mp4,Ciclo_5_5_Derecha_u,pending,,
mendeley_labeled611_P08_f70ea3fa5cbd08d3,67htnzmwbb.1,P08,u,dactylology,accepted,train,Mexican Sign Languages Dactylology and Ten First Numbers - Labeled images and videos. From person #6 to #11/persona_8/Ciclo_5_5_Izquierda/Ciclo_5_5_Izq_u.mp4,Ciclo_5_5_Izq_u,pending,,
mendeley_labeled611_P08_f97f09eee9f2a6f0,67htnzmwbb.1,P08,v,dactylology,accepted,train,Mexican Sign Languages Dactylology and Ten First Numbers - Labeled images and videos. From person #6 to #11/persona_8/Ciclo_1_5_Derecha/Ciclo_1_5_Derecha_v.mp4,Ciclo_1_5_Derecha_v,pending,,
mendeley_labeled611_P08_659ff82de803221a,67htnzmwbb.1,P08,v,dactylology,accepted,train,Mexican Sign Languages Dactylology and Ten First Numbers - Labeled images and videos. From person #6 to #11/persona_8/Ciclo_1_5_Izquierda/Ciclo_1_5_Izq_v.mp4,Ciclo_1_5_Izq_v,pending,,
mendeley_labeled611_P08_3be31a7db0c876ad,67htnzmwbb.1,P08,v,dactylology,accepted,train,Mexican Sign Languages Dactylology and Ten First Numbers - Labeled images and videos. From person #6 to #11/persona_8/Ciclo_2_5_Derecha/Ciclo_2_5_Derecha_v.mp4,Ciclo_2_5_Derecha_v,pending,,
mendeley_labeled611_P08_e9cbadc3f93a0a20,67htnzmwbb.1,P08,v,dactylology,accepted,train,Mexican Sign Languages Dactylology and Ten First Numbers - Labeled images and videos. From person #6 to #11/persona_8/Ciclo_2_5_Izquierda/Ciclo_2_5_Izq_v.mp4,Ciclo_2_5_Izq_v,pending,,
mendeley_labeled611_P08_bb7971f69c2a838c,67htnzmwbb.1,P08,v,dactylology,accepted,train,Mexican Sign Languages Dactylology and Ten First Numbers - Labeled images and videos. From person #6 to #11/persona_8/Ciclo_3_5_Derecha/Ciclo_3_5_Derecha_v.mp4,Ciclo_3_5_Derecha_v,pending,,
mendeley_labeled611_P08_2458d4a9e72b8321,67htnzmwbb.1,P08,v,dactylology,accepted,train,Mexican Sign Languages Dactylology and Ten First Numbers - Labeled images and videos. From person #6 to #11/persona_8/Ciclo_3_5_Izquierda/Ciclo_3_5_Izq_v.mp4,Ciclo_3_5_Izq_v,pending,,
mendeley_labeled611_P08_bba13372503450d1,67htnzmwbb.1,P08,v,dactylology,accepted,train,Mexican Sign Languages Dactylology and Ten First Numbers - Labeled images and videos. From person #6 to #11/persona_8/Ciclo_4_5_Derecha/Ciclo_4_5_Derecha_v.mp4,Ciclo_4_5_Derecha_v,pending,,
mendeley_labeled611_P08_603954b2de4a6c7d,67htnzmwbb.1,P08,v,dactylology,accepted,train,Mexican Sign Languages Dactylology and Ten First Numbers - Labeled images and videos. From person #6 to #11/persona_8/Ciclo_4_5_Izquierda/Ciclo_4_5_Izq_v.mp4,Ciclo_4_5_Izq_v,pending,,
mendeley_labeled611_P08_11db89388778839d,67htnzmwbb.1,P08,v,dactylology,accepted,train,Mexican Sign Languages Dactylology and Ten First Numbers - Labeled images and videos. From person #6 to #11/persona_8/Ciclo_5_5_Derecha/Ciclo_5_5_Derecha_v.mp4,Ciclo_5_5_Derecha_v,pending,,
mendeley_labeled611_P08_402781888917b1de,67htnzmwbb.1,P08,v,dactylology,accepted,train,Mexican Sign Languages Dactylology and Ten First Numbers - Labeled images and videos. From person #6 to #11/persona_8/Ciclo_5_5_Izquierda/Ciclo_5_5_Izq_v.mp4,Ciclo_5_5_Izq_v,pending,,
mendeley_labeled611_P08_2f81ed1888510c74,67htnzmwbb.1,P08,w,dactylology,accepted,train,Mexican Sign Languages Dactylology and Ten First Numbers - Labeled images and videos. From person #6 to #11/persona_8/Ciclo_1_5_Derecha/Ciclo_1_5_Derecha_w.mp4,Ciclo_1_5_Derecha_w,pending,,
mendeley_labeled611_P08_9fe7d0b39ad1edfb,67htnzmwbb.1,P08,w,dactylology,accepted,train,Mexican Sign Languages Dactylology and Ten First Numbers - Labeled images and videos. From person #6 to #11/persona_8/Ciclo_1_5_Izquierda/Ciclo_1_5_Izq_w.mp4,Ciclo_1_5_Izq_w,pending,,
mendeley_labeled611_P08_462d19617a12c2e3,67htnzmwbb.1,P08,w,dactylology,accepted,train,Mexican Sign Languages Dactylology and Ten First Numbers - Labeled images and videos. From person #6 to #11/persona_8/Ciclo_2_5_Derecha/Ciclo_2_5_Derecha_w.mp4,Ciclo_2_5_Derecha_w,pending,,
mendeley_labeled611_P08_613e69fdc85b324b,67htnzmwbb.1,P08,w,dactylology,accepted,train,Mexican Sign Languages Dactylology and Ten First Numbers - Labeled images and videos. From person #6 to #11/persona_8/Ciclo_2_5_Izquierda/Ciclo_2_5_Izq_w.mp4,Ciclo_2_5_Izq_w,pending,,
mendeley_labeled611_P08_1dc700d8cab68132,67htnzmwbb.1,P08,w,dactylology,accepted,train,Mexican Sign Languages Dactylology and Ten First Numbers - Labeled images and videos. From person #6 to #11/persona_8/Ciclo_3_5_Derecha/Ciclo_3_5_Derecha_w.mp4,Ciclo_3_5_Derecha_w,pending,,
mendeley_labeled611_P08_0e70752c823cee5f,67htnzmwbb.1,P08,w,dactylology,accepted,train,Mexican Sign Languages Dactylology and Ten First Numbers - Labeled images and videos. From person #6 to #11/persona_8/Ciclo_3_5_Izquierda/Ciclo_3_5_Izq_w.mp4,Ciclo_3_5_Izq_w,pending,,
mendeley_labeled611_P08_3f1b4d32d077a3b0,67htnzmwbb.1,P08,w,dactylology,accepted,train,Mexican Sign Languages Dactylology and Ten First Numbers - Labeled images and videos. From person #6 to #11/persona_8/Ciclo_4_5_Derecha/Ciclo_4_5_Derecha_w.mp4,Ciclo_4_5_Derecha_w,pending,,
mendeley_labeled611_P08_afe4bfb7912a404a,67htnzmwbb.1,P08,w,dactylology,accepted,train,Mexican Sign Languages Dactylology and Ten First Numbers - Labeled images and videos. From person #6 to #11/persona_8/Ciclo_4_5_Izquierda/Ciclo_4_5_Izq_w.mp4,Ciclo_4_5_Izq_w,pending,,
mendeley_labeled611_P08_4f5d99333bd0e427,67htnzmwbb.1,P08,w,dactylology,accepted,train,Mexican Sign Languages Dactylology and Ten First Numbers - Labeled images and videos. From person #6 to #11/persona_8/Ciclo_5_5_Derecha/Ciclo_5_5_Derecha_w.mp4,Ciclo_5_5_Derecha_w,pending,,
mendeley_labeled611_P08_d65dd75988c2fdfa,67htnzmwbb.1,P08,w,dactylology,accepted,train,Mexican Sign Languages Dactylology and Ten First Numbers - Labeled images and videos. From person #6 to #11/persona_8/Ciclo_5_5_Izquierda/Ciclo_5_5_Izq_w.mp4,Ciclo_5_5_Izq_w,pending,,
mendeley_labeled611_P08_fca8d0b2da6d27eb,67htnzmwbb.1,P08,x,dactylology,accepted,train,Mexican Sign Languages Dactylology and Ten First Numbers - Labeled images and videos. From person #6 to #11/persona_8/Ciclo_1_5_Derecha/Ciclo_1_5_Derecha_x.mp4,Ciclo_1_5_Derecha_x,pending,,
mendeley_labeled611_P08_8eecf867fd05e3a3,67htnzmwbb.1,P08,x,dactylology,accepted,train,Mexican Sign Languages Dactylology and Ten First Numbers - Labeled images and videos. From person #6 to #11/persona_8/Ciclo_1_5_Izquierda/Ciclo_1_5_Izq_x.mp4,Ciclo_1_5_Izq_x,pending,,
mendeley_labeled611_P08_fefb755b3b78b80d,67htnzmwbb.1,P08,x,dactylology,accepted,train,Mexican Sign Languages Dactylology and Ten First Numbers - Labeled images and videos. From person #6 to #11/persona_8/Ciclo_2_5_Derecha/Ciclo_2_5_Derecha_x.mp4,Ciclo_2_5_Derecha_x,pending,,
mendeley_labeled611_P08_76edff54c3bdb02d,67htnzmwbb.1,P08,x,dactylology,accepted,train,Mexican Sign Languages Dactylology and Ten First Numbers - Labeled images and videos. From person #6 to #11/persona_8/Ciclo_2_5_Izquierda/Ciclo_2_5_Izq_x.mp4,Ciclo_2_5_Izq_x,pending,,
mendeley_labeled611_P08_49c5d4af3c716bcf,67htnzmwbb.1,P08,x,dactylology,accepted,train,Mexican Sign Languages Dactylology and Ten First Numbers - Labeled images and videos. From person #6 to #11/persona_8/Ciclo_3_5_Derecha/Ciclo_3_5_Derecha_x.mp4,Ciclo_3_5_Derecha_x,pending,,
mendeley_labeled611_P08_7ab564aaaf4b4840,67htnzmwbb.1,P08,x,dactylology,accepted,train,Mexican Sign Languages Dactylology and Ten First Numbers - Labeled images and videos. From person #6 to #11/persona_8/Ciclo_3_5_Izquierda/Ciclo_3_5_Izq_x.mp4,Ciclo_3_5_Izq_x,pending,,
mendeley_labeled611_P08_fb90755b6ec53ab1,67htnzmwbb.1,P08,x,dactylology,accepted,train,Mexican Sign Languages Dactylology and Ten First Numbers - Labeled images and videos. From person #6 to #11/persona_8/Ciclo_4_5_Derecha/Ciclo_4_5_Derecha_x.mp4,Ciclo_4_5_Derecha_x,pending,,
mendeley_labeled611_P08_a52a6d9bb97fa77c,67htnzmwbb.1,P08,x,dactylology,accepted,train,Mexican Sign Languages Dactylology and Ten First Numbers - Labeled images and videos. From person #6 to #11/persona_8/Ciclo_4_5_Izquierda/Ciclo_4_5_Izq_x.mp4,Ciclo_4_5_Izq_x,pending,,
mendeley_labeled611_P08_14be934ae29468cf,67htnzmwbb.1,P08,x,dactylology,accepted,train,Mexican Sign Languages Dactylology and Ten First Numbers - Labeled images and videos. From person #6 to #11/persona_8/Ciclo_5_5_Derecha/Ciclo_5_5_Derecha_x.mp4,Ciclo_5_5_Derecha_x,pending,,
mendeley_labeled611_P08_28078420ae6dd69b,67htnzmwbb.1,P08,x,dactylology,accepted,train,Mexican Sign Languages Dactylology and Ten First Numbers - Labeled images and videos. From person #6 to #11/persona_8/Ciclo_5_5_Izquierda/Ciclo_5_5_Izq_x.mp4,Ciclo_5_5_Izq_x,pending,,
mendeley_labeled611_P08_648b28193a942cd7,67htnzmwbb.1,P08,y,dactylology,accepted,train,Mexican Sign Languages Dactylology and Ten First Numbers - Labeled images and videos. From person #6 to #11/persona_8/Ciclo_1_5_Derecha/Ciclo_1_5_Derecha_y.mp4,Ciclo_1_5_Derecha_y,pending,,
mendeley_labeled611_P08_6c20d3539aa5c844,67htnzmwbb.1,P08,y,dactylology,accepted,train,Mexican Sign Languages Dactylology and Ten First Numbers - Labeled images and videos. From person #6 to #11/persona_8/Ciclo_1_5_Izquierda/Ciclo_1_5_Izq_y.mp4,Ciclo_1_5_Izq_y,pending,,
mendeley_labeled611_P08_88b4adf7b3889bef,67htnzmwbb.1,P08,y,dactylology,accepted,train,Mexican Sign Languages Dactylology and Ten First Numbers - Labeled images and videos. From person #6 to #11/persona_8/Ciclo_2_5_Derecha/Ciclo_2_5_Derecha_y.mp4,Ciclo_2_5_Derecha_y,pending,,
mendeley_labeled611_P08_8a10d4a09350f3d4,67htnzmwbb.1,P08,y,dactylology,accepted,train,Mexican Sign Languages Dactylology and Ten First Numbers - Labeled images and videos. From person #6 to #11/persona_8/Ciclo_2_5_Izquierda/Ciclo_2_5_Izq_y.mp4,Ciclo_2_5_Izq_y,pending,,
mendeley_labeled611_P08_31bfc27c858ae953,67htnzmwbb.1,P08,y,dactylology,accepted,train,Mexican Sign Languages Dactylology and Ten First Numbers - Labeled images and videos. From person #6 to #11/persona_8/Ciclo_3_5_Derecha/Ciclo_3_5_Derecha_y.mp4,Ciclo_3_5_Derecha_y,pending,,
mendeley_labeled611_P08_b8317eacd4101b6e,67htnzmwbb.1,P08,y,dactylology,accepted,train,Mexican Sign Languages Dactylology and Ten First Numbers - Labeled images and videos. From person #6 to #11/persona_8/Ciclo_3_5_Izquierda/Ciclo_3_5_Izq_y.mp4,Ciclo_3_5_Izq_y,pending,,
mendeley_labeled611_P08_a4b247a117d75bb5,67htnzmwbb.1,P08,y,dactylology,accepted,train,Mexican Sign Languages Dactylology and Ten First Numbers - Labeled images and videos. From person #6 to #11/persona_8/Ciclo_4_5_Derecha/Ciclo_4_5_Derecha_y.mp4,Ciclo_4_5_Derecha_y,pending,,
mendeley_labeled611_P08_3c634b02d6e0a56c,67htnzmwbb.1,P08,y,dactylology,accepted,train,Mexican Sign Languages Dactylology and Ten First Numbers - Labeled images and videos. From person #6 to #11/persona_8/Ciclo_4_5_Izquierda/Ciclo_4_5_Izq_y.mp4,Ciclo_4_5_Izq_y,pending,,
mendeley_labeled611_P08_4762a519f1ac056a,67htnzmwbb.1,P08,y,dactylology,accepted,train,Mexican Sign Languages Dactylology and Ten First Numbers - Labeled images and videos. From person #6 to #11/persona_8/Ciclo_5_5_Derecha/Ciclo_5_5_Derecha_y.mp4,Ciclo_5_5_Derecha_y,pending,,
mendeley_labeled611_P08_e54b683e904e01d0,67htnzmwbb.1,P08,y,dactylology,accepted,train,Mexican Sign Languages Dactylology and Ten First Numbers - Labeled images and videos. From person #6 to #11/persona_8/Ciclo_5_5_Izquierda/Ciclo_5_5_Izq_y.mp4,Ciclo_5_5_Izq_y,pending,,
mendeley_labeled611_P08_2e2284f5d039e8b2,67htnzmwbb.1,P08,z,dactylology,accepted,train,Mexican Sign Languages Dactylology and Ten First Numbers - Labeled images and videos. From person #6 to #11/persona_8/Ciclo_1_5_Derecha/Ciclo_1_5_Derecha_z.mp4,Ciclo_1_5_Derecha_z,pending,,
mendeley_labeled611_P08_5939c2866197e2e1,67htnzmwbb.1,P08,z,dactylology,accepted,train,Mexican Sign Languages Dactylology and Ten First Numbers - Labeled images and videos. From person #6 to #11/persona_8/Ciclo_1_5_Izquierda/Ciclo_1_5_Izq_z.mp4,Ciclo_1_5_Izq_z,pending,,
mendeley_labeled611_P08_f63d90dd77dcc2d0,67htnzmwbb.1,P08,z,dactylology,accepted,train,Mexican Sign Languages Dactylology and Ten First Numbers - Labeled images and videos. From person #6 to #11/persona_8/Ciclo_2_5_Derecha/Ciclo_2_5_Derecha_z.mp4,Ciclo_2_5_Derecha_z,pending,,
mendeley_labeled611_P08_01494deb9e1fdb90,67htnzmwbb.1,P08,z,dactylology,accepted,train,Mexican Sign Languages Dactylology and Ten First Numbers - Labeled images and videos. From person #6 to #11/persona_8/Ciclo_2_5_Izquierda/Ciclo_2_5_Izq_z.mp4,Ciclo_2_5_Izq_z,pending,,
mendeley_labeled611_P08_b984cb9ff94d8a47,67htnzmwbb.1,P08,z,dactylology,accepted,train,Mexican Sign Languages Dactylology and Ten First Numbers - Labeled images and videos. From person #6 to #11/persona_8/Ciclo_3_5_Derecha/Ciclo_3_5_Derecha_z.mp4,Ciclo_3_5_Derecha_z,pending,,
mendeley_labeled611_P08_ae19828e20b9bab9,67htnzmwbb.1,P08,z,dactylology,accepted,train,Mexican Sign Languages Dactylology and Ten First Numbers - Labeled images and videos. From person #6 to #11/persona_8/Ciclo_3_5_Izquierda/Ciclo_3_5_Izq_z.mp4,Ciclo_3_5_Izq_z,pending,,
mendeley_labeled611_P08_d6e1f4e91cc5841c,67htnzmwbb.1,P08,z,dactylology,accepted,train,Mexican Sign Languages Dactylology and Ten First Numbers - Labeled images and videos. From person #6 to #11/persona_8/Ciclo_4_5_Derecha/Ciclo_4_5_Derecha_z.mp4,Ciclo_4_5_Derecha_z,pending,,
mendeley_labeled611_P08_749f7fb67af6a716,67htnzmwbb.1,P08,z,dactylology,accepted,train,Mexican Sign Languages Dactylology and Ten First Numbers - Labeled images and videos. From person #6 to #11/persona_8/Ciclo_4_5_Izquierda/Ciclo_4_5_Izq_z.mp4,Ciclo_4_5_Izq_z,pending,,
mendeley_labeled611_P08_881ba1cb22a19bb9,67htnzmwbb.1,P08,z,dactylology,accepted,train,Mexican Sign Languages Dactylology and Ten First Numbers - Labeled images and videos. From person #6 to #11/persona_8/Ciclo_5_5_Derecha/Ciclo_5_5_Derecha_z.mp4,Ciclo_5_5_Derecha_z,pending,,
mendeley_labeled611_P08_7f6ed39e09535132,67htnzmwbb.1,P08,z,dactylology,accepted,train,Mexican Sign Languages Dactylology and Ten First Numbers - Labeled images and videos. From person #6 to #11/persona_8/Ciclo_5_5_Izquierda/Ciclo_5_5_Izq_z.mp4,Ciclo_5_5_Izq_z,pending,,
mendeley_labeled611_P08_278808a6c4412414,67htnzmwbb.1,P08,ñ,dactylology,accepted,train,Mexican Sign Languages Dactylology and Ten First Numbers - Labeled images and videos. From person #6 to #11/persona_8/Ciclo_1_5_Izquierda/Ciclo_1_5_Izq_ñ.mp4,Ciclo_1_5_Izq_ñ,pending,,
mendeley_labeled611_P08_2e6da084dfee85dc,67htnzmwbb.1,P08,ñ,dactylology,accepted,train,Mexican Sign Languages Dactylology and Ten First Numbers - Labeled images and videos. From person #6 to #11/persona_8/Ciclo_2_5_Derecha/Ciclo_2_5_Derecha_ñ.mp4,Ciclo_2_5_Derecha_ñ,pending,,
mendeley_labeled611_P08_5b750a4ec6b55ef0,67htnzmwbb.1,P08,ñ,dactylology,accepted,train,Mexican Sign Languages Dactylology and Ten First Numbers - Labeled images and videos. From person #6 to #11/persona_8/Ciclo_5_5_Derecha/Ciclo_5_5_Derecha_ñ.mp4,Ciclo_5_5_Derecha_ñ,pending,,
mendeley_labeled611_P08_39d268ade482cad0,67htnzmwbb.1,P08,1,number,accepted,train,Mexican Sign Languages Dactylology and Ten First Numbers - Labeled images and videos. From person #6 to #11/persona_8/Ciclo_1_5_Derecha/Ciclo_1_5_Derecha_1.mp4,Ciclo_1_5_Derecha_1,pending,,
mendeley_labeled611_P08_884c12607e7657c3,67htnzmwbb.1,P08,1,number,accepted,train,Mexican Sign Languages Dactylology and Ten First Numbers - Labeled images and videos. From person #6 to #11/persona_8/Ciclo_1_5_Izquierda/Ciclo_1_5_Izq_1.mp4,Ciclo_1_5_Izq_1,pending,,
mendeley_labeled611_P08_275902fbe7047c7e,67htnzmwbb.1,P08,1,number,accepted,train,Mexican Sign Languages Dactylology and Ten First Numbers - Labeled images and videos. From person #6 to #11/persona_8/Ciclo_2_5_Derecha/Ciclo_2_5_Derecha_1.mp4,Ciclo_2_5_Derecha_1,pending,,
mendeley_labeled611_P08_0d5ab1806464dae0,67htnzmwbb.1,P08,1,number,accepted,train,Mexican Sign Languages Dactylology and Ten First Numbers - Labeled images and videos. From person #6 to #11/persona_8/Ciclo_2_5_Izquierda/Ciclo_2_5_Izq_1.mp4,Ciclo_2_5_Izq_1,pending,,
mendeley_labeled611_P08_9568d85b28badd13,67htnzmwbb.1,P08,1,number,accepted,train,Mexican Sign Languages Dactylology and Ten First Numbers - Labeled images and videos. From person #6 to #11/persona_8/Ciclo_3_5_Derecha/Ciclo_3_5_Derecha_1.mp4,Ciclo_3_5_Derecha_1,pending,,
mendeley_labeled611_P08_6c13f9bf7ac34de7,67htnzmwbb.1,P08,1,number,accepted,train,Mexican Sign Languages Dactylology and Ten First Numbers - Labeled images and videos. From person #6 to #11/persona_8/Ciclo_3_5_Izquierda/Ciclo_3_5_Izq_1.mp4,Ciclo_3_5_Izq_1,pending,,
mendeley_labeled611_P08_c89e2c75d8bd0aa4,67htnzmwbb.1,P08,1,number,accepted,train,Mexican Sign Languages Dactylology and Ten First Numbers - Labeled images and videos. From person #6 to #11/persona_8/Ciclo_4_5_Derecha/Ciclo_4_5_Derecha_1.mp4,Ciclo_4_5_Derecha_1,pending,,
mendeley_labeled611_P08_89f7e200e23633df,67htnzmwbb.1,P08,1,number,accepted,train,Mexican Sign Languages Dactylology and Ten First Numbers - Labeled images and videos. From person #6 to #11/persona_8/Ciclo_4_5_Izquierda/Ciclo_4_5_Izq_1.mp4,Ciclo_4_5_Izq_1,pending,,
mendeley_labeled611_P08_bc24ac99e58a22a1,67htnzmwbb.1,P08,1,number,accepted,train,Mexican Sign Languages Dactylology and Ten First Numbers - Labeled images and videos. From person #6 to #11/persona_8/Ciclo_5_5_Derecha/Ciclo_5_5_Derecha_1.mp4,Ciclo_5_5_Derecha_1,pending,,
mendeley_labeled611_P08_c1245a4b49310dfb,67htnzmwbb.1,P08,1,number,accepted,train,Mexican Sign Languages Dactylology and Ten First Numbers - Labeled images and videos. From person #6 to #11/persona_8/Ciclo_5_5_Izquierda/Ciclo_5_5_Izq_1.mp4,Ciclo_5_5_Izq_1,pending,,
mendeley_labeled611_P08_698f0dbfe49c2b77,67htnzmwbb.1,P08,10,number,accepted,train,Mexican Sign Languages Dactylology and Ten First Numbers - Labeled images and videos. From person #6 to #11/persona_8/Ciclo_1_5_Derecha/Ciclo_1_5_Derecha_10.mp4,Ciclo_1_5_Derecha_10,pending,,
mendeley_labeled611_P08_3e3676bb70ef60ba,67htnzmwbb.1,P08,10,number,accepted,train,Mexican Sign Languages Dactylology and Ten First Numbers - Labeled images and videos. From person #6 to #11/persona_8/Ciclo_1_5_Izquierda/Ciclo_1_5_Izq_10.mp4,Ciclo_1_5_Izq_10,pending,,
mendeley_labeled611_P08_ec36e72e3b849d87,67htnzmwbb.1,P08,10,number,accepted,train,Mexican Sign Languages Dactylology and Ten First Numbers - Labeled images and videos. From person #6 to #11/persona_8/Ciclo_2_5_Derecha/Ciclo_2_5_Derecha_10.mp4,Ciclo_2_5_Derecha_10,pending,,
mendeley_labeled611_P08_a74f83fe3576853a,67htnzmwbb.1,P08,10,number,accepted,train,Mexican Sign Languages Dactylology and Ten First Numbers - Labeled images and videos. From person #6 to #11/persona_8/Ciclo_2_5_Izquierda/Ciclo_2_5_Izq_10.mp4,Ciclo_2_5_Izq_10,pending,,
mendeley_labeled611_P08_24f46dc22be881da,67htnzmwbb.1,P08,10,number,accepted,train,Mexican Sign Languages Dactylology and Ten First Numbers - Labeled images and videos. From person #6 to #11/persona_8/Ciclo_3_5_Derecha/Ciclo_3_5_Derecha_10.mp4,Ciclo_3_5_Derecha_10,pending,,
mendeley_labeled611_P08_324fb401db38d0cd,67htnzmwbb.1,P08,10,number,accepted,train,Mexican Sign Languages Dactylology and Ten First Numbers - Labeled images and videos. From person #6 to #11/persona_8/Ciclo_3_5_Izquierda/Ciclo_3_5_Izq_10.mp4,Ciclo_3_5_Izq_10,pending,,
mendeley_labeled611_P08_636d6b91f36b02b7,67htnzmwbb.1,P08,10,number,accepted,train,Mexican Sign Languages Dactylology and Ten First Numbers - Labeled images and videos. From person #6 to #11/persona_8/Ciclo_4_5_Derecha/Ciclo_4_5_Derecha_10.mp4,Ciclo_4_5_Derecha_10,pending,,
mendeley_labeled611_P08_83ec545a020fed5b,67htnzmwbb.1,P08,10,number,accepted,train,Mexican Sign Languages Dactylology and Ten First Numbers - Labeled images and videos. From person #6 to #11/persona_8/Ciclo_4_5_Izquierda/Ciclo_4_5_Izq_10.mp4,Ciclo_4_5_Izq_10,pending,,
mendeley_labeled611_P08_ab0c5691f0df1b6b,67htnzmwbb.1,P08,10,number,accepted,train,Mexican Sign Languages Dactylology and Ten First Numbers - Labeled images and videos. From person #6 to #11/persona_8/Ciclo_5_5_Derecha/Ciclo_5_5_Derecha_10.mp4,Ciclo_5_5_Derecha_10,pending,,
mendeley_labeled611_P08_8443c838d18ebce0,67htnzmwbb.1,P08,10,number,accepted,train,Mexican Sign Languages Dactylology and Ten First Numbers - Labeled images and videos. From person #6 to #11/persona_8/Ciclo_5_5_Izquierda/Ciclo_5_5_Izq_10.mp4,Ciclo_5_5_Izq_10,pending,,
mendeley_labeled611_P08_4c33133502bce38e,67htnzmwbb.1,P08,2,number,accepted,train,Mexican Sign Languages Dactylology and Ten First Numbers - Labeled images and videos. From person #6 to #11/persona_8/Ciclo_1_5_Derecha/Ciclo_1_5_Derecha_2.mp4,Ciclo_1_5_Derecha_2,pending,,
mendeley_labeled611_P08_4ef86e801f153d0f,67htnzmwbb.1,P08,2,number,accepted,train,Mexican Sign Languages Dactylology and Ten First Numbers - Labeled images and videos. From person #6 to #11/persona_8/Ciclo_1_5_Izquierda/Ciclo_1_5_Izq_2.mp4,Ciclo_1_5_Izq_2,pending,,
mendeley_labeled611_P08_3f03bf3c7a6bb592,67htnzmwbb.1,P08,2,number,accepted,train,Mexican Sign Languages Dactylology and Ten First Numbers - Labeled images and videos. From person #6 to #11/persona_8/Ciclo_2_5_Derecha/Ciclo_2_5_Derecha_2.mp4,Ciclo_2_5_Derecha_2,pending,,
mendeley_labeled611_P08_eeb02ca6df1d7a76,67htnzmwbb.1,P08,2,number,accepted,train,Mexican Sign Languages Dactylology and Ten First Numbers - Labeled images and videos. From person #6 to #11/persona_8/Ciclo_2_5_Izquierda/Ciclo_2_5_Izq_2.mp4,Ciclo_2_5_Izq_2,pending,,
mendeley_labeled611_P08_6bbea04e2631dfcd,67htnzmwbb.1,P08,2,number,accepted,train,Mexican Sign Languages Dactylology and Ten First Numbers - Labeled images and videos. From person #6 to #11/persona_8/Ciclo_3_5_Derecha/Ciclo_3_5_Derecha_2.mp4,Ciclo_3_5_Derecha_2,pending,,
mendeley_labeled611_P08_984df3b68b1cc305,67htnzmwbb.1,P08,2,number,accepted,train,Mexican Sign Languages Dactylology and Ten First Numbers - Labeled images and videos. From person #6 to #11/persona_8/Ciclo_3_5_Izquierda/Ciclo_3_5_Izq_2.mp4,Ciclo_3_5_Izq_2,pending,,
mendeley_labeled611_P08_554a272dd3e8d6db,67htnzmwbb.1,P08,2,number,accepted,train,Mexican Sign Languages Dactylology and Ten First Numbers - Labeled images and videos. From person #6 to #11/persona_8/Ciclo_4_5_Derecha/Ciclo_4_5_Derecha_2.mp4,Ciclo_4_5_Derecha_2,pending,,
mendeley_labeled611_P08_15acad934fec8c8e,67htnzmwbb.1,P08,2,number,accepted,train,Mexican Sign Languages Dactylology and Ten First Numbers - Labeled images and videos. From person #6 to #11/persona_8/Ciclo_4_5_Izquierda/Ciclo_4_5_Izq_2.mp4,Ciclo_4_5_Izq_2,pending,,
mendeley_labeled611_P08_a0318e174dfc3a45,67htnzmwbb.1,P08,2,number,accepted,train,Mexican Sign Languages Dactylology and Ten First Numbers - Labeled images and videos. From person #6 to #11/persona_8/Ciclo_5_5_Derecha/Ciclo_5_5_Derecha_2.mp4,Ciclo_5_5_Derecha_2,pending,,
mendeley_labeled611_P08_6c8453bd25efb126,67htnzmwbb.1,P08,2,number,accepted,train,Mexican Sign Languages Dactylology and Ten First Numbers - Labeled images and videos. From person #6 to #11/persona_8/Ciclo_5_5_Izquierda/Ciclo_5_5_Izq_2.mp4,Ciclo_5_5_Izq_2,pending,,
mendeley_labeled611_P08_ef2d4f6341820576,67htnzmwbb.1,P08,3,number,accepted,train,Mexican Sign Languages Dactylology and Ten First Numbers - Labeled images and videos. From person #6 to #11/persona_8/Ciclo_1_5_Derecha/Ciclo_1_5_Derecha_3.mp4,Ciclo_1_5_Derecha_3,pending,,
mendeley_labeled611_P08_656fed8ead7051e7,67htnzmwbb.1,P08,3,number,accepted,train,Mexican Sign Languages Dactylology and Ten First Numbers - Labeled images and videos. From person #6 to #11/persona_8/Ciclo_1_5_Izquierda/Ciclo_1_5_Izq_3.mp4,Ciclo_1_5_Izq_3,pending,,
mendeley_labeled611_P08_bf3561b489eb3fdc,67htnzmwbb.1,P08,3,number,accepted,train,Mexican Sign Languages Dactylology and Ten First Numbers - Labeled images and videos. From person #6 to #11/persona_8/Ciclo_2_5_Derecha/Ciclo_2_5_Derecha_3.mp4,Ciclo_2_5_Derecha_3,pending,,
mendeley_labeled611_P08_2ea53d6ba8dbd522,67htnzmwbb.1,P08,3,number,accepted,train,Mexican Sign Languages Dactylology and Ten First Numbers - Labeled images and videos. From person #6 to #11/persona_8/Ciclo_2_5_Izquierda/Ciclo_2_5_Izq_3.mp4,Ciclo_2_5_Izq_3,pending,,
mendeley_labeled611_P08_70d3e52cd5c1440c,67htnzmwbb.1,P08,3,number,accepted,train,Mexican Sign Languages Dactylology and Ten First Numbers - Labeled images and videos. From person #6 to #11/persona_8/Ciclo_3_5_Derecha/Ciclo_3_5_Derecha_3.mp4,Ciclo_3_5_Derecha_3,pending,,
mendeley_labeled611_P08_abda51a4c9319319,67htnzmwbb.1,P08,3,number,accepted,train,Mexican Sign Languages Dactylology and Ten First Numbers - Labeled images and videos. From person #6 to #11/persona_8/Ciclo_3_5_Izquierda/Ciclo_3_5_Izq_3.mp4,Ciclo_3_5_Izq_3,pending,,
mendeley_labeled611_P08_965616ec7d94c855,67htnzmwbb.1,P08,3,number,accepted,train,Mexican Sign Languages Dactylology and Ten First Numbers - Labeled images and videos. From person #6 to #11/persona_8/Ciclo_4_5_Derecha/Ciclo_4_5_Derecha_3.mp4,Ciclo_4_5_Derecha_3,pending,,
mendeley_labeled611_P08_b6b6589c02ac0663,67htnzmwbb.1,P08,3,number,accepted,train,Mexican Sign Languages Dactylology and Ten First Numbers - Labeled images and videos. From person #6 to #11/persona_8/Ciclo_4_5_Izquierda/Ciclo_4_5_Izq_3.mp4,Ciclo_4_5_Izq_3,pending,,
mendeley_labeled611_P08_f382e23937d0735e,67htnzmwbb.1,P08,3,number,accepted,train,Mexican Sign Languages Dactylology and Ten First Numbers - Labeled images and videos. From person #6 to #11/persona_8/Ciclo_5_5_Derecha/Ciclo_5_5_Derecha_3.mp4,Ciclo_5_5_Derecha_3,pending,,
mendeley_labeled611_P08_0506e012d3647cf0,67htnzmwbb.1,P08,3,number,accepted,train,Mexican Sign Languages Dactylology and Ten First Numbers - Labeled images and videos. From person #6 to #11/persona_8/Ciclo_5_5_Izquierda/Ciclo_5_5_Izq_3.mp4,Ciclo_5_5_Izq_3,pending,,
mendeley_labeled611_P08_085a4206a9b02622,67htnzmwbb.1,P08,4,number,accepted,train,Mexican Sign Languages Dactylology and Ten First Numbers - Labeled images and videos. From person #6 to #11/persona_8/Ciclo_1_5_Derecha/Ciclo_1_5_Derecha_4.mp4,Ciclo_1_5_Derecha_4,pending,,
mendeley_labeled611_P08_b7d10335f3a9898d,67htnzmwbb.1,P08,4,number,accepted,train,Mexican Sign Languages Dactylology and Ten First Numbers - Labeled images and videos. From person #6 to #11/persona_8/Ciclo_1_5_Izquierda/Ciclo_1_5_Izq_4.mp4,Ciclo_1_5_Izq_4,pending,,
mendeley_labeled611_P08_dfaf94aeacd47681,67htnzmwbb.1,P08,4,number,accepted,train,Mexican Sign Languages Dactylology and Ten First Numbers - Labeled images and videos. From person #6 to #11/persona_8/Ciclo_2_5_Derecha/Ciclo_2_5_Derecha_4.mp4,Ciclo_2_5_Derecha_4,pending,,
mendeley_labeled611_P08_f8326c601bb17065,67htnzmwbb.1,P08,4,number,accepted,train,Mexican Sign Languages Dactylology and Ten First Numbers - Labeled images and videos. From person #6 to #11/persona_8/Ciclo_2_5_Izquierda/Ciclo_2_5_Izq_4.mp4,Ciclo_2_5_Izq_4,pending,,
mendeley_labeled611_P08_0e11e32b02eb9e77,67htnzmwbb.1,P08,4,number,accepted,train,Mexican Sign Languages Dactylology and Ten First Numbers - Labeled images and videos. From person #6 to #11/persona_8/Ciclo_3_5_Derecha/Ciclo_3_5_Derecha_4.mp4,Ciclo_3_5_Derecha_4,pending,,
mendeley_labeled611_P08_b09b3258df57e0b4,67htnzmwbb.1,P08,4,number,accepted,train,Mexican Sign Languages Dactylology and Ten First Numbers - Labeled images and videos. From person #6 to #11/persona_8/Ciclo_3_5_Izquierda/Ciclo_3_5_Izq_4.mp4,Ciclo_3_5_Izq_4,pending,,
mendeley_labeled611_P08_89d12104b55b0fec,67htnzmwbb.1,P08,4,number,accepted,train,Mexican Sign Languages Dactylology and Ten First Numbers - Labeled images and videos. From person #6 to #11/persona_8/Ciclo_4_5_Derecha/Ciclo_4_5_Derecha_4.mp4,Ciclo_4_5_Derecha_4,pending,,
mendeley_labeled611_P08_0b914ce2985ac401,67htnzmwbb.1,P08,4,number,accepted,train,Mexican Sign Languages Dactylology and Ten First Numbers - Labeled images and videos. From person #6 to #11/persona_8/Ciclo_4_5_Izquierda/Ciclo_4_5_Izq_4.mp4,Ciclo_4_5_Izq_4,pending,,
mendeley_labeled611_P08_8f43efe21538b434,67htnzmwbb.1,P08,4,number,accepted,train,Mexican Sign Languages Dactylology and Ten First Numbers - Labeled images and videos. From person #6 to #11/persona_8/Ciclo_5_5_Derecha/Ciclo_5_5_Derecha_4.mp4,Ciclo_5_5_Derecha_4,pending,,
mendeley_labeled611_P08_da3c1ad12942b506,67htnzmwbb.1,P08,4,number,accepted,train,Mexican Sign Languages Dactylology and Ten First Numbers - Labeled images and videos. From person #6 to #11/persona_8/Ciclo_5_5_Izquierda/Ciclo_5_5_Izq_4.mp4,Ciclo_5_5_Izq_4,pending,,
mendeley_labeled611_P08_7f44215f633e942d,67htnzmwbb.1,P08,5,number,accepted,train,Mexican Sign Languages Dactylology and Ten First Numbers - Labeled images and videos. From person #6 to #11/persona_8/Ciclo_1_5_Derecha/Ciclo_1_5_Derecha_5.mp4,Ciclo_1_5_Derecha_5,pending,,
mendeley_labeled611_P08_662af2913abd207e,67htnzmwbb.1,P08,5,number,accepted,train,Mexican Sign Languages Dactylology and Ten First Numbers - Labeled images and videos. From person #6 to #11/persona_8/Ciclo_1_5_Izquierda/Ciclo_1_5_Izq_5.mp4,Ciclo_1_5_Izq_5,pending,,
mendeley_labeled611_P08_49a58525ed30fe7b,67htnzmwbb.1,P08,5,number,accepted,train,Mexican Sign Languages Dactylology and Ten First Numbers - Labeled images and videos. From person #6 to #11/persona_8/Ciclo_2_5_Derecha/Ciclo_2_5_Derecha_5.mp4,Ciclo_2_5_Derecha_5,pending,,
mendeley_labeled611_P08_053fe0071c8cb1ed,67htnzmwbb.1,P08,5,number,accepted,train,Mexican Sign Languages Dactylology and Ten First Numbers - Labeled images and videos. From person #6 to #11/persona_8/Ciclo_2_5_Izquierda/Ciclo_2_5_Izq_5.mp4,Ciclo_2_5_Izq_5,pending,,
mendeley_labeled611_P08_dd4c62c9a0a6637c,67htnzmwbb.1,P08,5,number,accepted,train,Mexican Sign Languages Dactylology and Ten First Numbers - Labeled images and videos. From person #6 to #11/persona_8/Ciclo_3_5_Derecha/Ciclo_3_5_Derecha_5.mp4,Ciclo_3_5_Derecha_5,pending,,
mendeley_labeled611_P08_25162882cea4e4f9,67htnzmwbb.1,P08,5,number,accepted,train,Mexican Sign Languages Dactylology and Ten First Numbers - Labeled images and videos. From person #6 to #11/persona_8/Ciclo_3_5_Izquierda/Ciclo_3_5_Izq_5.mp4,Ciclo_3_5_Izq_5,pending,,
mendeley_labeled611_P08_d93a689862e3b951,67htnzmwbb.1,P08,5,number,accepted,train,Mexican Sign Languages Dactylology and Ten First Numbers - Labeled images and videos. From person #6 to #11/persona_8/Ciclo_4_5_Derecha/Ciclo_4_5_Derecha_5.mp4,Ciclo_4_5_Derecha_5,pending,,
mendeley_labeled611_P08_0c0f8349730eb227,67htnzmwbb.1,P08,5,number,accepted,train,Mexican Sign Languages Dactylology and Ten First Numbers - Labeled images and videos. From person #6 to #11/persona_8/Ciclo_4_5_Izquierda/Ciclo_4_5_Izq_5.mp4,Ciclo_4_5_Izq_5,pending,,
mendeley_labeled611_P08_173e1315c0ce0d81,67htnzmwbb.1,P08,5,number,accepted,train,Mexican Sign Languages Dactylology and Ten First Numbers - Labeled images and videos. From person #6 to #11/persona_8/Ciclo_5_5_Derecha/Ciclo_5_5_Derecha_5.mp4,Ciclo_5_5_Derecha_5,pending,,
mendeley_labeled611_P08_ac0e40aa296dff53,67htnzmwbb.1,P08,5,number,accepted,train,Mexican Sign Languages Dactylology and Ten First Numbers - Labeled images and videos. From person #6 to #11/persona_8/Ciclo_5_5_Izquierda/Ciclo_5_5_Izq_5.mp4,Ciclo_5_5_Izq_5,pending,,
mendeley_labeled611_P08_05ae2c6640c70fde,67htnzmwbb.1,P08,6,number,accepted,train,Mexican Sign Languages Dactylology and Ten First Numbers - Labeled images and videos. From person #6 to #11/persona_8/Ciclo_1_5_Derecha/Ciclo_1_5_Derecha_6.mp4,Ciclo_1_5_Derecha_6,pending,,
mendeley_labeled611_P08_ca092a1a23f74324,67htnzmwbb.1,P08,6,number,accepted,train,Mexican Sign Languages Dactylology and Ten First Numbers - Labeled images and videos. From person #6 to #11/persona_8/Ciclo_1_5_Izquierda/Ciclo_1_5_Izq_6.mp4,Ciclo_1_5_Izq_6,pending,,
mendeley_labeled611_P08_521258894c1c55ff,67htnzmwbb.1,P08,6,number,accepted,train,Mexican Sign Languages Dactylology and Ten First Numbers - Labeled images and videos. From person #6 to #11/persona_8/Ciclo_2_5_Derecha/Ciclo_2_5_Derecha_6.mp4,Ciclo_2_5_Derecha_6,pending,,
mendeley_labeled611_P08_2b9fb8e6d4e6f6fc,67htnzmwbb.1,P08,6,number,accepted,train,Mexican Sign Languages Dactylology and Ten First Numbers - Labeled images and videos. From person #6 to #11/persona_8/Ciclo_2_5_Izquierda/Ciclo_2_5_Izq_6.mp4,Ciclo_2_5_Izq_6,pending,,
mendeley_labeled611_P08_6b178b33d89f2ed3,67htnzmwbb.1,P08,6,number,accepted,train,Mexican Sign Languages Dactylology and Ten First Numbers - Labeled images and videos. From person #6 to #11/persona_8/Ciclo_3_5_Derecha/Ciclo_3_5_Derecha_6.mp4,Ciclo_3_5_Derecha_6,pending,,
mendeley_labeled611_P08_4ad9e7d0b79059a1,67htnzmwbb.1,P08,6,number,accepted,train,Mexican Sign Languages Dactylology and Ten First Numbers - Labeled images and videos. From person #6 to #11/persona_8/Ciclo_3_5_Izquierda/Ciclo_3_5_Izq_6.mp4,Ciclo_3_5_Izq_6,pending,,
mendeley_labeled611_P08_76e302f41af5e1c1,67htnzmwbb.1,P08,6,number,accepted,train,Mexican Sign Languages Dactylology and Ten First Numbers - Labeled images and videos. From person #6 to #11/persona_8/Ciclo_4_5_Derecha/Ciclo_4_5_Derecha_6.mp4,Ciclo_4_5_Derecha_6,pending,,
mendeley_labeled611_P08_fa8cf4eee2d3308f,67htnzmwbb.1,P08,6,number,accepted,train,Mexican Sign Languages Dactylology and Ten First Numbers - Labeled images and videos. From person #6 to #11/persona_8/Ciclo_4_5_Izquierda/Ciclo_4_5_Izq_6.mp4,Ciclo_4_5_Izq_6,pending,,
mendeley_labeled611_P08_8ecae132186a7f3d,67htnzmwbb.1,P08,6,number,accepted,train,Mexican Sign Languages Dactylology and Ten First Numbers - Labeled images and videos. From person #6 to #11/persona_8/Ciclo_5_5_Derecha/Ciclo_5_5_Derecha_6.mp4,Ciclo_5_5_Derecha_6,pending,,
mendeley_labeled611_P08_fde22111512960d3,67htnzmwbb.1,P08,6,number,accepted,train,Mexican Sign Languages Dactylology and Ten First Numbers - Labeled images and videos. From person #6 to #11/persona_8/Ciclo_5_5_Izquierda/Ciclo_5_5_Izq_6.mp4,Ciclo_5_5_Izq_6,pending,,
mendeley_labeled611_P08_afc5d85714ea7f3d,67htnzmwbb.1,P08,7,number,accepted,train,Mexican Sign Languages Dactylology and Ten First Numbers - Labeled images and videos. From person #6 to #11/persona_8/Ciclo_1_5_Derecha/Ciclo_1_5_Derecha_7.mp4,Ciclo_1_5_Derecha_7,pending,,
mendeley_labeled611_P08_dd18400442f4056f,67htnzmwbb.1,P08,7,number,accepted,train,Mexican Sign Languages Dactylology and Ten First Numbers - Labeled images and videos. From person #6 to #11/persona_8/Ciclo_1_5_Izquierda/Ciclo_1_5_Izq_7.mp4,Ciclo_1_5_Izq_7,pending,,
mendeley_labeled611_P08_4ddd5b84bc1b6d4a,67htnzmwbb.1,P08,7,number,accepted,train,Mexican Sign Languages Dactylology and Ten First Numbers - Labeled images and videos. From person #6 to #11/persona_8/Ciclo_2_5_Derecha/Ciclo_2_5_Derecha_7.mp4,Ciclo_2_5_Derecha_7,pending,,
mendeley_labeled611_P08_d85b147778503f08,67htnzmwbb.1,P08,7,number,accepted,train,Mexican Sign Languages Dactylology and Ten First Numbers - Labeled images and videos. From person #6 to #11/persona_8/Ciclo_2_5_Izquierda/Ciclo_2_5_Izq_7.mp4,Ciclo_2_5_Izq_7,pending,,
mendeley_labeled611_P08_960cb404107797e4,67htnzmwbb.1,P08,7,number,accepted,train,Mexican Sign Languages Dactylology and Ten First Numbers - Labeled images and videos. From person #6 to #11/persona_8/Ciclo_3_5_Derecha/Ciclo_3_5_Derecha_7.mp4,Ciclo_3_5_Derecha_7,pending,,
mendeley_labeled611_P08_11737e15c687aebd,67htnzmwbb.1,P08,7,number,accepted,train,Mexican Sign Languages Dactylology and Ten First Numbers - Labeled images and videos. From person #6 to #11/persona_8/Ciclo_3_5_Izquierda/Ciclo_3_5_Izq_7.mp4,Ciclo_3_5_Izq_7,pending,,
mendeley_labeled611_P08_e81e80e985e49da3,67htnzmwbb.1,P08,7,number,accepted,train,Mexican Sign Languages Dactylology and Ten First Numbers - Labeled images and videos. From person #6 to #11/persona_8/Ciclo_4_5_Derecha/Ciclo_4_5_Derecha_7.mp4,Ciclo_4_5_Derecha_7,pending,,
mendeley_labeled611_P08_8adf3da7d5b36dbb,67htnzmwbb.1,P08,7,number,accepted,train,Mexican Sign Languages Dactylology and Ten First Numbers - Labeled images and videos. From person #6 to #11/persona_8/Ciclo_4_5_Izquierda/Ciclo_4_5_Izq_7.mp4,Ciclo_4_5_Izq_7,pending,,
mendeley_labeled611_P08_173fe53f3cd9bcd2,67htnzmwbb.1,P08,7,number,accepted,train,Mexican Sign Languages Dactylology and Ten First Numbers - Labeled images and videos. From person #6 to #11/persona_8/Ciclo_5_5_Derecha/Ciclo_5_5_Derecha_7.mp4,Ciclo_5_5_Derecha_7,pending,,
mendeley_labeled611_P08_62ab84e3a75c09f0,67htnzmwbb.1,P08,7,number,accepted,train,Mexican Sign Languages Dactylology and Ten First Numbers - Labeled images and videos. From person #6 to #11/persona_8/Ciclo_5_5_Izquierda/Ciclo_5_5_Izq_7.mp4,Ciclo_5_5_Izq_7,pending,,
mendeley_labeled611_P08_12906fee8a1af9f6,67htnzmwbb.1,P08,8,number,accepted,train,Mexican Sign Languages Dactylology and Ten First Numbers - Labeled images and videos. From person #6 to #11/persona_8/Ciclo_1_5_Derecha/Ciclo_1_5_Derecha_8.mp4,Ciclo_1_5_Derecha_8,pending,,
mendeley_labeled611_P08_5e99fcb0f8356081,67htnzmwbb.1,P08,8,number,accepted,train,Mexican Sign Languages Dactylology and Ten First Numbers - Labeled images and videos. From person #6 to #11/persona_8/Ciclo_1_5_Izquierda/Ciclo_1_5_Izq_8.mp4,Ciclo_1_5_Izq_8,pending,,
mendeley_labeled611_P08_d7aab872da1f67cd,67htnzmwbb.1,P08,8,number,accepted,train,Mexican Sign Languages Dactylology and Ten First Numbers - Labeled images and videos. From person #6 to #11/persona_8/Ciclo_2_5_Derecha/Ciclo_2_5_Derecha_8.mp4,Ciclo_2_5_Derecha_8,pending,,
mendeley_labeled611_P08_034c091a045c8dd1,67htnzmwbb.1,P08,8,number,accepted,train,Mexican Sign Languages Dactylology and Ten First Numbers - Labeled images and videos. From person #6 to #11/persona_8/Ciclo_2_5_Izquierda/Ciclo_2_5_Izq_8.mp4,Ciclo_2_5_Izq_8,pending,,
mendeley_labeled611_P08_5747022ed28d4bfd,67htnzmwbb.1,P08,8,number,accepted,train,Mexican Sign Languages Dactylology and Ten First Numbers - Labeled images and videos. From person #6 to #11/persona_8/Ciclo_3_5_Derecha/Ciclo_3_5_Derecha_8.mp4,Ciclo_3_5_Derecha_8,pending,,
mendeley_labeled611_P08_5ab1af2c061d6c0b,67htnzmwbb.1,P08,8,number,accepted,train,Mexican Sign Languages Dactylology and Ten First Numbers - Labeled images and videos. From person #6 to #11/persona_8/Ciclo_3_5_Izquierda/Ciclo_3_5_Izq_8.mp4,Ciclo_3_5_Izq_8,pending,,
mendeley_labeled611_P08_c4cf973102913ed3,67htnzmwbb.1,P08,8,number,accepted,train,Mexican Sign Languages Dactylology and Ten First Numbers - Labeled images and videos. From person #6 to #11/persona_8/Ciclo_4_5_Derecha/Ciclo_4_5_Derecha_8.mp4,Ciclo_4_5_Derecha_8,pending,,
mendeley_labeled611_P08_5c09c358a934b6e6,67htnzmwbb.1,P08,8,number,accepted,train,Mexican Sign Languages Dactylology and Ten First Numbers - Labeled images and videos. From person #6 to #11/persona_8/Ciclo_4_5_Izquierda/Ciclo_4_5_Izq_8.mp4,Ciclo_4_5_Izq_8,pending,,
mendeley_labeled611_P08_3185326e2022803f,67htnzmwbb.1,P08,8,number,accepted,train,Mexican Sign Languages Dactylology and Ten First Numbers - Labeled images and videos. From person #6 to #11/persona_8/Ciclo_5_5_Derecha/Ciclo_5_5_Derecha_8.mp4,Ciclo_5_5_Derecha_8,pending,,
mendeley_labeled611_P08_c0d95c32342d082b,67htnzmwbb.1,P08,8,number,accepted,train,Mexican Sign Languages Dactylology and Ten First Numbers - Labeled images and videos. From person #6 to #11/persona_8/Ciclo_5_5_Izquierda/Ciclo_5_5_Izq_8.mp4,Ciclo_5_5_Izq_8,pending,,
mendeley_labeled611_P08_f0d5db88551d8769,67htnzmwbb.1,P08,9,number,accepted,train,Mexican Sign Languages Dactylology and Ten First Numbers - Labeled images and videos. From person #6 to #11/persona_8/Ciclo_1_5_Derecha/Ciclo_1_5_Derecha_9.mp4,Ciclo_1_5_Derecha_9,pending,,
mendeley_labeled611_P08_df82b13ddb30a3ce,67htnzmwbb.1,P08,9,number,accepted,train,Mexican Sign Languages Dactylology and Ten First Numbers - Labeled images and videos. From person #6 to #11/persona_8/Ciclo_1_5_Izquierda/Ciclo_1_5_Izq_9.mp4,Ciclo_1_5_Izq_9,pending,,
mendeley_labeled611_P08_887dd47459571b83,67htnzmwbb.1,P08,9,number,accepted,train,Mexican Sign Languages Dactylology and Ten First Numbers - Labeled images and videos. From person #6 to #11/persona_8/Ciclo_2_5_Derecha/Ciclo_2_5_Derecha_9.mp4,Ciclo_2_5_Derecha_9,pending,,
mendeley_labeled611_P08_190e4b43837ea70d,67htnzmwbb.1,P08,9,number,accepted,train,Mexican Sign Languages Dactylology and Ten First Numbers - Labeled images and videos. From person #6 to #11/persona_8/Ciclo_2_5_Izquierda/Ciclo_2_5_Izq_9.mp4,Ciclo_2_5_Izq_9,pending,,
mendeley_labeled611_P08_ecccb70b90bcfc02,67htnzmwbb.1,P08,9,number,accepted,train,Mexican Sign Languages Dactylology and Ten First Numbers - Labeled images and videos. From person #6 to #11/persona_8/Ciclo_3_5_Derecha/Ciclo_3_5_Derecha_9.mp4,Ciclo_3_5_Derecha_9,pending,,
mendeley_labeled611_P08_74d6cd761ca35081,67htnzmwbb.1,P08,9,number,accepted,train,Mexican Sign Languages Dactylology and Ten First Numbers - Labeled images and videos. From person #6 to #11/persona_8/Ciclo_3_5_Izquierda/Ciclo_3_5_Izq_9.mp4,Ciclo_3_5_Izq_9,pending,,
mendeley_labeled611_P08_9ed2c61bda7e4a99,67htnzmwbb.1,P08,9,number,accepted,train,Mexican Sign Languages Dactylology and Ten First Numbers - Labeled images and videos. From person #6 to #11/persona_8/Ciclo_4_5_Derecha/Ciclo_4_5_Derecha_9.mp4,Ciclo_4_5_Derecha_9,pending,,
mendeley_labeled611_P08_7b29f5becbc0f0f0,67htnzmwbb.1,P08,9,number,accepted,train,Mexican Sign Languages Dactylology and Ten First Numbers - Labeled images and videos. From person #6 to #11/persona_8/Ciclo_4_5_Izquierda/Ciclo_4_5_Izq_9.mp4,Ciclo_4_5_Izq_9,pending,,
mendeley_labeled611_P08_de25afc0740dcd8d,67htnzmwbb.1,P08,9,number,accepted,train,Mexican Sign Languages Dactylology and Ten First Numbers - Labeled images and videos. From person #6 to #11/persona_8/Ciclo_5_5_Derecha/Ciclo_5_5_Derecha_9.mp4,Ciclo_5_5_Derecha_9,pending,,
mendeley_labeled611_P08_87a6898a159da7f9,67htnzmwbb.1,P08,9,number,accepted,train,Mexican Sign Languages Dactylology and Ten First Numbers - Labeled images and videos. From person #6 to #11/persona_8/Ciclo_5_5_Izquierda/Ciclo_5_5_Izq_9.mp4,Ciclo_5_5_Izq_9,pending,,
mendeley_labeled611_P08_930212dd783ffa37,67htnzmwbb.1,P08,n-7zy0iy,unknown,quarantined_ambiguous,train,Mexican Sign Languages Dactylology and Ten First Numbers - Labeled images and videos. From person #6 to #11/persona_8/Ciclo_1_5_Izquierda/Ciclo_1_5_Izq_n-7Zy0IY.mp4,Ciclo_1_5_Izq_n-7Zy0IY,quarantined,,ambiguous_or_unrecognized_filename_suffix
mendeley_labeled611_P08_fafd86026e17426c,67htnzmwbb.1,P08,n-cnzsxo,unknown,quarantined_ambiguous,train,Mexican Sign Languages Dactylology and Ten First Numbers - Labeled images and videos. From person #6 to #11/persona_8/Ciclo_2_5_Derecha/Ciclo_2_5_Derecha_n-CNzsXo.mp4,Ciclo_2_5_Derecha_n-CNzsXo,quarantined,,ambiguous_or_unrecognized_filename_suffix
mendeley_labeled611_P08_e74e31d3c3ada539,67htnzmwbb.1,P08,n-odzvyt,unknown,quarantined_ambiguous,train,Mexican Sign Languages Dactylology and Ten First Numbers - Labeled images and videos. From person #6 to #11/persona_8/Ciclo_5_5_Derecha/Ciclo_5_5_Derecha_n-oDzVYT.mp4,Ciclo_5_5_Derecha_n-oDzVYT,quarantined,,ambiguous_or_unrecognized_filename_suffix
mendeley_labeled611_P08_cdcb3d2078a403a6,67htnzmwbb.1,P08,ñ-ajghej,unknown,quarantined_unknown_label,train,Mexican Sign Languages Dactylology and Ten First Numbers - Labeled images and videos. From person #6 to #11/persona_8/Ciclo_2_5_Izquierda/Ciclo_2_5_Izq_ñ-ajgHEJ.mp4,Ciclo_2_5_Izq_ñ-ajgHEJ,quarantined,,ambiguous_or_unrecognized_filename_suffix
mendeley_labeled611_P08_3cea09688b055104,67htnzmwbb.1,P08,ñ-mohh3e,unknown,quarantined_unknown_label,train,Mexican Sign Languages Dactylology and Ten First Numbers - Labeled images and videos. From person #6 to #11/persona_8/Ciclo_3_5_Derecha/Ciclo_3_5_Derecha_ñ-mOHh3e.mp4,Ciclo_3_5_Derecha_ñ-mOHh3e,quarantined,,ambiguous_or_unrecognized_filename_suffix
mendeley_labeled611_P08_d08b9f95bf9d27e0,67htnzmwbb.1,P08,ñ-nlf8ba,unknown,quarantined_unknown_label,train,Mexican Sign Languages Dactylology and Ten First Numbers - Labeled images and videos. From person #6 to #11/persona_8/Ciclo_5_5_Izquierda/Ciclo_5_5_Izq_ñ-nLf8Ba.mp4,Ciclo_5_5_Izq_ñ-nLf8Ba,quarantined,,ambiguous_or_unrecognized_filename_suffix
mendeley_labeled611_P08_617c2a1ea7ca4a04,67htnzmwbb.1,P08,ñ-rusrd3,unknown,quarantined_unknown_label,train,Mexican Sign Languages Dactylology and Ten First Numbers - Labeled images and videos. From person #6 to #11/persona_8/Ciclo_4_5_Derecha/Ciclo_4_5_Derecha_ñ-RUsrD3.mp4,Ciclo_4_5_Derecha_ñ-RUsrD3,quarantined,,ambiguous_or_unrecognized_filename_suffix
mendeley_labeled611_P08_263e23c4e21a9bb8,67htnzmwbb.1,P08,ñ-scsx3r,unknown,quarantined_unknown_label,train,Mexican Sign Languages Dactylology and Ten First Numbers - Labeled images and videos. From person #6 to #11/persona_8/Ciclo_3_5_Izquierda/Ciclo_3_5_Izq_ñ-sCsX3R.mp4,Ciclo_3_5_Izq_ñ-sCsX3R,quarantined,,ambiguous_or_unrecognized_filename_suffix
mendeley_labeled611_P08_31aaf181a19ccd30,67htnzmwbb.1,P08,ñ-tymfaa,unknown,quarantined_unknown_label,train,Mexican Sign Languages Dactylology and Ten First Numbers - Labeled images and videos. From person #6 to #11/persona_8/Ciclo_1_5_Derecha/Ciclo_1_5_Derecha_ñ-TYMfAa.mp4,Ciclo_1_5_Derecha_ñ-TYMfAa,quarantined,,ambiguous_or_unrecognized_filename_suffix
mendeley_labeled611_P08_a15ccd95c6019c1a,67htnzmwbb.1,P08,ñ-x5agsu,unknown,quarantined_unknown_label,train,Mexican Sign Languages Dactylology and Ten First Numbers - Labeled images and videos. From person #6 to #11/persona_8/Ciclo_4_5_Izquierda/Ciclo_4_5_Izq_ñ-X5Agsu.mp4,Ciclo_4_5_Izq_ñ-X5Agsu,quarantined,,ambiguous_or_unrecognized_filename_suffix
mendeley_labeled611_P09_b1dac053659cb845,67htnzmwbb.1,P09,a,dactylology,accepted,train,Mexican Sign Languages Dactylology and Ten First Numbers - Labeled images and videos. From person #6 to #11/persona_9/Ciclo_1_5_Derecha/Ciclo_1_5_Derecha_a.mp4,Ciclo_1_5_Derecha_a,pending,,
mendeley_labeled611_P09_b9be70d31734add1,67htnzmwbb.1,P09,a,dactylology,accepted,train,Mexican Sign Languages Dactylology and Ten First Numbers - Labeled images and videos. From person #6 to #11/persona_9/Ciclo_1_5_Izquierda/Ciclo_1_5_Izq_a.mp4,Ciclo_1_5_Izq_a,pending,,
mendeley_labeled611_P09_9fb38651dcb08e04,67htnzmwbb.1,P09,a,dactylology,accepted,train,Mexican Sign Languages Dactylology and Ten First Numbers - Labeled images and videos. From person #6 to #11/persona_9/Ciclo_2_5_Derecha/Ciclo_2_5_Derecha_a.mp4,Ciclo_2_5_Derecha_a,pending,,
mendeley_labeled611_P09_ec792339c115511b,67htnzmwbb.1,P09,a,dactylology,accepted,train,Mexican Sign Languages Dactylology and Ten First Numbers - Labeled images and videos. From person #6 to #11/persona_9/Ciclo_2_5_Izquierda/Ciclo_2_5_Izq_a.mp4,Ciclo_2_5_Izq_a,pending,,
mendeley_labeled611_P09_e3c635cfdf1b0caa,67htnzmwbb.1,P09,a,dactylology,accepted,train,Mexican Sign Languages Dactylology and Ten First Numbers - Labeled images and videos. From person #6 to #11/persona_9/Ciclo_3_5_Derecha/Ciclo_3_5_Derecha_a.mp4,Ciclo_3_5_Derecha_a,pending,,
mendeley_labeled611_P09_a3c108f7fe2ed775,67htnzmwbb.1,P09,a,dactylology,accepted,train,Mexican Sign Languages Dactylology and Ten First Numbers - Labeled images and videos. From person #6 to #11/persona_9/Ciclo_3_5_Izquierda/Ciclo_3_5_Izq_a.mp4,Ciclo_3_5_Izq_a,pending,,
mendeley_labeled611_P09_4b6083106eaf6f99,67htnzmwbb.1,P09,a,dactylology,accepted,train,Mexican Sign Languages Dactylology and Ten First Numbers - Labeled images and videos. From person #6 to #11/persona_9/Ciclo_4_5_Derecha/Ciclo_4_5_Derecha_a.mp4,Ciclo_4_5_Derecha_a,pending,,
mendeley_labeled611_P09_5845d2b93de28835,67htnzmwbb.1,P09,a,dactylology,accepted,train,Mexican Sign Languages Dactylology and Ten First Numbers - Labeled images and videos. From person #6 to #11/persona_9/Ciclo_4_5_Izquierda/Ciclo_4_5_Izq_a.mp4,Ciclo_4_5_Izq_a,pending,,
mendeley_labeled611_P09_093f72db5c3ac890,67htnzmwbb.1,P09,a,dactylology,accepted,train,Mexican Sign Languages Dactylology and Ten First Numbers - Labeled images and videos. From person #6 to #11/persona_9/Ciclo_5_5_Derecha/Ciclo_5_5_Derecha_a.mp4,Ciclo_5_5_Derecha_a,pending,,
mendeley_labeled611_P09_e7603f87e2136498,67htnzmwbb.1,P09,a,dactylology,accepted,train,Mexican Sign Languages Dactylology and Ten First Numbers - Labeled images and videos. From person #6 to #11/persona_9/Ciclo_5_5_Izquierda/Ciclo_5_5_Izq_a.mp4,Ciclo_5_5_Izq_a,pending,,
mendeley_labeled611_P09_884292b4ee6383b7,67htnzmwbb.1,P09,b,dactylology,accepted,train,Mexican Sign Languages Dactylology and Ten First Numbers - Labeled images and videos. From person #6 to #11/persona_9/Ciclo_1_5_Derecha/Ciclo_1_5_Derecha_b.mp4,Ciclo_1_5_Derecha_b,pending,,
mendeley_labeled611_P09_b0b3d79f4c7bf512,67htnzmwbb.1,P09,b,dactylology,accepted,train,Mexican Sign Languages Dactylology and Ten First Numbers - Labeled images and videos. From person #6 to #11/persona_9/Ciclo_1_5_Izquierda/Ciclo_1_5_Izq_b.mp4,Ciclo_1_5_Izq_b,pending,,
mendeley_labeled611_P09_8a6381da0fb6b198,67htnzmwbb.1,P09,b,dactylology,accepted,train,Mexican Sign Languages Dactylology and Ten First Numbers - Labeled images and videos. From person #6 to #11/persona_9/Ciclo_2_5_Derecha/Ciclo_2_5_Derecha_b.mp4,Ciclo_2_5_Derecha_b,pending,,
mendeley_labeled611_P09_4e3bf517b9814bd4,67htnzmwbb.1,P09,b,dactylology,accepted,train,Mexican Sign Languages Dactylology and Ten First Numbers - Labeled images and videos. From person #6 to #11/persona_9/Ciclo_2_5_Izquierda/Ciclo_2_5_Izq_b.mp4,Ciclo_2_5_Izq_b,pending,,
mendeley_labeled611_P09_fcd02ead15d212ec,67htnzmwbb.1,P09,b,dactylology,accepted,train,Mexican Sign Languages Dactylology and Ten First Numbers - Labeled images and videos. From person #6 to #11/persona_9/Ciclo_3_5_Derecha/Ciclo_3_5_Derecha_b.mp4,Ciclo_3_5_Derecha_b,pending,,
mendeley_labeled611_P09_eed434db8b9b5321,67htnzmwbb.1,P09,b,dactylology,accepted,train,Mexican Sign Languages Dactylology and Ten First Numbers - Labeled images and videos. From person #6 to #11/persona_9/Ciclo_3_5_Izquierda/Ciclo_3_5_Izq_b.mp4,Ciclo_3_5_Izq_b,pending,,
mendeley_labeled611_P09_893f0e7f9a3d72dc,67htnzmwbb.1,P09,b,dactylology,accepted,train,Mexican Sign Languages Dactylology and Ten First Numbers - Labeled images and videos. From person #6 to #11/persona_9/Ciclo_4_5_Derecha/Ciclo_4_5_Derecha_b.mp4,Ciclo_4_5_Derecha_b,pending,,
mendeley_labeled611_P09_c32f8624e8a39676,67htnzmwbb.1,P09,b,dactylology,accepted,train,Mexican Sign Languages Dactylology and Ten First Numbers - Labeled images and videos. From person #6 to #11/persona_9/Ciclo_4_5_Izquierda/Ciclo_4_5_Izq_b.mp4,Ciclo_4_5_Izq_b,pending,,
mendeley_labeled611_P09_a812ada163adcf84,67htnzmwbb.1,P09,b,dactylology,accepted,train,Mexican Sign Languages Dactylology and Ten First Numbers - Labeled images and videos. From person #6 to #11/persona_9/Ciclo_5_5_Derecha/Ciclo_5_5_Derecha_b.mp4,Ciclo_5_5_Derecha_b,pending,,
mendeley_labeled611_P09_0fe230da00ed9180,67htnzmwbb.1,P09,b,dactylology,accepted,train,Mexican Sign Languages Dactylology and Ten First Numbers - Labeled images and videos. From person #6 to #11/persona_9/Ciclo_5_5_Izquierda/Ciclo_5_5_Izq_b.mp4,Ciclo_5_5_Izq_b,pending,,
mendeley_labeled611_P09_552c6eae804d0e49,67htnzmwbb.1,P09,c,dactylology,accepted,train,Mexican Sign Languages Dactylology and Ten First Numbers - Labeled images and videos. From person #6 to #11/persona_9/Ciclo_1_5_Derecha/Ciclo_1_5_Derecha_c.mp4,Ciclo_1_5_Derecha_c,pending,,
mendeley_labeled611_P09_c0c76962f261505b,67htnzmwbb.1,P09,c,dactylology,accepted,train,Mexican Sign Languages Dactylology and Ten First Numbers - Labeled images and videos. From person #6 to #11/persona_9/Ciclo_1_5_Izquierda/Ciclo_1_5_Izq_c.mp4,Ciclo_1_5_Izq_c,pending,,
mendeley_labeled611_P09_afcdf9e6ca27d4c9,67htnzmwbb.1,P09,c,dactylology,accepted,train,Mexican Sign Languages Dactylology and Ten First Numbers - Labeled images and videos. From person #6 to #11/persona_9/Ciclo_2_5_Derecha/Ciclo_2_5_Derecha_c.mp4,Ciclo_2_5_Derecha_c,pending,,
mendeley_labeled611_P09_54454a2bb1e4bbbc,67htnzmwbb.1,P09,c,dactylology,accepted,train,Mexican Sign Languages Dactylology and Ten First Numbers - Labeled images and videos. From person #6 to #11/persona_9/Ciclo_2_5_Izquierda/Ciclo_2_5_Izq_c.mp4,Ciclo_2_5_Izq_c,pending,,
mendeley_labeled611_P09_50baebe18895e447,67htnzmwbb.1,P09,c,dactylology,accepted,train,Mexican Sign Languages Dactylology and Ten First Numbers - Labeled images and videos. From person #6 to #11/persona_9/Ciclo_3_5_Derecha/Ciclo_3_5_Derecha_c.mp4,Ciclo_3_5_Derecha_c,pending,,
mendeley_labeled611_P09_46991484f799e581,67htnzmwbb.1,P09,c,dactylology,accepted,train,Mexican Sign Languages Dactylology and Ten First Numbers - Labeled images and videos. From person #6 to #11/persona_9/Ciclo_3_5_Izquierda/Ciclo_3_5_Izq_c.mp4,Ciclo_3_5_Izq_c,pending,,
mendeley_labeled611_P09_e0e711467b772c69,67htnzmwbb.1,P09,c,dactylology,accepted,train,Mexican Sign Languages Dactylology and Ten First Numbers - Labeled images and videos. From person #6 to #11/persona_9/Ciclo_4_5_Derecha/Ciclo_4_5_Derecha_c.mp4,Ciclo_4_5_Derecha_c,pending,,
mendeley_labeled611_P09_c241e4e4fda25a78,67htnzmwbb.1,P09,c,dactylology,accepted,train,Mexican Sign Languages Dactylology and Ten First Numbers - Labeled images and videos. From person #6 to #11/persona_9/Ciclo_4_5_Izquierda/Ciclo_4_5_Izq_c.mp4,Ciclo_4_5_Izq_c,pending,,
mendeley_labeled611_P09_f540fe6a27916b28,67htnzmwbb.1,P09,c,dactylology,accepted,train,Mexican Sign Languages Dactylology and Ten First Numbers - Labeled images and videos. From person #6 to #11/persona_9/Ciclo_5_5_Derecha/Ciclo_5_5_Derecha_c.mp4,Ciclo_5_5_Derecha_c,pending,,
mendeley_labeled611_P09_ef106cc230db7b1b,67htnzmwbb.1,P09,c,dactylology,accepted,train,Mexican Sign Languages Dactylology and Ten First Numbers - Labeled images and videos. From person #6 to #11/persona_9/Ciclo_5_5_Izquierda/Ciclo_5_5_Izq_c.mp4,Ciclo_5_5_Izq_c,pending,,
mendeley_labeled611_P09_15cabf5f9bea0e74,67htnzmwbb.1,P09,d,dactylology,accepted,train,Mexican Sign Languages Dactylology and Ten First Numbers - Labeled images and videos. From person #6 to #11/persona_9/Ciclo_1_5_Derecha/Ciclo_1_5_Derecha_d.mp4,Ciclo_1_5_Derecha_d,pending,,
mendeley_labeled611_P09_65176dd57bd60ebf,67htnzmwbb.1,P09,d,dactylology,accepted,train,Mexican Sign Languages Dactylology and Ten First Numbers - Labeled images and videos. From person #6 to #11/persona_9/Ciclo_1_5_Izquierda/Ciclo_1_5_Izq_d.mp4,Ciclo_1_5_Izq_d,pending,,
mendeley_labeled611_P09_3902c42c5ec67545,67htnzmwbb.1,P09,d,dactylology,accepted,train,Mexican Sign Languages Dactylology and Ten First Numbers - Labeled images and videos. From person #6 to #11/persona_9/Ciclo_2_5_Derecha/Ciclo_2_5_Derecha_d.mp4,Ciclo_2_5_Derecha_d,pending,,
mendeley_labeled611_P09_6233db5b00c38089,67htnzmwbb.1,P09,d,dactylology,accepted,train,Mexican Sign Languages Dactylology and Ten First Numbers - Labeled images and videos. From person #6 to #11/persona_9/Ciclo_2_5_Izquierda/Ciclo_2_5_Izq_d.mp4,Ciclo_2_5_Izq_d,pending,,
mendeley_labeled611_P09_6ae5cd30afa105f4,67htnzmwbb.1,P09,d,dactylology,accepted,train,Mexican Sign Languages Dactylology and Ten First Numbers - Labeled images and videos. From person #6 to #11/persona_9/Ciclo_3_5_Derecha/Ciclo_3_5_Derecha_d.mp4,Ciclo_3_5_Derecha_d,pending,,
mendeley_labeled611_P09_4bbaa3056d1dd685,67htnzmwbb.1,P09,d,dactylology,accepted,train,Mexican Sign Languages Dactylology and Ten First Numbers - Labeled images and videos. From person #6 to #11/persona_9/Ciclo_3_5_Izquierda/Ciclo_3_5_Izq_d.mp4,Ciclo_3_5_Izq_d,pending,,
mendeley_labeled611_P09_f6dfaaf6a3701200,67htnzmwbb.1,P09,d,dactylology,accepted,train,Mexican Sign Languages Dactylology and Ten First Numbers - Labeled images and videos. From person #6 to #11/persona_9/Ciclo_4_5_Derecha/Ciclo_4_5_Derecha_d.mp4,Ciclo_4_5_Derecha_d,pending,,
mendeley_labeled611_P09_cbcd87a4fd0253b7,67htnzmwbb.1,P09,d,dactylology,accepted,train,Mexican Sign Languages Dactylology and Ten First Numbers - Labeled images and videos. From person #6 to #11/persona_9/Ciclo_4_5_Izquierda/Ciclo_4_5_Izq_d.mp4,Ciclo_4_5_Izq_d,pending,,
mendeley_labeled611_P09_0ce20d222161fe48,67htnzmwbb.1,P09,d,dactylology,accepted,train,Mexican Sign Languages Dactylology and Ten First Numbers - Labeled images and videos. From person #6 to #11/persona_9/Ciclo_5_5_Derecha/Ciclo_5_5_Derecha_d.mp4,Ciclo_5_5_Derecha_d,pending,,
mendeley_labeled611_P09_8158db09c6eb0a39,67htnzmwbb.1,P09,d,dactylology,accepted,train,Mexican Sign Languages Dactylology and Ten First Numbers - Labeled images and videos. From person #6 to #11/persona_9/Ciclo_5_5_Izquierda/Ciclo_5_5_Izq_d.mp4,Ciclo_5_5_Izq_d,pending,,
mendeley_labeled611_P09_5e7b3822de009d7d,67htnzmwbb.1,P09,e,dactylology,accepted,train,Mexican Sign Languages Dactylology and Ten First Numbers - Labeled images and videos. From person #6 to #11/persona_9/Ciclo_1_5_Derecha/Ciclo_1_5_Derecha_e.mp4,Ciclo_1_5_Derecha_e,pending,,
mendeley_labeled611_P09_8816453ea7a2444a,67htnzmwbb.1,P09,e,dactylology,accepted,train,Mexican Sign Languages Dactylology and Ten First Numbers - Labeled images and videos. From person #6 to #11/persona_9/Ciclo_1_5_Izquierda/Ciclo_1_5_Izq_e.mp4,Ciclo_1_5_Izq_e,pending,,
mendeley_labeled611_P09_0551f801520c9695,67htnzmwbb.1,P09,e,dactylology,accepted,train,Mexican Sign Languages Dactylology and Ten First Numbers - Labeled images and videos. From person #6 to #11/persona_9/Ciclo_2_5_Derecha/Ciclo_2_5_Derecha_e.mp4,Ciclo_2_5_Derecha_e,pending,,
mendeley_labeled611_P09_b37e660b294691ce,67htnzmwbb.1,P09,e,dactylology,accepted,train,Mexican Sign Languages Dactylology and Ten First Numbers - Labeled images and videos. From person #6 to #11/persona_9/Ciclo_2_5_Izquierda/Ciclo_2_5_Izq_e.mp4,Ciclo_2_5_Izq_e,pending,,
mendeley_labeled611_P09_975aad93bcdaffc5,67htnzmwbb.1,P09,e,dactylology,accepted,train,Mexican Sign Languages Dactylology and Ten First Numbers - Labeled images and videos. From person #6 to #11/persona_9/Ciclo_3_5_Derecha/Ciclo_3_5_Derecha_e.mp4,Ciclo_3_5_Derecha_e,pending,,
mendeley_labeled611_P09_ddcbf24b6966b710,67htnzmwbb.1,P09,e,dactylology,accepted,train,Mexican Sign Languages Dactylology and Ten First Numbers - Labeled images and videos. From person #6 to #11/persona_9/Ciclo_3_5_Izquierda/Ciclo_3_5_Izq_e.mp4,Ciclo_3_5_Izq_e,pending,,
mendeley_labeled611_P09_c8c4734d8a5c34b1,67htnzmwbb.1,P09,e,dactylology,accepted,train,Mexican Sign Languages Dactylology and Ten First Numbers - Labeled images and videos. From person #6 to #11/persona_9/Ciclo_4_5_Derecha/Ciclo_4_5_Derecha_e.mp4,Ciclo_4_5_Derecha_e,pending,,
mendeley_labeled611_P09_87233c03e67a2002,67htnzmwbb.1,P09,e,dactylology,accepted,train,Mexican Sign Languages Dactylology and Ten First Numbers - Labeled images and videos. From person #6 to #11/persona_9/Ciclo_4_5_Izquierda/Ciclo_4_5_Izq_e.mp4,Ciclo_4_5_Izq_e,pending,,
mendeley_labeled611_P09_93600f0f20d57067,67htnzmwbb.1,P09,e,dactylology,accepted,train,Mexican Sign Languages Dactylology and Ten First Numbers - Labeled images and videos. From person #6 to #11/persona_9/Ciclo_5_5_Derecha/Ciclo_5_5_Derecha_e.mp4,Ciclo_5_5_Derecha_e,pending,,
mendeley_labeled611_P09_3b2c3023119f2464,67htnzmwbb.1,P09,e,dactylology,accepted,train,Mexican Sign Languages Dactylology and Ten First Numbers - Labeled images and videos. From person #6 to #11/persona_9/Ciclo_5_5_Izquierda/Ciclo_5_5_Izq_e.mp4,Ciclo_5_5_Izq_e,pending,,
mendeley_labeled611_P09_bcebc1ddb2aabe4b,67htnzmwbb.1,P09,f,dactylology,accepted,train,Mexican Sign Languages Dactylology and Ten First Numbers - Labeled images and videos. From person #6 to #11/persona_9/Ciclo_1_5_Derecha/Ciclo_1_5_Derecha_f.mp4,Ciclo_1_5_Derecha_f,pending,,
mendeley_labeled611_P09_4147f077e5889321,67htnzmwbb.1,P09,f,dactylology,accepted,train,Mexican Sign Languages Dactylology and Ten First Numbers - Labeled images and videos. From person #6 to #11/persona_9/Ciclo_1_5_Izquierda/Ciclo_1_5_Izq_f.mp4,Ciclo_1_5_Izq_f,pending,,
mendeley_labeled611_P09_4fedc01959940804,67htnzmwbb.1,P09,f,dactylology,accepted,train,Mexican Sign Languages Dactylology and Ten First Numbers - Labeled images and videos. From person #6 to #11/persona_9/Ciclo_2_5_Derecha/Ciclo_2_5_Derecha_f.mp4,Ciclo_2_5_Derecha_f,pending,,
mendeley_labeled611_P09_b9d4690d3df5ec4c,67htnzmwbb.1,P09,f,dactylology,accepted,train,Mexican Sign Languages Dactylology and Ten First Numbers - Labeled images and videos. From person #6 to #11/persona_9/Ciclo_2_5_Izquierda/Ciclo_2_5_Izq_f.mp4,Ciclo_2_5_Izq_f,pending,,
mendeley_labeled611_P09_9cbf9e971bd79db6,67htnzmwbb.1,P09,f,dactylology,accepted,train,Mexican Sign Languages Dactylology and Ten First Numbers - Labeled images and videos. From person #6 to #11/persona_9/Ciclo_3_5_Derecha/Ciclo_3_5_Derecha_f.mp4,Ciclo_3_5_Derecha_f,pending,,
mendeley_labeled611_P09_7009ff08a4a638dc,67htnzmwbb.1,P09,f,dactylology,accepted,train,Mexican Sign Languages Dactylology and Ten First Numbers - Labeled images and videos. From person #6 to #11/persona_9/Ciclo_3_5_Izquierda/Ciclo_3_5_Izq_f.mp4,Ciclo_3_5_Izq_f,pending,,
mendeley_labeled611_P09_3969eadd613f8b36,67htnzmwbb.1,P09,f,dactylology,accepted,train,Mexican Sign Languages Dactylology and Ten First Numbers - Labeled images and videos. From person #6 to #11/persona_9/Ciclo_4_5_Derecha/Ciclo_4_5_Derecha_f.mp4,Ciclo_4_5_Derecha_f,pending,,
mendeley_labeled611_P09_529f30eec5e6924e,67htnzmwbb.1,P09,f,dactylology,accepted,train,Mexican Sign Languages Dactylology and Ten First Numbers - Labeled images and videos. From person #6 to #11/persona_9/Ciclo_4_5_Izquierda/Ciclo_4_5_Izq_f.mp4,Ciclo_4_5_Izq_f,pending,,
mendeley_labeled611_P09_ca8aeae6b06f29e7,67htnzmwbb.1,P09,f,dactylology,accepted,train,Mexican Sign Languages Dactylology and Ten First Numbers - Labeled images and videos. From person #6 to #11/persona_9/Ciclo_5_5_Derecha/Ciclo_5_5_Derecha_f.mp4,Ciclo_5_5_Derecha_f,pending,,
mendeley_labeled611_P09_2829530607a78e7f,67htnzmwbb.1,P09,f,dactylology,accepted,train,Mexican Sign Languages Dactylology and Ten First Numbers - Labeled images and videos. From person #6 to #11/persona_9/Ciclo_5_5_Izquierda/Ciclo_5_5_Izq_f.mp4,Ciclo_5_5_Izq_f,pending,,
mendeley_labeled611_P09_4cb6357be8db31ec,67htnzmwbb.1,P09,g,dactylology,accepted,train,Mexican Sign Languages Dactylology and Ten First Numbers - Labeled images and videos. From person #6 to #11/persona_9/Ciclo_1_5_Derecha/Ciclo_1_5_Derecha_g.mp4,Ciclo_1_5_Derecha_g,pending,,
mendeley_labeled611_P09_7f1a7eb2fee02f46,67htnzmwbb.1,P09,g,dactylology,accepted,train,Mexican Sign Languages Dactylology and Ten First Numbers - Labeled images and videos. From person #6 to #11/persona_9/Ciclo_1_5_Izquierda/Ciclo_1_5_Izq_g.mp4,Ciclo_1_5_Izq_g,pending,,
mendeley_labeled611_P09_1998998e8739b517,67htnzmwbb.1,P09,g,dactylology,accepted,train,Mexican Sign Languages Dactylology and Ten First Numbers - Labeled images and videos. From person #6 to #11/persona_9/Ciclo_2_5_Derecha/Ciclo_2_5_Derecha_g.mp4,Ciclo_2_5_Derecha_g,pending,,
mendeley_labeled611_P09_c1fc553d5c197e07,67htnzmwbb.1,P09,g,dactylology,accepted,train,Mexican Sign Languages Dactylology and Ten First Numbers - Labeled images and videos. From person #6 to #11/persona_9/Ciclo_2_5_Izquierda/Ciclo_2_5_Izq_g.mp4,Ciclo_2_5_Izq_g,pending,,
mendeley_labeled611_P09_bf0dc632954abbce,67htnzmwbb.1,P09,g,dactylology,accepted,train,Mexican Sign Languages Dactylology and Ten First Numbers - Labeled images and videos. From person #6 to #11/persona_9/Ciclo_3_5_Derecha/Ciclo_3_5_Derecha_g.mp4,Ciclo_3_5_Derecha_g,pending,,
mendeley_labeled611_P09_7f77967f19da8539,67htnzmwbb.1,P09,g,dactylology,accepted,train,Mexican Sign Languages Dactylology and Ten First Numbers - Labeled images and videos. From person #6 to #11/persona_9/Ciclo_3_5_Izquierda/Ciclo_3_5_Izq_g.mp4,Ciclo_3_5_Izq_g,pending,,
mendeley_labeled611_P09_773d213978c9dba9,67htnzmwbb.1,P09,g,dactylology,accepted,train,Mexican Sign Languages Dactylology and Ten First Numbers - Labeled images and videos. From person #6 to #11/persona_9/Ciclo_4_5_Derecha/Ciclo_4_5_Derecha_g.mp4,Ciclo_4_5_Derecha_g,pending,,
mendeley_labeled611_P09_22a5b7da14d0ec0d,67htnzmwbb.1,P09,g,dactylology,accepted,train,Mexican Sign Languages Dactylology and Ten First Numbers - Labeled images and videos. From person #6 to #11/persona_9/Ciclo_4_5_Izquierda/Ciclo_4_5_Izq_g.mp4,Ciclo_4_5_Izq_g,pending,,
mendeley_labeled611_P09_09244e1a2fc7fe88,67htnzmwbb.1,P09,g,dactylology,accepted,train,Mexican Sign Languages Dactylology and Ten First Numbers - Labeled images and videos. From person #6 to #11/persona_9/Ciclo_5_5_Derecha/Ciclo_5_5_Derecha_g.mp4,Ciclo_5_5_Derecha_g,pending,,
mendeley_labeled611_P09_57221829d4de1a77,67htnzmwbb.1,P09,g,dactylology,accepted,train,Mexican Sign Languages Dactylology and Ten First Numbers - Labeled images and videos. From person #6 to #11/persona_9/Ciclo_5_5_Izquierda/Ciclo_5_5_Izq_g.mp4,Ciclo_5_5_Izq_g,pending,,
mendeley_labeled611_P09_739023e5c371db7e,67htnzmwbb.1,P09,h,dactylology,accepted,train,Mexican Sign Languages Dactylology and Ten First Numbers - Labeled images and videos. From person #6 to #11/persona_9/Ciclo_1_5_Derecha/Ciclo_1_5_Derecha_h.mp4,Ciclo_1_5_Derecha_h,pending,,
mendeley_labeled611_P09_1f63d8d6806bb044,67htnzmwbb.1,P09,h,dactylology,accepted,train,Mexican Sign Languages Dactylology and Ten First Numbers - Labeled images and videos. From person #6 to #11/persona_9/Ciclo_1_5_Izquierda/Ciclo_1_5_Izq_h.mp4,Ciclo_1_5_Izq_h,pending,,
mendeley_labeled611_P09_659c2258b6241348,67htnzmwbb.1,P09,h,dactylology,accepted,train,Mexican Sign Languages Dactylology and Ten First Numbers - Labeled images and videos. From person #6 to #11/persona_9/Ciclo_2_5_Derecha/Ciclo_2_5_Derecha_h.mp4,Ciclo_2_5_Derecha_h,pending,,
mendeley_labeled611_P09_f78906a938713504,67htnzmwbb.1,P09,h,dactylology,accepted,train,Mexican Sign Languages Dactylology and Ten First Numbers - Labeled images and videos. From person #6 to #11/persona_9/Ciclo_2_5_Izquierda/Ciclo_2_5_Izq_h.mp4,Ciclo_2_5_Izq_h,pending,,
mendeley_labeled611_P09_693682bb5edd1749,67htnzmwbb.1,P09,h,dactylology,accepted,train,Mexican Sign Languages Dactylology and Ten First Numbers - Labeled images and videos. From person #6 to #11/persona_9/Ciclo_3_5_Derecha/Ciclo_3_5_Derecha_h.mp4,Ciclo_3_5_Derecha_h,pending,,
mendeley_labeled611_P09_2f830a297360e2d3,67htnzmwbb.1,P09,h,dactylology,accepted,train,Mexican Sign Languages Dactylology and Ten First Numbers - Labeled images and videos. From person #6 to #11/persona_9/Ciclo_3_5_Izquierda/Ciclo_3_5_Izq_h.mp4,Ciclo_3_5_Izq_h,pending,,
mendeley_labeled611_P09_fbc1aa7603420139,67htnzmwbb.1,P09,h,dactylology,accepted,train,Mexican Sign Languages Dactylology and Ten First Numbers - Labeled images and videos. From person #6 to #11/persona_9/Ciclo_4_5_Derecha/Ciclo_4_5_Derecha_h.mp4,Ciclo_4_5_Derecha_h,pending,,
mendeley_labeled611_P09_c0b69d530267145c,67htnzmwbb.1,P09,h,dactylology,accepted,train,Mexican Sign Languages Dactylology and Ten First Numbers - Labeled images and videos. From person #6 to #11/persona_9/Ciclo_4_5_Izquierda/Ciclo_4_5_Izq_h.mp4,Ciclo_4_5_Izq_h,pending,,
mendeley_labeled611_P09_49ac52c12d15a520,67htnzmwbb.1,P09,h,dactylology,accepted,train,Mexican Sign Languages Dactylology and Ten First Numbers - Labeled images and videos. From person #6 to #11/persona_9/Ciclo_5_5_Derecha/Ciclo_5_5_Derecha_h.mp4,Ciclo_5_5_Derecha_h,pending,,
mendeley_labeled611_P09_33b5fa931241df81,67htnzmwbb.1,P09,h,dactylology,accepted,train,Mexican Sign Languages Dactylology and Ten First Numbers - Labeled images and videos. From person #6 to #11/persona_9/Ciclo_5_5_Izquierda/Ciclo_5_5_Izq_h.mp4,Ciclo_5_5_Izq_h,pending,,
mendeley_labeled611_P09_d24b7009216a60c7,67htnzmwbb.1,P09,i,dactylology,accepted,train,Mexican Sign Languages Dactylology and Ten First Numbers - Labeled images and videos. From person #6 to #11/persona_9/Ciclo_1_5_Derecha/Ciclo_1_5_Derecha_i.mp4,Ciclo_1_5_Derecha_i,pending,,
mendeley_labeled611_P09_d40a0cce4bc43463,67htnzmwbb.1,P09,i,dactylology,accepted,train,Mexican Sign Languages Dactylology and Ten First Numbers - Labeled images and videos. From person #6 to #11/persona_9/Ciclo_1_5_Izquierda/Ciclo_1_5_Izq_i.mp4,Ciclo_1_5_Izq_i,pending,,
mendeley_labeled611_P09_aa86e80d733a1526,67htnzmwbb.1,P09,i,dactylology,accepted,train,Mexican Sign Languages Dactylology and Ten First Numbers - Labeled images and videos. From person #6 to #11/persona_9/Ciclo_2_5_Derecha/Ciclo_2_5_Derecha_i.mp4,Ciclo_2_5_Derecha_i,pending,,
mendeley_labeled611_P09_dae5bf3bce656ced,67htnzmwbb.1,P09,i,dactylology,accepted,train,Mexican Sign Languages Dactylology and Ten First Numbers - Labeled images and videos. From person #6 to #11/persona_9/Ciclo_2_5_Izquierda/Ciclo_2_5_Izq_i.mp4,Ciclo_2_5_Izq_i,pending,,
mendeley_labeled611_P09_da67862066462a96,67htnzmwbb.1,P09,i,dactylology,accepted,train,Mexican Sign Languages Dactylology and Ten First Numbers - Labeled images and videos. From person #6 to #11/persona_9/Ciclo_3_5_Derecha/Ciclo_3_5_Derecha_i.mp4,Ciclo_3_5_Derecha_i,pending,,
mendeley_labeled611_P09_6405a2ca3fe02f0c,67htnzmwbb.1,P09,i,dactylology,accepted,train,Mexican Sign Languages Dactylology and Ten First Numbers - Labeled images and videos. From person #6 to #11/persona_9/Ciclo_3_5_Izquierda/Ciclo_3_5_Izq_i.mp4,Ciclo_3_5_Izq_i,pending,,
mendeley_labeled611_P09_464f82cece745d87,67htnzmwbb.1,P09,i,dactylology,accepted,train,Mexican Sign Languages Dactylology and Ten First Numbers - Labeled images and videos. From person #6 to #11/persona_9/Ciclo_4_5_Derecha/Ciclo_4_5_Derecha_i.mp4,Ciclo_4_5_Derecha_i,pending,,
mendeley_labeled611_P09_f399767ad87db1ef,67htnzmwbb.1,P09,i,dactylology,accepted,train,Mexican Sign Languages Dactylology and Ten First Numbers - Labeled images and videos. From person #6 to #11/persona_9/Ciclo_4_5_Izquierda/Ciclo_4_5_Izq_i.mp4,Ciclo_4_5_Izq_i,pending,,
mendeley_labeled611_P09_632a66eb972fc21d,67htnzmwbb.1,P09,i,dactylology,accepted,train,Mexican Sign Languages Dactylology and Ten First Numbers - Labeled images and videos. From person #6 to #11/persona_9/Ciclo_5_5_Derecha/Ciclo_5_5_Derecha_i.mp4,Ciclo_5_5_Derecha_i,pending,,
mendeley_labeled611_P09_c9a298880c230031,67htnzmwbb.1,P09,i,dactylology,accepted,train,Mexican Sign Languages Dactylology and Ten First Numbers - Labeled images and videos. From person #6 to #11/persona_9/Ciclo_5_5_Izquierda/Ciclo_5_5_Izq_i.mp4,Ciclo_5_5_Izq_i,pending,,
mendeley_labeled611_P09_c6dae2a6a1711589,67htnzmwbb.1,P09,j,dactylology,accepted,train,Mexican Sign Languages Dactylology and Ten First Numbers - Labeled images and videos. From person #6 to #11/persona_9/Ciclo_1_5_Derecha/Ciclo_1_5_Derecha_j.mp4,Ciclo_1_5_Derecha_j,pending,,
mendeley_labeled611_P09_8dea7b0e761fbed9,67htnzmwbb.1,P09,j,dactylology,accepted,train,Mexican Sign Languages Dactylology and Ten First Numbers - Labeled images and videos. From person #6 to #11/persona_9/Ciclo_1_5_Izquierda/Ciclo_1_5_Izq_j.mp4,Ciclo_1_5_Izq_j,pending,,
mendeley_labeled611_P09_348dd9734b976f0e,67htnzmwbb.1,P09,j,dactylology,accepted,train,Mexican Sign Languages Dactylology and Ten First Numbers - Labeled images and videos. From person #6 to #11/persona_9/Ciclo_2_5_Derecha/Ciclo_2_5_Derecha_j.mp4,Ciclo_2_5_Derecha_j,pending,,
mendeley_labeled611_P09_f1a34754be05b7b3,67htnzmwbb.1,P09,j,dactylology,accepted,train,Mexican Sign Languages Dactylology and Ten First Numbers - Labeled images and videos. From person #6 to #11/persona_9/Ciclo_2_5_Izquierda/Ciclo_2_5_Izq_j.mp4,Ciclo_2_5_Izq_j,pending,,
mendeley_labeled611_P09_07abaa6a70be8a07,67htnzmwbb.1,P09,j,dactylology,accepted,train,Mexican Sign Languages Dactylology and Ten First Numbers - Labeled images and videos. From person #6 to #11/persona_9/Ciclo_3_5_Derecha/Ciclo_3_5_Derecha_j.mp4,Ciclo_3_5_Derecha_j,pending,,
mendeley_labeled611_P09_29f795d77a4bbad2,67htnzmwbb.1,P09,j,dactylology,accepted,train,Mexican Sign Languages Dactylology and Ten First Numbers - Labeled images and videos. From person #6 to #11/persona_9/Ciclo_3_5_Izquierda/Ciclo_3_5_Izq_j.mp4,Ciclo_3_5_Izq_j,pending,,
mendeley_labeled611_P09_df29ad7664b063e8,67htnzmwbb.1,P09,j,dactylology,accepted,train,Mexican Sign Languages Dactylology and Ten First Numbers - Labeled images and videos. From person #6 to #11/persona_9/Ciclo_4_5_Derecha/Ciclo_4_5_Derecha_j.mp4,Ciclo_4_5_Derecha_j,pending,,
mendeley_labeled611_P09_d7c9e497b533ec71,67htnzmwbb.1,P09,j,dactylology,accepted,train,Mexican Sign Languages Dactylology and Ten First Numbers - Labeled images and videos. From person #6 to #11/persona_9/Ciclo_4_5_Izquierda/Ciclo_4_5_Izq_j.mp4,Ciclo_4_5_Izq_j,pending,,
mendeley_labeled611_P09_3085d7f6bbcbc544,67htnzmwbb.1,P09,j,dactylology,accepted,train,Mexican Sign Languages Dactylology and Ten First Numbers - Labeled images and videos. From person #6 to #11/persona_9/Ciclo_5_5_Derecha/Ciclo_5_5_Derecha_j.mp4,Ciclo_5_5_Derecha_j,pending,,
mendeley_labeled611_P09_32711b9e7551103e,67htnzmwbb.1,P09,j,dactylology,accepted,train,Mexican Sign Languages Dactylology and Ten First Numbers - Labeled images and videos. From person #6 to #11/persona_9/Ciclo_5_5_Izquierda/Ciclo_5_5_Izq_j.mp4,Ciclo_5_5_Izq_j,pending,,
mendeley_labeled611_P09_e5db74048c7b0857,67htnzmwbb.1,P09,k,dactylology,accepted,train,Mexican Sign Languages Dactylology and Ten First Numbers - Labeled images and videos. From person #6 to #11/persona_9/Ciclo_1_5_Derecha/Ciclo_1_5_Derecha_k.mp4,Ciclo_1_5_Derecha_k,pending,,
mendeley_labeled611_P09_805671035419ecd3,67htnzmwbb.1,P09,k,dactylology,accepted,train,Mexican Sign Languages Dactylology and Ten First Numbers - Labeled images and videos. From person #6 to #11/persona_9/Ciclo_1_5_Izquierda/Ciclo_1_5_Izq_k.mp4,Ciclo_1_5_Izq_k,pending,,
mendeley_labeled611_P09_24e46527726161dc,67htnzmwbb.1,P09,k,dactylology,accepted,train,Mexican Sign Languages Dactylology and Ten First Numbers - Labeled images and videos. From person #6 to #11/persona_9/Ciclo_2_5_Derecha/Ciclo_2_5_Derecha_k.mp4,Ciclo_2_5_Derecha_k,pending,,
mendeley_labeled611_P09_2a740a0156984e14,67htnzmwbb.1,P09,k,dactylology,accepted,train,Mexican Sign Languages Dactylology and Ten First Numbers - Labeled images and videos. From person #6 to #11/persona_9/Ciclo_2_5_Izquierda/Ciclo_2_5_Izq_k.mp4,Ciclo_2_5_Izq_k,pending,,
mendeley_labeled611_P09_8eba63531a7f969d,67htnzmwbb.1,P09,k,dactylology,accepted,train,Mexican Sign Languages Dactylology and Ten First Numbers - Labeled images and videos. From person #6 to #11/persona_9/Ciclo_3_5_Derecha/Ciclo_3_5_Derecha_k.mp4,Ciclo_3_5_Derecha_k,pending,,
mendeley_labeled611_P09_454d681c03fcc739,67htnzmwbb.1,P09,k,dactylology,accepted,train,Mexican Sign Languages Dactylology and Ten First Numbers - Labeled images and videos. From person #6 to #11/persona_9/Ciclo_3_5_Izquierda/Ciclo_3_5_Izq_k.mp4,Ciclo_3_5_Izq_k,pending,,
mendeley_labeled611_P09_bebd91f848725666,67htnzmwbb.1,P09,k,dactylology,accepted,train,Mexican Sign Languages Dactylology and Ten First Numbers - Labeled images and videos. From person #6 to #11/persona_9/Ciclo_4_5_Derecha/Ciclo_4_5_Derecha_k.mp4,Ciclo_4_5_Derecha_k,pending,,
mendeley_labeled611_P09_fda92ae7311dc4f4,67htnzmwbb.1,P09,k,dactylology,accepted,train,Mexican Sign Languages Dactylology and Ten First Numbers - Labeled images and videos. From person #6 to #11/persona_9/Ciclo_4_5_Izquierda/Ciclo_4_5_Izq_k.mp4,Ciclo_4_5_Izq_k,pending,,
mendeley_labeled611_P09_d069feb99fb7e9f3,67htnzmwbb.1,P09,k,dactylology,accepted,train,Mexican Sign Languages Dactylology and Ten First Numbers - Labeled images and videos. From person #6 to #11/persona_9/Ciclo_5_5_Derecha/Ciclo_5_5_Derecha_k.mp4,Ciclo_5_5_Derecha_k,pending,,
mendeley_labeled611_P09_4f40f2458da3e42d,67htnzmwbb.1,P09,k,dactylology,accepted,train,Mexican Sign Languages Dactylology and Ten First Numbers - Labeled images and videos. From person #6 to #11/persona_9/Ciclo_5_5_Izquierda/Ciclo_5_5_Izq_k.mp4,Ciclo_5_5_Izq_k,pending,,
mendeley_labeled611_P09_4b44585beff35b4a,67htnzmwbb.1,P09,l,dactylology,accepted,train,Mexican Sign Languages Dactylology and Ten First Numbers - Labeled images and videos. From person #6 to #11/persona_9/Ciclo_1_5_Derecha/Ciclo_1_5_Derecha_l.mp4,Ciclo_1_5_Derecha_l,pending,,
mendeley_labeled611_P09_25bf4c158185eb4a,67htnzmwbb.1,P09,l,dactylology,accepted,train,Mexican Sign Languages Dactylology and Ten First Numbers - Labeled images and videos. From person #6 to #11/persona_9/Ciclo_1_5_Izquierda/Ciclo_1_5_Izq_l.mp4,Ciclo_1_5_Izq_l,pending,,
mendeley_labeled611_P09_bbfde160da36e401,67htnzmwbb.1,P09,l,dactylology,accepted,train,Mexican Sign Languages Dactylology and Ten First Numbers - Labeled images and videos. From person #6 to #11/persona_9/Ciclo_2_5_Derecha/Ciclo_2_5_Derecha_l.mp4,Ciclo_2_5_Derecha_l,pending,,
mendeley_labeled611_P09_ce337f2cbbf5a796,67htnzmwbb.1,P09,l,dactylology,accepted,train,Mexican Sign Languages Dactylology and Ten First Numbers - Labeled images and videos. From person #6 to #11/persona_9/Ciclo_2_5_Izquierda/Ciclo_2_5_Izq_l.mp4,Ciclo_2_5_Izq_l,pending,,
mendeley_labeled611_P09_afcbc6315997264b,67htnzmwbb.1,P09,l,dactylology,accepted,train,Mexican Sign Languages Dactylology and Ten First Numbers - Labeled images and videos. From person #6 to #11/persona_9/Ciclo_3_5_Derecha/Ciclo_3_5_Derecha_l.mp4,Ciclo_3_5_Derecha_l,pending,,
mendeley_labeled611_P09_e7951012408b0555,67htnzmwbb.1,P09,l,dactylology,accepted,train,Mexican Sign Languages Dactylology and Ten First Numbers - Labeled images and videos. From person #6 to #11/persona_9/Ciclo_3_5_Izquierda/Ciclo_3_5_Izq_l.mp4,Ciclo_3_5_Izq_l,pending,,
mendeley_labeled611_P09_6d62e208aa4cc159,67htnzmwbb.1,P09,l,dactylology,accepted,train,Mexican Sign Languages Dactylology and Ten First Numbers - Labeled images and videos. From person #6 to #11/persona_9/Ciclo_4_5_Derecha/Ciclo_4_5_Derecha_l.mp4,Ciclo_4_5_Derecha_l,pending,,
mendeley_labeled611_P09_b8422ab81b823312,67htnzmwbb.1,P09,l,dactylology,accepted,train,Mexican Sign Languages Dactylology and Ten First Numbers - Labeled images and videos. From person #6 to #11/persona_9/Ciclo_4_5_Izquierda/Ciclo_4_5_Izq_l.mp4,Ciclo_4_5_Izq_l,pending,,
mendeley_labeled611_P09_15e2c39c604f2d6b,67htnzmwbb.1,P09,l,dactylology,accepted,train,Mexican Sign Languages Dactylology and Ten First Numbers - Labeled images and videos. From person #6 to #11/persona_9/Ciclo_5_5_Derecha/Ciclo_5_5_Derecha_l.mp4,Ciclo_5_5_Derecha_l,pending,,
mendeley_labeled611_P09_511206762c3ec0b1,67htnzmwbb.1,P09,l,dactylology,accepted,train,Mexican Sign Languages Dactylology and Ten First Numbers - Labeled images and videos. From person #6 to #11/persona_9/Ciclo_5_5_Izquierda/Ciclo_5_5_Izq_l.mp4,Ciclo_5_5_Izq_l,pending,,
mendeley_labeled611_P09_a1599f50db3f4f33,67htnzmwbb.1,P09,ll,dactylology,accepted,train,Mexican Sign Languages Dactylology and Ten First Numbers - Labeled images and videos. From person #6 to #11/persona_9/Ciclo_1_5_Derecha/Ciclo_1_5_Derecha_ll.mp4,Ciclo_1_5_Derecha_ll,pending,,
mendeley_labeled611_P09_856addd01f830d7e,67htnzmwbb.1,P09,ll,dactylology,accepted,train,Mexican Sign Languages Dactylology and Ten First Numbers - Labeled images and videos. From person #6 to #11/persona_9/Ciclo_1_5_Izquierda/Ciclo_1_5_Izq_ll.mp4,Ciclo_1_5_Izq_ll,pending,,
mendeley_labeled611_P09_9d979c0be3308daf,67htnzmwbb.1,P09,ll,dactylology,accepted,train,Mexican Sign Languages Dactylology and Ten First Numbers - Labeled images and videos. From person #6 to #11/persona_9/Ciclo_2_5_Derecha/Ciclo_2_5_Derecha_ll.mp4,Ciclo_2_5_Derecha_ll,pending,,
mendeley_labeled611_P09_8ff949805f6ec433,67htnzmwbb.1,P09,ll,dactylology,accepted,train,Mexican Sign Languages Dactylology and Ten First Numbers - Labeled images and videos. From person #6 to #11/persona_9/Ciclo_2_5_Izquierda/Ciclo_2_5_Izq_ll.mp4,Ciclo_2_5_Izq_ll,pending,,
mendeley_labeled611_P09_77671b172aa30c90,67htnzmwbb.1,P09,ll,dactylology,accepted,train,Mexican Sign Languages Dactylology and Ten First Numbers - Labeled images and videos. From person #6 to #11/persona_9/Ciclo_3_5_Derecha/Ciclo_3_5_Derecha_ll.mp4,Ciclo_3_5_Derecha_ll,pending,,
mendeley_labeled611_P09_ccb02b0787e48e28,67htnzmwbb.1,P09,ll,dactylology,accepted,train,Mexican Sign Languages Dactylology and Ten First Numbers - Labeled images and videos. From person #6 to #11/persona_9/Ciclo_3_5_Izquierda/Ciclo_3_5_Izq_ll.mp4,Ciclo_3_5_Izq_ll,pending,,
mendeley_labeled611_P09_807beff00a1b19c5,67htnzmwbb.1,P09,ll,dactylology,accepted,train,Mexican Sign Languages Dactylology and Ten First Numbers - Labeled images and videos. From person #6 to #11/persona_9/Ciclo_5_5_Derecha/Ciclo_5_5_Derecha_ll.mp4,Ciclo_5_5_Derecha_ll,pending,,
mendeley_labeled611_P09_ed9599bc1ae5074a,67htnzmwbb.1,P09,m,dactylology,accepted,train,Mexican Sign Languages Dactylology and Ten First Numbers - Labeled images and videos. From person #6 to #11/persona_9/Ciclo_1_5_Derecha/Ciclo_1_5_Derecha_m.mp4,Ciclo_1_5_Derecha_m,pending,,
mendeley_labeled611_P09_969020ded42279a9,67htnzmwbb.1,P09,m,dactylology,accepted,train,Mexican Sign Languages Dactylology and Ten First Numbers - Labeled images and videos. From person #6 to #11/persona_9/Ciclo_1_5_Izquierda/Ciclo_1_5_Izq_m.mp4,Ciclo_1_5_Izq_m,pending,,
mendeley_labeled611_P09_c984b4fb819b7601,67htnzmwbb.1,P09,m,dactylology,accepted,train,Mexican Sign Languages Dactylology and Ten First Numbers - Labeled images and videos. From person #6 to #11/persona_9/Ciclo_2_5_Derecha/Ciclo_2_5_Derecha_m.mp4,Ciclo_2_5_Derecha_m,pending,,
mendeley_labeled611_P09_69526f92344f9b85,67htnzmwbb.1,P09,m,dactylology,accepted,train,Mexican Sign Languages Dactylology and Ten First Numbers - Labeled images and videos. From person #6 to #11/persona_9/Ciclo_2_5_Izquierda/Ciclo_2_5_Izq_m.mp4,Ciclo_2_5_Izq_m,pending,,
mendeley_labeled611_P09_9de65d33664c65b9,67htnzmwbb.1,P09,m,dactylology,accepted,train,Mexican Sign Languages Dactylology and Ten First Numbers - Labeled images and videos. From person #6 to #11/persona_9/Ciclo_3_5_Derecha/Ciclo_3_5_Derecha_m.mp4,Ciclo_3_5_Derecha_m,pending,,
mendeley_labeled611_P09_00ef5469ab95de34,67htnzmwbb.1,P09,m,dactylology,accepted,train,Mexican Sign Languages Dactylology and Ten First Numbers - Labeled images and videos. From person #6 to #11/persona_9/Ciclo_3_5_Izquierda/Ciclo_3_5_Izq_m.mp4,Ciclo_3_5_Izq_m,pending,,
mendeley_labeled611_P09_b88aeba7ce8dbb37,67htnzmwbb.1,P09,m,dactylology,accepted,train,Mexican Sign Languages Dactylology and Ten First Numbers - Labeled images and videos. From person #6 to #11/persona_9/Ciclo_4_5_Derecha/Ciclo_4_5_Derecha_m.mp4,Ciclo_4_5_Derecha_m,pending,,
mendeley_labeled611_P09_cf01dffa5a3bcd6a,67htnzmwbb.1,P09,m,dactylology,accepted,train,Mexican Sign Languages Dactylology and Ten First Numbers - Labeled images and videos. From person #6 to #11/persona_9/Ciclo_4_5_Izquierda/Ciclo_4_5_Izq_m.mp4,Ciclo_4_5_Izq_m,pending,,
mendeley_labeled611_P09_f806e01878903b85,67htnzmwbb.1,P09,m,dactylology,accepted,train,Mexican Sign Languages Dactylology and Ten First Numbers - Labeled images and videos. From person #6 to #11/persona_9/Ciclo_5_5_Derecha/Ciclo_5_5_Derecha_m.mp4,Ciclo_5_5_Derecha_m,pending,,
mendeley_labeled611_P09_6b06dafb037f81f1,67htnzmwbb.1,P09,m,dactylology,accepted,train,Mexican Sign Languages Dactylology and Ten First Numbers - Labeled images and videos. From person #6 to #11/persona_9/Ciclo_5_5_Izquierda/Ciclo_5_5_Izq_m.mp4,Ciclo_5_5_Izq_m,pending,,
mendeley_labeled611_P09_e46e1f0edc3b365f,67htnzmwbb.1,P09,n,dactylology,accepted,train,Mexican Sign Languages Dactylology and Ten First Numbers - Labeled images and videos. From person #6 to #11/persona_9/Ciclo_1_5_Derecha/Ciclo_1_5_Derecha_n.mp4,Ciclo_1_5_Derecha_n,pending,,
mendeley_labeled611_P09_4ae89215d8799562,67htnzmwbb.1,P09,n,dactylology,accepted,train,Mexican Sign Languages Dactylology and Ten First Numbers - Labeled images and videos. From person #6 to #11/persona_9/Ciclo_2_5_Derecha/Ciclo_2_5_Derecha_n.mp4,Ciclo_2_5_Derecha_n,pending,,
mendeley_labeled611_P09_bf28ac78dbf32f22,67htnzmwbb.1,P09,n,dactylology,accepted,train,Mexican Sign Languages Dactylology and Ten First Numbers - Labeled images and videos. From person #6 to #11/persona_9/Ciclo_2_5_Izquierda/Ciclo_2_5_Izq_n.mp4,Ciclo_2_5_Izq_n,pending,,
mendeley_labeled611_P09_f451ed1df99e7db4,67htnzmwbb.1,P09,n,dactylology,accepted,train,Mexican Sign Languages Dactylology and Ten First Numbers - Labeled images and videos. From person #6 to #11/persona_9/Ciclo_3_5_Derecha/Ciclo_3_5_Derecha_n.mp4,Ciclo_3_5_Derecha_n,pending,,
mendeley_labeled611_P09_5edd3988fc95d100,67htnzmwbb.1,P09,n,dactylology,accepted,train,Mexican Sign Languages Dactylology and Ten First Numbers - Labeled images and videos. From person #6 to #11/persona_9/Ciclo_3_5_Izquierda/Ciclo_3_5_Izq_n.mp4,Ciclo_3_5_Izq_n,pending,,
mendeley_labeled611_P09_0156e08380d2c7e1,67htnzmwbb.1,P09,n,dactylology,accepted,train,Mexican Sign Languages Dactylology and Ten First Numbers - Labeled images and videos. From person #6 to #11/persona_9/Ciclo_4_5_Derecha/Ciclo_4_5_Derecha_n.mp4,Ciclo_4_5_Derecha_n,pending,,
mendeley_labeled611_P09_fb63418edaccc269,67htnzmwbb.1,P09,n,dactylology,accepted,train,Mexican Sign Languages Dactylology and Ten First Numbers - Labeled images and videos. From person #6 to #11/persona_9/Ciclo_4_5_Izquierda/Ciclo_4_5_Izq_n.mp4,Ciclo_4_5_Izq_n,pending,,
mendeley_labeled611_P09_61c09e0807dc1646,67htnzmwbb.1,P09,n,dactylology,accepted,train,Mexican Sign Languages Dactylology and Ten First Numbers - Labeled images and videos. From person #6 to #11/persona_9/Ciclo_5_5_Derecha/Ciclo_5_5_Derecha_n.mp4,Ciclo_5_5_Derecha_n,pending,,
mendeley_labeled611_P09_1f812e8e72ae3f8f,67htnzmwbb.1,P09,o,dactylology,accepted,train,Mexican Sign Languages Dactylology and Ten First Numbers - Labeled images and videos. From person #6 to #11/persona_9/Ciclo_1_5_Derecha/Ciclo_1_5_Derecha_o.mp4,Ciclo_1_5_Derecha_o,pending,,
mendeley_labeled611_P09_d28e69c142e887b1,67htnzmwbb.1,P09,o,dactylology,accepted,train,Mexican Sign Languages Dactylology and Ten First Numbers - Labeled images and videos. From person #6 to #11/persona_9/Ciclo_1_5_Izquierda/Ciclo_1_5_Izq_o.mp4,Ciclo_1_5_Izq_o,pending,,
mendeley_labeled611_P09_2bef33622cbaa7a6,67htnzmwbb.1,P09,o,dactylology,accepted,train,Mexican Sign Languages Dactylology and Ten First Numbers - Labeled images and videos. From person #6 to #11/persona_9/Ciclo_2_5_Derecha/Ciclo_2_5_Derecha_o.mp4,Ciclo_2_5_Derecha_o,pending,,
mendeley_labeled611_P09_62011156aa3a5c0b,67htnzmwbb.1,P09,o,dactylology,accepted,train,Mexican Sign Languages Dactylology and Ten First Numbers - Labeled images and videos. From person #6 to #11/persona_9/Ciclo_2_5_Izquierda/Ciclo_2_5_Izq_o.mp4,Ciclo_2_5_Izq_o,pending,,
mendeley_labeled611_P09_b72e9e711e22214c,67htnzmwbb.1,P09,o,dactylology,accepted,train,Mexican Sign Languages Dactylology and Ten First Numbers - Labeled images and videos. From person #6 to #11/persona_9/Ciclo_3_5_Derecha/Ciclo_3_5_Derecha_o.mp4,Ciclo_3_5_Derecha_o,pending,,
mendeley_labeled611_P09_4c947c8893b8bf4b,67htnzmwbb.1,P09,o,dactylology,accepted,train,Mexican Sign Languages Dactylology and Ten First Numbers - Labeled images and videos. From person #6 to #11/persona_9/Ciclo_3_5_Izquierda/Ciclo_3_5_Izq_o.mp4,Ciclo_3_5_Izq_o,pending,,
mendeley_labeled611_P09_79067995b7c8f124,67htnzmwbb.1,P09,o,dactylology,accepted,train,Mexican Sign Languages Dactylology and Ten First Numbers - Labeled images and videos. From person #6 to #11/persona_9/Ciclo_4_5_Derecha/Ciclo_4_5_Derecha_o.mp4,Ciclo_4_5_Derecha_o,pending,,
mendeley_labeled611_P09_3b7378ac69e291e0,67htnzmwbb.1,P09,o,dactylology,accepted,train,Mexican Sign Languages Dactylology and Ten First Numbers - Labeled images and videos. From person #6 to #11/persona_9/Ciclo_4_5_Izquierda/Ciclo_4_5_Izq_o.mp4,Ciclo_4_5_Izq_o,pending,,
mendeley_labeled611_P09_d478310f8fa749ad,67htnzmwbb.1,P09,o,dactylology,accepted,train,Mexican Sign Languages Dactylology and Ten First Numbers - Labeled images and videos. From person #6 to #11/persona_9/Ciclo_5_5_Derecha/Ciclo_5_5_Derecha_o.mp4,Ciclo_5_5_Derecha_o,pending,,
mendeley_labeled611_P09_c2f16d6d02b9927a,67htnzmwbb.1,P09,o,dactylology,accepted,train,Mexican Sign Languages Dactylology and Ten First Numbers - Labeled images and videos. From person #6 to #11/persona_9/Ciclo_5_5_Izquierda/Ciclo_5_5_Izq_o.mp4,Ciclo_5_5_Izq_o,pending,,
mendeley_labeled611_P09_93290e69d6dbd6a3,67htnzmwbb.1,P09,p,dactylology,accepted,train,Mexican Sign Languages Dactylology and Ten First Numbers - Labeled images and videos. From person #6 to #11/persona_9/Ciclo_1_5_Derecha/Ciclo_1_5_Derecha_p.mp4,Ciclo_1_5_Derecha_p,pending,,
mendeley_labeled611_P09_c371af9d36521a9c,67htnzmwbb.1,P09,p,dactylology,accepted,train,Mexican Sign Languages Dactylology and Ten First Numbers - Labeled images and videos. From person #6 to #11/persona_9/Ciclo_1_5_Izquierda/Ciclo_1_5_Izq_p.mp4,Ciclo_1_5_Izq_p,pending,,
mendeley_labeled611_P09_2f85c8279de366ca,67htnzmwbb.1,P09,p,dactylology,accepted,train,Mexican Sign Languages Dactylology and Ten First Numbers - Labeled images and videos. From person #6 to #11/persona_9/Ciclo_2_5_Derecha/Ciclo_2_5_Derecha_p.mp4,Ciclo_2_5_Derecha_p,pending,,
mendeley_labeled611_P09_915213c455e80fe8,67htnzmwbb.1,P09,p,dactylology,accepted,train,Mexican Sign Languages Dactylology and Ten First Numbers - Labeled images and videos. From person #6 to #11/persona_9/Ciclo_2_5_Izquierda/Ciclo_2_5_Izq_p.mp4,Ciclo_2_5_Izq_p,pending,,
mendeley_labeled611_P09_169e257976265c1e,67htnzmwbb.1,P09,p,dactylology,accepted,train,Mexican Sign Languages Dactylology and Ten First Numbers - Labeled images and videos. From person #6 to #11/persona_9/Ciclo_3_5_Derecha/Ciclo_3_5_Derecha_p.mp4,Ciclo_3_5_Derecha_p,pending,,
mendeley_labeled611_P09_0b814d4de985575d,67htnzmwbb.1,P09,p,dactylology,accepted,train,Mexican Sign Languages Dactylology and Ten First Numbers - Labeled images and videos. From person #6 to #11/persona_9/Ciclo_3_5_Izquierda/Ciclo_3_5_Izq_p.mp4,Ciclo_3_5_Izq_p,pending,,
mendeley_labeled611_P09_be3f456a056b7ec2,67htnzmwbb.1,P09,p,dactylology,accepted,train,Mexican Sign Languages Dactylology and Ten First Numbers - Labeled images and videos. From person #6 to #11/persona_9/Ciclo_4_5_Derecha/Ciclo_4_5_Derecha_p.mp4,Ciclo_4_5_Derecha_p,pending,,
mendeley_labeled611_P09_ad7f063c9f2a87d4,67htnzmwbb.1,P09,p,dactylology,accepted,train,Mexican Sign Languages Dactylology and Ten First Numbers - Labeled images and videos. From person #6 to #11/persona_9/Ciclo_4_5_Izquierda/Ciclo_4_5_Izq_p.mp4,Ciclo_4_5_Izq_p,pending,,
mendeley_labeled611_P09_be33f8a935d954b9,67htnzmwbb.1,P09,p,dactylology,accepted,train,Mexican Sign Languages Dactylology and Ten First Numbers - Labeled images and videos. From person #6 to #11/persona_9/Ciclo_5_5_Derecha/Ciclo_5_5_Derecha_p.mp4,Ciclo_5_5_Derecha_p,pending,,
mendeley_labeled611_P09_bdeaa54e2515725f,67htnzmwbb.1,P09,p,dactylology,accepted,train,Mexican Sign Languages Dactylology and Ten First Numbers - Labeled images and videos. From person #6 to #11/persona_9/Ciclo_5_5_Izquierda/Ciclo_5_5_Izq_p.mp4,Ciclo_5_5_Izq_p,pending,,
mendeley_labeled611_P09_037f133121d7072c,67htnzmwbb.1,P09,q,dactylology,accepted,train,Mexican Sign Languages Dactylology and Ten First Numbers - Labeled images and videos. From person #6 to #11/persona_9/Ciclo_1_5_Derecha/Ciclo_1_5_Derecha_q.mp4,Ciclo_1_5_Derecha_q,pending,,
mendeley_labeled611_P09_085e187b9769606b,67htnzmwbb.1,P09,q,dactylology,accepted,train,Mexican Sign Languages Dactylology and Ten First Numbers - Labeled images and videos. From person #6 to #11/persona_9/Ciclo_1_5_Izquierda/Ciclo_1_5_Izq_q.mp4,Ciclo_1_5_Izq_q,pending,,
mendeley_labeled611_P09_78b151bbab5f3fb9,67htnzmwbb.1,P09,q,dactylology,accepted,train,Mexican Sign Languages Dactylology and Ten First Numbers - Labeled images and videos. From person #6 to #11/persona_9/Ciclo_2_5_Derecha/Ciclo_2_5_Derecha_q.mp4,Ciclo_2_5_Derecha_q,pending,,
mendeley_labeled611_P09_2c5fa6be9fc3ea27,67htnzmwbb.1,P09,q,dactylology,accepted,train,Mexican Sign Languages Dactylology and Ten First Numbers - Labeled images and videos. From person #6 to #11/persona_9/Ciclo_2_5_Izquierda/Ciclo_2_5_Izq_q.mp4,Ciclo_2_5_Izq_q,pending,,
mendeley_labeled611_P09_d078f51273926b9c,67htnzmwbb.1,P09,q,dactylology,accepted,train,Mexican Sign Languages Dactylology and Ten First Numbers - Labeled images and videos. From person #6 to #11/persona_9/Ciclo_3_5_Derecha/Ciclo_3_5_Derecha_q.mp4,Ciclo_3_5_Derecha_q,pending,,
mendeley_labeled611_P09_e1a3d3255a0ea113,67htnzmwbb.1,P09,q,dactylology,accepted,train,Mexican Sign Languages Dactylology and Ten First Numbers - Labeled images and videos. From person #6 to #11/persona_9/Ciclo_3_5_Izquierda/Ciclo_3_5_Izq_q.mp4,Ciclo_3_5_Izq_q,pending,,
mendeley_labeled611_P09_dddbf409e7c2b392,67htnzmwbb.1,P09,q,dactylology,accepted,train,Mexican Sign Languages Dactylology and Ten First Numbers - Labeled images and videos. From person #6 to #11/persona_9/Ciclo_4_5_Derecha/Ciclo_4_5_Derecha_q.mp4,Ciclo_4_5_Derecha_q,pending,,
mendeley_labeled611_P09_2b0945341cf4c40f,67htnzmwbb.1,P09,q,dactylology,accepted,train,Mexican Sign Languages Dactylology and Ten First Numbers - Labeled images and videos. From person #6 to #11/persona_9/Ciclo_4_5_Izquierda/Ciclo_4_5_Izq_q.mp4,Ciclo_4_5_Izq_q,pending,,
mendeley_labeled611_P09_5500cde6acf49792,67htnzmwbb.1,P09,q,dactylology,accepted,train,Mexican Sign Languages Dactylology and Ten First Numbers - Labeled images and videos. From person #6 to #11/persona_9/Ciclo_5_5_Derecha/Ciclo_5_5_Derecha_q.mp4,Ciclo_5_5_Derecha_q,pending,,
mendeley_labeled611_P09_c336266f2784b111,67htnzmwbb.1,P09,q,dactylology,accepted,train,Mexican Sign Languages Dactylology and Ten First Numbers - Labeled images and videos. From person #6 to #11/persona_9/Ciclo_5_5_Izquierda/Ciclo_5_5_Izq_q.mp4,Ciclo_5_5_Izq_q,pending,,
mendeley_labeled611_P09_fdf4e01f71e39708,67htnzmwbb.1,P09,r,dactylology,accepted,train,Mexican Sign Languages Dactylology and Ten First Numbers - Labeled images and videos. From person #6 to #11/persona_9/Ciclo_1_5_Derecha/Ciclo_1_5_Derecha_r.mp4,Ciclo_1_5_Derecha_r,pending,,
mendeley_labeled611_P09_f75b4d62fa30aea8,67htnzmwbb.1,P09,r,dactylology,accepted,train,Mexican Sign Languages Dactylology and Ten First Numbers - Labeled images and videos. From person #6 to #11/persona_9/Ciclo_1_5_Izquierda/Ciclo_1_5_Izq_r.mp4,Ciclo_1_5_Izq_r,pending,,
mendeley_labeled611_P09_79ab5f587a8d5b1d,67htnzmwbb.1,P09,r,dactylology,accepted,train,Mexican Sign Languages Dactylology and Ten First Numbers - Labeled images and videos. From person #6 to #11/persona_9/Ciclo_2_5_Derecha/Ciclo_2_5_Derecha_r.mp4,Ciclo_2_5_Derecha_r,pending,,
mendeley_labeled611_P09_6c8877485c559d21,67htnzmwbb.1,P09,r,dactylology,accepted,train,Mexican Sign Languages Dactylology and Ten First Numbers - Labeled images and videos. From person #6 to #11/persona_9/Ciclo_2_5_Izquierda/Ciclo_2_5_Izq_r.mp4,Ciclo_2_5_Izq_r,pending,,
mendeley_labeled611_P09_3d728f8f06288a83,67htnzmwbb.1,P09,r,dactylology,accepted,train,Mexican Sign Languages Dactylology and Ten First Numbers - Labeled images and videos. From person #6 to #11/persona_9/Ciclo_3_5_Izquierda/Ciclo_3_5_Izq_r.mp4,Ciclo_3_5_Izq_r,pending,,
mendeley_labeled611_P09_161a705db6571ef6,67htnzmwbb.1,P09,r,dactylology,accepted,train,Mexican Sign Languages Dactylology and Ten First Numbers - Labeled images and videos. From person #6 to #11/persona_9/Ciclo_4_5_Derecha/Ciclo_4_5_Derecha_r.mp4,Ciclo_4_5_Derecha_r,pending,,
mendeley_labeled611_P09_7d58111b3ad6bf16,67htnzmwbb.1,P09,r,dactylology,accepted,train,Mexican Sign Languages Dactylology and Ten First Numbers - Labeled images and videos. From person #6 to #11/persona_9/Ciclo_4_5_Izquierda/Ciclo_4_5_Izq_r.mp4,Ciclo_4_5_Izq_r,pending,,
mendeley_labeled611_P09_92a417468de055f5,67htnzmwbb.1,P09,r,dactylology,accepted,train,Mexican Sign Languages Dactylology and Ten First Numbers - Labeled images and videos. From person #6 to #11/persona_9/Ciclo_5_5_Derecha/Ciclo_5_5_Derecha_r.mp4,Ciclo_5_5_Derecha_r,pending,,
mendeley_labeled611_P09_f58620de5d69ad45,67htnzmwbb.1,P09,r,dactylology,accepted,train,Mexican Sign Languages Dactylology and Ten First Numbers - Labeled images and videos. From person #6 to #11/persona_9/Ciclo_5_5_Izquierda/Ciclo_5_5_Izq_r.mp4,Ciclo_5_5_Izq_r,pending,,
mendeley_labeled611_P09_460aca45e7c4d0a5,67htnzmwbb.1,P09,rr,dactylology,accepted,train,Mexican Sign Languages Dactylology and Ten First Numbers - Labeled images and videos. From person #6 to #11/persona_9/Ciclo_1_5_Derecha/Ciclo_1_5_Derecha_rr.mp4,Ciclo_1_5_Derecha_rr,pending,,
mendeley_labeled611_P09_afb8c8ac4cdd3d94,67htnzmwbb.1,P09,rr,dactylology,accepted,train,Mexican Sign Languages Dactylology and Ten First Numbers - Labeled images and videos. From person #6 to #11/persona_9/Ciclo_1_5_Izquierda/Ciclo_1_5_Izq_rr.mp4,Ciclo_1_5_Izq_rr,pending,,
mendeley_labeled611_P09_ccf12772c4d20d24,67htnzmwbb.1,P09,rr,dactylology,accepted,train,Mexican Sign Languages Dactylology and Ten First Numbers - Labeled images and videos. From person #6 to #11/persona_9/Ciclo_2_5_Derecha/Ciclo_2_5_Derecha_rr.mp4,Ciclo_2_5_Derecha_rr,pending,,
mendeley_labeled611_P09_bf821015aa67c3e0,67htnzmwbb.1,P09,rr,dactylology,accepted,train,Mexican Sign Languages Dactylology and Ten First Numbers - Labeled images and videos. From person #6 to #11/persona_9/Ciclo_2_5_Izquierda/Ciclo_2_5_Izq_rr.mp4,Ciclo_2_5_Izq_rr,pending,,
mendeley_labeled611_P09_778a467773d724c3,67htnzmwbb.1,P09,rr,dactylology,accepted,train,Mexican Sign Languages Dactylology and Ten First Numbers - Labeled images and videos. From person #6 to #11/persona_9/Ciclo_3_5_Derecha/Ciclo_3_5_Derecha_rr.mp4,Ciclo_3_5_Derecha_rr,pending,,
mendeley_labeled611_P09_26fca0aa824bbca4,67htnzmwbb.1,P09,rr,dactylology,accepted,train,Mexican Sign Languages Dactylology and Ten First Numbers - Labeled images and videos. From person #6 to #11/persona_9/Ciclo_3_5_Izquierda/Ciclo_3_5_Izq_rr.mp4,Ciclo_3_5_Izq_rr,pending,,
mendeley_labeled611_P09_6e5f6f98ef314d50,67htnzmwbb.1,P09,rr,dactylology,accepted,train,Mexican Sign Languages Dactylology and Ten First Numbers - Labeled images and videos. From person #6 to #11/persona_9/Ciclo_5_5_Derecha/Ciclo_5_5_Derecha_rr.mp4,Ciclo_5_5_Derecha_rr,pending,,
mendeley_labeled611_P09_ecdd718f1fa78bf4,67htnzmwbb.1,P09,s,dactylology,accepted,train,Mexican Sign Languages Dactylology and Ten First Numbers - Labeled images and videos. From person #6 to #11/persona_9/Ciclo_1_5_Derecha/Ciclo_1_5_Derecha_s.mp4,Ciclo_1_5_Derecha_s,pending,,
mendeley_labeled611_P09_d85f5185027061de,67htnzmwbb.1,P09,s,dactylology,accepted,train,Mexican Sign Languages Dactylology and Ten First Numbers - Labeled images and videos. From person #6 to #11/persona_9/Ciclo_1_5_Izquierda/Ciclo_1_5_Izq_s.mp4,Ciclo_1_5_Izq_s,pending,,
mendeley_labeled611_P09_b7a953b0cd46ac2d,67htnzmwbb.1,P09,s,dactylology,accepted,train,Mexican Sign Languages Dactylology and Ten First Numbers - Labeled images and videos. From person #6 to #11/persona_9/Ciclo_2_5_Derecha/Ciclo_2_5_Derecha_s.mp4,Ciclo_2_5_Derecha_s,pending,,
mendeley_labeled611_P09_cbdc694a6682f220,67htnzmwbb.1,P09,s,dactylology,accepted,train,Mexican Sign Languages Dactylology and Ten First Numbers - Labeled images and videos. From person #6 to #11/persona_9/Ciclo_2_5_Izquierda/Ciclo_2_5_Izq_s.mp4,Ciclo_2_5_Izq_s,pending,,
mendeley_labeled611_P09_87b136bf7f7fcf45,67htnzmwbb.1,P09,s,dactylology,accepted,train,Mexican Sign Languages Dactylology and Ten First Numbers - Labeled images and videos. From person #6 to #11/persona_9/Ciclo_3_5_Derecha/Ciclo_3_5_Derecha_s.mp4,Ciclo_3_5_Derecha_s,pending,,
mendeley_labeled611_P09_9aa82c2fa2f78dd3,67htnzmwbb.1,P09,s,dactylology,accepted,train,Mexican Sign Languages Dactylology and Ten First Numbers - Labeled images and videos. From person #6 to #11/persona_9/Ciclo_3_5_Izquierda/Ciclo_3_5_Izq_s.mp4,Ciclo_3_5_Izq_s,pending,,
mendeley_labeled611_P09_b01b8e6e62d328c5,67htnzmwbb.1,P09,s,dactylology,accepted,train,Mexican Sign Languages Dactylology and Ten First Numbers - Labeled images and videos. From person #6 to #11/persona_9/Ciclo_4_5_Derecha/Ciclo_4_5_Derecha_s.mp4,Ciclo_4_5_Derecha_s,pending,,
mendeley_labeled611_P09_eb8931a0793ea891,67htnzmwbb.1,P09,s,dactylology,accepted,train,Mexican Sign Languages Dactylology and Ten First Numbers - Labeled images and videos. From person #6 to #11/persona_9/Ciclo_4_5_Izquierda/Ciclo_4_5_Izq_s.mp4,Ciclo_4_5_Izq_s,pending,,
mendeley_labeled611_P09_01591d7d0801b042,67htnzmwbb.1,P09,s,dactylology,accepted,train,Mexican Sign Languages Dactylology and Ten First Numbers - Labeled images and videos. From person #6 to #11/persona_9/Ciclo_5_5_Derecha/Ciclo_5_5_Derecha_s.mp4,Ciclo_5_5_Derecha_s,pending,,
mendeley_labeled611_P09_7d9a9ed2b8880b68,67htnzmwbb.1,P09,s,dactylology,accepted,train,Mexican Sign Languages Dactylology and Ten First Numbers - Labeled images and videos. From person #6 to #11/persona_9/Ciclo_5_5_Izquierda/Ciclo_5_5_Izq_s.mp4,Ciclo_5_5_Izq_s,pending,,
mendeley_labeled611_P09_d7e860ff5326bd64,67htnzmwbb.1,P09,t,dactylology,accepted,train,Mexican Sign Languages Dactylology and Ten First Numbers - Labeled images and videos. From person #6 to #11/persona_9/Ciclo_1_5_Derecha/Ciclo_1_5_Derecha_t.mp4,Ciclo_1_5_Derecha_t,pending,,
mendeley_labeled611_P09_6f1deb1040beec85,67htnzmwbb.1,P09,t,dactylology,accepted,train,Mexican Sign Languages Dactylology and Ten First Numbers - Labeled images and videos. From person #6 to #11/persona_9/Ciclo_1_5_Izquierda/Ciclo_1_5_Izq_t.mp4,Ciclo_1_5_Izq_t,pending,,
mendeley_labeled611_P09_8f9f7aaa46ef16e5,67htnzmwbb.1,P09,t,dactylology,accepted,train,Mexican Sign Languages Dactylology and Ten First Numbers - Labeled images and videos. From person #6 to #11/persona_9/Ciclo_2_5_Derecha/Ciclo_2_5_Derecha_t.mp4,Ciclo_2_5_Derecha_t,pending,,
mendeley_labeled611_P09_0205f11aa2fa8186,67htnzmwbb.1,P09,t,dactylology,accepted,train,Mexican Sign Languages Dactylology and Ten First Numbers - Labeled images and videos. From person #6 to #11/persona_9/Ciclo_2_5_Izquierda/Ciclo_2_5_Izq_t.mp4,Ciclo_2_5_Izq_t,pending,,
mendeley_labeled611_P09_9414d67375564210,67htnzmwbb.1,P09,t,dactylology,accepted,train,Mexican Sign Languages Dactylology and Ten First Numbers - Labeled images and videos. From person #6 to #11/persona_9/Ciclo_3_5_Derecha/Ciclo_3_5_Derecha_t.mp4,Ciclo_3_5_Derecha_t,pending,,
mendeley_labeled611_P09_0badbaade7c6ad5a,67htnzmwbb.1,P09,t,dactylology,accepted,train,Mexican Sign Languages Dactylology and Ten First Numbers - Labeled images and videos. From person #6 to #11/persona_9/Ciclo_3_5_Izquierda/Ciclo_3_5_Izq_t.mp4,Ciclo_3_5_Izq_t,pending,,
mendeley_labeled611_P09_118b5fb8dc8a4e34,67htnzmwbb.1,P09,t,dactylology,accepted,train,Mexican Sign Languages Dactylology and Ten First Numbers - Labeled images and videos. From person #6 to #11/persona_9/Ciclo_4_5_Derecha/Ciclo_4_5_Derecha_t.mp4,Ciclo_4_5_Derecha_t,pending,,
mendeley_labeled611_P09_a9cad8f57aef26d0,67htnzmwbb.1,P09,t,dactylology,accepted,train,Mexican Sign Languages Dactylology and Ten First Numbers - Labeled images and videos. From person #6 to #11/persona_9/Ciclo_4_5_Izquierda/Ciclo_4_5_Izq_t.mp4,Ciclo_4_5_Izq_t,pending,,
mendeley_labeled611_P09_f3ae099c6243f232,67htnzmwbb.1,P09,t,dactylology,accepted,train,Mexican Sign Languages Dactylology and Ten First Numbers - Labeled images and videos. From person #6 to #11/persona_9/Ciclo_5_5_Derecha/Ciclo_5_5_Derecha_t.mp4,Ciclo_5_5_Derecha_t,pending,,
mendeley_labeled611_P09_513d34b29ec2305e,67htnzmwbb.1,P09,t,dactylology,accepted,train,Mexican Sign Languages Dactylology and Ten First Numbers - Labeled images and videos. From person #6 to #11/persona_9/Ciclo_5_5_Izquierda/Ciclo_5_5_Izq_t.mp4,Ciclo_5_5_Izq_t,pending,,
mendeley_labeled611_P09_233de2e9da746936,67htnzmwbb.1,P09,u,dactylology,accepted,train,Mexican Sign Languages Dactylology and Ten First Numbers - Labeled images and videos. From person #6 to #11/persona_9/Ciclo_1_5_Derecha/Ciclo_1_5_Derecha_u.mp4,Ciclo_1_5_Derecha_u,pending,,
mendeley_labeled611_P09_60ead516b808b96c,67htnzmwbb.1,P09,u,dactylology,accepted,train,Mexican Sign Languages Dactylology and Ten First Numbers - Labeled images and videos. From person #6 to #11/persona_9/Ciclo_1_5_Izquierda/Ciclo_1_5_Izq_u.mp4,Ciclo_1_5_Izq_u,pending,,
mendeley_labeled611_P09_d0aed931a8f20320,67htnzmwbb.1,P09,u,dactylology,accepted,train,Mexican Sign Languages Dactylology and Ten First Numbers - Labeled images and videos. From person #6 to #11/persona_9/Ciclo_2_5_Derecha/Ciclo_2_5_Derecha_u.mp4,Ciclo_2_5_Derecha_u,pending,,
mendeley_labeled611_P09_8fd5f5a85303419e,67htnzmwbb.1,P09,u,dactylology,accepted,train,Mexican Sign Languages Dactylology and Ten First Numbers - Labeled images and videos. From person #6 to #11/persona_9/Ciclo_2_5_Izquierda/Ciclo_2_5_Izq_u.mp4,Ciclo_2_5_Izq_u,pending,,
mendeley_labeled611_P09_9be543a95780f2a1,67htnzmwbb.1,P09,u,dactylology,accepted,train,Mexican Sign Languages Dactylology and Ten First Numbers - Labeled images and videos. From person #6 to #11/persona_9/Ciclo_3_5_Derecha/Ciclo_3_5_Derecha_u.mp4,Ciclo_3_5_Derecha_u,pending,,
mendeley_labeled611_P09_0de04511c3da9935,67htnzmwbb.1,P09,u,dactylology,accepted,train,Mexican Sign Languages Dactylology and Ten First Numbers - Labeled images and videos. From person #6 to #11/persona_9/Ciclo_3_5_Izquierda/Ciclo_3_5_Izq_u.mp4,Ciclo_3_5_Izq_u,pending,,
mendeley_labeled611_P09_bde5e861cfe01488,67htnzmwbb.1,P09,u,dactylology,accepted,train,Mexican Sign Languages Dactylology and Ten First Numbers - Labeled images and videos. From person #6 to #11/persona_9/Ciclo_4_5_Derecha/Ciclo_4_5_Derecha_u.mp4,Ciclo_4_5_Derecha_u,pending,,
mendeley_labeled611_P09_afedc3b80988bc62,67htnzmwbb.1,P09,u,dactylology,accepted,train,Mexican Sign Languages Dactylology and Ten First Numbers - Labeled images and videos. From person #6 to #11/persona_9/Ciclo_4_5_Izquierda/Ciclo_4_5_Izq_u.mp4,Ciclo_4_5_Izq_u,pending,,
mendeley_labeled611_P09_e6b291da9c4da063,67htnzmwbb.1,P09,u,dactylology,accepted,train,Mexican Sign Languages Dactylology and Ten First Numbers - Labeled images and videos. From person #6 to #11/persona_9/Ciclo_5_5_Derecha/Ciclo_5_5_Derecha_u.mp4,Ciclo_5_5_Derecha_u,pending,,
mendeley_labeled611_P09_31b49cdba87090fb,67htnzmwbb.1,P09,u,dactylology,accepted,train,Mexican Sign Languages Dactylology and Ten First Numbers - Labeled images and videos. From person #6 to #11/persona_9/Ciclo_5_5_Izquierda/Ciclo_5_5_Izq_u.mp4,Ciclo_5_5_Izq_u,pending,,
mendeley_labeled611_P09_ffbfa785ca2bf6b0,67htnzmwbb.1,P09,v,dactylology,accepted,train,Mexican Sign Languages Dactylology and Ten First Numbers - Labeled images and videos. From person #6 to #11/persona_9/Ciclo_1_5_Derecha/Ciclo_1_5_Derecha_v.mp4,Ciclo_1_5_Derecha_v,pending,,
mendeley_labeled611_P09_b1e25cae8164de47,67htnzmwbb.1,P09,v,dactylology,accepted,train,Mexican Sign Languages Dactylology and Ten First Numbers - Labeled images and videos. From person #6 to #11/persona_9/Ciclo_1_5_Izquierda/Ciclo_1_5_Izq_v.mp4,Ciclo_1_5_Izq_v,pending,,
mendeley_labeled611_P09_1742681e30db1914,67htnzmwbb.1,P09,v,dactylology,accepted,train,Mexican Sign Languages Dactylology and Ten First Numbers - Labeled images and videos. From person #6 to #11/persona_9/Ciclo_2_5_Derecha/Ciclo_2_5_Derecha_v.mp4,Ciclo_2_5_Derecha_v,pending,,
mendeley_labeled611_P09_b6e25d6dfe5af065,67htnzmwbb.1,P09,v,dactylology,accepted,train,Mexican Sign Languages Dactylology and Ten First Numbers - Labeled images and videos. From person #6 to #11/persona_9/Ciclo_2_5_Izquierda/Ciclo_2_5_Izq_v.mp4,Ciclo_2_5_Izq_v,pending,,
mendeley_labeled611_P09_8218b5d1e9e1cb8d,67htnzmwbb.1,P09,v,dactylology,accepted,train,Mexican Sign Languages Dactylology and Ten First Numbers - Labeled images and videos. From person #6 to #11/persona_9/Ciclo_3_5_Derecha/Ciclo_3_5_Derecha_v.mp4,Ciclo_3_5_Derecha_v,pending,,
mendeley_labeled611_P09_fca8065e1ecf27f3,67htnzmwbb.1,P09,v,dactylology,accepted,train,Mexican Sign Languages Dactylology and Ten First Numbers - Labeled images and videos. From person #6 to #11/persona_9/Ciclo_3_5_Izquierda/Ciclo_3_5_Izq_v.mp4,Ciclo_3_5_Izq_v,pending,,
mendeley_labeled611_P09_1188f085049a0b01,67htnzmwbb.1,P09,v,dactylology,accepted,train,Mexican Sign Languages Dactylology and Ten First Numbers - Labeled images and videos. From person #6 to #11/persona_9/Ciclo_4_5_Derecha/Ciclo_4_5_Derecha_v.mp4,Ciclo_4_5_Derecha_v,pending,,
mendeley_labeled611_P09_854bb98fb3cc0ca8,67htnzmwbb.1,P09,v,dactylology,accepted,train,Mexican Sign Languages Dactylology and Ten First Numbers - Labeled images and videos. From person #6 to #11/persona_9/Ciclo_4_5_Izquierda/Ciclo_4_5_Izq_v.mp4,Ciclo_4_5_Izq_v,pending,,
mendeley_labeled611_P09_df0168e8c1e1e537,67htnzmwbb.1,P09,v,dactylology,accepted,train,Mexican Sign Languages Dactylology and Ten First Numbers - Labeled images and videos. From person #6 to #11/persona_9/Ciclo_5_5_Derecha/Ciclo_5_5_Derecha_v.mp4,Ciclo_5_5_Derecha_v,pending,,
mendeley_labeled611_P09_d3c8932333899dfc,67htnzmwbb.1,P09,v,dactylology,accepted,train,Mexican Sign Languages Dactylology and Ten First Numbers - Labeled images and videos. From person #6 to #11/persona_9/Ciclo_5_5_Izquierda/Ciclo_5_5_Izq_v.mp4,Ciclo_5_5_Izq_v,pending,,
mendeley_labeled611_P09_68a93b77cd281631,67htnzmwbb.1,P09,w,dactylology,accepted,train,Mexican Sign Languages Dactylology and Ten First Numbers - Labeled images and videos. From person #6 to #11/persona_9/Ciclo_1_5_Derecha/Ciclo_1_5_Derecha_w.mp4,Ciclo_1_5_Derecha_w,pending,,
mendeley_labeled611_P09_6a071d8a25b325b8,67htnzmwbb.1,P09,w,dactylology,accepted,train,Mexican Sign Languages Dactylology and Ten First Numbers - Labeled images and videos. From person #6 to #11/persona_9/Ciclo_1_5_Izquierda/Ciclo_1_5_Izq_w.mp4,Ciclo_1_5_Izq_w,pending,,
mendeley_labeled611_P09_4a662f17cd4d09ff,67htnzmwbb.1,P09,w,dactylology,accepted,train,Mexican Sign Languages Dactylology and Ten First Numbers - Labeled images and videos. From person #6 to #11/persona_9/Ciclo_2_5_Derecha/Ciclo_2_5_Derecha_w.mp4,Ciclo_2_5_Derecha_w,pending,,
mendeley_labeled611_P09_f92ec1ac01d6d91b,67htnzmwbb.1,P09,w,dactylology,accepted,train,Mexican Sign Languages Dactylology and Ten First Numbers - Labeled images and videos. From person #6 to #11/persona_9/Ciclo_2_5_Izquierda/Ciclo_2_5_Izq_w.mp4,Ciclo_2_5_Izq_w,pending,,
mendeley_labeled611_P09_ce6ea3207ce01dfb,67htnzmwbb.1,P09,w,dactylology,accepted,train,Mexican Sign Languages Dactylology and Ten First Numbers - Labeled images and videos. From person #6 to #11/persona_9/Ciclo_3_5_Derecha/Ciclo_3_5_Derecha_w.mp4,Ciclo_3_5_Derecha_w,pending,,
mendeley_labeled611_P09_022884cccffb3b4c,67htnzmwbb.1,P09,w,dactylology,accepted,train,Mexican Sign Languages Dactylology and Ten First Numbers - Labeled images and videos. From person #6 to #11/persona_9/Ciclo_3_5_Izquierda/Ciclo_3_5_Izq_w.mp4,Ciclo_3_5_Izq_w,pending,,
mendeley_labeled611_P09_ba34d3457300d9c9,67htnzmwbb.1,P09,w,dactylology,accepted,train,Mexican Sign Languages Dactylology and Ten First Numbers - Labeled images and videos. From person #6 to #11/persona_9/Ciclo_4_5_Derecha/Ciclo_4_5_Derecha_w.mp4,Ciclo_4_5_Derecha_w,pending,,
mendeley_labeled611_P09_0577991db7998dc8,67htnzmwbb.1,P09,w,dactylology,accepted,train,Mexican Sign Languages Dactylology and Ten First Numbers - Labeled images and videos. From person #6 to #11/persona_9/Ciclo_4_5_Izquierda/Ciclo_4_5_Izq_w.mp4,Ciclo_4_5_Izq_w,pending,,
mendeley_labeled611_P09_c0972f4ef23318fd,67htnzmwbb.1,P09,w,dactylology,accepted,train,Mexican Sign Languages Dactylology and Ten First Numbers - Labeled images and videos. From person #6 to #11/persona_9/Ciclo_5_5_Derecha/Ciclo_5_5_Derecha_w.mp4,Ciclo_5_5_Derecha_w,pending,,
mendeley_labeled611_P09_9b5162d2cf4d6f12,67htnzmwbb.1,P09,w,dactylology,accepted,train,Mexican Sign Languages Dactylology and Ten First Numbers - Labeled images and videos. From person #6 to #11/persona_9/Ciclo_5_5_Izquierda/Ciclo_5_5_Izq_w.mp4,Ciclo_5_5_Izq_w,pending,,
mendeley_labeled611_P09_9f4a3d3759341bd9,67htnzmwbb.1,P09,x,dactylology,accepted,train,Mexican Sign Languages Dactylology and Ten First Numbers - Labeled images and videos. From person #6 to #11/persona_9/Ciclo_1_5_Derecha/Ciclo_1_5_Derecha_x.mp4,Ciclo_1_5_Derecha_x,pending,,
mendeley_labeled611_P09_f805ec6e7f9ac0b6,67htnzmwbb.1,P09,x,dactylology,accepted,train,Mexican Sign Languages Dactylology and Ten First Numbers - Labeled images and videos. From person #6 to #11/persona_9/Ciclo_1_5_Izquierda/Ciclo_1_5_Izq_x.mp4,Ciclo_1_5_Izq_x,pending,,
mendeley_labeled611_P09_e4a4fa75cc0bc41c,67htnzmwbb.1,P09,x,dactylology,accepted,train,Mexican Sign Languages Dactylology and Ten First Numbers - Labeled images and videos. From person #6 to #11/persona_9/Ciclo_2_5_Derecha/Ciclo_2_5_Derecha_x.mp4,Ciclo_2_5_Derecha_x,pending,,
mendeley_labeled611_P09_fd94018f8074c940,67htnzmwbb.1,P09,x,dactylology,accepted,train,Mexican Sign Languages Dactylology and Ten First Numbers - Labeled images and videos. From person #6 to #11/persona_9/Ciclo_2_5_Izquierda/Ciclo_2_5_Izq_x.mp4,Ciclo_2_5_Izq_x,pending,,
mendeley_labeled611_P09_9685b218acd6e680,67htnzmwbb.1,P09,x,dactylology,accepted,train,Mexican Sign Languages Dactylology and Ten First Numbers - Labeled images and videos. From person #6 to #11/persona_9/Ciclo_3_5_Derecha/Ciclo_3_5_Derecha_x.mp4,Ciclo_3_5_Derecha_x,pending,,
mendeley_labeled611_P09_37224082cb499b01,67htnzmwbb.1,P09,x,dactylology,accepted,train,Mexican Sign Languages Dactylology and Ten First Numbers - Labeled images and videos. From person #6 to #11/persona_9/Ciclo_3_5_Izquierda/Ciclo_3_5_Izq_x.mp4,Ciclo_3_5_Izq_x,pending,,
mendeley_labeled611_P09_225f6b4ad429bcf7,67htnzmwbb.1,P09,x,dactylology,accepted,train,Mexican Sign Languages Dactylology and Ten First Numbers - Labeled images and videos. From person #6 to #11/persona_9/Ciclo_4_5_Derecha/Ciclo_4_5_Derecha_x.mp4,Ciclo_4_5_Derecha_x,pending,,
mendeley_labeled611_P09_dcff870b7c18a3f6,67htnzmwbb.1,P09,x,dactylology,accepted,train,Mexican Sign Languages Dactylology and Ten First Numbers - Labeled images and videos. From person #6 to #11/persona_9/Ciclo_4_5_Izquierda/Ciclo_4_5_Izq_x.mp4,Ciclo_4_5_Izq_x,pending,,
mendeley_labeled611_P09_1bd0ac618cd60147,67htnzmwbb.1,P09,x,dactylology,accepted,train,Mexican Sign Languages Dactylology and Ten First Numbers - Labeled images and videos. From person #6 to #11/persona_9/Ciclo_5_5_Derecha/Ciclo_5_5_Derecha_x.mp4,Ciclo_5_5_Derecha_x,pending,,
mendeley_labeled611_P09_7fdd23e3c4e97f8b,67htnzmwbb.1,P09,x,dactylology,accepted,train,Mexican Sign Languages Dactylology and Ten First Numbers - Labeled images and videos. From person #6 to #11/persona_9/Ciclo_5_5_Izquierda/Ciclo_5_5_Izq_x.mp4,Ciclo_5_5_Izq_x,pending,,
mendeley_labeled611_P09_b286f86b673a8f16,67htnzmwbb.1,P09,y,dactylology,accepted,train,Mexican Sign Languages Dactylology and Ten First Numbers - Labeled images and videos. From person #6 to #11/persona_9/Ciclo_1_5_Derecha/Ciclo_1_5_Derecha_y.mp4,Ciclo_1_5_Derecha_y,pending,,
mendeley_labeled611_P09_2ccf9725c40dc2d0,67htnzmwbb.1,P09,y,dactylology,accepted,train,Mexican Sign Languages Dactylology and Ten First Numbers - Labeled images and videos. From person #6 to #11/persona_9/Ciclo_1_5_Izquierda/Ciclo_1_5_Izq_y.mp4,Ciclo_1_5_Izq_y,pending,,
mendeley_labeled611_P09_51f16920200240a2,67htnzmwbb.1,P09,y,dactylology,accepted,train,Mexican Sign Languages Dactylology and Ten First Numbers - Labeled images and videos. From person #6 to #11/persona_9/Ciclo_2_5_Derecha/Ciclo_2_5_Derecha_y.mp4,Ciclo_2_5_Derecha_y,pending,,
mendeley_labeled611_P09_c2fabb8c085b4583,67htnzmwbb.1,P09,y,dactylology,accepted,train,Mexican Sign Languages Dactylology and Ten First Numbers - Labeled images and videos. From person #6 to #11/persona_9/Ciclo_2_5_Izquierda/Ciclo_2_5_Izq_y.mp4,Ciclo_2_5_Izq_y,pending,,
mendeley_labeled611_P09_331be0f467f4fe0d,67htnzmwbb.1,P09,y,dactylology,accepted,train,Mexican Sign Languages Dactylology and Ten First Numbers - Labeled images and videos. From person #6 to #11/persona_9/Ciclo_3_5_Derecha/Ciclo_3_5_Derecha_y.mp4,Ciclo_3_5_Derecha_y,pending,,
mendeley_labeled611_P09_e0c172a6d6e39bce,67htnzmwbb.1,P09,y,dactylology,accepted,train,Mexican Sign Languages Dactylology and Ten First Numbers - Labeled images and videos. From person #6 to #11/persona_9/Ciclo_3_5_Izquierda/Ciclo_3_5_Izq_y.mp4,Ciclo_3_5_Izq_y,pending,,
mendeley_labeled611_P09_80623e608646cacc,67htnzmwbb.1,P09,y,dactylology,accepted,train,Mexican Sign Languages Dactylology and Ten First Numbers - Labeled images and videos. From person #6 to #11/persona_9/Ciclo_4_5_Derecha/Ciclo_4_5_Derecha_y.mp4,Ciclo_4_5_Derecha_y,pending,,
mendeley_labeled611_P09_fae1e2e8f52b7d7c,67htnzmwbb.1,P09,y,dactylology,accepted,train,Mexican Sign Languages Dactylology and Ten First Numbers - Labeled images and videos. From person #6 to #11/persona_9/Ciclo_4_5_Izquierda/Ciclo_4_5_Izq_y.mp4,Ciclo_4_5_Izq_y,pending,,
mendeley_labeled611_P09_6a0f14cabc852f9c,67htnzmwbb.1,P09,y,dactylology,accepted,train,Mexican Sign Languages Dactylology and Ten First Numbers - Labeled images and videos. From person #6 to #11/persona_9/Ciclo_5_5_Derecha/Ciclo_5_5_Derecha_y.mp4,Ciclo_5_5_Derecha_y,pending,,
mendeley_labeled611_P09_874fdbf43b330024,67htnzmwbb.1,P09,y,dactylology,accepted,train,Mexican Sign Languages Dactylology and Ten First Numbers - Labeled images and videos. From person #6 to #11/persona_9/Ciclo_5_5_Izquierda/Ciclo_5_5_Izq_y.mp4,Ciclo_5_5_Izq_y,pending,,
mendeley_labeled611_P09_538ce50251018779,67htnzmwbb.1,P09,z,dactylology,accepted,train,Mexican Sign Languages Dactylology and Ten First Numbers - Labeled images and videos. From person #6 to #11/persona_9/Ciclo_1_5_Derecha/Ciclo_1_5_Derecha_z.mp4,Ciclo_1_5_Derecha_z,pending,,
mendeley_labeled611_P09_cedf221527d506c3,67htnzmwbb.1,P09,z,dactylology,accepted,train,Mexican Sign Languages Dactylology and Ten First Numbers - Labeled images and videos. From person #6 to #11/persona_9/Ciclo_1_5_Izquierda/Ciclo_1_5_Izq_z.mp4,Ciclo_1_5_Izq_z,pending,,
mendeley_labeled611_P09_73df1c63371efcc6,67htnzmwbb.1,P09,z,dactylology,accepted,train,Mexican Sign Languages Dactylology and Ten First Numbers - Labeled images and videos. From person #6 to #11/persona_9/Ciclo_2_5_Derecha/Ciclo_2_5_Derecha_z.mp4,Ciclo_2_5_Derecha_z,pending,,
mendeley_labeled611_P09_f394ffbdd02be85a,67htnzmwbb.1,P09,z,dactylology,accepted,train,Mexican Sign Languages Dactylology and Ten First Numbers - Labeled images and videos. From person #6 to #11/persona_9/Ciclo_2_5_Izquierda/Ciclo_2_5_Izq_z.mp4,Ciclo_2_5_Izq_z,pending,,
mendeley_labeled611_P09_b6bf8af214ca7cc2,67htnzmwbb.1,P09,z,dactylology,accepted,train,Mexican Sign Languages Dactylology and Ten First Numbers - Labeled images and videos. From person #6 to #11/persona_9/Ciclo_3_5_Derecha/Ciclo_3_5_Derecha_z.mp4,Ciclo_3_5_Derecha_z,pending,,
mendeley_labeled611_P09_d02a47abee631b11,67htnzmwbb.1,P09,z,dactylology,accepted,train,Mexican Sign Languages Dactylology and Ten First Numbers - Labeled images and videos. From person #6 to #11/persona_9/Ciclo_3_5_Izquierda/Ciclo_3_5_Izq_z.mp4,Ciclo_3_5_Izq_z,pending,,
mendeley_labeled611_P09_c1d9edf655b2e637,67htnzmwbb.1,P09,z,dactylology,accepted,train,Mexican Sign Languages Dactylology and Ten First Numbers - Labeled images and videos. From person #6 to #11/persona_9/Ciclo_4_5_Derecha/Ciclo_4_5_Derecha_z.mp4,Ciclo_4_5_Derecha_z,pending,,
mendeley_labeled611_P09_f9837f139891a36a,67htnzmwbb.1,P09,z,dactylology,accepted,train,Mexican Sign Languages Dactylology and Ten First Numbers - Labeled images and videos. From person #6 to #11/persona_9/Ciclo_4_5_Izquierda/Ciclo_4_5_Izq_z.mp4,Ciclo_4_5_Izq_z,pending,,
mendeley_labeled611_P09_be37dc2ead59aa22,67htnzmwbb.1,P09,z,dactylology,accepted,train,Mexican Sign Languages Dactylology and Ten First Numbers - Labeled images and videos. From person #6 to #11/persona_9/Ciclo_5_5_Derecha/Ciclo_5_5_Derecha_z.mp4,Ciclo_5_5_Derecha_z,pending,,
mendeley_labeled611_P09_94dc1f12a8756b4f,67htnzmwbb.1,P09,z,dactylology,accepted,train,Mexican Sign Languages Dactylology and Ten First Numbers - Labeled images and videos. From person #6 to #11/persona_9/Ciclo_5_5_Izquierda/Ciclo_5_5_Izq_z.mp4,Ciclo_5_5_Izq_z,pending,,
mendeley_labeled611_P09_0e5ec417548e90e4,67htnzmwbb.1,P09,ñ,dactylology,accepted,train,Mexican Sign Languages Dactylology and Ten First Numbers - Labeled images and videos. From person #6 to #11/persona_9/Ciclo_1_5_Izquierda/Ciclo_1_5_Izq_ñ.mp4,Ciclo_1_5_Izq_ñ,pending,,
mendeley_labeled611_P09_bf60104a70d83f19,67htnzmwbb.1,P09,ñ,dactylology,accepted,train,Mexican Sign Languages Dactylology and Ten First Numbers - Labeled images and videos. From person #6 to #11/persona_9/Ciclo_5_5_Izquierda/Ciclo_5_5_Izq_ñ.mp4,Ciclo_5_5_Izq_ñ,pending,,
mendeley_labeled611_P09_39ba6dc5afa63c47,67htnzmwbb.1,P09,1,number,accepted,train,Mexican Sign Languages Dactylology and Ten First Numbers - Labeled images and videos. From person #6 to #11/persona_9/Ciclo_1_5_Derecha/Ciclo_1_5_Derecha_1.mp4,Ciclo_1_5_Derecha_1,pending,,
mendeley_labeled611_P09_9cb252b37244f7e2,67htnzmwbb.1,P09,1,number,accepted,train,Mexican Sign Languages Dactylology and Ten First Numbers - Labeled images and videos. From person #6 to #11/persona_9/Ciclo_1_5_Izquierda/Ciclo_1_5_Izq_1.mp4,Ciclo_1_5_Izq_1,pending,,
mendeley_labeled611_P09_259b842a3aa76e1d,67htnzmwbb.1,P09,1,number,accepted,train,Mexican Sign Languages Dactylology and Ten First Numbers - Labeled images and videos. From person #6 to #11/persona_9/Ciclo_2_5_Derecha/Ciclo_2_5_Derecha_1.mp4,Ciclo_2_5_Derecha_1,pending,,
mendeley_labeled611_P09_bab7ec88bba36e25,67htnzmwbb.1,P09,1,number,accepted,train,Mexican Sign Languages Dactylology and Ten First Numbers - Labeled images and videos. From person #6 to #11/persona_9/Ciclo_2_5_Izquierda/Ciclo_2_5_Izq_1.mp4,Ciclo_2_5_Izq_1,pending,,
mendeley_labeled611_P09_2984df4ae62f4fca,67htnzmwbb.1,P09,1,number,accepted,train,Mexican Sign Languages Dactylology and Ten First Numbers - Labeled images and videos. From person #6 to #11/persona_9/Ciclo_3_5_Derecha/Ciclo_3_5_Derecha_1.mp4,Ciclo_3_5_Derecha_1,pending,,
mendeley_labeled611_P09_be76abf13d190671,67htnzmwbb.1,P09,1,number,accepted,train,Mexican Sign Languages Dactylology and Ten First Numbers - Labeled images and videos. From person #6 to #11/persona_9/Ciclo_3_5_Izquierda/Ciclo_3_5_Izq_1.mp4,Ciclo_3_5_Izq_1,pending,,
mendeley_labeled611_P09_d87d5af8e8933e27,67htnzmwbb.1,P09,1,number,accepted,train,Mexican Sign Languages Dactylology and Ten First Numbers - Labeled images and videos. From person #6 to #11/persona_9/Ciclo_4_5_Derecha/Ciclo_4_5_Derecha_1.mp4,Ciclo_4_5_Derecha_1,pending,,
mendeley_labeled611_P09_08320243c1e39c04,67htnzmwbb.1,P09,1,number,accepted,train,Mexican Sign Languages Dactylology and Ten First Numbers - Labeled images and videos. From person #6 to #11/persona_9/Ciclo_4_5_Izquierda/Ciclo_4_5_Izq_1.mp4,Ciclo_4_5_Izq_1,pending,,
mendeley_labeled611_P09_b49e115b3653db0b,67htnzmwbb.1,P09,1,number,accepted,train,Mexican Sign Languages Dactylology and Ten First Numbers - Labeled images and videos. From person #6 to #11/persona_9/Ciclo_5_5_Derecha/Ciclo_5_5_Derecha_1.mp4,Ciclo_5_5_Derecha_1,pending,,
mendeley_labeled611_P09_a5b39b0282304cd9,67htnzmwbb.1,P09,1,number,accepted,train,Mexican Sign Languages Dactylology and Ten First Numbers - Labeled images and videos. From person #6 to #11/persona_9/Ciclo_5_5_Izquierda/Ciclo_5_5_Izq_1.mp4,Ciclo_5_5_Izq_1,pending,,
mendeley_labeled611_P09_bac1badad30d5b24,67htnzmwbb.1,P09,10,number,accepted,train,Mexican Sign Languages Dactylology and Ten First Numbers - Labeled images and videos. From person #6 to #11/persona_9/Ciclo_1_5_Derecha/Ciclo_1_5_Derecha_10.mp4,Ciclo_1_5_Derecha_10,pending,,
mendeley_labeled611_P09_7efd0e0a8b47dd52,67htnzmwbb.1,P09,10,number,accepted,train,Mexican Sign Languages Dactylology and Ten First Numbers - Labeled images and videos. From person #6 to #11/persona_9/Ciclo_1_5_Izquierda/Ciclo_1_5_Izq_10.mp4,Ciclo_1_5_Izq_10,pending,,
mendeley_labeled611_P09_7f9200f7147a7e10,67htnzmwbb.1,P09,10,number,accepted,train,Mexican Sign Languages Dactylology and Ten First Numbers - Labeled images and videos. From person #6 to #11/persona_9/Ciclo_2_5_Derecha/Ciclo_2_5_Derecha_10.mp4,Ciclo_2_5_Derecha_10,pending,,
mendeley_labeled611_P09_a06895c784e7ab9b,67htnzmwbb.1,P09,10,number,accepted,train,Mexican Sign Languages Dactylology and Ten First Numbers - Labeled images and videos. From person #6 to #11/persona_9/Ciclo_2_5_Izquierda/Ciclo_2_5_Izq_10.mp4,Ciclo_2_5_Izq_10,pending,,
mendeley_labeled611_P09_1b0a9eec67fc3322,67htnzmwbb.1,P09,10,number,accepted,train,Mexican Sign Languages Dactylology and Ten First Numbers - Labeled images and videos. From person #6 to #11/persona_9/Ciclo_3_5_Derecha/Ciclo_3_5_Derecha_10.mp4,Ciclo_3_5_Derecha_10,pending,,
mendeley_labeled611_P09_1cde76f09f6274be,67htnzmwbb.1,P09,10,number,accepted,train,Mexican Sign Languages Dactylology and Ten First Numbers - Labeled images and videos. From person #6 to #11/persona_9/Ciclo_3_5_Izquierda/Ciclo_3_5_Izq_10.mp4,Ciclo_3_5_Izq_10,pending,,
mendeley_labeled611_P09_0958358df7a3a453,67htnzmwbb.1,P09,10,number,accepted,train,Mexican Sign Languages Dactylology and Ten First Numbers - Labeled images and videos. From person #6 to #11/persona_9/Ciclo_4_5_Derecha/Ciclo_4_5_Derecha_10.mp4,Ciclo_4_5_Derecha_10,pending,,
mendeley_labeled611_P09_63cf82371b2d35e4,67htnzmwbb.1,P09,10,number,accepted,train,Mexican Sign Languages Dactylology and Ten First Numbers - Labeled images and videos. From person #6 to #11/persona_9/Ciclo_4_5_Izquierda/Ciclo_4_5_Izq_10.mp4,Ciclo_4_5_Izq_10,pending,,
mendeley_labeled611_P09_eb3d33b876a1c585,67htnzmwbb.1,P09,10,number,accepted,train,Mexican Sign Languages Dactylology and Ten First Numbers - Labeled images and videos. From person #6 to #11/persona_9/Ciclo_5_5_Derecha/Ciclo_5_5_Derecha_10.mp4,Ciclo_5_5_Derecha_10,pending,,
mendeley_labeled611_P09_58f697e870b67cce,67htnzmwbb.1,P09,10,number,accepted,train,Mexican Sign Languages Dactylology and Ten First Numbers - Labeled images and videos. From person #6 to #11/persona_9/Ciclo_5_5_Izquierda/Ciclo_5_5_Izq_10.mp4,Ciclo_5_5_Izq_10,pending,,
mendeley_labeled611_P09_d18250e8a58df6be,67htnzmwbb.1,P09,2,number,accepted,train,Mexican Sign Languages Dactylology and Ten First Numbers - Labeled images and videos. From person #6 to #11/persona_9/Ciclo_1_5_Derecha/Ciclo_1_5_Derecha_2.mp4,Ciclo_1_5_Derecha_2,pending,,
mendeley_labeled611_P09_a4e9a7d1a3c74c5a,67htnzmwbb.1,P09,2,number,accepted,train,Mexican Sign Languages Dactylology and Ten First Numbers - Labeled images and videos. From person #6 to #11/persona_9/Ciclo_1_5_Izquierda/Ciclo_1_5_Izq_2.mp4,Ciclo_1_5_Izq_2,pending,,
mendeley_labeled611_P09_a7358d7bc291d4fe,67htnzmwbb.1,P09,2,number,accepted,train,Mexican Sign Languages Dactylology and Ten First Numbers - Labeled images and videos. From person #6 to #11/persona_9/Ciclo_2_5_Derecha/Ciclo_2_5_Derecha_2.mp4,Ciclo_2_5_Derecha_2,pending,,
mendeley_labeled611_P09_fa04a9cdf548c3a5,67htnzmwbb.1,P09,2,number,accepted,train,Mexican Sign Languages Dactylology and Ten First Numbers - Labeled images and videos. From person #6 to #11/persona_9/Ciclo_2_5_Izquierda/Ciclo_2_5_Izq_2.mp4,Ciclo_2_5_Izq_2,pending,,
mendeley_labeled611_P09_33495fbb853739cb,67htnzmwbb.1,P09,2,number,accepted,train,Mexican Sign Languages Dactylology and Ten First Numbers - Labeled images and videos. From person #6 to #11/persona_9/Ciclo_3_5_Derecha/Ciclo_3_5_Derecha_2.mp4,Ciclo_3_5_Derecha_2,pending,,
mendeley_labeled611_P09_73cda4e662cd1907,67htnzmwbb.1,P09,2,number,accepted,train,Mexican Sign Languages Dactylology and Ten First Numbers - Labeled images and videos. From person #6 to #11/persona_9/Ciclo_3_5_Izquierda/Ciclo_3_5_Izq_2.mp4,Ciclo_3_5_Izq_2,pending,,
mendeley_labeled611_P09_1d64ea1421aadb56,67htnzmwbb.1,P09,2,number,accepted,train,Mexican Sign Languages Dactylology and Ten First Numbers - Labeled images and videos. From person #6 to #11/persona_9/Ciclo_4_5_Derecha/Ciclo_4_5_Derecha_2.mp4,Ciclo_4_5_Derecha_2,pending,,
mendeley_labeled611_P09_f672984c59a9c84c,67htnzmwbb.1,P09,2,number,accepted,train,Mexican Sign Languages Dactylology and Ten First Numbers - Labeled images and videos. From person #6 to #11/persona_9/Ciclo_4_5_Izquierda/Ciclo_4_5_Izq_2.mp4,Ciclo_4_5_Izq_2,pending,,
mendeley_labeled611_P09_e5b8d168ae727460,67htnzmwbb.1,P09,2,number,accepted,train,Mexican Sign Languages Dactylology and Ten First Numbers - Labeled images and videos. From person #6 to #11/persona_9/Ciclo_5_5_Derecha/Ciclo_5_5_Derecha_2.mp4,Ciclo_5_5_Derecha_2,pending,,
mendeley_labeled611_P09_1f3a48786210f507,67htnzmwbb.1,P09,2,number,accepted,train,Mexican Sign Languages Dactylology and Ten First Numbers - Labeled images and videos. From person #6 to #11/persona_9/Ciclo_5_5_Izquierda/Ciclo_5_5_Izq_2.mp4,Ciclo_5_5_Izq_2,pending,,
mendeley_labeled611_P09_a3c822a2b8637a00,67htnzmwbb.1,P09,3,number,accepted,train,Mexican Sign Languages Dactylology and Ten First Numbers - Labeled images and videos. From person #6 to #11/persona_9/Ciclo_1_5_Derecha/Ciclo_1_5_Derecha_3.mp4,Ciclo_1_5_Derecha_3,pending,,
mendeley_labeled611_P09_3bfa010961c7fbad,67htnzmwbb.1,P09,3,number,accepted,train,Mexican Sign Languages Dactylology and Ten First Numbers - Labeled images and videos. From person #6 to #11/persona_9/Ciclo_1_5_Izquierda/Ciclo_1_5_Izq_3.mp4,Ciclo_1_5_Izq_3,pending,,
mendeley_labeled611_P09_92bc9b7358ae134d,67htnzmwbb.1,P09,3,number,accepted,train,Mexican Sign Languages Dactylology and Ten First Numbers - Labeled images and videos. From person #6 to #11/persona_9/Ciclo_2_5_Derecha/Ciclo_2_5_Derecha_3.mp4,Ciclo_2_5_Derecha_3,pending,,
mendeley_labeled611_P09_7cd2951f7641e5a5,67htnzmwbb.1,P09,3,number,accepted,train,Mexican Sign Languages Dactylology and Ten First Numbers - Labeled images and videos. From person #6 to #11/persona_9/Ciclo_2_5_Izquierda/Ciclo_2_5_Izq_3.mp4,Ciclo_2_5_Izq_3,pending,,
mendeley_labeled611_P09_641f5e885d482780,67htnzmwbb.1,P09,3,number,accepted,train,Mexican Sign Languages Dactylology and Ten First Numbers - Labeled images and videos. From person #6 to #11/persona_9/Ciclo_3_5_Derecha/Ciclo_3_5_Derecha_3.mp4,Ciclo_3_5_Derecha_3,pending,,
mendeley_labeled611_P09_fbe9d389ea8fe0d8,67htnzmwbb.1,P09,3,number,accepted,train,Mexican Sign Languages Dactylology and Ten First Numbers - Labeled images and videos. From person #6 to #11/persona_9/Ciclo_3_5_Izquierda/Ciclo_3_5_Izq_3.mp4,Ciclo_3_5_Izq_3,pending,,
mendeley_labeled611_P09_bde2e2904ed02e90,67htnzmwbb.1,P09,3,number,accepted,train,Mexican Sign Languages Dactylology and Ten First Numbers - Labeled images and videos. From person #6 to #11/persona_9/Ciclo_4_5_Derecha/Ciclo_4_5_Derecha_3.mp4,Ciclo_4_5_Derecha_3,pending,,
mendeley_labeled611_P09_fac3abe741581a90,67htnzmwbb.1,P09,3,number,accepted,train,Mexican Sign Languages Dactylology and Ten First Numbers - Labeled images and videos. From person #6 to #11/persona_9/Ciclo_4_5_Izquierda/Ciclo_4_5_Izq_3.mp4,Ciclo_4_5_Izq_3,pending,,
mendeley_labeled611_P09_1dfe84f953bd9dcc,67htnzmwbb.1,P09,3,number,accepted,train,Mexican Sign Languages Dactylology and Ten First Numbers - Labeled images and videos. From person #6 to #11/persona_9/Ciclo_5_5_Derecha/Ciclo_5_5_Derecha_3.mp4,Ciclo_5_5_Derecha_3,pending,,
mendeley_labeled611_P09_a24935599e400e9b,67htnzmwbb.1,P09,3,number,accepted,train,Mexican Sign Languages Dactylology and Ten First Numbers - Labeled images and videos. From person #6 to #11/persona_9/Ciclo_5_5_Izquierda/Ciclo_5_5_Izq_3.mp4,Ciclo_5_5_Izq_3,pending,,
mendeley_labeled611_P09_2afe0b7d7b073ac8,67htnzmwbb.1,P09,4,number,accepted,train,Mexican Sign Languages Dactylology and Ten First Numbers - Labeled images and videos. From person #6 to #11/persona_9/Ciclo_1_5_Derecha/Ciclo_1_5_Derecha_4.mp4,Ciclo_1_5_Derecha_4,pending,,
mendeley_labeled611_P09_50341ef94190598f,67htnzmwbb.1,P09,4,number,accepted,train,Mexican Sign Languages Dactylology and Ten First Numbers - Labeled images and videos. From person #6 to #11/persona_9/Ciclo_1_5_Izquierda/Ciclo_1_5_Izq_4.mp4,Ciclo_1_5_Izq_4,pending,,
mendeley_labeled611_P09_fe1eff40b1d66dae,67htnzmwbb.1,P09,4,number,accepted,train,Mexican Sign Languages Dactylology and Ten First Numbers - Labeled images and videos. From person #6 to #11/persona_9/Ciclo_2_5_Derecha/Ciclo_2_5_Derecha_4.mp4,Ciclo_2_5_Derecha_4,pending,,
mendeley_labeled611_P09_e0882718d1eb06df,67htnzmwbb.1,P09,4,number,accepted,train,Mexican Sign Languages Dactylology and Ten First Numbers - Labeled images and videos. From person #6 to #11/persona_9/Ciclo_2_5_Izquierda/Ciclo_2_5_Izq_4.mp4,Ciclo_2_5_Izq_4,pending,,
mendeley_labeled611_P09_3810853055150bb6,67htnzmwbb.1,P09,4,number,accepted,train,Mexican Sign Languages Dactylology and Ten First Numbers - Labeled images and videos. From person #6 to #11/persona_9/Ciclo_3_5_Derecha/Ciclo_3_5_Derecha_4.mp4,Ciclo_3_5_Derecha_4,pending,,
mendeley_labeled611_P09_ec359970a4fa2c20,67htnzmwbb.1,P09,4,number,accepted,train,Mexican Sign Languages Dactylology and Ten First Numbers - Labeled images and videos. From person #6 to #11/persona_9/Ciclo_3_5_Izquierda/Ciclo_3_5_Izq_4.mp4,Ciclo_3_5_Izq_4,pending,,
mendeley_labeled611_P09_bea23eb298df81de,67htnzmwbb.1,P09,4,number,accepted,train,Mexican Sign Languages Dactylology and Ten First Numbers - Labeled images and videos. From person #6 to #11/persona_9/Ciclo_4_5_Derecha/Ciclo_4_5_Derecha_4.mp4,Ciclo_4_5_Derecha_4,pending,,
mendeley_labeled611_P09_1507daa036a9defd,67htnzmwbb.1,P09,4,number,accepted,train,Mexican Sign Languages Dactylology and Ten First Numbers - Labeled images and videos. From person #6 to #11/persona_9/Ciclo_4_5_Izquierda/Ciclo_4_5_Izq_4.mp4,Ciclo_4_5_Izq_4,pending,,
mendeley_labeled611_P09_f3ed5512fb282810,67htnzmwbb.1,P09,4,number,accepted,train,Mexican Sign Languages Dactylology and Ten First Numbers - Labeled images and videos. From person #6 to #11/persona_9/Ciclo_5_5_Derecha/Ciclo_5_5_Derecha_4.mp4,Ciclo_5_5_Derecha_4,pending,,
mendeley_labeled611_P09_54ff3e156bb9503b,67htnzmwbb.1,P09,4,number,accepted,train,Mexican Sign Languages Dactylology and Ten First Numbers - Labeled images and videos. From person #6 to #11/persona_9/Ciclo_5_5_Izquierda/Ciclo_5_5_Izq_4.mp4,Ciclo_5_5_Izq_4,pending,,
mendeley_labeled611_P09_3e904ca08c241d01,67htnzmwbb.1,P09,5,number,accepted,train,Mexican Sign Languages Dactylology and Ten First Numbers - Labeled images and videos. From person #6 to #11/persona_9/Ciclo_1_5_Derecha/Ciclo_1_5_Derecha_5.mp4,Ciclo_1_5_Derecha_5,pending,,
mendeley_labeled611_P09_8b316a644299c17d,67htnzmwbb.1,P09,5,number,accepted,train,Mexican Sign Languages Dactylology and Ten First Numbers - Labeled images and videos. From person #6 to #11/persona_9/Ciclo_1_5_Izquierda/Ciclo_1_5_Izq_5.mp4,Ciclo_1_5_Izq_5,pending,,
mendeley_labeled611_P09_432581c1dd2cf79a,67htnzmwbb.1,P09,5,number,accepted,train,Mexican Sign Languages Dactylology and Ten First Numbers - Labeled images and videos. From person #6 to #11/persona_9/Ciclo_2_5_Derecha/Ciclo_2_5_Derecha_5.mp4,Ciclo_2_5_Derecha_5,pending,,
mendeley_labeled611_P09_551c36df1e2a9b4b,67htnzmwbb.1,P09,5,number,accepted,train,Mexican Sign Languages Dactylology and Ten First Numbers - Labeled images and videos. From person #6 to #11/persona_9/Ciclo_2_5_Izquierda/Ciclo_2_5_Izq_5.mp4,Ciclo_2_5_Izq_5,pending,,
mendeley_labeled611_P09_5e3cda89df229f71,67htnzmwbb.1,P09,5,number,accepted,train,Mexican Sign Languages Dactylology and Ten First Numbers - Labeled images and videos. From person #6 to #11/persona_9/Ciclo_3_5_Derecha/Ciclo_3_5_Derecha_5.mp4,Ciclo_3_5_Derecha_5,pending,,
mendeley_labeled611_P09_de8e9100c2220169,67htnzmwbb.1,P09,5,number,accepted,train,Mexican Sign Languages Dactylology and Ten First Numbers - Labeled images and videos. From person #6 to #11/persona_9/Ciclo_3_5_Izquierda/Ciclo_3_5_Izq_5.mp4,Ciclo_3_5_Izq_5,pending,,
mendeley_labeled611_P09_7b451e223404a809,67htnzmwbb.1,P09,5,number,accepted,train,Mexican Sign Languages Dactylology and Ten First Numbers - Labeled images and videos. From person #6 to #11/persona_9/Ciclo_4_5_Derecha/Ciclo_4_5_Derecha_5.mp4,Ciclo_4_5_Derecha_5,pending,,
mendeley_labeled611_P09_931558e4c7bb5486,67htnzmwbb.1,P09,5,number,accepted,train,Mexican Sign Languages Dactylology and Ten First Numbers - Labeled images and videos. From person #6 to #11/persona_9/Ciclo_4_5_Izquierda/Ciclo_4_5_Izq_5.mp4,Ciclo_4_5_Izq_5,pending,,
mendeley_labeled611_P09_61db5fa97a688cb3,67htnzmwbb.1,P09,5,number,accepted,train,Mexican Sign Languages Dactylology and Ten First Numbers - Labeled images and videos. From person #6 to #11/persona_9/Ciclo_5_5_Derecha/Ciclo_5_5_Derecha_5.mp4,Ciclo_5_5_Derecha_5,pending,,
mendeley_labeled611_P09_bc32372bc55ac78b,67htnzmwbb.1,P09,5,number,accepted,train,Mexican Sign Languages Dactylology and Ten First Numbers - Labeled images and videos. From person #6 to #11/persona_9/Ciclo_5_5_Izquierda/Ciclo_5_5_Izq_5.mp4,Ciclo_5_5_Izq_5,pending,,
mendeley_labeled611_P09_683a799a1711e8e9,67htnzmwbb.1,P09,6,number,accepted,train,Mexican Sign Languages Dactylology and Ten First Numbers - Labeled images and videos. From person #6 to #11/persona_9/Ciclo_1_5_Derecha/Ciclo_1_5_Derecha_6.mp4,Ciclo_1_5_Derecha_6,pending,,
mendeley_labeled611_P09_7f96573e3e1e0d60,67htnzmwbb.1,P09,6,number,accepted,train,Mexican Sign Languages Dactylology and Ten First Numbers - Labeled images and videos. From person #6 to #11/persona_9/Ciclo_1_5_Izquierda/Ciclo_1_5_Izq_6.mp4,Ciclo_1_5_Izq_6,pending,,
mendeley_labeled611_P09_592a5f0196a423c8,67htnzmwbb.1,P09,6,number,accepted,train,Mexican Sign Languages Dactylology and Ten First Numbers - Labeled images and videos. From person #6 to #11/persona_9/Ciclo_2_5_Derecha/Ciclo_2_5_Derecha_6.mp4,Ciclo_2_5_Derecha_6,pending,,
mendeley_labeled611_P09_5836d963ebd23e64,67htnzmwbb.1,P09,6,number,accepted,train,Mexican Sign Languages Dactylology and Ten First Numbers - Labeled images and videos. From person #6 to #11/persona_9/Ciclo_2_5_Izquierda/Ciclo_2_5_Izq_6.mp4,Ciclo_2_5_Izq_6,pending,,
mendeley_labeled611_P09_6a43139562617bb1,67htnzmwbb.1,P09,6,number,accepted,train,Mexican Sign Languages Dactylology and Ten First Numbers - Labeled images and videos. From person #6 to #11/persona_9/Ciclo_3_5_Derecha/Ciclo_3_5_Derecha_6.mp4,Ciclo_3_5_Derecha_6,pending,,
mendeley_labeled611_P09_dfa7bb5642e24ae6,67htnzmwbb.1,P09,6,number,accepted,train,Mexican Sign Languages Dactylology and Ten First Numbers - Labeled images and videos. From person #6 to #11/persona_9/Ciclo_3_5_Izquierda/Ciclo_3_5_Izq_6.mp4,Ciclo_3_5_Izq_6,pending,,
mendeley_labeled611_P09_8bd15890614529e6,67htnzmwbb.1,P09,6,number,accepted,train,Mexican Sign Languages Dactylology and Ten First Numbers - Labeled images and videos. From person #6 to #11/persona_9/Ciclo_4_5_Derecha/Ciclo_4_5_Derecha_6.mp4,Ciclo_4_5_Derecha_6,pending,,
mendeley_labeled611_P09_15e6bb7b98063d61,67htnzmwbb.1,P09,6,number,accepted,train,Mexican Sign Languages Dactylology and Ten First Numbers - Labeled images and videos. From person #6 to #11/persona_9/Ciclo_4_5_Izquierda/Ciclo_4_5_Izq_6.mp4,Ciclo_4_5_Izq_6,pending,,
mendeley_labeled611_P09_65f908e198126848,67htnzmwbb.1,P09,6,number,accepted,train,Mexican Sign Languages Dactylology and Ten First Numbers - Labeled images and videos. From person #6 to #11/persona_9/Ciclo_5_5_Derecha/Ciclo_5_5_Derecha_6.mp4,Ciclo_5_5_Derecha_6,pending,,
mendeley_labeled611_P09_db1feb7b273b9fde,67htnzmwbb.1,P09,6,number,accepted,train,Mexican Sign Languages Dactylology and Ten First Numbers - Labeled images and videos. From person #6 to #11/persona_9/Ciclo_5_5_Izquierda/Ciclo_5_5_Izq_6.mp4,Ciclo_5_5_Izq_6,pending,,
mendeley_labeled611_P09_8e884162ca217a44,67htnzmwbb.1,P09,7,number,accepted,train,Mexican Sign Languages Dactylology and Ten First Numbers - Labeled images and videos. From person #6 to #11/persona_9/Ciclo_1_5_Derecha/Ciclo_1_5_Derecha_7.mp4,Ciclo_1_5_Derecha_7,pending,,
mendeley_labeled611_P09_e1fd97ea63c1e505,67htnzmwbb.1,P09,7,number,accepted,train,Mexican Sign Languages Dactylology and Ten First Numbers - Labeled images and videos. From person #6 to #11/persona_9/Ciclo_1_5_Izquierda/Ciclo_1_5_Izq_7.mp4,Ciclo_1_5_Izq_7,pending,,
mendeley_labeled611_P09_355603f87fe92b94,67htnzmwbb.1,P09,7,number,accepted,train,Mexican Sign Languages Dactylology and Ten First Numbers - Labeled images and videos. From person #6 to #11/persona_9/Ciclo_2_5_Derecha/Ciclo_2_5_Derecha_7.mp4,Ciclo_2_5_Derecha_7,pending,,
mendeley_labeled611_P09_85a93524b91b0b6e,67htnzmwbb.1,P09,7,number,accepted,train,Mexican Sign Languages Dactylology and Ten First Numbers - Labeled images and videos. From person #6 to #11/persona_9/Ciclo_2_5_Izquierda/Ciclo_2_5_Izq_7.mp4,Ciclo_2_5_Izq_7,pending,,
mendeley_labeled611_P09_10112382ed1648ed,67htnzmwbb.1,P09,7,number,accepted,train,Mexican Sign Languages Dactylology and Ten First Numbers - Labeled images and videos. From person #6 to #11/persona_9/Ciclo_3_5_Derecha/Ciclo_3_5_Derecha_7.mp4,Ciclo_3_5_Derecha_7,pending,,
mendeley_labeled611_P09_eaacb07462ae6e3e,67htnzmwbb.1,P09,7,number,accepted,train,Mexican Sign Languages Dactylology and Ten First Numbers - Labeled images and videos. From person #6 to #11/persona_9/Ciclo_3_5_Izquierda/Ciclo_3_5_Izq_7.mp4,Ciclo_3_5_Izq_7,pending,,
mendeley_labeled611_P09_7707d7a098389bf1,67htnzmwbb.1,P09,7,number,accepted,train,Mexican Sign Languages Dactylology and Ten First Numbers - Labeled images and videos. From person #6 to #11/persona_9/Ciclo_4_5_Derecha/Ciclo_4_5_Derecha_7.mp4,Ciclo_4_5_Derecha_7,pending,,
mendeley_labeled611_P09_7f6e7d5f5b31c3cb,67htnzmwbb.1,P09,7,number,accepted,train,Mexican Sign Languages Dactylology and Ten First Numbers - Labeled images and videos. From person #6 to #11/persona_9/Ciclo_4_5_Izquierda/Ciclo_4_5_Izq_7.mp4,Ciclo_4_5_Izq_7,pending,,
mendeley_labeled611_P09_ca4156ad9351767a,67htnzmwbb.1,P09,7,number,accepted,train,Mexican Sign Languages Dactylology and Ten First Numbers - Labeled images and videos. From person #6 to #11/persona_9/Ciclo_5_5_Derecha/Ciclo_5_5_Derecha_7.mp4,Ciclo_5_5_Derecha_7,pending,,
mendeley_labeled611_P09_e40df5e918068050,67htnzmwbb.1,P09,7,number,accepted,train,Mexican Sign Languages Dactylology and Ten First Numbers - Labeled images and videos. From person #6 to #11/persona_9/Ciclo_5_5_Izquierda/Ciclo_5_5_Izq_7.mp4,Ciclo_5_5_Izq_7,pending,,
mendeley_labeled611_P09_52b929fd13ca88a4,67htnzmwbb.1,P09,8,number,accepted,train,Mexican Sign Languages Dactylology and Ten First Numbers - Labeled images and videos. From person #6 to #11/persona_9/Ciclo_1_5_Derecha/Ciclo_1_5_Derecha_8.mp4,Ciclo_1_5_Derecha_8,pending,,
mendeley_labeled611_P09_b04aac78c5eb22e8,67htnzmwbb.1,P09,8,number,accepted,train,Mexican Sign Languages Dactylology and Ten First Numbers - Labeled images and videos. From person #6 to #11/persona_9/Ciclo_1_5_Izquierda/Ciclo_1_5_Izq_8.mp4,Ciclo_1_5_Izq_8,pending,,
mendeley_labeled611_P09_405e16ecf5ca2d8c,67htnzmwbb.1,P09,8,number,accepted,train,Mexican Sign Languages Dactylology and Ten First Numbers - Labeled images and videos. From person #6 to #11/persona_9/Ciclo_2_5_Derecha/Ciclo_2_5_Derecha_8.mp4,Ciclo_2_5_Derecha_8,pending,,
mendeley_labeled611_P09_c488cf01b316d102,67htnzmwbb.1,P09,8,number,accepted,train,Mexican Sign Languages Dactylology and Ten First Numbers - Labeled images and videos. From person #6 to #11/persona_9/Ciclo_2_5_Izquierda/Ciclo_2_5_Izq_8.mp4,Ciclo_2_5_Izq_8,pending,,
mendeley_labeled611_P09_b480e396cc09d46a,67htnzmwbb.1,P09,8,number,accepted,train,Mexican Sign Languages Dactylology and Ten First Numbers - Labeled images and videos. From person #6 to #11/persona_9/Ciclo_3_5_Derecha/Ciclo_3_5_Derecha_8.mp4,Ciclo_3_5_Derecha_8,pending,,
mendeley_labeled611_P09_41d93abdfdc08203,67htnzmwbb.1,P09,8,number,accepted,train,Mexican Sign Languages Dactylology and Ten First Numbers - Labeled images and videos. From person #6 to #11/persona_9/Ciclo_3_5_Izquierda/Ciclo_3_5_Izq_8.mp4,Ciclo_3_5_Izq_8,pending,,
mendeley_labeled611_P09_55b203568bee5ee4,67htnzmwbb.1,P09,8,number,accepted,train,Mexican Sign Languages Dactylology and Ten First Numbers - Labeled images and videos. From person #6 to #11/persona_9/Ciclo_4_5_Derecha/Ciclo_4_5_Derecha_8.mp4,Ciclo_4_5_Derecha_8,pending,,
mendeley_labeled611_P09_c61acacebf1a90f8,67htnzmwbb.1,P09,8,number,accepted,train,Mexican Sign Languages Dactylology and Ten First Numbers - Labeled images and videos. From person #6 to #11/persona_9/Ciclo_4_5_Izquierda/Ciclo_4_5_Izq_8.mp4,Ciclo_4_5_Izq_8,pending,,
mendeley_labeled611_P09_c0c2833bf6ae4dc5,67htnzmwbb.1,P09,8,number,accepted,train,Mexican Sign Languages Dactylology and Ten First Numbers - Labeled images and videos. From person #6 to #11/persona_9/Ciclo_5_5_Derecha/Ciclo_5_5_Derecha_8.mp4,Ciclo_5_5_Derecha_8,pending,,
mendeley_labeled611_P09_389cb5e8a4a23292,67htnzmwbb.1,P09,8,number,accepted,train,Mexican Sign Languages Dactylology and Ten First Numbers - Labeled images and videos. From person #6 to #11/persona_9/Ciclo_5_5_Izquierda/Ciclo_5_5_Izq_8.mp4,Ciclo_5_5_Izq_8,pending,,
mendeley_labeled611_P09_eec001c98b403cd2,67htnzmwbb.1,P09,9,number,accepted,train,Mexican Sign Languages Dactylology and Ten First Numbers - Labeled images and videos. From person #6 to #11/persona_9/Ciclo_1_5_Derecha/Ciclo_1_5_Derecha_9.mp4,Ciclo_1_5_Derecha_9,pending,,
mendeley_labeled611_P09_4049023f13d9ea0e,67htnzmwbb.1,P09,9,number,accepted,train,Mexican Sign Languages Dactylology and Ten First Numbers - Labeled images and videos. From person #6 to #11/persona_9/Ciclo_1_5_Izquierda/Ciclo_1_5_Izq_9.mp4,Ciclo_1_5_Izq_9,pending,,
mendeley_labeled611_P09_c5b32b46b3cb10f8,67htnzmwbb.1,P09,9,number,accepted,train,Mexican Sign Languages Dactylology and Ten First Numbers - Labeled images and videos. From person #6 to #11/persona_9/Ciclo_2_5_Derecha/Ciclo_2_5_Derecha_9.mp4,Ciclo_2_5_Derecha_9,pending,,
mendeley_labeled611_P09_26335419f6b70729,67htnzmwbb.1,P09,9,number,accepted,train,Mexican Sign Languages Dactylology and Ten First Numbers - Labeled images and videos. From person #6 to #11/persona_9/Ciclo_2_5_Izquierda/Ciclo_2_5_Izq_9.mp4,Ciclo_2_5_Izq_9,pending,,
mendeley_labeled611_P09_f4ce4f3f2c5d2b51,67htnzmwbb.1,P09,9,number,accepted,train,Mexican Sign Languages Dactylology and Ten First Numbers - Labeled images and videos. From person #6 to #11/persona_9/Ciclo_3_5_Derecha/Ciclo_3_5_Derecha_9.mp4,Ciclo_3_5_Derecha_9,pending,,
mendeley_labeled611_P09_ae3fa76560cf117c,67htnzmwbb.1,P09,9,number,accepted,train,Mexican Sign Languages Dactylology and Ten First Numbers - Labeled images and videos. From person #6 to #11/persona_9/Ciclo_3_5_Izquierda/Ciclo_3_5_Izq_9.mp4,Ciclo_3_5_Izq_9,pending,,
mendeley_labeled611_P09_1b4323fd47dd92d7,67htnzmwbb.1,P09,9,number,accepted,train,Mexican Sign Languages Dactylology and Ten First Numbers - Labeled images and videos. From person #6 to #11/persona_9/Ciclo_4_5_Derecha/Ciclo_4_5_Derecha_9.mp4,Ciclo_4_5_Derecha_9,pending,,
mendeley_labeled611_P09_2645cdf7977b4f6a,67htnzmwbb.1,P09,9,number,accepted,train,Mexican Sign Languages Dactylology and Ten First Numbers - Labeled images and videos. From person #6 to #11/persona_9/Ciclo_4_5_Izquierda/Ciclo_4_5_Izq_9.mp4,Ciclo_4_5_Izq_9,pending,,
mendeley_labeled611_P09_15348a570474e214,67htnzmwbb.1,P09,9,number,accepted,train,Mexican Sign Languages Dactylology and Ten First Numbers - Labeled images and videos. From person #6 to #11/persona_9/Ciclo_5_5_Derecha/Ciclo_5_5_Derecha_9.mp4,Ciclo_5_5_Derecha_9,pending,,
mendeley_labeled611_P09_1582d91ea9b5dac0,67htnzmwbb.1,P09,9,number,accepted,train,Mexican Sign Languages Dactylology and Ten First Numbers - Labeled images and videos. From person #6 to #11/persona_9/Ciclo_5_5_Izquierda/Ciclo_5_5_Izq_9.mp4,Ciclo_5_5_Izq_9,pending,,
mendeley_labeled611_P09_2a190053c00d46d0,67htnzmwbb.1,P09,n-owqdhc,unknown,quarantined_ambiguous,train,Mexican Sign Languages Dactylology and Ten First Numbers - Labeled images and videos. From person #6 to #11/persona_9/Ciclo_1_5_Izquierda/Ciclo_1_5_Izq_n-OWqDhC.mp4,Ciclo_1_5_Izq_n-OWqDhC,quarantined,,ambiguous_or_unrecognized_filename_suffix
mendeley_labeled611_P09_977dc6500e33784e,67htnzmwbb.1,P09,n-vahbzy,unknown,quarantined_ambiguous,train,Mexican Sign Languages Dactylology and Ten First Numbers - Labeled images and videos. From person #6 to #11/persona_9/Ciclo_5_5_Izquierda/Ciclo_5_5_Izq_n-vaHBzY.mp4,Ciclo_5_5_Izq_n-vaHBzY,quarantined,,ambiguous_or_unrecognized_filename_suffix
mendeley_labeled611_P09_0257bbdcb0599816,67htnzmwbb.1,P09,ñ-88gcsl,unknown,quarantined_unknown_label,train,Mexican Sign Languages Dactylology and Ten First Numbers - Labeled images and videos. From person #6 to #11/persona_9/Ciclo_2_5_Derecha/Ciclo_2_5_Derecha_ñ-88GCsl.mp4,Ciclo_2_5_Derecha_ñ-88GCsl,quarantined,,ambiguous_or_unrecognized_filename_suffix
mendeley_labeled611_P09_f606c4a380665890,67htnzmwbb.1,P09,ñ-acewyn,unknown,quarantined_unknown_label,train,Mexican Sign Languages Dactylology and Ten First Numbers - Labeled images and videos. From person #6 to #11/persona_9/Ciclo_3_5_Derecha/Ciclo_3_5_Derecha_ñ-acEwyn.mp4,Ciclo_3_5_Derecha_ñ-acEwyn,quarantined,,ambiguous_or_unrecognized_filename_suffix
mendeley_labeled611_P09_3d6b3df1dc1c7424,67htnzmwbb.1,P09,ñ-bbilpj,unknown,quarantined_unknown_label,train,Mexican Sign Languages Dactylology and Ten First Numbers - Labeled images and videos. From person #6 to #11/persona_9/Ciclo_3_5_Izquierda/Ciclo_3_5_Izq_ñ-BbILpj.mp4,Ciclo_3_5_Izq_ñ-BbILpj,quarantined,,ambiguous_or_unrecognized_filename_suffix
mendeley_labeled611_P09_4103788653fad080,67htnzmwbb.1,P09,ñ-c12ooa,unknown,quarantined_unknown_label,train,Mexican Sign Languages Dactylology and Ten First Numbers - Labeled images and videos. From person #6 to #11/persona_9/Ciclo_4_5_Izquierda/Ciclo_4_5_Izq_ñ-c12OOa.mp4,Ciclo_4_5_Izq_ñ-c12OOa,quarantined,,ambiguous_or_unrecognized_filename_suffix
mendeley_labeled611_P09_3a8887962da54984,67htnzmwbb.1,P09,ñ-fswies,unknown,quarantined_unknown_label,train,Mexican Sign Languages Dactylology and Ten First Numbers - Labeled images and videos. From person #6 to #11/persona_9/Ciclo_4_5_Derecha/Ciclo_4_5_Derecha_ñ-FSWieS.mp4,Ciclo_4_5_Derecha_ñ-FSWieS,quarantined,,ambiguous_or_unrecognized_filename_suffix
mendeley_labeled611_P09_24effe552f2a4153,67htnzmwbb.1,P09,ñ-myfsnz,unknown,quarantined_unknown_label,train,Mexican Sign Languages Dactylology and Ten First Numbers - Labeled images and videos. From person #6 to #11/persona_9/Ciclo_5_5_Derecha/Ciclo_5_5_Derecha_ñ-myfsNz.mp4,Ciclo_5_5_Derecha_ñ-myfsNz,quarantined,,ambiguous_or_unrecognized_filename_suffix
mendeley_labeled611_P09_0cb743cf87ef68de,67htnzmwbb.1,P09,ñ-udrkm0,unknown,quarantined_unknown_label,train,Mexican Sign Languages Dactylology and Ten First Numbers - Labeled images and videos. From person #6 to #11/persona_9/Ciclo_2_5_Izquierda/Ciclo_2_5_Izq_ñ-udRKm0.mp4,Ciclo_2_5_Izq_ñ-udRKm0,quarantined,,ambiguous_or_unrecognized_filename_suffix
mendeley_labeled611_P09_04bdd046e9ca4133,67htnzmwbb.1,P09,ñ-yiwmdx,unknown,quarantined_unknown_label,train,Mexican Sign Languages Dactylology and Ten First Numbers - Labeled images and videos. From person #6 to #11/persona_9/Ciclo_1_5_Derecha/Ciclo_1_5_Derecha_ñ-yIWMdx.mp4,Ciclo_1_5_Derecha_ñ-yIWMdx,quarantined,,ambiguous_or_unrecognized_filename_suffix
mendeley_labeled611_P10_631e2b6ace841619,67htnzmwbb.1,P10,a,dactylology,accepted,validation,Mexican Sign Languages Dactylology and Ten First Numbers - Labeled images and videos. From person #6 to #11/persona_1_/Ciclo_1_5_Derecha/Ciclo_1_5_Derecha_a.mp4,Ciclo_1_5_Derecha_a,pending,,
mendeley_labeled611_P10_af39740b72abf036,67htnzmwbb.1,P10,a,dactylology,accepted,validation,Mexican Sign Languages Dactylology and Ten First Numbers - Labeled images and videos. From person #6 to #11/persona_1_/Ciclo_1_5_Izquierda/Ciclo_1_5_Izq_a.mp4,Ciclo_1_5_Izq_a,pending,,
mendeley_labeled611_P10_c4c786da13d65f08,67htnzmwbb.1,P10,a,dactylology,accepted,validation,Mexican Sign Languages Dactylology and Ten First Numbers - Labeled images and videos. From person #6 to #11/persona_1_/Ciclo_2_5_Derecha/Ciclo_2_5_Derecha_a.mp4,Ciclo_2_5_Derecha_a,pending,,
mendeley_labeled611_P10_7862ced65523f11b,67htnzmwbb.1,P10,a,dactylology,accepted,validation,Mexican Sign Languages Dactylology and Ten First Numbers - Labeled images and videos. From person #6 to #11/persona_1_/Ciclo_2_5_Izquierda/Ciclo_2_5_Izq_a.mp4,Ciclo_2_5_Izq_a,pending,,
mendeley_labeled611_P10_cc20b67262313e3c,67htnzmwbb.1,P10,a,dactylology,accepted,validation,Mexican Sign Languages Dactylology and Ten First Numbers - Labeled images and videos. From person #6 to #11/persona_1_/Ciclo_3_5_Derecha/Ciclo_3_5_Derecha_a.mp4,Ciclo_3_5_Derecha_a,pending,,
mendeley_labeled611_P10_cb0ba5f917d093bb,67htnzmwbb.1,P10,a,dactylology,accepted,validation,Mexican Sign Languages Dactylology and Ten First Numbers - Labeled images and videos. From person #6 to #11/persona_1_/Ciclo_3_5_Izquierda/Ciclo_3_5_Izq_a.mp4,Ciclo_3_5_Izq_a,pending,,
mendeley_labeled611_P10_65bf4d4bb3f8d101,67htnzmwbb.1,P10,a,dactylology,accepted,validation,Mexican Sign Languages Dactylology and Ten First Numbers - Labeled images and videos. From person #6 to #11/persona_1_/Ciclo_4_5_Derecha/Ciclo_4_5_Derecha_a.mp4,Ciclo_4_5_Derecha_a,pending,,
mendeley_labeled611_P10_ebb395fbc73e5cf8,67htnzmwbb.1,P10,a,dactylology,accepted,validation,Mexican Sign Languages Dactylology and Ten First Numbers - Labeled images and videos. From person #6 to #11/persona_1_/Ciclo_4_5_Izquierda/Ciclo_4_5_Izq_a.mp4,Ciclo_4_5_Izq_a,pending,,
mendeley_labeled611_P10_158107a470586c20,67htnzmwbb.1,P10,a,dactylology,accepted,validation,Mexican Sign Languages Dactylology and Ten First Numbers - Labeled images and videos. From person #6 to #11/persona_1_/Ciclo_5_5_Derecha/Ciclo_5_5_Derecha_a.mp4,Ciclo_5_5_Derecha_a,pending,,
mendeley_labeled611_P10_7bce7193c83d9d74,67htnzmwbb.1,P10,a,dactylology,accepted,validation,Mexican Sign Languages Dactylology and Ten First Numbers - Labeled images and videos. From person #6 to #11/persona_1_/Ciclo_5_5_Izquierda/Ciclo_5_5_Izq_a.mp4,Ciclo_5_5_Izq_a,pending,,
mendeley_labeled611_P10_6e31d9ad2d7c7d08,67htnzmwbb.1,P10,b,dactylology,accepted,validation,Mexican Sign Languages Dactylology and Ten First Numbers - Labeled images and videos. From person #6 to #11/persona_1_/Ciclo_1_5_Derecha/Ciclo_1_5_Derecha_b.mp4,Ciclo_1_5_Derecha_b,pending,,
mendeley_labeled611_P10_fbb90a17fc3245af,67htnzmwbb.1,P10,b,dactylology,accepted,validation,Mexican Sign Languages Dactylology and Ten First Numbers - Labeled images and videos. From person #6 to #11/persona_1_/Ciclo_1_5_Izquierda/Ciclo_1_5_Izq_b.mp4,Ciclo_1_5_Izq_b,pending,,
mendeley_labeled611_P10_011adfc654468971,67htnzmwbb.1,P10,b,dactylology,accepted,validation,Mexican Sign Languages Dactylology and Ten First Numbers - Labeled images and videos. From person #6 to #11/persona_1_/Ciclo_2_5_Derecha/Ciclo_2_5_Derecha_b.mp4,Ciclo_2_5_Derecha_b,pending,,
mendeley_labeled611_P10_8b3007c6e5b8debb,67htnzmwbb.1,P10,b,dactylology,accepted,validation,Mexican Sign Languages Dactylology and Ten First Numbers - Labeled images and videos. From person #6 to #11/persona_1_/Ciclo_2_5_Izquierda/Ciclo_2_5_Izq_b.mp4,Ciclo_2_5_Izq_b,pending,,
mendeley_labeled611_P10_90c9430ac1f2b21b,67htnzmwbb.1,P10,b,dactylology,accepted,validation,Mexican Sign Languages Dactylology and Ten First Numbers - Labeled images and videos. From person #6 to #11/persona_1_/Ciclo_3_5_Derecha/Ciclo_3_5_Derecha_b.mp4,Ciclo_3_5_Derecha_b,pending,,
mendeley_labeled611_P10_2b06de4bc7db5f88,67htnzmwbb.1,P10,b,dactylology,accepted,validation,Mexican Sign Languages Dactylology and Ten First Numbers - Labeled images and videos. From person #6 to #11/persona_1_/Ciclo_3_5_Izquierda/Ciclo_3_5_Izq_b.mp4,Ciclo_3_5_Izq_b,pending,,
mendeley_labeled611_P10_7cf6311848cf6fc8,67htnzmwbb.1,P10,b,dactylology,accepted,validation,Mexican Sign Languages Dactylology and Ten First Numbers - Labeled images and videos. From person #6 to #11/persona_1_/Ciclo_4_5_Derecha/Ciclo_4_5_Derecha_b.mp4,Ciclo_4_5_Derecha_b,pending,,
mendeley_labeled611_P10_704a98844837bc9f,67htnzmwbb.1,P10,b,dactylology,accepted,validation,Mexican Sign Languages Dactylology and Ten First Numbers - Labeled images and videos. From person #6 to #11/persona_1_/Ciclo_4_5_Izquierda/Ciclo_4_5_Izq_b.mp4,Ciclo_4_5_Izq_b,pending,,
mendeley_labeled611_P10_b499b16b73358426,67htnzmwbb.1,P10,b,dactylology,accepted,validation,Mexican Sign Languages Dactylology and Ten First Numbers - Labeled images and videos. From person #6 to #11/persona_1_/Ciclo_5_5_Derecha/Ciclo_5_5_Derecha_b.mp4,Ciclo_5_5_Derecha_b,pending,,
mendeley_labeled611_P10_e1e61ae32515be2b,67htnzmwbb.1,P10,b,dactylology,accepted,validation,Mexican Sign Languages Dactylology and Ten First Numbers - Labeled images and videos. From person #6 to #11/persona_1_/Ciclo_5_5_Izquierda/Ciclo_5_5_Izq_b.mp4,Ciclo_5_5_Izq_b,pending,,
mendeley_labeled611_P10_6f597b851adee013,67htnzmwbb.1,P10,c,dactylology,accepted,validation,Mexican Sign Languages Dactylology and Ten First Numbers - Labeled images and videos. From person #6 to #11/persona_1_/Ciclo_1_5_Derecha/Ciclo_1_5_Derecha_c.mp4,Ciclo_1_5_Derecha_c,pending,,
mendeley_labeled611_P10_7f200f84ad87369f,67htnzmwbb.1,P10,c,dactylology,accepted,validation,Mexican Sign Languages Dactylology and Ten First Numbers - Labeled images and videos. From person #6 to #11/persona_1_/Ciclo_1_5_Izquierda/Ciclo_1_5_Izq_c.mp4,Ciclo_1_5_Izq_c,pending,,
mendeley_labeled611_P10_607f99a88e2931cc,67htnzmwbb.1,P10,c,dactylology,accepted,validation,Mexican Sign Languages Dactylology and Ten First Numbers - Labeled images and videos. From person #6 to #11/persona_1_/Ciclo_2_5_Derecha/Ciclo_2_5_Derecha_c.mp4,Ciclo_2_5_Derecha_c,pending,,
mendeley_labeled611_P10_62eb0ee4818700ec,67htnzmwbb.1,P10,c,dactylology,accepted,validation,Mexican Sign Languages Dactylology and Ten First Numbers - Labeled images and videos. From person #6 to #11/persona_1_/Ciclo_2_5_Izquierda/Ciclo_2_5_Izq_c.mp4,Ciclo_2_5_Izq_c,pending,,
mendeley_labeled611_P10_5f42172b76d472d2,67htnzmwbb.1,P10,c,dactylology,accepted,validation,Mexican Sign Languages Dactylology and Ten First Numbers - Labeled images and videos. From person #6 to #11/persona_1_/Ciclo_3_5_Derecha/Ciclo_3_5_Derecha_c.mp4,Ciclo_3_5_Derecha_c,pending,,
mendeley_labeled611_P10_d83eedf3ad191bbd,67htnzmwbb.1,P10,c,dactylology,accepted,validation,Mexican Sign Languages Dactylology and Ten First Numbers - Labeled images and videos. From person #6 to #11/persona_1_/Ciclo_3_5_Izquierda/Ciclo_3_5_Izq_c.mp4,Ciclo_3_5_Izq_c,pending,,
mendeley_labeled611_P10_3eb6b2651225568e,67htnzmwbb.1,P10,c,dactylology,accepted,validation,Mexican Sign Languages Dactylology and Ten First Numbers - Labeled images and videos. From person #6 to #11/persona_1_/Ciclo_4_5_Derecha/Ciclo_4_5_Derecha_c.mp4,Ciclo_4_5_Derecha_c,pending,,
mendeley_labeled611_P10_83aaf8e6bb73a5fa,67htnzmwbb.1,P10,c,dactylology,accepted,validation,Mexican Sign Languages Dactylology and Ten First Numbers - Labeled images and videos. From person #6 to #11/persona_1_/Ciclo_4_5_Izquierda/Ciclo_4_5_Izq_c.mp4,Ciclo_4_5_Izq_c,pending,,
mendeley_labeled611_P10_b09347ba30b53e30,67htnzmwbb.1,P10,c,dactylology,accepted,validation,Mexican Sign Languages Dactylology and Ten First Numbers - Labeled images and videos. From person #6 to #11/persona_1_/Ciclo_5_5_Derecha/Ciclo_5_5_Derecha_c.mp4,Ciclo_5_5_Derecha_c,pending,,
mendeley_labeled611_P10_c302fa246a1a6baa,67htnzmwbb.1,P10,c,dactylology,accepted,validation,Mexican Sign Languages Dactylology and Ten First Numbers - Labeled images and videos. From person #6 to #11/persona_1_/Ciclo_5_5_Izquierda/Ciclo_5_5_Izq_c.mp4,Ciclo_5_5_Izq_c,pending,,
mendeley_labeled611_P10_661f631083a56e09,67htnzmwbb.1,P10,d,dactylology,accepted,validation,Mexican Sign Languages Dactylology and Ten First Numbers - Labeled images and videos. From person #6 to #11/persona_1_/Ciclo_1_5_Derecha/Ciclo_1_5_Derecha_d.mp4,Ciclo_1_5_Derecha_d,pending,,
mendeley_labeled611_P10_df34e412033984f8,67htnzmwbb.1,P10,d,dactylology,accepted,validation,Mexican Sign Languages Dactylology and Ten First Numbers - Labeled images and videos. From person #6 to #11/persona_1_/Ciclo_1_5_Izquierda/Ciclo_1_5_Izq_d.mp4,Ciclo_1_5_Izq_d,pending,,
mendeley_labeled611_P10_e6c647f014f7a413,67htnzmwbb.1,P10,d,dactylology,accepted,validation,Mexican Sign Languages Dactylology and Ten First Numbers - Labeled images and videos. From person #6 to #11/persona_1_/Ciclo_2_5_Derecha/Ciclo_2_5_Derecha_d.mp4,Ciclo_2_5_Derecha_d,pending,,
mendeley_labeled611_P10_4778dad180a64610,67htnzmwbb.1,P10,d,dactylology,accepted,validation,Mexican Sign Languages Dactylology and Ten First Numbers - Labeled images and videos. From person #6 to #11/persona_1_/Ciclo_2_5_Izquierda/Ciclo_2_5_Izq_d.mp4,Ciclo_2_5_Izq_d,pending,,
mendeley_labeled611_P10_f5eeba316fca7f5a,67htnzmwbb.1,P10,d,dactylology,accepted,validation,Mexican Sign Languages Dactylology and Ten First Numbers - Labeled images and videos. From person #6 to #11/persona_1_/Ciclo_3_5_Derecha/Ciclo_3_5_Derecha_d.mp4,Ciclo_3_5_Derecha_d,pending,,
mendeley_labeled611_P10_017de8dbd3b62c60,67htnzmwbb.1,P10,d,dactylology,accepted,validation,Mexican Sign Languages Dactylology and Ten First Numbers - Labeled images and videos. From person #6 to #11/persona_1_/Ciclo_3_5_Izquierda/Ciclo_3_5_Izq_d.mp4,Ciclo_3_5_Izq_d,pending,,
mendeley_labeled611_P10_1e72526939530fbc,67htnzmwbb.1,P10,d,dactylology,accepted,validation,Mexican Sign Languages Dactylology and Ten First Numbers - Labeled images and videos. From person #6 to #11/persona_1_/Ciclo_4_5_Derecha/Ciclo_4_5_Derecha_d.mp4,Ciclo_4_5_Derecha_d,pending,,
mendeley_labeled611_P10_5ae2448331f6bd08,67htnzmwbb.1,P10,d,dactylology,accepted,validation,Mexican Sign Languages Dactylology and Ten First Numbers - Labeled images and videos. From person #6 to #11/persona_1_/Ciclo_4_5_Izquierda/Ciclo_4_5_Izq_d.mp4,Ciclo_4_5_Izq_d,pending,,
mendeley_labeled611_P10_96c08cdd007322c1,67htnzmwbb.1,P10,d,dactylology,accepted,validation,Mexican Sign Languages Dactylology and Ten First Numbers - Labeled images and videos. From person #6 to #11/persona_1_/Ciclo_5_5_Derecha/Ciclo_5_5_Derecha_d.mp4,Ciclo_5_5_Derecha_d,pending,,
mendeley_labeled611_P10_30beb6cc5c48521d,67htnzmwbb.1,P10,d,dactylology,accepted,validation,Mexican Sign Languages Dactylology and Ten First Numbers - Labeled images and videos. From person #6 to #11/persona_1_/Ciclo_5_5_Izquierda/Ciclo_5_5_Izq_d.mp4,Ciclo_5_5_Izq_d,pending,,
mendeley_labeled611_P10_899d88fb164ed180,67htnzmwbb.1,P10,e,dactylology,accepted,validation,Mexican Sign Languages Dactylology and Ten First Numbers - Labeled images and videos. From person #6 to #11/persona_1_/Ciclo_1_5_Derecha/Ciclo_1_5_Derecha_e.mp4,Ciclo_1_5_Derecha_e,pending,,
mendeley_labeled611_P10_b4d5a5ccead8ba2c,67htnzmwbb.1,P10,e,dactylology,accepted,validation,Mexican Sign Languages Dactylology and Ten First Numbers - Labeled images and videos. From person #6 to #11/persona_1_/Ciclo_1_5_Izquierda/Ciclo_1_5_Izq_e.mp4,Ciclo_1_5_Izq_e,pending,,
mendeley_labeled611_P10_fc7b65cb107cfceb,67htnzmwbb.1,P10,e,dactylology,accepted,validation,Mexican Sign Languages Dactylology and Ten First Numbers - Labeled images and videos. From person #6 to #11/persona_1_/Ciclo_2_5_Derecha/Ciclo_2_5_Derecha_e.mp4,Ciclo_2_5_Derecha_e,pending,,
mendeley_labeled611_P10_3ab4cd02f09bde0a,67htnzmwbb.1,P10,e,dactylology,accepted,validation,Mexican Sign Languages Dactylology and Ten First Numbers - Labeled images and videos. From person #6 to #11/persona_1_/Ciclo_2_5_Izquierda/Ciclo_2_5_Izq_e.mp4,Ciclo_2_5_Izq_e,pending,,
mendeley_labeled611_P10_60cb8e4c9fbce19a,67htnzmwbb.1,P10,e,dactylology,accepted,validation,Mexican Sign Languages Dactylology and Ten First Numbers - Labeled images and videos. From person #6 to #11/persona_1_/Ciclo_3_5_Derecha/Ciclo_3_5_Derecha_e.mp4,Ciclo_3_5_Derecha_e,pending,,
mendeley_labeled611_P10_9583095fbd314c5e,67htnzmwbb.1,P10,e,dactylology,accepted,validation,Mexican Sign Languages Dactylology and Ten First Numbers - Labeled images and videos. From person #6 to #11/persona_1_/Ciclo_3_5_Izquierda/Ciclo_3_5_Izq_e.mp4,Ciclo_3_5_Izq_e,pending,,
mendeley_labeled611_P10_89ce52b684407c4a,67htnzmwbb.1,P10,e,dactylology,accepted,validation,Mexican Sign Languages Dactylology and Ten First Numbers - Labeled images and videos. From person #6 to #11/persona_1_/Ciclo_4_5_Derecha/Ciclo_4_5_Derecha_e.mp4,Ciclo_4_5_Derecha_e,pending,,
mendeley_labeled611_P10_1eedc1eb8f86cf9d,67htnzmwbb.1,P10,e,dactylology,accepted,validation,Mexican Sign Languages Dactylology and Ten First Numbers - Labeled images and videos. From person #6 to #11/persona_1_/Ciclo_4_5_Izquierda/Ciclo_4_5_Izq_e.mp4,Ciclo_4_5_Izq_e,pending,,
mendeley_labeled611_P10_e0291cc61f65ca04,67htnzmwbb.1,P10,e,dactylology,accepted,validation,Mexican Sign Languages Dactylology and Ten First Numbers - Labeled images and videos. From person #6 to #11/persona_1_/Ciclo_5_5_Derecha/Ciclo_5_5_Derecha_e.mp4,Ciclo_5_5_Derecha_e,pending,,
mendeley_labeled611_P10_06d3803bbfc7601a,67htnzmwbb.1,P10,e,dactylology,accepted,validation,Mexican Sign Languages Dactylology and Ten First Numbers - Labeled images and videos. From person #6 to #11/persona_1_/Ciclo_5_5_Izquierda/Ciclo_5_5_Izq_e.mp4,Ciclo_5_5_Izq_e,pending,,
mendeley_labeled611_P10_925a50cca8e61026,67htnzmwbb.1,P10,f,dactylology,accepted,validation,Mexican Sign Languages Dactylology and Ten First Numbers - Labeled images and videos. From person #6 to #11/persona_1_/Ciclo_1_5_Derecha/Ciclo_1_5_Derecha_f.mp4,Ciclo_1_5_Derecha_f,pending,,
mendeley_labeled611_P10_da204703ff365564,67htnzmwbb.1,P10,f,dactylology,accepted,validation,Mexican Sign Languages Dactylology and Ten First Numbers - Labeled images and videos. From person #6 to #11/persona_1_/Ciclo_1_5_Izquierda/Ciclo_1_5_Izq_f.mp4,Ciclo_1_5_Izq_f,pending,,
mendeley_labeled611_P10_d41875784f1e171c,67htnzmwbb.1,P10,f,dactylology,accepted,validation,Mexican Sign Languages Dactylology and Ten First Numbers - Labeled images and videos. From person #6 to #11/persona_1_/Ciclo_2_5_Derecha/Ciclo_2_5_Derecha_f.mp4,Ciclo_2_5_Derecha_f,pending,,
mendeley_labeled611_P10_99b00c1c7042a852,67htnzmwbb.1,P10,f,dactylology,accepted,validation,Mexican Sign Languages Dactylology and Ten First Numbers - Labeled images and videos. From person #6 to #11/persona_1_/Ciclo_2_5_Izquierda/Ciclo_2_5_Izq_f.mp4,Ciclo_2_5_Izq_f,pending,,
mendeley_labeled611_P10_5e2687ddef06f3ce,67htnzmwbb.1,P10,f,dactylology,accepted,validation,Mexican Sign Languages Dactylology and Ten First Numbers - Labeled images and videos. From person #6 to #11/persona_1_/Ciclo_3_5_Derecha/Ciclo_3_5_Derecha_f.mp4,Ciclo_3_5_Derecha_f,pending,,
mendeley_labeled611_P10_0fbd502ca00a7446,67htnzmwbb.1,P10,f,dactylology,accepted,validation,Mexican Sign Languages Dactylology and Ten First Numbers - Labeled images and videos. From person #6 to #11/persona_1_/Ciclo_3_5_Izquierda/Ciclo_3_5_Izq_f.mp4,Ciclo_3_5_Izq_f,pending,,
mendeley_labeled611_P10_af3b7137bb78ece4,67htnzmwbb.1,P10,f,dactylology,accepted,validation,Mexican Sign Languages Dactylology and Ten First Numbers - Labeled images and videos. From person #6 to #11/persona_1_/Ciclo_4_5_Derecha/Ciclo_4_5_Derecha_f.mp4,Ciclo_4_5_Derecha_f,pending,,
mendeley_labeled611_P10_4ac837e8929970c9,67htnzmwbb.1,P10,f,dactylology,accepted,validation,Mexican Sign Languages Dactylology and Ten First Numbers - Labeled images and videos. From person #6 to #11/persona_1_/Ciclo_4_5_Izquierda/Ciclo_4_5_Izq_f.mp4,Ciclo_4_5_Izq_f,pending,,
mendeley_labeled611_P10_0795c8df26c63286,67htnzmwbb.1,P10,f,dactylology,accepted,validation,Mexican Sign Languages Dactylology and Ten First Numbers - Labeled images and videos. From person #6 to #11/persona_1_/Ciclo_5_5_Derecha/Ciclo_5_5_Derecha_f.mp4,Ciclo_5_5_Derecha_f,pending,,
mendeley_labeled611_P10_a8d971f7c2bbed7a,67htnzmwbb.1,P10,f,dactylology,accepted,validation,Mexican Sign Languages Dactylology and Ten First Numbers - Labeled images and videos. From person #6 to #11/persona_1_/Ciclo_5_5_Izquierda/Ciclo_5_5_Izq_f.mp4,Ciclo_5_5_Izq_f,pending,,
mendeley_labeled611_P10_7bcbebbf2c1dc1f1,67htnzmwbb.1,P10,g,dactylology,accepted,validation,Mexican Sign Languages Dactylology and Ten First Numbers - Labeled images and videos. From person #6 to #11/persona_1_/Ciclo_1_5_Derecha/Ciclo_1_5_Derecha_g.mp4,Ciclo_1_5_Derecha_g,pending,,
mendeley_labeled611_P10_0d96de3d35956151,67htnzmwbb.1,P10,g,dactylology,accepted,validation,Mexican Sign Languages Dactylology and Ten First Numbers - Labeled images and videos. From person #6 to #11/persona_1_/Ciclo_1_5_Izquierda/Ciclo_1_5_Izq_g.mp4,Ciclo_1_5_Izq_g,pending,,
mendeley_labeled611_P10_986dab89fb65582a,67htnzmwbb.1,P10,g,dactylology,accepted,validation,Mexican Sign Languages Dactylology and Ten First Numbers - Labeled images and videos. From person #6 to #11/persona_1_/Ciclo_2_5_Derecha/Ciclo_2_5_Derecha_g.mp4,Ciclo_2_5_Derecha_g,pending,,
mendeley_labeled611_P10_b4b09fad00e64d9a,67htnzmwbb.1,P10,g,dactylology,accepted,validation,Mexican Sign Languages Dactylology and Ten First Numbers - Labeled images and videos. From person #6 to #11/persona_1_/Ciclo_2_5_Izquierda/Ciclo_2_5_Izq_g.mp4,Ciclo_2_5_Izq_g,pending,,
mendeley_labeled611_P10_9135f5ceccef2998,67htnzmwbb.1,P10,g,dactylology,accepted,validation,Mexican Sign Languages Dactylology and Ten First Numbers - Labeled images and videos. From person #6 to #11/persona_1_/Ciclo_3_5_Derecha/Ciclo_3_5_Derecha_g.mp4,Ciclo_3_5_Derecha_g,pending,,
mendeley_labeled611_P10_0cfb663f549d4a8d,67htnzmwbb.1,P10,g,dactylology,accepted,validation,Mexican Sign Languages Dactylology and Ten First Numbers - Labeled images and videos. From person #6 to #11/persona_1_/Ciclo_3_5_Izquierda/Ciclo_3_5_Izq_g.mp4,Ciclo_3_5_Izq_g,pending,,
mendeley_labeled611_P10_75b16da5a89a6b50,67htnzmwbb.1,P10,g,dactylology,accepted,validation,Mexican Sign Languages Dactylology and Ten First Numbers - Labeled images and videos. From person #6 to #11/persona_1_/Ciclo_4_5_Derecha/Ciclo_4_5_Derecha_g.mp4,Ciclo_4_5_Derecha_g,pending,,
mendeley_labeled611_P10_ced7987d474d7bf1,67htnzmwbb.1,P10,g,dactylology,accepted,validation,Mexican Sign Languages Dactylology and Ten First Numbers - Labeled images and videos. From person #6 to #11/persona_1_/Ciclo_4_5_Izquierda/Ciclo_4_5_Izq_g.mp4,Ciclo_4_5_Izq_g,pending,,
mendeley_labeled611_P10_58656b270ed8f69d,67htnzmwbb.1,P10,g,dactylology,accepted,validation,Mexican Sign Languages Dactylology and Ten First Numbers - Labeled images and videos. From person #6 to #11/persona_1_/Ciclo_5_5_Derecha/Ciclo_5_5_Derecha_g.mp4,Ciclo_5_5_Derecha_g,pending,,
mendeley_labeled611_P10_510274e529832bfe,67htnzmwbb.1,P10,g,dactylology,accepted,validation,Mexican Sign Languages Dactylology and Ten First Numbers - Labeled images and videos. From person #6 to #11/persona_1_/Ciclo_5_5_Izquierda/Ciclo_5_5_Izq_g.mp4,Ciclo_5_5_Izq_g,pending,,
mendeley_labeled611_P10_ec690779c67be438,67htnzmwbb.1,P10,h,dactylology,accepted,validation,Mexican Sign Languages Dactylology and Ten First Numbers - Labeled images and videos. From person #6 to #11/persona_1_/Ciclo_1_5_Derecha/Ciclo_1_5_Derecha_h.mp4,Ciclo_1_5_Derecha_h,pending,,
mendeley_labeled611_P10_4b7fd15674b4b426,67htnzmwbb.1,P10,h,dactylology,accepted,validation,Mexican Sign Languages Dactylology and Ten First Numbers - Labeled images and videos. From person #6 to #11/persona_1_/Ciclo_1_5_Izquierda/Ciclo_1_5_Izq_h.mp4,Ciclo_1_5_Izq_h,pending,,
mendeley_labeled611_P10_266a634386972006,67htnzmwbb.1,P10,h,dactylology,accepted,validation,Mexican Sign Languages Dactylology and Ten First Numbers - Labeled images and videos. From person #6 to #11/persona_1_/Ciclo_2_5_Derecha/Ciclo_2_5_Derecha_h.mp4,Ciclo_2_5_Derecha_h,pending,,
mendeley_labeled611_P10_44ec716036c60000,67htnzmwbb.1,P10,h,dactylology,accepted,validation,Mexican Sign Languages Dactylology and Ten First Numbers - Labeled images and videos. From person #6 to #11/persona_1_/Ciclo_2_5_Izquierda/Ciclo_2_5_Izq_h.mp4,Ciclo_2_5_Izq_h,pending,,
mendeley_labeled611_P10_2b0addea9a8ccdec,67htnzmwbb.1,P10,h,dactylology,accepted,validation,Mexican Sign Languages Dactylology and Ten First Numbers - Labeled images and videos. From person #6 to #11/persona_1_/Ciclo_3_5_Derecha/Ciclo_3_5_Derecha_h.mp4,Ciclo_3_5_Derecha_h,pending,,
mendeley_labeled611_P10_e0435c584b1be467,67htnzmwbb.1,P10,h,dactylology,accepted,validation,Mexican Sign Languages Dactylology and Ten First Numbers - Labeled images and videos. From person #6 to #11/persona_1_/Ciclo_3_5_Izquierda/Ciclo_3_5_Izq_h.mp4,Ciclo_3_5_Izq_h,pending,,
mendeley_labeled611_P10_0c9e7d9fca866285,67htnzmwbb.1,P10,h,dactylology,accepted,validation,Mexican Sign Languages Dactylology and Ten First Numbers - Labeled images and videos. From person #6 to #11/persona_1_/Ciclo_4_5_Derecha/Ciclo_4_5_Derecha_h.mp4,Ciclo_4_5_Derecha_h,pending,,
mendeley_labeled611_P10_9b3368501cce7d24,67htnzmwbb.1,P10,h,dactylology,accepted,validation,Mexican Sign Languages Dactylology and Ten First Numbers - Labeled images and videos. From person #6 to #11/persona_1_/Ciclo_4_5_Izquierda/Ciclo_4_5_Izq_h.mp4,Ciclo_4_5_Izq_h,pending,,
mendeley_labeled611_P10_6a841eb1ed7f3837,67htnzmwbb.1,P10,h,dactylology,accepted,validation,Mexican Sign Languages Dactylology and Ten First Numbers - Labeled images and videos. From person #6 to #11/persona_1_/Ciclo_5_5_Derecha/Ciclo_5_5_Derecha_h.mp4,Ciclo_5_5_Derecha_h,pending,,
mendeley_labeled611_P10_2901d16387158b06,67htnzmwbb.1,P10,h,dactylology,accepted,validation,Mexican Sign Languages Dactylology and Ten First Numbers - Labeled images and videos. From person #6 to #11/persona_1_/Ciclo_5_5_Izquierda/Ciclo_5_5_Izq_h.mp4,Ciclo_5_5_Izq_h,pending,,
mendeley_labeled611_P10_30720b80f9f6df52,67htnzmwbb.1,P10,i,dactylology,accepted,validation,Mexican Sign Languages Dactylology and Ten First Numbers - Labeled images and videos. From person #6 to #11/persona_1_/Ciclo_1_5_Derecha/Ciclo_1_5_Derecha_i.mp4,Ciclo_1_5_Derecha_i,pending,,
mendeley_labeled611_P10_23126d9b6e452046,67htnzmwbb.1,P10,i,dactylology,accepted,validation,Mexican Sign Languages Dactylology and Ten First Numbers - Labeled images and videos. From person #6 to #11/persona_1_/Ciclo_1_5_Izquierda/Ciclo_1_5_Izq_i.mp4,Ciclo_1_5_Izq_i,pending,,
mendeley_labeled611_P10_196557862305a20d,67htnzmwbb.1,P10,i,dactylology,accepted,validation,Mexican Sign Languages Dactylology and Ten First Numbers - Labeled images and videos. From person #6 to #11/persona_1_/Ciclo_2_5_Derecha/Ciclo_2_5_Derecha_i.mp4,Ciclo_2_5_Derecha_i,pending,,
mendeley_labeled611_P10_6505e9fb7c07701b,67htnzmwbb.1,P10,i,dactylology,accepted,validation,Mexican Sign Languages Dactylology and Ten First Numbers - Labeled images and videos. From person #6 to #11/persona_1_/Ciclo_2_5_Izquierda/Ciclo_2_5_Izq_i.mp4,Ciclo_2_5_Izq_i,pending,,
mendeley_labeled611_P10_829318bbb5e6ab0c,67htnzmwbb.1,P10,i,dactylology,accepted,validation,Mexican Sign Languages Dactylology and Ten First Numbers - Labeled images and videos. From person #6 to #11/persona_1_/Ciclo_3_5_Derecha/Ciclo_3_5_Derecha_i.mp4,Ciclo_3_5_Derecha_i,pending,,
mendeley_labeled611_P10_c953af161ac7d47a,67htnzmwbb.1,P10,i,dactylology,accepted,validation,Mexican Sign Languages Dactylology and Ten First Numbers - Labeled images and videos. From person #6 to #11/persona_1_/Ciclo_3_5_Izquierda/Ciclo_3_5_Izq_i.mp4,Ciclo_3_5_Izq_i,pending,,
mendeley_labeled611_P10_e5ff51d7ad74bec0,67htnzmwbb.1,P10,i,dactylology,accepted,validation,Mexican Sign Languages Dactylology and Ten First Numbers - Labeled images and videos. From person #6 to #11/persona_1_/Ciclo_4_5_Derecha/Ciclo_4_5_Derecha_i.mp4,Ciclo_4_5_Derecha_i,pending,,
mendeley_labeled611_P10_7ff9e7f64b7b35dc,67htnzmwbb.1,P10,i,dactylology,accepted,validation,Mexican Sign Languages Dactylology and Ten First Numbers - Labeled images and videos. From person #6 to #11/persona_1_/Ciclo_4_5_Izquierda/Ciclo_4_5_Izq_i.mp4,Ciclo_4_5_Izq_i,pending,,
mendeley_labeled611_P10_62e1c94239d69d30,67htnzmwbb.1,P10,i,dactylology,accepted,validation,Mexican Sign Languages Dactylology and Ten First Numbers - Labeled images and videos. From person #6 to #11/persona_1_/Ciclo_5_5_Derecha/Ciclo_5_5_Derecha_i.mp4,Ciclo_5_5_Derecha_i,pending,,
mendeley_labeled611_P10_885984748e0039db,67htnzmwbb.1,P10,i,dactylology,accepted,validation,Mexican Sign Languages Dactylology and Ten First Numbers - Labeled images and videos. From person #6 to #11/persona_1_/Ciclo_5_5_Izquierda/Ciclo_5_5_Izq_i.mp4,Ciclo_5_5_Izq_i,pending,,
mendeley_labeled611_P10_a3007d628863d814,67htnzmwbb.1,P10,j,dactylology,accepted,validation,Mexican Sign Languages Dactylology and Ten First Numbers - Labeled images and videos. From person #6 to #11/persona_1_/Ciclo_1_5_Derecha/Ciclo_1_5_Derecha_j.mp4,Ciclo_1_5_Derecha_j,pending,,
mendeley_labeled611_P10_f1f2ac13af5021a1,67htnzmwbb.1,P10,j,dactylology,accepted,validation,Mexican Sign Languages Dactylology and Ten First Numbers - Labeled images and videos. From person #6 to #11/persona_1_/Ciclo_1_5_Izquierda/Ciclo_1_5_Izq_j.mp4,Ciclo_1_5_Izq_j,pending,,
mendeley_labeled611_P10_a05444406dda0379,67htnzmwbb.1,P10,j,dactylology,accepted,validation,Mexican Sign Languages Dactylology and Ten First Numbers - Labeled images and videos. From person #6 to #11/persona_1_/Ciclo_2_5_Derecha/Ciclo_2_5_Derecha_j.mp4,Ciclo_2_5_Derecha_j,pending,,
mendeley_labeled611_P10_bd710a9d04a94a5d,67htnzmwbb.1,P10,j,dactylology,accepted,validation,Mexican Sign Languages Dactylology and Ten First Numbers - Labeled images and videos. From person #6 to #11/persona_1_/Ciclo_2_5_Izquierda/Ciclo_2_5_Izq_j.mp4,Ciclo_2_5_Izq_j,pending,,
mendeley_labeled611_P10_cbbd4dc7b77bd256,67htnzmwbb.1,P10,j,dactylology,accepted,validation,Mexican Sign Languages Dactylology and Ten First Numbers - Labeled images and videos. From person #6 to #11/persona_1_/Ciclo_3_5_Derecha/Ciclo_3_5_Derecha_j.mp4,Ciclo_3_5_Derecha_j,pending,,
mendeley_labeled611_P10_6ecc66bfea2c955d,67htnzmwbb.1,P10,j,dactylology,accepted,validation,Mexican Sign Languages Dactylology and Ten First Numbers - Labeled images and videos. From person #6 to #11/persona_1_/Ciclo_3_5_Izquierda/Ciclo_3_5_Izq_j.mp4,Ciclo_3_5_Izq_j,pending,,
mendeley_labeled611_P10_a34c292f07f00ff2,67htnzmwbb.1,P10,j,dactylology,accepted,validation,Mexican Sign Languages Dactylology and Ten First Numbers - Labeled images and videos. From person #6 to #11/persona_1_/Ciclo_4_5_Derecha/Ciclo_4_5_Derecha_j.mp4,Ciclo_4_5_Derecha_j,pending,,
mendeley_labeled611_P10_79fec4640913bc49,67htnzmwbb.1,P10,j,dactylology,accepted,validation,Mexican Sign Languages Dactylology and Ten First Numbers - Labeled images and videos. From person #6 to #11/persona_1_/Ciclo_4_5_Izquierda/Ciclo_4_5_Izq_j.mp4,Ciclo_4_5_Izq_j,pending,,
mendeley_labeled611_P10_8488f120229fdef3,67htnzmwbb.1,P10,j,dactylology,accepted,validation,Mexican Sign Languages Dactylology and Ten First Numbers - Labeled images and videos. From person #6 to #11/persona_1_/Ciclo_5_5_Derecha/Ciclo_5_5_Derecha_j.mp4,Ciclo_5_5_Derecha_j,pending,,
mendeley_labeled611_P10_607ec57dbdc04eef,67htnzmwbb.1,P10,j,dactylology,accepted,validation,Mexican Sign Languages Dactylology and Ten First Numbers - Labeled images and videos. From person #6 to #11/persona_1_/Ciclo_5_5_Izquierda/Ciclo_5_5_Izq_j.mp4,Ciclo_5_5_Izq_j,pending,,
mendeley_labeled611_P10_c4ad33f19e281472,67htnzmwbb.1,P10,k,dactylology,accepted,validation,Mexican Sign Languages Dactylology and Ten First Numbers - Labeled images and videos. From person #6 to #11/persona_1_/Ciclo_1_5_Derecha/Ciclo_1_5_Derecha_k.mp4,Ciclo_1_5_Derecha_k,pending,,
mendeley_labeled611_P10_15c5b61178ff9425,67htnzmwbb.1,P10,k,dactylology,accepted,validation,Mexican Sign Languages Dactylology and Ten First Numbers - Labeled images and videos. From person #6 to #11/persona_1_/Ciclo_1_5_Izquierda/Ciclo_1_5_Izq_k.mp4,Ciclo_1_5_Izq_k,pending,,
mendeley_labeled611_P10_f62fd879dc041d15,67htnzmwbb.1,P10,k,dactylology,accepted,validation,Mexican Sign Languages Dactylology and Ten First Numbers - Labeled images and videos. From person #6 to #11/persona_1_/Ciclo_2_5_Derecha/Ciclo_2_5_Derecha_k.mp4,Ciclo_2_5_Derecha_k,pending,,
mendeley_labeled611_P10_a735ba87917d0d31,67htnzmwbb.1,P10,k,dactylology,accepted,validation,Mexican Sign Languages Dactylology and Ten First Numbers - Labeled images and videos. From person #6 to #11/persona_1_/Ciclo_2_5_Izquierda/Ciclo_2_5_Izq_k.mp4,Ciclo_2_5_Izq_k,pending,,
mendeley_labeled611_P10_e6bb090d58ce8b9d,67htnzmwbb.1,P10,k,dactylology,accepted,validation,Mexican Sign Languages Dactylology and Ten First Numbers - Labeled images and videos. From person #6 to #11/persona_1_/Ciclo_3_5_Derecha/Ciclo_3_5_Derecha_k.mp4,Ciclo_3_5_Derecha_k,pending,,
mendeley_labeled611_P10_4a8bdd4e4456f8dc,67htnzmwbb.1,P10,k,dactylology,accepted,validation,Mexican Sign Languages Dactylology and Ten First Numbers - Labeled images and videos. From person #6 to #11/persona_1_/Ciclo_3_5_Izquierda/Ciclo_3_5_Izq_k.mp4,Ciclo_3_5_Izq_k,pending,,
mendeley_labeled611_P10_bb0d30d96a9a36b1,67htnzmwbb.1,P10,k,dactylology,accepted,validation,Mexican Sign Languages Dactylology and Ten First Numbers - Labeled images and videos. From person #6 to #11/persona_1_/Ciclo_4_5_Derecha/Ciclo_4_5_Derecha_k.mp4,Ciclo_4_5_Derecha_k,pending,,
mendeley_labeled611_P10_be05d9e1420aaf9a,67htnzmwbb.1,P10,k,dactylology,accepted,validation,Mexican Sign Languages Dactylology and Ten First Numbers - Labeled images and videos. From person #6 to #11/persona_1_/Ciclo_4_5_Izquierda/Ciclo_4_5_Izq_k.mp4,Ciclo_4_5_Izq_k,pending,,
mendeley_labeled611_P10_7e86417326f0e3c4,67htnzmwbb.1,P10,k,dactylology,accepted,validation,Mexican Sign Languages Dactylology and Ten First Numbers - Labeled images and videos. From person #6 to #11/persona_1_/Ciclo_5_5_Derecha/Ciclo_5_5_Derecha_k.mp4,Ciclo_5_5_Derecha_k,pending,,
mendeley_labeled611_P10_59b469f68e0133b4,67htnzmwbb.1,P10,k,dactylology,accepted,validation,Mexican Sign Languages Dactylology and Ten First Numbers - Labeled images and videos. From person #6 to #11/persona_1_/Ciclo_5_5_Izquierda/Ciclo_5_5_Izq_k.mp4,Ciclo_5_5_Izq_k,pending,,
mendeley_labeled611_P10_1c65f91ade430918,67htnzmwbb.1,P10,l,dactylology,accepted,validation,Mexican Sign Languages Dactylology and Ten First Numbers - Labeled images and videos. From person #6 to #11/persona_1_/Ciclo_1_5_Derecha/Ciclo_1_5_Derecha_l.mp4,Ciclo_1_5_Derecha_l,pending,,
mendeley_labeled611_P10_fbe75000bc38d1e3,67htnzmwbb.1,P10,l,dactylology,accepted,validation,Mexican Sign Languages Dactylology and Ten First Numbers - Labeled images and videos. From person #6 to #11/persona_1_/Ciclo_1_5_Izquierda/Ciclo_1_5_Izq_l.mp4,Ciclo_1_5_Izq_l,pending,,
mendeley_labeled611_P10_7b3184bf1b28c3bc,67htnzmwbb.1,P10,l,dactylology,accepted,validation,Mexican Sign Languages Dactylology and Ten First Numbers - Labeled images and videos. From person #6 to #11/persona_1_/Ciclo_2_5_Derecha/Ciclo_2_5_Derecha_l.mp4,Ciclo_2_5_Derecha_l,pending,,
mendeley_labeled611_P10_01d9a3cc490f5dc5,67htnzmwbb.1,P10,l,dactylology,accepted,validation,Mexican Sign Languages Dactylology and Ten First Numbers - Labeled images and videos. From person #6 to #11/persona_1_/Ciclo_2_5_Izquierda/Ciclo_2_5_Izq_l.mp4,Ciclo_2_5_Izq_l,pending,,
mendeley_labeled611_P10_1d7d8366100b0e2a,67htnzmwbb.1,P10,l,dactylology,accepted,validation,Mexican Sign Languages Dactylology and Ten First Numbers - Labeled images and videos. From person #6 to #11/persona_1_/Ciclo_3_5_Derecha/Ciclo_3_5_Derecha_l.mp4,Ciclo_3_5_Derecha_l,pending,,
mendeley_labeled611_P10_250ff98f7c584b5e,67htnzmwbb.1,P10,l,dactylology,accepted,validation,Mexican Sign Languages Dactylology and Ten First Numbers - Labeled images and videos. From person #6 to #11/persona_1_/Ciclo_3_5_Izquierda/Ciclo_3_5_Izq_l.mp4,Ciclo_3_5_Izq_l,pending,,
mendeley_labeled611_P10_c252dd93b92a3774,67htnzmwbb.1,P10,l,dactylology,accepted,validation,Mexican Sign Languages Dactylology and Ten First Numbers - Labeled images and videos. From person #6 to #11/persona_1_/Ciclo_4_5_Derecha/Ciclo_4_5_Derecha_l.mp4,Ciclo_4_5_Derecha_l,pending,,
mendeley_labeled611_P10_5d42304a75a08f23,67htnzmwbb.1,P10,l,dactylology,accepted,validation,Mexican Sign Languages Dactylology and Ten First Numbers - Labeled images and videos. From person #6 to #11/persona_1_/Ciclo_4_5_Izquierda/Ciclo_4_5_Izq_l.mp4,Ciclo_4_5_Izq_l,pending,,
mendeley_labeled611_P10_7cfbec7f750df63e,67htnzmwbb.1,P10,l,dactylology,accepted,validation,Mexican Sign Languages Dactylology and Ten First Numbers - Labeled images and videos. From person #6 to #11/persona_1_/Ciclo_5_5_Derecha/Ciclo_5_5_Derecha_l.mp4,Ciclo_5_5_Derecha_l,pending,,
mendeley_labeled611_P10_c55b859645f518d6,67htnzmwbb.1,P10,l,dactylology,accepted,validation,Mexican Sign Languages Dactylology and Ten First Numbers - Labeled images and videos. From person #6 to #11/persona_1_/Ciclo_5_5_Izquierda/Ciclo_5_5_Izq_l.mp4,Ciclo_5_5_Izq_l,pending,,
mendeley_labeled611_P10_d9427b69a95d03f2,67htnzmwbb.1,P10,ll,dactylology,accepted,validation,Mexican Sign Languages Dactylology and Ten First Numbers - Labeled images and videos. From person #6 to #11/persona_1_/Ciclo_1_5_Derecha/Ciclo_1_5_Derecha_ll.mp4,Ciclo_1_5_Derecha_ll,pending,,
mendeley_labeled611_P10_5aa68aece664e10b,67htnzmwbb.1,P10,ll,dactylology,accepted,validation,Mexican Sign Languages Dactylology and Ten First Numbers - Labeled images and videos. From person #6 to #11/persona_1_/Ciclo_1_5_Izquierda/Ciclo_1_5_Izq_ll.mp4,Ciclo_1_5_Izq_ll,pending,,
mendeley_labeled611_P10_9b347e992e44ad39,67htnzmwbb.1,P10,ll,dactylology,accepted,validation,Mexican Sign Languages Dactylology and Ten First Numbers - Labeled images and videos. From person #6 to #11/persona_1_/Ciclo_2_5_Derecha/Ciclo_2_5_Derecha_ll.mp4,Ciclo_2_5_Derecha_ll,pending,,
mendeley_labeled611_P10_71dc8f8b78bfa693,67htnzmwbb.1,P10,ll,dactylology,accepted,validation,Mexican Sign Languages Dactylology and Ten First Numbers - Labeled images and videos. From person #6 to #11/persona_1_/Ciclo_2_5_Izquierda/Ciclo_2_5_Izq_ll.mp4,Ciclo_2_5_Izq_ll,pending,,
mendeley_labeled611_P10_6fb8fa410576f06b,67htnzmwbb.1,P10,ll,dactylology,accepted,validation,Mexican Sign Languages Dactylology and Ten First Numbers - Labeled images and videos. From person #6 to #11/persona_1_/Ciclo_3_5_Derecha/Ciclo_3_5_Derecha_ll.mp4,Ciclo_3_5_Derecha_ll,pending,,
mendeley_labeled611_P10_96fc15bd0f4a8d88,67htnzmwbb.1,P10,ll,dactylology,accepted,validation,Mexican Sign Languages Dactylology and Ten First Numbers - Labeled images and videos. From person #6 to #11/persona_1_/Ciclo_3_5_Izquierda/Ciclo_3_5_Izq_ll.mp4,Ciclo_3_5_Izq_ll,pending,,
mendeley_labeled611_P10_115614338ef642d5,67htnzmwbb.1,P10,ll,dactylology,accepted,validation,Mexican Sign Languages Dactylology and Ten First Numbers - Labeled images and videos. From person #6 to #11/persona_1_/Ciclo_4_5_Derecha/Ciclo_4_5_Derecha_ll.mp4,Ciclo_4_5_Derecha_ll,pending,,
mendeley_labeled611_P10_c4553705ef9f5a31,67htnzmwbb.1,P10,ll,dactylology,accepted,validation,Mexican Sign Languages Dactylology and Ten First Numbers - Labeled images and videos. From person #6 to #11/persona_1_/Ciclo_4_5_Izquierda/Ciclo_4_5_Izq_ll.mp4,Ciclo_4_5_Izq_ll,pending,,
mendeley_labeled611_P10_85990cb4cd196e44,67htnzmwbb.1,P10,ll,dactylology,accepted,validation,Mexican Sign Languages Dactylology and Ten First Numbers - Labeled images and videos. From person #6 to #11/persona_1_/Ciclo_5_5_Derecha/Ciclo_5_5_Derecha_ll.mp4,Ciclo_5_5_Derecha_ll,pending,,
mendeley_labeled611_P10_da804b51f3997a3f,67htnzmwbb.1,P10,ll,dactylology,accepted,validation,Mexican Sign Languages Dactylology and Ten First Numbers - Labeled images and videos. From person #6 to #11/persona_1_/Ciclo_5_5_Izquierda/Ciclo_5_5_Izq_ll.mp4,Ciclo_5_5_Izq_ll,pending,,
mendeley_labeled611_P10_3efe4a8c0cd45fbc,67htnzmwbb.1,P10,ll,dactylology,accepted,validation,Mexican Sign Languages Dactylology and Ten First Numbers - Labeled images and videos. From person #6 to #11/persona_1_/Ciclo_6_5_Derecha_ll.mp4,Ciclo_6_5_Derecha_ll,pending,,
mendeley_labeled611_P10_b34d68d430f0981b,67htnzmwbb.1,P10,ll,dactylology,accepted,validation,Mexican Sign Languages Dactylology and Ten First Numbers - Labeled images and videos. From person #6 to #11/persona_1_/Ciclo_6_5_Izq_ll.mp4,Ciclo_6_5_Izq_ll,pending,,
mendeley_labeled611_P10_9aa707580bc4e4bd,67htnzmwbb.1,P10,m,dactylology,accepted,validation,Mexican Sign Languages Dactylology and Ten First Numbers - Labeled images and videos. From person #6 to #11/persona_1_/Ciclo_1_5_Derecha/Ciclo_1_5_Derecha_m.mp4,Ciclo_1_5_Derecha_m,pending,,
mendeley_labeled611_P10_3b4c52afd7a53ce2,67htnzmwbb.1,P10,m,dactylology,accepted,validation,Mexican Sign Languages Dactylology and Ten First Numbers - Labeled images and videos. From person #6 to #11/persona_1_/Ciclo_1_5_Izquierda/Ciclo_1_5_Izq_m.mp4,Ciclo_1_5_Izq_m,pending,,
mendeley_labeled611_P10_eed166b4cfe9a3b6,67htnzmwbb.1,P10,m,dactylology,accepted,validation,Mexican Sign Languages Dactylology and Ten First Numbers - Labeled images and videos. From person #6 to #11/persona_1_/Ciclo_2_5_Derecha/Ciclo_2_5_Derecha_m.mp4,Ciclo_2_5_Derecha_m,pending,,
mendeley_labeled611_P10_1f51a58dedb61ecb,67htnzmwbb.1,P10,m,dactylology,accepted,validation,Mexican Sign Languages Dactylology and Ten First Numbers - Labeled images and videos. From person #6 to #11/persona_1_/Ciclo_2_5_Izquierda/Ciclo_2_5_Izq_m.mp4,Ciclo_2_5_Izq_m,pending,,
mendeley_labeled611_P10_858ed39c0371bb2e,67htnzmwbb.1,P10,m,dactylology,accepted,validation,Mexican Sign Languages Dactylology and Ten First Numbers - Labeled images and videos. From person #6 to #11/persona_1_/Ciclo_3_5_Derecha/Ciclo_3_5_Derecha_m.mp4,Ciclo_3_5_Derecha_m,pending,,
mendeley_labeled611_P10_94040ee650566bd6,67htnzmwbb.1,P10,m,dactylology,accepted,validation,Mexican Sign Languages Dactylology and Ten First Numbers - Labeled images and videos. From person #6 to #11/persona_1_/Ciclo_3_5_Izquierda/Ciclo_3_5_Izq_m.mp4,Ciclo_3_5_Izq_m,pending,,
mendeley_labeled611_P10_2b7263d04249e6b7,67htnzmwbb.1,P10,m,dactylology,accepted,validation,Mexican Sign Languages Dactylology and Ten First Numbers - Labeled images and videos. From person #6 to #11/persona_1_/Ciclo_4_5_Derecha/Ciclo_4_5_Derecha_m.mp4,Ciclo_4_5_Derecha_m,pending,,
mendeley_labeled611_P10_e18e3824da5c2dea,67htnzmwbb.1,P10,m,dactylology,accepted,validation,Mexican Sign Languages Dactylology and Ten First Numbers - Labeled images and videos. From person #6 to #11/persona_1_/Ciclo_4_5_Izquierda/Ciclo_4_5_Izq_m.mp4,Ciclo_4_5_Izq_m,pending,,
mendeley_labeled611_P10_5e7cf0c885f8ff98,67htnzmwbb.1,P10,m,dactylology,accepted,validation,Mexican Sign Languages Dactylology and Ten First Numbers - Labeled images and videos. From person #6 to #11/persona_1_/Ciclo_5_5_Derecha/Ciclo_5_5_Derecha_m.mp4,Ciclo_5_5_Derecha_m,pending,,
mendeley_labeled611_P10_1a6e9621e049b17b,67htnzmwbb.1,P10,m,dactylology,accepted,validation,Mexican Sign Languages Dactylology and Ten First Numbers - Labeled images and videos. From person #6 to #11/persona_1_/Ciclo_5_5_Izquierda/Ciclo_5_5_Izq_m.mp4,Ciclo_5_5_Izq_m,pending,,
mendeley_labeled611_P10_1c9da1c03d48207c,67htnzmwbb.1,P10,n,dactylology,accepted,validation,Mexican Sign Languages Dactylology and Ten First Numbers - Labeled images and videos. From person #6 to #11/persona_1_/Ciclo_1_5_Izquierda/Ciclo_1_5_Izq_n.mp4,Ciclo_1_5_Izq_n,pending,,
mendeley_labeled611_P10_5f6b90375954fc61,67htnzmwbb.1,P10,n,dactylology,accepted,validation,Mexican Sign Languages Dactylology and Ten First Numbers - Labeled images and videos. From person #6 to #11/persona_1_/Ciclo_2_5_Izquierda/Ciclo_2_5_Izq_n.mp4,Ciclo_2_5_Izq_n,pending,,
mendeley_labeled611_P10_dffaee3702b64ef9,67htnzmwbb.1,P10,n,dactylology,accepted,validation,Mexican Sign Languages Dactylology and Ten First Numbers - Labeled images and videos. From person #6 to #11/persona_1_/Ciclo_3_5_Derecha/Ciclo_3_5_Derecha_n.mp4,Ciclo_3_5_Derecha_n,pending,,
mendeley_labeled611_P10_e9eacedad358b6c9,67htnzmwbb.1,P10,n,dactylology,accepted,validation,Mexican Sign Languages Dactylology and Ten First Numbers - Labeled images and videos. From person #6 to #11/persona_1_/Ciclo_3_5_Izquierda/Ciclo_3_5_Izq_n.mp4,Ciclo_3_5_Izq_n,pending,,
mendeley_labeled611_P10_0f4b60f2e6981f6a,67htnzmwbb.1,P10,n,dactylology,accepted,validation,Mexican Sign Languages Dactylology and Ten First Numbers - Labeled images and videos. From person #6 to #11/persona_1_/Ciclo_4_5_Derecha/Ciclo_4_5_Derecha_n.mp4,Ciclo_4_5_Derecha_n,pending,,
mendeley_labeled611_P10_8ce79961808fd475,67htnzmwbb.1,P10,o,dactylology,accepted,validation,Mexican Sign Languages Dactylology and Ten First Numbers - Labeled images and videos. From person #6 to #11/persona_1_/Ciclo_1_5_Derecha/Ciclo_1_5_Derecha_o.mp4,Ciclo_1_5_Derecha_o,pending,,
mendeley_labeled611_P10_4ef9e1c51b27b1ae,67htnzmwbb.1,P10,o,dactylology,accepted,validation,Mexican Sign Languages Dactylology and Ten First Numbers - Labeled images and videos. From person #6 to #11/persona_1_/Ciclo_1_5_Izquierda/Ciclo_1_5_Izq_o.mp4,Ciclo_1_5_Izq_o,pending,,
mendeley_labeled611_P10_eaa8b6c348b8aa79,67htnzmwbb.1,P10,o,dactylology,accepted,validation,Mexican Sign Languages Dactylology and Ten First Numbers - Labeled images and videos. From person #6 to #11/persona_1_/Ciclo_2_5_Derecha/Ciclo_2_5_Derecha_o.mp4,Ciclo_2_5_Derecha_o,pending,,
mendeley_labeled611_P10_98af3425957f22a3,67htnzmwbb.1,P10,o,dactylology,accepted,validation,Mexican Sign Languages Dactylology and Ten First Numbers - Labeled images and videos. From person #6 to #11/persona_1_/Ciclo_2_5_Izquierda/Ciclo_2_5_Izq_o.mp4,Ciclo_2_5_Izq_o,pending,,
mendeley_labeled611_P10_5b64028d4b8bf6f0,67htnzmwbb.1,P10,o,dactylology,accepted,validation,Mexican Sign Languages Dactylology and Ten First Numbers - Labeled images and videos. From person #6 to #11/persona_1_/Ciclo_3_5_Derecha/Ciclo_3_5_Derecha_o.mp4,Ciclo_3_5_Derecha_o,pending,,
mendeley_labeled611_P10_384dc44219ef0fc8,67htnzmwbb.1,P10,o,dactylology,accepted,validation,Mexican Sign Languages Dactylology and Ten First Numbers - Labeled images and videos. From person #6 to #11/persona_1_/Ciclo_3_5_Izquierda/Ciclo_3_5_Izq_o.mp4,Ciclo_3_5_Izq_o,pending,,
mendeley_labeled611_P10_9d3fd5a43cd61b57,67htnzmwbb.1,P10,o,dactylology,accepted,validation,Mexican Sign Languages Dactylology and Ten First Numbers - Labeled images and videos. From person #6 to #11/persona_1_/Ciclo_4_5_Derecha/Ciclo_4_5_Derecha_o.mp4,Ciclo_4_5_Derecha_o,pending,,
mendeley_labeled611_P10_e23298c3fd714f57,67htnzmwbb.1,P10,o,dactylology,accepted,validation,Mexican Sign Languages Dactylology and Ten First Numbers - Labeled images and videos. From person #6 to #11/persona_1_/Ciclo_4_5_Izquierda/Ciclo_4_5_Izq_o.mp4,Ciclo_4_5_Izq_o,pending,,
mendeley_labeled611_P10_19b7e2f81ebc4a03,67htnzmwbb.1,P10,o,dactylology,accepted,validation,Mexican Sign Languages Dactylology and Ten First Numbers - Labeled images and videos. From person #6 to #11/persona_1_/Ciclo_5_5_Derecha/Ciclo_5_5_Derecha_o.mp4,Ciclo_5_5_Derecha_o,pending,,
mendeley_labeled611_P10_e22ea61b2872cd34,67htnzmwbb.1,P10,o,dactylology,accepted,validation,Mexican Sign Languages Dactylology and Ten First Numbers - Labeled images and videos. From person #6 to #11/persona_1_/Ciclo_5_5_Izquierda/Ciclo_5_5_Izq_o.mp4,Ciclo_5_5_Izq_o,pending,,
mendeley_labeled611_P10_edc35d901822ad1d,67htnzmwbb.1,P10,p,dactylology,accepted,validation,Mexican Sign Languages Dactylology and Ten First Numbers - Labeled images and videos. From person #6 to #11/persona_1_/Ciclo_1_5_Derecha/Ciclo_1_5_Derecha_p.mp4,Ciclo_1_5_Derecha_p,pending,,
mendeley_labeled611_P10_586c84a08763af25,67htnzmwbb.1,P10,p,dactylology,accepted,validation,Mexican Sign Languages Dactylology and Ten First Numbers - Labeled images and videos. From person #6 to #11/persona_1_/Ciclo_1_5_Izquierda/Ciclo_1_5_Izq_p.mp4,Ciclo_1_5_Izq_p,pending,,
mendeley_labeled611_P10_a4f5941f68a5af39,67htnzmwbb.1,P10,p,dactylology,accepted,validation,Mexican Sign Languages Dactylology and Ten First Numbers - Labeled images and videos. From person #6 to #11/persona_1_/Ciclo_2_5_Derecha/Ciclo_2_5_Derecha_p.mp4,Ciclo_2_5_Derecha_p,pending,,
mendeley_labeled611_P10_fb57612b45f24ea4,67htnzmwbb.1,P10,p,dactylology,accepted,validation,Mexican Sign Languages Dactylology and Ten First Numbers - Labeled images and videos. From person #6 to #11/persona_1_/Ciclo_2_5_Izquierda/Ciclo_2_5_Izq_p.mp4,Ciclo_2_5_Izq_p,pending,,
mendeley_labeled611_P10_f409e9b7ea8c7ee5,67htnzmwbb.1,P10,p,dactylology,accepted,validation,Mexican Sign Languages Dactylology and Ten First Numbers - Labeled images and videos. From person #6 to #11/persona_1_/Ciclo_3_5_Derecha/Ciclo_3_5_Derecha_p.mp4,Ciclo_3_5_Derecha_p,pending,,
mendeley_labeled611_P10_bacfd22e7f11d6e5,67htnzmwbb.1,P10,p,dactylology,accepted,validation,Mexican Sign Languages Dactylology and Ten First Numbers - Labeled images and videos. From person #6 to #11/persona_1_/Ciclo_3_5_Izquierda/Ciclo_3_5_Izq_p.mp4,Ciclo_3_5_Izq_p,pending,,
mendeley_labeled611_P10_605932a94bdb7af4,67htnzmwbb.1,P10,p,dactylology,accepted,validation,Mexican Sign Languages Dactylology and Ten First Numbers - Labeled images and videos. From person #6 to #11/persona_1_/Ciclo_4_5_Derecha/Ciclo_4_5_Derecha_p.mp4,Ciclo_4_5_Derecha_p,pending,,
mendeley_labeled611_P10_b3be400317194fd3,67htnzmwbb.1,P10,p,dactylology,accepted,validation,Mexican Sign Languages Dactylology and Ten First Numbers - Labeled images and videos. From person #6 to #11/persona_1_/Ciclo_4_5_Izquierda/Ciclo_4_5_Izq_p.mp4,Ciclo_4_5_Izq_p,pending,,
mendeley_labeled611_P10_4e2984e21e8f7530,67htnzmwbb.1,P10,p,dactylology,accepted,validation,Mexican Sign Languages Dactylology and Ten First Numbers - Labeled images and videos. From person #6 to #11/persona_1_/Ciclo_5_5_Derecha/Ciclo_5_5_Derecha_p.mp4,Ciclo_5_5_Derecha_p,pending,,
mendeley_labeled611_P10_9e557df78662327d,67htnzmwbb.1,P10,p,dactylology,accepted,validation,Mexican Sign Languages Dactylology and Ten First Numbers - Labeled images and videos. From person #6 to #11/persona_1_/Ciclo_5_5_Izquierda/Ciclo_5_5_Izq_p.mp4,Ciclo_5_5_Izq_p,pending,,
mendeley_labeled611_P10_48529e20530a61a3,67htnzmwbb.1,P10,q,dactylology,accepted,validation,Mexican Sign Languages Dactylology and Ten First Numbers - Labeled images and videos. From person #6 to #11/persona_1_/Ciclo_1_5_Derecha/Ciclo_1_5_Derecha_q.mp4,Ciclo_1_5_Derecha_q,pending,,
mendeley_labeled611_P10_f28fa534d504761c,67htnzmwbb.1,P10,q,dactylology,accepted,validation,Mexican Sign Languages Dactylology and Ten First Numbers - Labeled images and videos. From person #6 to #11/persona_1_/Ciclo_1_5_Izquierda/Ciclo_1_5_Izq_q.mp4,Ciclo_1_5_Izq_q,pending,,
mendeley_labeled611_P10_4d4878673c1bf2ff,67htnzmwbb.1,P10,q,dactylology,accepted,validation,Mexican Sign Languages Dactylology and Ten First Numbers - Labeled images and videos. From person #6 to #11/persona_1_/Ciclo_2_5_Derecha/Ciclo_2_5_Derecha_q.mp4,Ciclo_2_5_Derecha_q,pending,,
mendeley_labeled611_P10_4ad4cf7e1f32f3a8,67htnzmwbb.1,P10,q,dactylology,accepted,validation,Mexican Sign Languages Dactylology and Ten First Numbers - Labeled images and videos. From person #6 to #11/persona_1_/Ciclo_2_5_Izquierda/Ciclo_2_5_Izq_q.mp4,Ciclo_2_5_Izq_q,pending,,
mendeley_labeled611_P10_ea2a39e8dc4db9bd,67htnzmwbb.1,P10,q,dactylology,accepted,validation,Mexican Sign Languages Dactylology and Ten First Numbers - Labeled images and videos. From person #6 to #11/persona_1_/Ciclo_3_5_Derecha/Ciclo_3_5_Derecha_q.mp4,Ciclo_3_5_Derecha_q,pending,,
mendeley_labeled611_P10_342a57df3071472e,67htnzmwbb.1,P10,q,dactylology,accepted,validation,Mexican Sign Languages Dactylology and Ten First Numbers - Labeled images and videos. From person #6 to #11/persona_1_/Ciclo_3_5_Izquierda/Ciclo_3_5_Izq_q.mp4,Ciclo_3_5_Izq_q,pending,,
mendeley_labeled611_P10_3803e7f8e9655ed4,67htnzmwbb.1,P10,q,dactylology,accepted,validation,Mexican Sign Languages Dactylology and Ten First Numbers - Labeled images and videos. From person #6 to #11/persona_1_/Ciclo_4_5_Derecha/Ciclo_4_5_Derecha_q.mp4,Ciclo_4_5_Derecha_q,pending,,
mendeley_labeled611_P10_48009801ba3dbd6d,67htnzmwbb.1,P10,q,dactylology,accepted,validation,Mexican Sign Languages Dactylology and Ten First Numbers - Labeled images and videos. From person #6 to #11/persona_1_/Ciclo_4_5_Izquierda/Ciclo_4_5_Izq_q.mp4,Ciclo_4_5_Izq_q,pending,,
mendeley_labeled611_P10_3af049683d70a27f,67htnzmwbb.1,P10,q,dactylology,accepted,validation,Mexican Sign Languages Dactylology and Ten First Numbers - Labeled images and videos. From person #6 to #11/persona_1_/Ciclo_5_5_Derecha/Ciclo_5_5_Derecha_q.mp4,Ciclo_5_5_Derecha_q,pending,,
mendeley_labeled611_P10_1528c54b0d4415fc,67htnzmwbb.1,P10,q,dactylology,accepted,validation,Mexican Sign Languages Dactylology and Ten First Numbers - Labeled images and videos. From person #6 to #11/persona_1_/Ciclo_5_5_Izquierda/Ciclo_5_5_Izq_q.mp4,Ciclo_5_5_Izq_q,pending,,
mendeley_labeled611_P10_bf1cba42f0f07555,67htnzmwbb.1,P10,r,dactylology,accepted,validation,Mexican Sign Languages Dactylology and Ten First Numbers - Labeled images and videos. From person #6 to #11/persona_1_/Ciclo_1_5_Derecha/Ciclo_1_5_Derecha_r.mp4,Ciclo_1_5_Derecha_r,pending,,
mendeley_labeled611_P10_9ad4cb6392ab3ffc,67htnzmwbb.1,P10,r,dactylology,accepted,validation,Mexican Sign Languages Dactylology and Ten First Numbers - Labeled images and videos. From person #6 to #11/persona_1_/Ciclo_1_5_Izquierda/Ciclo_1_5_Izq_r.mp4,Ciclo_1_5_Izq_r,pending,,
mendeley_labeled611_P10_d12e61518cf8d487,67htnzmwbb.1,P10,r,dactylology,accepted,validation,Mexican Sign Languages Dactylology and Ten First Numbers - Labeled images and videos. From person #6 to #11/persona_1_/Ciclo_2_5_Derecha/Ciclo_2_5_Derecha_r.mp4,Ciclo_2_5_Derecha_r,pending,,
mendeley_labeled611_P10_5172a36dae037598,67htnzmwbb.1,P10,r,dactylology,accepted,validation,Mexican Sign Languages Dactylology and Ten First Numbers - Labeled images and videos. From person #6 to #11/persona_1_/Ciclo_2_5_Izquierda/Ciclo_2_5_Izq_r.mp4,Ciclo_2_5_Izq_r,pending,,
mendeley_labeled611_P10_ccca22601b1d3783,67htnzmwbb.1,P10,r,dactylology,accepted,validation,Mexican Sign Languages Dactylology and Ten First Numbers - Labeled images and videos. From person #6 to #11/persona_1_/Ciclo_3_5_Derecha/Ciclo_3_5_Derecha_r.mp4,Ciclo_3_5_Derecha_r,pending,,
mendeley_labeled611_P10_6bcc2fbc003cb33f,67htnzmwbb.1,P10,r,dactylology,accepted,validation,Mexican Sign Languages Dactylology and Ten First Numbers - Labeled images and videos. From person #6 to #11/persona_1_/Ciclo_3_5_Izquierda/Ciclo_3_5_Izq_r.mp4,Ciclo_3_5_Izq_r,pending,,
mendeley_labeled611_P10_2b438c9cb96629c8,67htnzmwbb.1,P10,r,dactylology,accepted,validation,Mexican Sign Languages Dactylology and Ten First Numbers - Labeled images and videos. From person #6 to #11/persona_1_/Ciclo_4_5_Derecha/Ciclo_4_5_Derecha_r.mp4,Ciclo_4_5_Derecha_r,pending,,
mendeley_labeled611_P10_6165d0bae443ba52,67htnzmwbb.1,P10,r,dactylology,accepted,validation,Mexican Sign Languages Dactylology and Ten First Numbers - Labeled images and videos. From person #6 to #11/persona_1_/Ciclo_4_5_Izquierda/Ciclo_4_5_Izq_r.mp4,Ciclo_4_5_Izq_r,pending,,
mendeley_labeled611_P10_0f101e62e6d1d837,67htnzmwbb.1,P10,r,dactylology,accepted,validation,Mexican Sign Languages Dactylology and Ten First Numbers - Labeled images and videos. From person #6 to #11/persona_1_/Ciclo_5_5_Derecha/Ciclo_5_5_Derecha_r.mp4,Ciclo_5_5_Derecha_r,pending,,
mendeley_labeled611_P10_0e1f4edaf126bad7,67htnzmwbb.1,P10,r,dactylology,accepted,validation,Mexican Sign Languages Dactylology and Ten First Numbers - Labeled images and videos. From person #6 to #11/persona_1_/Ciclo_5_5_Izquierda/Ciclo_5_5_Izq_r.mp4,Ciclo_5_5_Izq_r,pending,,
mendeley_labeled611_P10_0217ce4f6b76d05b,67htnzmwbb.1,P10,rr,dactylology,accepted,validation,Mexican Sign Languages Dactylology and Ten First Numbers - Labeled images and videos. From person #6 to #11/persona_1_/Ciclo_1_5_Derecha/Ciclo_1_5_Derecha_rr.mp4,Ciclo_1_5_Derecha_rr,pending,,
mendeley_labeled611_P10_e26c7c3f05e8de34,67htnzmwbb.1,P10,rr,dactylology,accepted,validation,Mexican Sign Languages Dactylology and Ten First Numbers - Labeled images and videos. From person #6 to #11/persona_1_/Ciclo_1_5_Izquierda/Ciclo_1_5_Izq_rr.mp4,Ciclo_1_5_Izq_rr,pending,,
mendeley_labeled611_P10_cd39d7aa3515fd13,67htnzmwbb.1,P10,rr,dactylology,accepted,validation,Mexican Sign Languages Dactylology and Ten First Numbers - Labeled images and videos. From person #6 to #11/persona_1_/Ciclo_2_5_Derecha/Ciclo_2_5_Derecha_rr.mp4,Ciclo_2_5_Derecha_rr,pending,,
mendeley_labeled611_P10_2949a33e8cbdb4c3,67htnzmwbb.1,P10,rr,dactylology,accepted,validation,Mexican Sign Languages Dactylology and Ten First Numbers - Labeled images and videos. From person #6 to #11/persona_1_/Ciclo_2_5_Izquierda/Ciclo_2_5_Izq_rr.mp4,Ciclo_2_5_Izq_rr,pending,,
mendeley_labeled611_P10_87435e4c14d97bc4,67htnzmwbb.1,P10,rr,dactylology,accepted,validation,Mexican Sign Languages Dactylology and Ten First Numbers - Labeled images and videos. From person #6 to #11/persona_1_/Ciclo_3_5_Derecha/Ciclo_3_5_Derecha_rr.mp4,Ciclo_3_5_Derecha_rr,pending,,
mendeley_labeled611_P10_3b2fd550d745983a,67htnzmwbb.1,P10,rr,dactylology,accepted,validation,Mexican Sign Languages Dactylology and Ten First Numbers - Labeled images and videos. From person #6 to #11/persona_1_/Ciclo_3_5_Izquierda/Ciclo_3_5_Izq_rr.mp4,Ciclo_3_5_Izq_rr,pending,,
mendeley_labeled611_P10_e4e768dc7dd8c34c,67htnzmwbb.1,P10,rr,dactylology,accepted,validation,Mexican Sign Languages Dactylology and Ten First Numbers - Labeled images and videos. From person #6 to #11/persona_1_/Ciclo_4_5_Derecha/Ciclo_4_5_Derecha_rr.mp4,Ciclo_4_5_Derecha_rr,pending,,
mendeley_labeled611_P10_d55392189c1f15de,67htnzmwbb.1,P10,rr,dactylology,accepted,validation,Mexican Sign Languages Dactylology and Ten First Numbers - Labeled images and videos. From person #6 to #11/persona_1_/Ciclo_4_5_Izquierda/Ciclo_4_5_Izq_rr.mp4,Ciclo_4_5_Izq_rr,pending,,
mendeley_labeled611_P10_54ffe5c5ae522252,67htnzmwbb.1,P10,rr,dactylology,accepted,validation,Mexican Sign Languages Dactylology and Ten First Numbers - Labeled images and videos. From person #6 to #11/persona_1_/Ciclo_5_5_Derecha/Ciclo_5_5_Derecha_rr.mp4,Ciclo_5_5_Derecha_rr,pending,,
mendeley_labeled611_P10_ff04bdcd51256d8e,67htnzmwbb.1,P10,rr,dactylology,accepted,validation,Mexican Sign Languages Dactylology and Ten First Numbers - Labeled images and videos. From person #6 to #11/persona_1_/Ciclo_5_5_Izquierda/Ciclo_5_5_Izq_rr.mp4,Ciclo_5_5_Izq_rr,pending,,
mendeley_labeled611_P10_b6ed4f5ab291f7e6,67htnzmwbb.1,P10,rr,dactylology,accepted,validation,Mexican Sign Languages Dactylology and Ten First Numbers - Labeled images and videos. From person #6 to #11/persona_1_/Ciclo_6_5_Derecha_rr.mp4,Ciclo_6_5_Derecha_rr,pending,,
mendeley_labeled611_P10_bf27b90ea489829c,67htnzmwbb.1,P10,rr,dactylology,accepted,validation,Mexican Sign Languages Dactylology and Ten First Numbers - Labeled images and videos. From person #6 to #11/persona_1_/Ciclo_6_5_Izq_rr.mp4,Ciclo_6_5_Izq_rr,pending,,
mendeley_labeled611_P10_a876b9cb6fc1be3f,67htnzmwbb.1,P10,s,dactylology,accepted,validation,Mexican Sign Languages Dactylology and Ten First Numbers - Labeled images and videos. From person #6 to #11/persona_1_/Ciclo_1_5_Derecha/Ciclo_1_5_Derecha_s.mp4,Ciclo_1_5_Derecha_s,pending,,
mendeley_labeled611_P10_acf410c9e3b44817,67htnzmwbb.1,P10,s,dactylology,accepted,validation,Mexican Sign Languages Dactylology and Ten First Numbers - Labeled images and videos. From person #6 to #11/persona_1_/Ciclo_1_5_Izquierda/Ciclo_1_5_Izq_s.mp4,Ciclo_1_5_Izq_s,pending,,
mendeley_labeled611_P10_86d96b294e1e002c,67htnzmwbb.1,P10,s,dactylology,accepted,validation,Mexican Sign Languages Dactylology and Ten First Numbers - Labeled images and videos. From person #6 to #11/persona_1_/Ciclo_2_5_Derecha/Ciclo_2_5_Derecha_s.mp4,Ciclo_2_5_Derecha_s,pending,,
mendeley_labeled611_P10_fa8b65a5e6cddb8b,67htnzmwbb.1,P10,s,dactylology,accepted,validation,Mexican Sign Languages Dactylology and Ten First Numbers - Labeled images and videos. From person #6 to #11/persona_1_/Ciclo_2_5_Izquierda/Ciclo_2_5_Izq_s.mp4,Ciclo_2_5_Izq_s,pending,,
mendeley_labeled611_P10_8391727fb522cba5,67htnzmwbb.1,P10,s,dactylology,accepted,validation,Mexican Sign Languages Dactylology and Ten First Numbers - Labeled images and videos. From person #6 to #11/persona_1_/Ciclo_3_5_Derecha/Ciclo_3_5_Derecha_s.mp4,Ciclo_3_5_Derecha_s,pending,,
mendeley_labeled611_P10_5e96595bbb03ac13,67htnzmwbb.1,P10,s,dactylology,accepted,validation,Mexican Sign Languages Dactylology and Ten First Numbers - Labeled images and videos. From person #6 to #11/persona_1_/Ciclo_3_5_Izquierda/Ciclo_3_5_Izq_s.mp4,Ciclo_3_5_Izq_s,pending,,
mendeley_labeled611_P10_edc2b8c2da1994e3,67htnzmwbb.1,P10,s,dactylology,accepted,validation,Mexican Sign Languages Dactylology and Ten First Numbers - Labeled images and videos. From person #6 to #11/persona_1_/Ciclo_4_5_Derecha/Ciclo_4_5_Derecha_s.mp4,Ciclo_4_5_Derecha_s,pending,,
mendeley_labeled611_P10_45b14b31d754f070,67htnzmwbb.1,P10,s,dactylology,accepted,validation,Mexican Sign Languages Dactylology and Ten First Numbers - Labeled images and videos. From person #6 to #11/persona_1_/Ciclo_4_5_Izquierda/Ciclo_4_5_Izq_s.mp4,Ciclo_4_5_Izq_s,pending,,
mendeley_labeled611_P10_f779d3301d857c49,67htnzmwbb.1,P10,s,dactylology,accepted,validation,Mexican Sign Languages Dactylology and Ten First Numbers - Labeled images and videos. From person #6 to #11/persona_1_/Ciclo_5_5_Derecha/Ciclo_5_5_Derecha_s.mp4,Ciclo_5_5_Derecha_s,pending,,
mendeley_labeled611_P10_b08abadb4bd331cd,67htnzmwbb.1,P10,s,dactylology,accepted,validation,Mexican Sign Languages Dactylology and Ten First Numbers - Labeled images and videos. From person #6 to #11/persona_1_/Ciclo_5_5_Izquierda/Ciclo_5_5_Izq_s.mp4,Ciclo_5_5_Izq_s,pending,,
mendeley_labeled611_P10_8e6adb5be674b403,67htnzmwbb.1,P10,t,dactylology,accepted,validation,Mexican Sign Languages Dactylology and Ten First Numbers - Labeled images and videos. From person #6 to #11/persona_1_/Ciclo_1_5_Derecha/Ciclo_1_5_Derecha_t.mp4,Ciclo_1_5_Derecha_t,pending,,
mendeley_labeled611_P10_493b1ea6407b1548,67htnzmwbb.1,P10,t,dactylology,accepted,validation,Mexican Sign Languages Dactylology and Ten First Numbers - Labeled images and videos. From person #6 to #11/persona_1_/Ciclo_1_5_Izquierda/Ciclo_1_5_Izq_t.mp4,Ciclo_1_5_Izq_t,pending,,
mendeley_labeled611_P10_2f7efc6d3795cb0d,67htnzmwbb.1,P10,t,dactylology,accepted,validation,Mexican Sign Languages Dactylology and Ten First Numbers - Labeled images and videos. From person #6 to #11/persona_1_/Ciclo_2_5_Derecha/Ciclo_2_5_Derecha_t.mp4,Ciclo_2_5_Derecha_t,pending,,
mendeley_labeled611_P10_ea99d431f5c5c6df,67htnzmwbb.1,P10,t,dactylology,accepted,validation,Mexican Sign Languages Dactylology and Ten First Numbers - Labeled images and videos. From person #6 to #11/persona_1_/Ciclo_2_5_Izquierda/Ciclo_2_5_Izq_t.mp4,Ciclo_2_5_Izq_t,pending,,
mendeley_labeled611_P10_0ed351e80d57f623,67htnzmwbb.1,P10,t,dactylology,accepted,validation,Mexican Sign Languages Dactylology and Ten First Numbers - Labeled images and videos. From person #6 to #11/persona_1_/Ciclo_3_5_Derecha/Ciclo_3_5_Derecha_t.mp4,Ciclo_3_5_Derecha_t,pending,,
mendeley_labeled611_P10_4d98931305bf2012,67htnzmwbb.1,P10,t,dactylology,accepted,validation,Mexican Sign Languages Dactylology and Ten First Numbers - Labeled images and videos. From person #6 to #11/persona_1_/Ciclo_3_5_Izquierda/Ciclo_3_5_Izq_t.mp4,Ciclo_3_5_Izq_t,pending,,
mendeley_labeled611_P10_43a38a1c0f5a7e4d,67htnzmwbb.1,P10,t,dactylology,accepted,validation,Mexican Sign Languages Dactylology and Ten First Numbers - Labeled images and videos. From person #6 to #11/persona_1_/Ciclo_4_5_Derecha/Ciclo_4_5_Derecha_t.mp4,Ciclo_4_5_Derecha_t,pending,,
mendeley_labeled611_P10_e62ee843d729b362,67htnzmwbb.1,P10,t,dactylology,accepted,validation,Mexican Sign Languages Dactylology and Ten First Numbers - Labeled images and videos. From person #6 to #11/persona_1_/Ciclo_4_5_Izquierda/Ciclo_4_5_Izq_t.mp4,Ciclo_4_5_Izq_t,pending,,
mendeley_labeled611_P10_4dffa7e1248d4b03,67htnzmwbb.1,P10,t,dactylology,accepted,validation,Mexican Sign Languages Dactylology and Ten First Numbers - Labeled images and videos. From person #6 to #11/persona_1_/Ciclo_5_5_Derecha/Ciclo_5_5_Derecha_t.mp4,Ciclo_5_5_Derecha_t,pending,,
mendeley_labeled611_P10_d33acdfa6fd5c70b,67htnzmwbb.1,P10,t,dactylology,accepted,validation,Mexican Sign Languages Dactylology and Ten First Numbers - Labeled images and videos. From person #6 to #11/persona_1_/Ciclo_5_5_Izquierda/Ciclo_5_5_Izq_t.mp4,Ciclo_5_5_Izq_t,pending,,
mendeley_labeled611_P10_b8ccf21b11291d3e,67htnzmwbb.1,P10,u,dactylology,accepted,validation,Mexican Sign Languages Dactylology and Ten First Numbers - Labeled images and videos. From person #6 to #11/persona_1_/Ciclo_1_5_Derecha/Ciclo_1_5_Derecha_u.mp4,Ciclo_1_5_Derecha_u,pending,,
mendeley_labeled611_P10_cd3322062e4c1c75,67htnzmwbb.1,P10,u,dactylology,accepted,validation,Mexican Sign Languages Dactylology and Ten First Numbers - Labeled images and videos. From person #6 to #11/persona_1_/Ciclo_1_5_Izquierda/Ciclo_1_5_Izq_u.mp4,Ciclo_1_5_Izq_u,pending,,
mendeley_labeled611_P10_2e2f26869cc0843a,67htnzmwbb.1,P10,u,dactylology,accepted,validation,Mexican Sign Languages Dactylology and Ten First Numbers - Labeled images and videos. From person #6 to #11/persona_1_/Ciclo_2_5_Derecha/Ciclo_2_5_Derecha_u.mp4,Ciclo_2_5_Derecha_u,pending,,
mendeley_labeled611_P10_0a0c854e9ac3034c,67htnzmwbb.1,P10,u,dactylology,accepted,validation,Mexican Sign Languages Dactylology and Ten First Numbers - Labeled images and videos. From person #6 to #11/persona_1_/Ciclo_2_5_Izquierda/Ciclo_2_5_Izq_u.mp4,Ciclo_2_5_Izq_u,pending,,
mendeley_labeled611_P10_457354fc5b754acc,67htnzmwbb.1,P10,u,dactylology,accepted,validation,Mexican Sign Languages Dactylology and Ten First Numbers - Labeled images and videos. From person #6 to #11/persona_1_/Ciclo_3_5_Derecha/Ciclo_3_5_Derecha_u.mp4,Ciclo_3_5_Derecha_u,pending,,
mendeley_labeled611_P10_97a196108ab277e3,67htnzmwbb.1,P10,u,dactylology,accepted,validation,Mexican Sign Languages Dactylology and Ten First Numbers - Labeled images and videos. From person #6 to #11/persona_1_/Ciclo_3_5_Izquierda/Ciclo_3_5_Izq_u.mp4,Ciclo_3_5_Izq_u,pending,,
mendeley_labeled611_P10_16f4a98e64ab109b,67htnzmwbb.1,P10,u,dactylology,accepted,validation,Mexican Sign Languages Dactylology and Ten First Numbers - Labeled images and videos. From person #6 to #11/persona_1_/Ciclo_4_5_Derecha/Ciclo_4_5_Derecha_u.mp4,Ciclo_4_5_Derecha_u,pending,,
mendeley_labeled611_P10_a80c8336c032f683,67htnzmwbb.1,P10,u,dactylology,accepted,validation,Mexican Sign Languages Dactylology and Ten First Numbers - Labeled images and videos. From person #6 to #11/persona_1_/Ciclo_4_5_Izquierda/Ciclo_4_5_Izq_u.mp4,Ciclo_4_5_Izq_u,pending,,
mendeley_labeled611_P10_9b12e137143a0a1c,67htnzmwbb.1,P10,u,dactylology,accepted,validation,Mexican Sign Languages Dactylology and Ten First Numbers - Labeled images and videos. From person #6 to #11/persona_1_/Ciclo_5_5_Derecha/Ciclo_5_5_Derecha_u.mp4,Ciclo_5_5_Derecha_u,pending,,
mendeley_labeled611_P10_663f11dda0ce2444,67htnzmwbb.1,P10,u,dactylology,accepted,validation,Mexican Sign Languages Dactylology and Ten First Numbers - Labeled images and videos. From person #6 to #11/persona_1_/Ciclo_5_5_Izquierda/Ciclo_5_5_Izq_u.mp4,Ciclo_5_5_Izq_u,pending,,
mendeley_labeled611_P10_f160049a75a82c33,67htnzmwbb.1,P10,v,dactylology,accepted,validation,Mexican Sign Languages Dactylology and Ten First Numbers - Labeled images and videos. From person #6 to #11/persona_1_/Ciclo_1_5_Derecha/Ciclo_1_5_Derecha_v.mp4,Ciclo_1_5_Derecha_v,pending,,
mendeley_labeled611_P10_a5998958ec8e9915,67htnzmwbb.1,P10,v,dactylology,accepted,validation,Mexican Sign Languages Dactylology and Ten First Numbers - Labeled images and videos. From person #6 to #11/persona_1_/Ciclo_1_5_Izquierda/Ciclo_1_5_Izq_v.mp4,Ciclo_1_5_Izq_v,pending,,
mendeley_labeled611_P10_cfac935b4b5b3021,67htnzmwbb.1,P10,v,dactylology,accepted,validation,Mexican Sign Languages Dactylology and Ten First Numbers - Labeled images and videos. From person #6 to #11/persona_1_/Ciclo_2_5_Derecha/Ciclo_2_5_Derecha_v.mp4,Ciclo_2_5_Derecha_v,pending,,
mendeley_labeled611_P10_f684d2380b9cabc0,67htnzmwbb.1,P10,v,dactylology,accepted,validation,Mexican Sign Languages Dactylology and Ten First Numbers - Labeled images and videos. From person #6 to #11/persona_1_/Ciclo_2_5_Izquierda/Ciclo_2_5_Izq_v.mp4,Ciclo_2_5_Izq_v,pending,,
mendeley_labeled611_P10_0b10dcd41e9d98ba,67htnzmwbb.1,P10,v,dactylology,accepted,validation,Mexican Sign Languages Dactylology and Ten First Numbers - Labeled images and videos. From person #6 to #11/persona_1_/Ciclo_3_5_Derecha/Ciclo_3_5_Derecha_v.mp4,Ciclo_3_5_Derecha_v,pending,,
mendeley_labeled611_P10_fb3a6bcaf1547439,67htnzmwbb.1,P10,v,dactylology,accepted,validation,Mexican Sign Languages Dactylology and Ten First Numbers - Labeled images and videos. From person #6 to #11/persona_1_/Ciclo_3_5_Izquierda/Ciclo_3_5_Izq_v.mp4,Ciclo_3_5_Izq_v,pending,,
mendeley_labeled611_P10_85b9cf222bb002f2,67htnzmwbb.1,P10,v,dactylology,accepted,validation,Mexican Sign Languages Dactylology and Ten First Numbers - Labeled images and videos. From person #6 to #11/persona_1_/Ciclo_4_5_Derecha/Ciclo_4_5_Derecha_v.mp4,Ciclo_4_5_Derecha_v,pending,,
mendeley_labeled611_P10_c0c650c0d2cace51,67htnzmwbb.1,P10,v,dactylology,accepted,validation,Mexican Sign Languages Dactylology and Ten First Numbers - Labeled images and videos. From person #6 to #11/persona_1_/Ciclo_4_5_Izquierda/Ciclo_4_5_Izq_v.mp4,Ciclo_4_5_Izq_v,pending,,
mendeley_labeled611_P10_300de5ffc9b1ef1c,67htnzmwbb.1,P10,v,dactylology,accepted,validation,Mexican Sign Languages Dactylology and Ten First Numbers - Labeled images and videos. From person #6 to #11/persona_1_/Ciclo_5_5_Derecha/Ciclo_5_5_Derecha_v.mp4,Ciclo_5_5_Derecha_v,pending,,
mendeley_labeled611_P10_62fdb0545287d004,67htnzmwbb.1,P10,v,dactylology,accepted,validation,Mexican Sign Languages Dactylology and Ten First Numbers - Labeled images and videos. From person #6 to #11/persona_1_/Ciclo_5_5_Izquierda/Ciclo_5_5_Izq_v.mp4,Ciclo_5_5_Izq_v,pending,,
mendeley_labeled611_P10_166be9e7bbc614ee,67htnzmwbb.1,P10,w,dactylology,accepted,validation,Mexican Sign Languages Dactylology and Ten First Numbers - Labeled images and videos. From person #6 to #11/persona_1_/Ciclo_1_5_Derecha/Ciclo_1_5_Derecha_w.mp4,Ciclo_1_5_Derecha_w,pending,,
mendeley_labeled611_P10_dbcdee56defce7a6,67htnzmwbb.1,P10,w,dactylology,accepted,validation,Mexican Sign Languages Dactylology and Ten First Numbers - Labeled images and videos. From person #6 to #11/persona_1_/Ciclo_1_5_Izquierda/Ciclo_1_5_Izq_w.mp4,Ciclo_1_5_Izq_w,pending,,
mendeley_labeled611_P10_dc8884cb65b8760e,67htnzmwbb.1,P10,w,dactylology,accepted,validation,Mexican Sign Languages Dactylology and Ten First Numbers - Labeled images and videos. From person #6 to #11/persona_1_/Ciclo_2_5_Derecha/Ciclo_2_5_Derecha_w.mp4,Ciclo_2_5_Derecha_w,pending,,
mendeley_labeled611_P10_04660ae70eb79434,67htnzmwbb.1,P10,w,dactylology,accepted,validation,Mexican Sign Languages Dactylology and Ten First Numbers - Labeled images and videos. From person #6 to #11/persona_1_/Ciclo_2_5_Izquierda/Ciclo_2_5_Izq_w.mp4,Ciclo_2_5_Izq_w,pending,,
mendeley_labeled611_P10_e1a57889bd25427f,67htnzmwbb.1,P10,w,dactylology,accepted,validation,Mexican Sign Languages Dactylology and Ten First Numbers - Labeled images and videos. From person #6 to #11/persona_1_/Ciclo_3_5_Derecha/Ciclo_3_5_Derecha_w.mp4,Ciclo_3_5_Derecha_w,pending,,
mendeley_labeled611_P10_0b23202cfdbfaa35,67htnzmwbb.1,P10,w,dactylology,accepted,validation,Mexican Sign Languages Dactylology and Ten First Numbers - Labeled images and videos. From person #6 to #11/persona_1_/Ciclo_3_5_Izquierda/Ciclo_3_5_Izq_w.mp4,Ciclo_3_5_Izq_w,pending,,
mendeley_labeled611_P10_51a76f6314cc773c,67htnzmwbb.1,P10,w,dactylology,accepted,validation,Mexican Sign Languages Dactylology and Ten First Numbers - Labeled images and videos. From person #6 to #11/persona_1_/Ciclo_4_5_Derecha/Ciclo_4_5_Derecha_w.mp4,Ciclo_4_5_Derecha_w,pending,,
mendeley_labeled611_P10_13bdccdf22fe7e53,67htnzmwbb.1,P10,w,dactylology,accepted,validation,Mexican Sign Languages Dactylology and Ten First Numbers - Labeled images and videos. From person #6 to #11/persona_1_/Ciclo_4_5_Izquierda/Ciclo_4_5_Izq_w.mp4,Ciclo_4_5_Izq_w,pending,,
mendeley_labeled611_P10_a378f3686d0b64f2,67htnzmwbb.1,P10,w,dactylology,accepted,validation,Mexican Sign Languages Dactylology and Ten First Numbers - Labeled images and videos. From person #6 to #11/persona_1_/Ciclo_5_5_Derecha/Ciclo_5_5_Derecha_w.mp4,Ciclo_5_5_Derecha_w,pending,,
mendeley_labeled611_P10_e376ba08eda0837b,67htnzmwbb.1,P10,w,dactylology,accepted,validation,Mexican Sign Languages Dactylology and Ten First Numbers - Labeled images and videos. From person #6 to #11/persona_1_/Ciclo_5_5_Izquierda/Ciclo_5_5_Izq_w.mp4,Ciclo_5_5_Izq_w,pending,,
mendeley_labeled611_P10_7e6371a475b80c6c,67htnzmwbb.1,P10,x,dactylology,accepted,validation,Mexican Sign Languages Dactylology and Ten First Numbers - Labeled images and videos. From person #6 to #11/persona_1_/Ciclo_1_5_Derecha/Ciclo_1_5_Derecha_x.mp4,Ciclo_1_5_Derecha_x,pending,,
mendeley_labeled611_P10_d5185d6b8fca6e0b,67htnzmwbb.1,P10,x,dactylology,accepted,validation,Mexican Sign Languages Dactylology and Ten First Numbers - Labeled images and videos. From person #6 to #11/persona_1_/Ciclo_1_5_Izquierda/Ciclo_1_5_Izq_x.mp4,Ciclo_1_5_Izq_x,pending,,
mendeley_labeled611_P10_3482ecb88d782380,67htnzmwbb.1,P10,x,dactylology,accepted,validation,Mexican Sign Languages Dactylology and Ten First Numbers - Labeled images and videos. From person #6 to #11/persona_1_/Ciclo_2_5_Derecha/Ciclo_2_5_Derecha_x.mp4,Ciclo_2_5_Derecha_x,pending,,
mendeley_labeled611_P10_7df5758a55c498b8,67htnzmwbb.1,P10,x,dactylology,accepted,validation,Mexican Sign Languages Dactylology and Ten First Numbers - Labeled images and videos. From person #6 to #11/persona_1_/Ciclo_2_5_Izquierda/Ciclo_2_5_Izq_x.mp4,Ciclo_2_5_Izq_x,pending,,
mendeley_labeled611_P10_3e8a8955a7c1650b,67htnzmwbb.1,P10,x,dactylology,accepted,validation,Mexican Sign Languages Dactylology and Ten First Numbers - Labeled images and videos. From person #6 to #11/persona_1_/Ciclo_3_5_Derecha/Ciclo_3_5_Derecha_x.mp4,Ciclo_3_5_Derecha_x,pending,,
mendeley_labeled611_P10_34c6c0e017f997f9,67htnzmwbb.1,P10,x,dactylology,accepted,validation,Mexican Sign Languages Dactylology and Ten First Numbers - Labeled images and videos. From person #6 to #11/persona_1_/Ciclo_3_5_Izquierda/Ciclo_3_5_Izq_x.mp4,Ciclo_3_5_Izq_x,pending,,
mendeley_labeled611_P10_ce1fdb3d4d6a074e,67htnzmwbb.1,P10,x,dactylology,accepted,validation,Mexican Sign Languages Dactylology and Ten First Numbers - Labeled images and videos. From person #6 to #11/persona_1_/Ciclo_4_5_Derecha/Ciclo_4_5_Derecha_x.mp4,Ciclo_4_5_Derecha_x,pending,,
mendeley_labeled611_P10_30e6d58ff95b2c97,67htnzmwbb.1,P10,x,dactylology,accepted,validation,Mexican Sign Languages Dactylology and Ten First Numbers - Labeled images and videos. From person #6 to #11/persona_1_/Ciclo_4_5_Izquierda/Ciclo_4_5_Izq_x.mp4,Ciclo_4_5_Izq_x,pending,,
mendeley_labeled611_P10_f381e6af70701a3d,67htnzmwbb.1,P10,x,dactylology,accepted,validation,Mexican Sign Languages Dactylology and Ten First Numbers - Labeled images and videos. From person #6 to #11/persona_1_/Ciclo_5_5_Derecha/Ciclo_5_5_Derecha_x.mp4,Ciclo_5_5_Derecha_x,pending,,
mendeley_labeled611_P10_42e4d559e42923ec,67htnzmwbb.1,P10,x,dactylology,accepted,validation,Mexican Sign Languages Dactylology and Ten First Numbers - Labeled images and videos. From person #6 to #11/persona_1_/Ciclo_5_5_Izquierda/Ciclo_5_5_Izq_x.mp4,Ciclo_5_5_Izq_x,pending,,
mendeley_labeled611_P10_d1d2b88f44ea8ebd,67htnzmwbb.1,P10,y,dactylology,accepted,validation,Mexican Sign Languages Dactylology and Ten First Numbers - Labeled images and videos. From person #6 to #11/persona_1_/Ciclo_1_5_Derecha/Ciclo_1_5_Derecha_y.mp4,Ciclo_1_5_Derecha_y,pending,,
mendeley_labeled611_P10_0a7bda11c7de5c52,67htnzmwbb.1,P10,y,dactylology,accepted,validation,Mexican Sign Languages Dactylology and Ten First Numbers - Labeled images and videos. From person #6 to #11/persona_1_/Ciclo_1_5_Izquierda/Ciclo_1_5_Izq_y.mp4,Ciclo_1_5_Izq_y,pending,,
mendeley_labeled611_P10_96788a7beb8d46db,67htnzmwbb.1,P10,y,dactylology,accepted,validation,Mexican Sign Languages Dactylology and Ten First Numbers - Labeled images and videos. From person #6 to #11/persona_1_/Ciclo_2_5_Derecha/Ciclo_2_5_Derecha_y.mp4,Ciclo_2_5_Derecha_y,pending,,
mendeley_labeled611_P10_dc2eaf26b58cb7b6,67htnzmwbb.1,P10,y,dactylology,accepted,validation,Mexican Sign Languages Dactylology and Ten First Numbers - Labeled images and videos. From person #6 to #11/persona_1_/Ciclo_2_5_Izquierda/Ciclo_2_5_Izq_y.mp4,Ciclo_2_5_Izq_y,pending,,
mendeley_labeled611_P10_53094dd1c5819dc7,67htnzmwbb.1,P10,y,dactylology,accepted,validation,Mexican Sign Languages Dactylology and Ten First Numbers - Labeled images and videos. From person #6 to #11/persona_1_/Ciclo_3_5_Derecha/Ciclo_3_5_Derecha_y.mp4,Ciclo_3_5_Derecha_y,pending,,
mendeley_labeled611_P10_66c8ee97e01e1314,67htnzmwbb.1,P10,y,dactylology,accepted,validation,Mexican Sign Languages Dactylology and Ten First Numbers - Labeled images and videos. From person #6 to #11/persona_1_/Ciclo_3_5_Izquierda/Ciclo_3_5_Izq_y.mp4,Ciclo_3_5_Izq_y,pending,,
mendeley_labeled611_P10_3707659bfd8c515a,67htnzmwbb.1,P10,y,dactylology,accepted,validation,Mexican Sign Languages Dactylology and Ten First Numbers - Labeled images and videos. From person #6 to #11/persona_1_/Ciclo_4_5_Derecha/Ciclo_4_5_Derecha_y.mp4,Ciclo_4_5_Derecha_y,pending,,
mendeley_labeled611_P10_c30f238b3274c8b5,67htnzmwbb.1,P10,y,dactylology,accepted,validation,Mexican Sign Languages Dactylology and Ten First Numbers - Labeled images and videos. From person #6 to #11/persona_1_/Ciclo_4_5_Izquierda/Ciclo_4_5_Izq_y.mp4,Ciclo_4_5_Izq_y,pending,,
mendeley_labeled611_P10_02deed29530ca749,67htnzmwbb.1,P10,y,dactylology,accepted,validation,Mexican Sign Languages Dactylology and Ten First Numbers - Labeled images and videos. From person #6 to #11/persona_1_/Ciclo_5_5_Derecha/Ciclo_5_5_Derecha_y.mp4,Ciclo_5_5_Derecha_y,pending,,
mendeley_labeled611_P10_0b60c228fab07b12,67htnzmwbb.1,P10,y,dactylology,accepted,validation,Mexican Sign Languages Dactylology and Ten First Numbers - Labeled images and videos. From person #6 to #11/persona_1_/Ciclo_5_5_Izquierda/Ciclo_5_5_Izq_y.mp4,Ciclo_5_5_Izq_y,pending,,
mendeley_labeled611_P10_4e971041bd80c874,67htnzmwbb.1,P10,z,dactylology,accepted,validation,Mexican Sign Languages Dactylology and Ten First Numbers - Labeled images and videos. From person #6 to #11/persona_1_/Ciclo_1_5_Derecha/Ciclo_1_5_Derecha_z.mp4,Ciclo_1_5_Derecha_z,pending,,
mendeley_labeled611_P10_e1719f80c713f0f5,67htnzmwbb.1,P10,z,dactylology,accepted,validation,Mexican Sign Languages Dactylology and Ten First Numbers - Labeled images and videos. From person #6 to #11/persona_1_/Ciclo_1_5_Izquierda/Ciclo_1_5_Izq_z.mp4,Ciclo_1_5_Izq_z,pending,,
mendeley_labeled611_P10_48131bf23acb549c,67htnzmwbb.1,P10,z,dactylology,accepted,validation,Mexican Sign Languages Dactylology and Ten First Numbers - Labeled images and videos. From person #6 to #11/persona_1_/Ciclo_2_5_Derecha/Ciclo_2_5_Derecha_z.mp4,Ciclo_2_5_Derecha_z,pending,,
mendeley_labeled611_P10_ed52e0f01506dae6,67htnzmwbb.1,P10,z,dactylology,accepted,validation,Mexican Sign Languages Dactylology and Ten First Numbers - Labeled images and videos. From person #6 to #11/persona_1_/Ciclo_2_5_Izquierda/Ciclo_2_5_Izq_z.mp4,Ciclo_2_5_Izq_z,pending,,
mendeley_labeled611_P10_f93091ee5c7304f0,67htnzmwbb.1,P10,z,dactylology,accepted,validation,Mexican Sign Languages Dactylology and Ten First Numbers - Labeled images and videos. From person #6 to #11/persona_1_/Ciclo_3_5_Derecha/Ciclo_3_5_Derecha_z.mp4,Ciclo_3_5_Derecha_z,pending,,
mendeley_labeled611_P10_b2cb7a1b3962a56e,67htnzmwbb.1,P10,z,dactylology,accepted,validation,Mexican Sign Languages Dactylology and Ten First Numbers - Labeled images and videos. From person #6 to #11/persona_1_/Ciclo_3_5_Izquierda/Ciclo_3_5_Izq_z.mp4,Ciclo_3_5_Izq_z,pending,,
mendeley_labeled611_P10_7681a0da613fed92,67htnzmwbb.1,P10,z,dactylology,accepted,validation,Mexican Sign Languages Dactylology and Ten First Numbers - Labeled images and videos. From person #6 to #11/persona_1_/Ciclo_4_5_Derecha/Ciclo_4_5_Derecha_z.mp4,Ciclo_4_5_Derecha_z,pending,,
mendeley_labeled611_P10_e2c1e89b274299fe,67htnzmwbb.1,P10,z,dactylology,accepted,validation,Mexican Sign Languages Dactylology and Ten First Numbers - Labeled images and videos. From person #6 to #11/persona_1_/Ciclo_4_5_Izquierda/Ciclo_4_5_Izq_z.mp4,Ciclo_4_5_Izq_z,pending,,
mendeley_labeled611_P10_1f485f312baf4a56,67htnzmwbb.1,P10,z,dactylology,accepted,validation,Mexican Sign Languages Dactylology and Ten First Numbers - Labeled images and videos. From person #6 to #11/persona_1_/Ciclo_5_5_Derecha/Ciclo_5_5_Derecha_z.mp4,Ciclo_5_5_Derecha_z,pending,,
mendeley_labeled611_P10_b38f764a50d94237,67htnzmwbb.1,P10,z,dactylology,accepted,validation,Mexican Sign Languages Dactylology and Ten First Numbers - Labeled images and videos. From person #6 to #11/persona_1_/Ciclo_5_5_Izquierda/Ciclo_5_5_Izq_z.mp4,Ciclo_5_5_Izq_z,pending,,
mendeley_labeled611_P10_b098a4a5518508d2,67htnzmwbb.1,P10,ñ,dactylology,accepted,validation,Mexican Sign Languages Dactylology and Ten First Numbers - Labeled images and videos. From person #6 to #11/persona_1_/Ciclo_1_5_Derecha/Ciclo_1_5_Derecha_ñ.mp4,Ciclo_1_5_Derecha_ñ,pending,,
mendeley_labeled611_P10_c4729627c26b2554,67htnzmwbb.1,P10,ñ,dactylology,accepted,validation,Mexican Sign Languages Dactylology and Ten First Numbers - Labeled images and videos. From person #6 to #11/persona_1_/Ciclo_2_5_Derecha/Ciclo_2_5_Derecha_ñ.mp4,Ciclo_2_5_Derecha_ñ,pending,,
mendeley_labeled611_P10_017dcd248ce7d484,67htnzmwbb.1,P10,ñ,dactylology,accepted,validation,Mexican Sign Languages Dactylology and Ten First Numbers - Labeled images and videos. From person #6 to #11/persona_1_/Ciclo_4_5_Izquierda/Ciclo_4_5_Izq_ñ.mp4,Ciclo_4_5_Izq_ñ,pending,,
mendeley_labeled611_P10_296e10b84e5f2de8,67htnzmwbb.1,P10,ñ,dactylology,accepted,validation,Mexican Sign Languages Dactylology and Ten First Numbers - Labeled images and videos. From person #6 to #11/persona_1_/Ciclo_5_5_Derecha/Ciclo_5_5_Derecha_ñ.mp4,Ciclo_5_5_Derecha_ñ,pending,,
mendeley_labeled611_P10_55d8ca5b1098a588,67htnzmwbb.1,P10,ñ,dactylology,accepted,validation,Mexican Sign Languages Dactylology and Ten First Numbers - Labeled images and videos. From person #6 to #11/persona_1_/Ciclo_5_5_Izquierda/Ciclo_5_5_Izq_ñ.mp4,Ciclo_5_5_Izq_ñ,pending,,
mendeley_labeled611_P10_e6b7459828ed54cc,67htnzmwbb.1,P10,1,number,accepted,validation,Mexican Sign Languages Dactylology and Ten First Numbers - Labeled images and videos. From person #6 to #11/persona_1_/Ciclo_1_5_Derecha/Ciclo_1_5_Derecha_1.mp4,Ciclo_1_5_Derecha_1,pending,,
mendeley_labeled611_P10_37de1396c09de115,67htnzmwbb.1,P10,1,number,accepted,validation,Mexican Sign Languages Dactylology and Ten First Numbers - Labeled images and videos. From person #6 to #11/persona_1_/Ciclo_1_5_Izquierda/Ciclo_1_5_Izq_1.mp4,Ciclo_1_5_Izq_1,pending,,
mendeley_labeled611_P10_cd33a1451230dcda,67htnzmwbb.1,P10,1,number,accepted,validation,Mexican Sign Languages Dactylology and Ten First Numbers - Labeled images and videos. From person #6 to #11/persona_1_/Ciclo_2_5_Derecha/Ciclo_2_5_Derecha_1.mp4,Ciclo_2_5_Derecha_1,pending,,
mendeley_labeled611_P10_314b63d29aa5693c,67htnzmwbb.1,P10,1,number,accepted,validation,Mexican Sign Languages Dactylology and Ten First Numbers - Labeled images and videos. From person #6 to #11/persona_1_/Ciclo_2_5_Izquierda/Ciclo_2_5_Izq_1.mp4,Ciclo_2_5_Izq_1,pending,,
mendeley_labeled611_P10_3e88da0bae75d73a,67htnzmwbb.1,P10,1,number,accepted,validation,Mexican Sign Languages Dactylology and Ten First Numbers - Labeled images and videos. From person #6 to #11/persona_1_/Ciclo_3_5_Derecha/Ciclo_3_5_Derecha_1.mp4,Ciclo_3_5_Derecha_1,pending,,
mendeley_labeled611_P10_49c110b7dc8582d0,67htnzmwbb.1,P10,1,number,accepted,validation,Mexican Sign Languages Dactylology and Ten First Numbers - Labeled images and videos. From person #6 to #11/persona_1_/Ciclo_3_5_Izquierda/Ciclo_3_5_Izq_1.mp4,Ciclo_3_5_Izq_1,pending,,
mendeley_labeled611_P10_0b0cf710822efaff,67htnzmwbb.1,P10,1,number,accepted,validation,Mexican Sign Languages Dactylology and Ten First Numbers - Labeled images and videos. From person #6 to #11/persona_1_/Ciclo_4_5_Derecha/Ciclo_4_5_Derecha_1.mp4,Ciclo_4_5_Derecha_1,pending,,
mendeley_labeled611_P10_ba8e9977f1271283,67htnzmwbb.1,P10,1,number,accepted,validation,Mexican Sign Languages Dactylology and Ten First Numbers - Labeled images and videos. From person #6 to #11/persona_1_/Ciclo_4_5_Izquierda/Ciclo_4_5_Izq_1.mp4,Ciclo_4_5_Izq_1,pending,,
mendeley_labeled611_P10_48bcc8f626d80dae,67htnzmwbb.1,P10,1,number,accepted,validation,Mexican Sign Languages Dactylology and Ten First Numbers - Labeled images and videos. From person #6 to #11/persona_1_/Ciclo_5_5_Derecha/Ciclo_5_5_Derecha_1.mp4,Ciclo_5_5_Derecha_1,pending,,
mendeley_labeled611_P10_80fab35ea586ddc8,67htnzmwbb.1,P10,1,number,accepted,validation,Mexican Sign Languages Dactylology and Ten First Numbers - Labeled images and videos. From person #6 to #11/persona_1_/Ciclo_5_5_Izquierda/Ciclo_5_5_Izq_1.mp4,Ciclo_5_5_Izq_1,pending,,
mendeley_labeled611_P10_1a32a9c0d079560e,67htnzmwbb.1,P10,10,number,accepted,validation,Mexican Sign Languages Dactylology and Ten First Numbers - Labeled images and videos. From person #6 to #11/persona_1_/Ciclo_1_5_Derecha/Ciclo_1_5_Derecha_10.mp4,Ciclo_1_5_Derecha_10,pending,,
mendeley_labeled611_P10_b7b4e47517f2090c,67htnzmwbb.1,P10,10,number,accepted,validation,Mexican Sign Languages Dactylology and Ten First Numbers - Labeled images and videos. From person #6 to #11/persona_1_/Ciclo_1_5_Izquierda/Ciclo_1_5_Izq_10.mp4,Ciclo_1_5_Izq_10,pending,,
mendeley_labeled611_P10_2ed6d0b1656a7494,67htnzmwbb.1,P10,10,number,accepted,validation,Mexican Sign Languages Dactylology and Ten First Numbers - Labeled images and videos. From person #6 to #11/persona_1_/Ciclo_2_5_Derecha/Ciclo_2_5_Derecha_10.mp4,Ciclo_2_5_Derecha_10,pending,,
mendeley_labeled611_P10_7d562c43a364b224,67htnzmwbb.1,P10,10,number,accepted,validation,Mexican Sign Languages Dactylology and Ten First Numbers - Labeled images and videos. From person #6 to #11/persona_1_/Ciclo_2_5_Izquierda/Ciclo_2_5_Izq_10.mp4,Ciclo_2_5_Izq_10,pending,,
mendeley_labeled611_P10_a9be56eb46efd8f1,67htnzmwbb.1,P10,10,number,accepted,validation,Mexican Sign Languages Dactylology and Ten First Numbers - Labeled images and videos. From person #6 to #11/persona_1_/Ciclo_3_5_Derecha/Ciclo_3_5_Derecha_10.mp4,Ciclo_3_5_Derecha_10,pending,,
mendeley_labeled611_P10_7b3f7a27c43057a3,67htnzmwbb.1,P10,10,number,accepted,validation,Mexican Sign Languages Dactylology and Ten First Numbers - Labeled images and videos. From person #6 to #11/persona_1_/Ciclo_3_5_Izquierda/Ciclo_3_5_Izq_10.mp4,Ciclo_3_5_Izq_10,pending,,
mendeley_labeled611_P10_5f81a485fb641e28,67htnzmwbb.1,P10,10,number,accepted,validation,Mexican Sign Languages Dactylology and Ten First Numbers - Labeled images and videos. From person #6 to #11/persona_1_/Ciclo_4_5_Derecha/Ciclo_4_5_Derecha_10.mp4,Ciclo_4_5_Derecha_10,pending,,
mendeley_labeled611_P10_6f178d5eea22ead9,67htnzmwbb.1,P10,10,number,accepted,validation,Mexican Sign Languages Dactylology and Ten First Numbers - Labeled images and videos. From person #6 to #11/persona_1_/Ciclo_4_5_Izquierda/Ciclo_4_5_Izq_10.mp4,Ciclo_4_5_Izq_10,pending,,
mendeley_labeled611_P10_b91fe35690ea3434,67htnzmwbb.1,P10,10,number,accepted,validation,Mexican Sign Languages Dactylology and Ten First Numbers - Labeled images and videos. From person #6 to #11/persona_1_/Ciclo_5_5_Derecha/Ciclo_5_5_Derecha_10.mp4,Ciclo_5_5_Derecha_10,pending,,
mendeley_labeled611_P10_4c248dad75fd3899,67htnzmwbb.1,P10,10,number,accepted,validation,Mexican Sign Languages Dactylology and Ten First Numbers - Labeled images and videos. From person #6 to #11/persona_1_/Ciclo_5_5_Izquierda/Ciclo_5_5_Izq_10.mp4,Ciclo_5_5_Izq_10,pending,,
mendeley_labeled611_P10_3de55c41c0b29f7f,67htnzmwbb.1,P10,2,number,accepted,validation,Mexican Sign Languages Dactylology and Ten First Numbers - Labeled images and videos. From person #6 to #11/persona_1_/Ciclo_1_5_Derecha/Ciclo_1_5_Derecha_2.mp4,Ciclo_1_5_Derecha_2,pending,,
mendeley_labeled611_P10_21582481baeba0b0,67htnzmwbb.1,P10,2,number,accepted,validation,Mexican Sign Languages Dactylology and Ten First Numbers - Labeled images and videos. From person #6 to #11/persona_1_/Ciclo_1_5_Izquierda/Ciclo_1_5_Izq_2.mp4,Ciclo_1_5_Izq_2,pending,,
mendeley_labeled611_P10_64f12b852d5704c1,67htnzmwbb.1,P10,2,number,accepted,validation,Mexican Sign Languages Dactylology and Ten First Numbers - Labeled images and videos. From person #6 to #11/persona_1_/Ciclo_2_5_Derecha/Ciclo_2_5_Derecha_2.mp4,Ciclo_2_5_Derecha_2,pending,,
mendeley_labeled611_P10_0fe18d21c08fb8f5,67htnzmwbb.1,P10,2,number,accepted,validation,Mexican Sign Languages Dactylology and Ten First Numbers - Labeled images and videos. From person #6 to #11/persona_1_/Ciclo_2_5_Izquierda/Ciclo_2_5_Izq_2.mp4,Ciclo_2_5_Izq_2,pending,,
mendeley_labeled611_P10_c565ea8360eaae3a,67htnzmwbb.1,P10,2,number,accepted,validation,Mexican Sign Languages Dactylology and Ten First Numbers - Labeled images and videos. From person #6 to #11/persona_1_/Ciclo_3_5_Derecha/Ciclo_3_5_Derecha_2.mp4,Ciclo_3_5_Derecha_2,pending,,
mendeley_labeled611_P10_2a7524eaa1b725b9,67htnzmwbb.1,P10,2,number,accepted,validation,Mexican Sign Languages Dactylology and Ten First Numbers - Labeled images and videos. From person #6 to #11/persona_1_/Ciclo_3_5_Izquierda/Ciclo_3_5_Izq_2.mp4,Ciclo_3_5_Izq_2,pending,,
mendeley_labeled611_P10_c0f5d68ac41f8b46,67htnzmwbb.1,P10,2,number,accepted,validation,Mexican Sign Languages Dactylology and Ten First Numbers - Labeled images and videos. From person #6 to #11/persona_1_/Ciclo_4_5_Derecha/Ciclo_4_5_Derecha_2.mp4,Ciclo_4_5_Derecha_2,pending,,
mendeley_labeled611_P10_3381e81a1bb79495,67htnzmwbb.1,P10,2,number,accepted,validation,Mexican Sign Languages Dactylology and Ten First Numbers - Labeled images and videos. From person #6 to #11/persona_1_/Ciclo_4_5_Izquierda/Ciclo_4_5_Izq_2.mp4,Ciclo_4_5_Izq_2,pending,,
mendeley_labeled611_P10_3d14493d88c670cd,67htnzmwbb.1,P10,2,number,accepted,validation,Mexican Sign Languages Dactylology and Ten First Numbers - Labeled images and videos. From person #6 to #11/persona_1_/Ciclo_5_5_Derecha/Ciclo_5_5_Derecha_2.mp4,Ciclo_5_5_Derecha_2,pending,,
mendeley_labeled611_P10_c55dab5e887305f1,67htnzmwbb.1,P10,2,number,accepted,validation,Mexican Sign Languages Dactylology and Ten First Numbers - Labeled images and videos. From person #6 to #11/persona_1_/Ciclo_5_5_Izquierda/Ciclo_5_5_Izq_2.mp4,Ciclo_5_5_Izq_2,pending,,
mendeley_labeled611_P10_49e5e9a5f73b2a7d,67htnzmwbb.1,P10,3,number,accepted,validation,Mexican Sign Languages Dactylology and Ten First Numbers - Labeled images and videos. From person #6 to #11/persona_1_/Ciclo_1_5_Derecha/Ciclo_1_5_Derecha_3.mp4,Ciclo_1_5_Derecha_3,pending,,
mendeley_labeled611_P10_c0c4677c057a2076,67htnzmwbb.1,P10,3,number,accepted,validation,Mexican Sign Languages Dactylology and Ten First Numbers - Labeled images and videos. From person #6 to #11/persona_1_/Ciclo_1_5_Izquierda/Ciclo_1_5_Izq_3.mp4,Ciclo_1_5_Izq_3,pending,,
mendeley_labeled611_P10_299bdc34ece3bbab,67htnzmwbb.1,P10,3,number,accepted,validation,Mexican Sign Languages Dactylology and Ten First Numbers - Labeled images and videos. From person #6 to #11/persona_1_/Ciclo_2_5_Derecha/Ciclo_2_5_Derecha_3.mp4,Ciclo_2_5_Derecha_3,pending,,
mendeley_labeled611_P10_0589ae2020e4c888,67htnzmwbb.1,P10,3,number,accepted,validation,Mexican Sign Languages Dactylology and Ten First Numbers - Labeled images and videos. From person #6 to #11/persona_1_/Ciclo_2_5_Izquierda/Ciclo_2_5_Izq_3.mp4,Ciclo_2_5_Izq_3,pending,,
mendeley_labeled611_P10_2d4a77374975c3c6,67htnzmwbb.1,P10,3,number,accepted,validation,Mexican Sign Languages Dactylology and Ten First Numbers - Labeled images and videos. From person #6 to #11/persona_1_/Ciclo_3_5_Derecha/Ciclo_3_5_Derecha_3.mp4,Ciclo_3_5_Derecha_3,pending,,
mendeley_labeled611_P10_e3a6bc191dc9a6de,67htnzmwbb.1,P10,3,number,accepted,validation,Mexican Sign Languages Dactylology and Ten First Numbers - Labeled images and videos. From person #6 to #11/persona_1_/Ciclo_3_5_Izquierda/Ciclo_3_5_Izq_3.mp4,Ciclo_3_5_Izq_3,pending,,
mendeley_labeled611_P10_94200cab9ff81f80,67htnzmwbb.1,P10,3,number,accepted,validation,Mexican Sign Languages Dactylology and Ten First Numbers - Labeled images and videos. From person #6 to #11/persona_1_/Ciclo_4_5_Derecha/Ciclo_4_5_Derecha_3.mp4,Ciclo_4_5_Derecha_3,pending,,
mendeley_labeled611_P10_50a87ec048bf6ac2,67htnzmwbb.1,P10,3,number,accepted,validation,Mexican Sign Languages Dactylology and Ten First Numbers - Labeled images and videos. From person #6 to #11/persona_1_/Ciclo_4_5_Izquierda/Ciclo_4_5_Izq_3.mp4,Ciclo_4_5_Izq_3,pending,,
mendeley_labeled611_P10_b03867cd7fc32312,67htnzmwbb.1,P10,3,number,accepted,validation,Mexican Sign Languages Dactylology and Ten First Numbers - Labeled images and videos. From person #6 to #11/persona_1_/Ciclo_5_5_Derecha/Ciclo_5_5_Derecha_3.mp4,Ciclo_5_5_Derecha_3,pending,,
mendeley_labeled611_P10_0692bdbdfa9bd139,67htnzmwbb.1,P10,3,number,accepted,validation,Mexican Sign Languages Dactylology and Ten First Numbers - Labeled images and videos. From person #6 to #11/persona_1_/Ciclo_5_5_Izquierda/Ciclo_5_5_Izq_3.mp4,Ciclo_5_5_Izq_3,pending,,
mendeley_labeled611_P10_52a250710fd1e277,67htnzmwbb.1,P10,4,number,accepted,validation,Mexican Sign Languages Dactylology and Ten First Numbers - Labeled images and videos. From person #6 to #11/persona_1_/Ciclo_1_5_Derecha/Ciclo_1_5_Derecha_4.mp4,Ciclo_1_5_Derecha_4,pending,,
mendeley_labeled611_P10_f0044922f2f1f179,67htnzmwbb.1,P10,4,number,accepted,validation,Mexican Sign Languages Dactylology and Ten First Numbers - Labeled images and videos. From person #6 to #11/persona_1_/Ciclo_1_5_Izquierda/Ciclo_1_5_Izq_4.mp4,Ciclo_1_5_Izq_4,pending,,
mendeley_labeled611_P10_a8bc82d17382be74,67htnzmwbb.1,P10,4,number,accepted,validation,Mexican Sign Languages Dactylology and Ten First Numbers - Labeled images and videos. From person #6 to #11/persona_1_/Ciclo_2_5_Derecha/Ciclo_2_5_Derecha_4.mp4,Ciclo_2_5_Derecha_4,pending,,
mendeley_labeled611_P10_b757e99365cffe58,67htnzmwbb.1,P10,4,number,accepted,validation,Mexican Sign Languages Dactylology and Ten First Numbers - Labeled images and videos. From person #6 to #11/persona_1_/Ciclo_2_5_Izquierda/Ciclo_2_5_Izq_4.mp4,Ciclo_2_5_Izq_4,pending,,
mendeley_labeled611_P10_de841e0f65461b38,67htnzmwbb.1,P10,4,number,accepted,validation,Mexican Sign Languages Dactylology and Ten First Numbers - Labeled images and videos. From person #6 to #11/persona_1_/Ciclo_3_5_Derecha/Ciclo_3_5_Derecha_4.mp4,Ciclo_3_5_Derecha_4,pending,,
mendeley_labeled611_P10_4fb5df7c5b1fcfad,67htnzmwbb.1,P10,4,number,accepted,validation,Mexican Sign Languages Dactylology and Ten First Numbers - Labeled images and videos. From person #6 to #11/persona_1_/Ciclo_3_5_Izquierda/Ciclo_3_5_Izq_4.mp4,Ciclo_3_5_Izq_4,pending,,
mendeley_labeled611_P10_5d0e43bec4e41376,67htnzmwbb.1,P10,4,number,accepted,validation,Mexican Sign Languages Dactylology and Ten First Numbers - Labeled images and videos. From person #6 to #11/persona_1_/Ciclo_4_5_Derecha/Ciclo_4_5_Derecha_4.mp4,Ciclo_4_5_Derecha_4,pending,,
mendeley_labeled611_P10_2807023ec370d2f1,67htnzmwbb.1,P10,4,number,accepted,validation,Mexican Sign Languages Dactylology and Ten First Numbers - Labeled images and videos. From person #6 to #11/persona_1_/Ciclo_4_5_Izquierda/Ciclo_4_5_Izq_4.mp4,Ciclo_4_5_Izq_4,pending,,
mendeley_labeled611_P10_b55ad63feccc795f,67htnzmwbb.1,P10,4,number,accepted,validation,Mexican Sign Languages Dactylology and Ten First Numbers - Labeled images and videos. From person #6 to #11/persona_1_/Ciclo_5_5_Derecha/Ciclo_5_5_Derecha_4.mp4,Ciclo_5_5_Derecha_4,pending,,
mendeley_labeled611_P10_4425fbd62da66ab7,67htnzmwbb.1,P10,4,number,accepted,validation,Mexican Sign Languages Dactylology and Ten First Numbers - Labeled images and videos. From person #6 to #11/persona_1_/Ciclo_5_5_Izquierda/Ciclo_5_5_Izq_4.mp4,Ciclo_5_5_Izq_4,pending,,
mendeley_labeled611_P10_d3f7f856fd517544,67htnzmwbb.1,P10,5,number,accepted,validation,Mexican Sign Languages Dactylology and Ten First Numbers - Labeled images and videos. From person #6 to #11/persona_1_/Ciclo_1_5_Derecha/Ciclo_1_5_Derecha_5.mp4,Ciclo_1_5_Derecha_5,pending,,
mendeley_labeled611_P10_25acbaa2d76374b2,67htnzmwbb.1,P10,5,number,accepted,validation,Mexican Sign Languages Dactylology and Ten First Numbers - Labeled images and videos. From person #6 to #11/persona_1_/Ciclo_1_5_Izquierda/Ciclo_1_5_Izq_5.mp4,Ciclo_1_5_Izq_5,pending,,
mendeley_labeled611_P10_4c82d02a7163bb84,67htnzmwbb.1,P10,5,number,accepted,validation,Mexican Sign Languages Dactylology and Ten First Numbers - Labeled images and videos. From person #6 to #11/persona_1_/Ciclo_2_5_Derecha/Ciclo_2_5_Derecha_5.mp4,Ciclo_2_5_Derecha_5,pending,,
mendeley_labeled611_P10_ae4b7b02a9563dc5,67htnzmwbb.1,P10,5,number,accepted,validation,Mexican Sign Languages Dactylology and Ten First Numbers - Labeled images and videos. From person #6 to #11/persona_1_/Ciclo_2_5_Izquierda/Ciclo_2_5_Izq_5.mp4,Ciclo_2_5_Izq_5,pending,,
mendeley_labeled611_P10_94ceffb9632db54c,67htnzmwbb.1,P10,5,number,accepted,validation,Mexican Sign Languages Dactylology and Ten First Numbers - Labeled images and videos. From person #6 to #11/persona_1_/Ciclo_3_5_Derecha/Ciclo_3_5_Derecha_5.mp4,Ciclo_3_5_Derecha_5,pending,,
mendeley_labeled611_P10_9d780c9da699e415,67htnzmwbb.1,P10,5,number,accepted,validation,Mexican Sign Languages Dactylology and Ten First Numbers - Labeled images and videos. From person #6 to #11/persona_1_/Ciclo_3_5_Izquierda/Ciclo_3_5_Izq_5.mp4,Ciclo_3_5_Izq_5,pending,,
mendeley_labeled611_P10_c1cadcc070aba92a,67htnzmwbb.1,P10,5,number,accepted,validation,Mexican Sign Languages Dactylology and Ten First Numbers - Labeled images and videos. From person #6 to #11/persona_1_/Ciclo_4_5_Derecha/Ciclo_4_5_Derecha_5.mp4,Ciclo_4_5_Derecha_5,pending,,
mendeley_labeled611_P10_6bf31d2e23b46173,67htnzmwbb.1,P10,5,number,accepted,validation,Mexican Sign Languages Dactylology and Ten First Numbers - Labeled images and videos. From person #6 to #11/persona_1_/Ciclo_4_5_Izquierda/Ciclo_4_5_Izq_5.mp4,Ciclo_4_5_Izq_5,pending,,
mendeley_labeled611_P10_1c92feea5cdba836,67htnzmwbb.1,P10,5,number,accepted,validation,Mexican Sign Languages Dactylology and Ten First Numbers - Labeled images and videos. From person #6 to #11/persona_1_/Ciclo_5_5_Derecha/Ciclo_5_5_Derecha_5.mp4,Ciclo_5_5_Derecha_5,pending,,
mendeley_labeled611_P10_39308c2f1c48f04c,67htnzmwbb.1,P10,5,number,accepted,validation,Mexican Sign Languages Dactylology and Ten First Numbers - Labeled images and videos. From person #6 to #11/persona_1_/Ciclo_5_5_Izquierda/Ciclo_5_5_Izq_5.mp4,Ciclo_5_5_Izq_5,pending,,
mendeley_labeled611_P10_d1c2cfbbf897502f,67htnzmwbb.1,P10,6,number,accepted,validation,Mexican Sign Languages Dactylology and Ten First Numbers - Labeled images and videos. From person #6 to #11/persona_1_/Ciclo_1_5_Derecha/Ciclo_1_5_Derecha_6.mp4,Ciclo_1_5_Derecha_6,pending,,
mendeley_labeled611_P10_6cd9fe2e64b76b8b,67htnzmwbb.1,P10,6,number,accepted,validation,Mexican Sign Languages Dactylology and Ten First Numbers - Labeled images and videos. From person #6 to #11/persona_1_/Ciclo_1_5_Izquierda/Ciclo_1_5_Izq_6.mp4,Ciclo_1_5_Izq_6,pending,,
mendeley_labeled611_P10_79dfcaa19ee82771,67htnzmwbb.1,P10,6,number,accepted,validation,Mexican Sign Languages Dactylology and Ten First Numbers - Labeled images and videos. From person #6 to #11/persona_1_/Ciclo_2_5_Derecha/Ciclo_2_5_Derecha_6.mp4,Ciclo_2_5_Derecha_6,pending,,
mendeley_labeled611_P10_c3840e0e9176e4db,67htnzmwbb.1,P10,6,number,accepted,validation,Mexican Sign Languages Dactylology and Ten First Numbers - Labeled images and videos. From person #6 to #11/persona_1_/Ciclo_2_5_Izquierda/Ciclo_2_5_Izq_6.mp4,Ciclo_2_5_Izq_6,pending,,
mendeley_labeled611_P10_9bbdae9d25770f8f,67htnzmwbb.1,P10,6,number,accepted,validation,Mexican Sign Languages Dactylology and Ten First Numbers - Labeled images and videos. From person #6 to #11/persona_1_/Ciclo_3_5_Derecha/Ciclo_3_5_Derecha_6.mp4,Ciclo_3_5_Derecha_6,pending,,
mendeley_labeled611_P10_99a441aa1389c6b1,67htnzmwbb.1,P10,6,number,accepted,validation,Mexican Sign Languages Dactylology and Ten First Numbers - Labeled images and videos. From person #6 to #11/persona_1_/Ciclo_3_5_Izquierda/Ciclo_3_5_Izq_6.mp4,Ciclo_3_5_Izq_6,pending,,
mendeley_labeled611_P10_b191b33c3e914d54,67htnzmwbb.1,P10,6,number,accepted,validation,Mexican Sign Languages Dactylology and Ten First Numbers - Labeled images and videos. From person #6 to #11/persona_1_/Ciclo_4_5_Derecha/Ciclo_4_5_Derecha_6.mp4,Ciclo_4_5_Derecha_6,pending,,
mendeley_labeled611_P10_f0b352987d279ad4,67htnzmwbb.1,P10,6,number,accepted,validation,Mexican Sign Languages Dactylology and Ten First Numbers - Labeled images and videos. From person #6 to #11/persona_1_/Ciclo_4_5_Izquierda/Ciclo_4_5_Izq_6.mp4,Ciclo_4_5_Izq_6,pending,,
mendeley_labeled611_P10_f3d45a50c7d3bfe8,67htnzmwbb.1,P10,6,number,accepted,validation,Mexican Sign Languages Dactylology and Ten First Numbers - Labeled images and videos. From person #6 to #11/persona_1_/Ciclo_5_5_Derecha/Ciclo_5_5_Derecha_6.mp4,Ciclo_5_5_Derecha_6,pending,,
mendeley_labeled611_P10_ddd39d4b3e9f9dfd,67htnzmwbb.1,P10,6,number,accepted,validation,Mexican Sign Languages Dactylology and Ten First Numbers - Labeled images and videos. From person #6 to #11/persona_1_/Ciclo_5_5_Izquierda/Ciclo_5_5_Izq_6.mp4,Ciclo_5_5_Izq_6,pending,,
mendeley_labeled611_P10_0eb47fd12a3fc1f7,67htnzmwbb.1,P10,7,number,accepted,validation,Mexican Sign Languages Dactylology and Ten First Numbers - Labeled images and videos. From person #6 to #11/persona_1_/Ciclo_1_5_Derecha/Ciclo_1_5_Derecha_7.mp4,Ciclo_1_5_Derecha_7,pending,,
mendeley_labeled611_P10_54ace127580df69f,67htnzmwbb.1,P10,7,number,accepted,validation,Mexican Sign Languages Dactylology and Ten First Numbers - Labeled images and videos. From person #6 to #11/persona_1_/Ciclo_1_5_Izquierda/Ciclo_1_5_Izq_7.mp4,Ciclo_1_5_Izq_7,pending,,
mendeley_labeled611_P10_6067a1c78fd030af,67htnzmwbb.1,P10,7,number,accepted,validation,Mexican Sign Languages Dactylology and Ten First Numbers - Labeled images and videos. From person #6 to #11/persona_1_/Ciclo_2_5_Derecha/Ciclo_2_5_Derecha_7.mp4,Ciclo_2_5_Derecha_7,pending,,
mendeley_labeled611_P10_1ea07b35bb1bdb7e,67htnzmwbb.1,P10,7,number,accepted,validation,Mexican Sign Languages Dactylology and Ten First Numbers - Labeled images and videos. From person #6 to #11/persona_1_/Ciclo_2_5_Izquierda/Ciclo_2_5_Izq_7.mp4,Ciclo_2_5_Izq_7,pending,,
mendeley_labeled611_P10_d98d19ac72d5fd1b,67htnzmwbb.1,P10,7,number,accepted,validation,Mexican Sign Languages Dactylology and Ten First Numbers - Labeled images and videos. From person #6 to #11/persona_1_/Ciclo_3_5_Derecha/Ciclo_3_5_Derecha_7.mp4,Ciclo_3_5_Derecha_7,pending,,
mendeley_labeled611_P10_0b5865c486192fde,67htnzmwbb.1,P10,7,number,accepted,validation,Mexican Sign Languages Dactylology and Ten First Numbers - Labeled images and videos. From person #6 to #11/persona_1_/Ciclo_3_5_Izquierda/Ciclo_3_5_Izq_7.mp4,Ciclo_3_5_Izq_7,pending,,
mendeley_labeled611_P10_b1015aa59e8dc2e9,67htnzmwbb.1,P10,7,number,accepted,validation,Mexican Sign Languages Dactylology and Ten First Numbers - Labeled images and videos. From person #6 to #11/persona_1_/Ciclo_4_5_Derecha/Ciclo_4_5_Derecha_7.mp4,Ciclo_4_5_Derecha_7,pending,,
mendeley_labeled611_P10_08973075dd5df142,67htnzmwbb.1,P10,7,number,accepted,validation,Mexican Sign Languages Dactylology and Ten First Numbers - Labeled images and videos. From person #6 to #11/persona_1_/Ciclo_4_5_Izquierda/Ciclo_4_5_Izq_7.mp4,Ciclo_4_5_Izq_7,pending,,
mendeley_labeled611_P10_087ce290cbcfd201,67htnzmwbb.1,P10,7,number,accepted,validation,Mexican Sign Languages Dactylology and Ten First Numbers - Labeled images and videos. From person #6 to #11/persona_1_/Ciclo_5_5_Derecha/Ciclo_5_5_Derecha_7.mp4,Ciclo_5_5_Derecha_7,pending,,
mendeley_labeled611_P10_bf5ff1600a291ffb,67htnzmwbb.1,P10,7,number,accepted,validation,Mexican Sign Languages Dactylology and Ten First Numbers - Labeled images and videos. From person #6 to #11/persona_1_/Ciclo_5_5_Izquierda/Ciclo_5_5_Izq_7.mp4,Ciclo_5_5_Izq_7,pending,,
mendeley_labeled611_P10_9f841a69b671e497,67htnzmwbb.1,P10,8,number,accepted,validation,Mexican Sign Languages Dactylology and Ten First Numbers - Labeled images and videos. From person #6 to #11/persona_1_/Ciclo_1_5_Derecha/Ciclo_1_5_Derecha_8.mp4,Ciclo_1_5_Derecha_8,pending,,
mendeley_labeled611_P10_6023eb91a3139e05,67htnzmwbb.1,P10,8,number,accepted,validation,Mexican Sign Languages Dactylology and Ten First Numbers - Labeled images and videos. From person #6 to #11/persona_1_/Ciclo_1_5_Izquierda/Ciclo_1_5_Izq_8.mp4,Ciclo_1_5_Izq_8,pending,,
mendeley_labeled611_P10_4386062c182c6ce1,67htnzmwbb.1,P10,8,number,accepted,validation,Mexican Sign Languages Dactylology and Ten First Numbers - Labeled images and videos. From person #6 to #11/persona_1_/Ciclo_2_5_Derecha/Ciclo_2_5_Derecha_8.mp4,Ciclo_2_5_Derecha_8,pending,,
mendeley_labeled611_P10_b9c1d619f9985ddd,67htnzmwbb.1,P10,8,number,accepted,validation,Mexican Sign Languages Dactylology and Ten First Numbers - Labeled images and videos. From person #6 to #11/persona_1_/Ciclo_2_5_Izquierda/Ciclo_2_5_Izq_8.mp4,Ciclo_2_5_Izq_8,pending,,
mendeley_labeled611_P10_ce28bc02c7b6b188,67htnzmwbb.1,P10,8,number,accepted,validation,Mexican Sign Languages Dactylology and Ten First Numbers - Labeled images and videos. From person #6 to #11/persona_1_/Ciclo_3_5_Derecha/Ciclo_3_5_Derecha_8.mp4,Ciclo_3_5_Derecha_8,pending,,
mendeley_labeled611_P10_577108ea153bc438,67htnzmwbb.1,P10,8,number,accepted,validation,Mexican Sign Languages Dactylology and Ten First Numbers - Labeled images and videos. From person #6 to #11/persona_1_/Ciclo_3_5_Izquierda/Ciclo_3_5_Izq_8.mp4,Ciclo_3_5_Izq_8,pending,,
mendeley_labeled611_P10_e28ecfb4f4b1a2b0,67htnzmwbb.1,P10,8,number,accepted,validation,Mexican Sign Languages Dactylology and Ten First Numbers - Labeled images and videos. From person #6 to #11/persona_1_/Ciclo_4_5_Derecha/Ciclo_4_5_Derecha_8.mp4,Ciclo_4_5_Derecha_8,pending,,
mendeley_labeled611_P10_5c4d68f419ac4fba,67htnzmwbb.1,P10,8,number,accepted,validation,Mexican Sign Languages Dactylology and Ten First Numbers - Labeled images and videos. From person #6 to #11/persona_1_/Ciclo_4_5_Izquierda/Ciclo_4_5_Izq_8.mp4,Ciclo_4_5_Izq_8,pending,,
mendeley_labeled611_P10_f27c484f96389cb8,67htnzmwbb.1,P10,8,number,accepted,validation,Mexican Sign Languages Dactylology and Ten First Numbers - Labeled images and videos. From person #6 to #11/persona_1_/Ciclo_5_5_Derecha/Ciclo_5_5_Derecha_8.mp4,Ciclo_5_5_Derecha_8,pending,,
mendeley_labeled611_P10_65f2e153ebbf0036,67htnzmwbb.1,P10,8,number,accepted,validation,Mexican Sign Languages Dactylology and Ten First Numbers - Labeled images and videos. From person #6 to #11/persona_1_/Ciclo_5_5_Izquierda/Ciclo_5_5_Izq_8.mp4,Ciclo_5_5_Izq_8,pending,,
mendeley_labeled611_P10_f1127920154707d9,67htnzmwbb.1,P10,9,number,accepted,validation,Mexican Sign Languages Dactylology and Ten First Numbers - Labeled images and videos. From person #6 to #11/persona_1_/Ciclo_1_5_Derecha/Ciclo_1_5_Derecha_9.mp4,Ciclo_1_5_Derecha_9,pending,,
mendeley_labeled611_P10_9c61f4d5554658de,67htnzmwbb.1,P10,9,number,accepted,validation,Mexican Sign Languages Dactylology and Ten First Numbers - Labeled images and videos. From person #6 to #11/persona_1_/Ciclo_1_5_Izquierda/Ciclo_1_5_Izq_9.mp4,Ciclo_1_5_Izq_9,pending,,
mendeley_labeled611_P10_81635938eef93581,67htnzmwbb.1,P10,9,number,accepted,validation,Mexican Sign Languages Dactylology and Ten First Numbers - Labeled images and videos. From person #6 to #11/persona_1_/Ciclo_2_5_Derecha/Ciclo_2_5_Derecha_9.mp4,Ciclo_2_5_Derecha_9,pending,,
mendeley_labeled611_P10_4e03b3c3d882aee2,67htnzmwbb.1,P10,9,number,accepted,validation,Mexican Sign Languages Dactylology and Ten First Numbers - Labeled images and videos. From person #6 to #11/persona_1_/Ciclo_2_5_Izquierda/Ciclo_2_5_Izq_9.mp4,Ciclo_2_5_Izq_9,pending,,
mendeley_labeled611_P10_ad9c3ca272405d76,67htnzmwbb.1,P10,9,number,accepted,validation,Mexican Sign Languages Dactylology and Ten First Numbers - Labeled images and videos. From person #6 to #11/persona_1_/Ciclo_3_5_Derecha/Ciclo_3_5_Derecha_9.mp4,Ciclo_3_5_Derecha_9,pending,,
mendeley_labeled611_P10_6e9da31c19a9c50a,67htnzmwbb.1,P10,9,number,accepted,validation,Mexican Sign Languages Dactylology and Ten First Numbers - Labeled images and videos. From person #6 to #11/persona_1_/Ciclo_3_5_Izquierda/Ciclo_3_5_Izq_9.mp4,Ciclo_3_5_Izq_9,pending,,
mendeley_labeled611_P10_231b581f96efc5a1,67htnzmwbb.1,P10,9,number,accepted,validation,Mexican Sign Languages Dactylology and Ten First Numbers - Labeled images and videos. From person #6 to #11/persona_1_/Ciclo_4_5_Derecha/Ciclo_4_5_Derecha_9.mp4,Ciclo_4_5_Derecha_9,pending,,
mendeley_labeled611_P10_e65c9bde5b2c01ec,67htnzmwbb.1,P10,9,number,accepted,validation,Mexican Sign Languages Dactylology and Ten First Numbers - Labeled images and videos. From person #6 to #11/persona_1_/Ciclo_4_5_Izquierda/Ciclo_4_5_Izq_9.mp4,Ciclo_4_5_Izq_9,pending,,
mendeley_labeled611_P10_b36d6f39565ee5db,67htnzmwbb.1,P10,9,number,accepted,validation,Mexican Sign Languages Dactylology and Ten First Numbers - Labeled images and videos. From person #6 to #11/persona_1_/Ciclo_5_5_Derecha/Ciclo_5_5_Derecha_9.mp4,Ciclo_5_5_Derecha_9,pending,,
mendeley_labeled611_P10_6a1163cab1fef6cb,67htnzmwbb.1,P10,9,number,accepted,validation,Mexican Sign Languages Dactylology and Ten First Numbers - Labeled images and videos. From person #6 to #11/persona_1_/Ciclo_5_5_Izquierda/Ciclo_5_5_Izq_9.mp4,Ciclo_5_5_Izq_9,pending,,
mendeley_labeled611_P10_b4b0f4c364f87f6a,67htnzmwbb.1,P10,n-buoz5h,unknown,quarantined_ambiguous,validation,Mexican Sign Languages Dactylology and Ten First Numbers - Labeled images and videos. From person #6 to #11/persona_1_/Ciclo_1_5_Derecha/Ciclo_1_5_Derecha_n-BuOz5h.mp4,Ciclo_1_5_Derecha_n-BuOz5h,quarantined,,ambiguous_or_unrecognized_filename_suffix
mendeley_labeled611_P10_f368872cb6657ab1,67htnzmwbb.1,P10,n-drsert,unknown,quarantined_ambiguous,validation,Mexican Sign Languages Dactylology and Ten First Numbers - Labeled images and videos. From person #6 to #11/persona_1_/Ciclo_4_5_Izquierda/Ciclo_4_5_Izq_n-dRSeRt.mp4,Ciclo_4_5_Izq_n-dRSeRt,quarantined,,ambiguous_or_unrecognized_filename_suffix
mendeley_labeled611_P10_4c6554626d919557,67htnzmwbb.1,P10,n-qmlmkr,unknown,quarantined_ambiguous,validation,Mexican Sign Languages Dactylology and Ten First Numbers - Labeled images and videos. From person #6 to #11/persona_1_/Ciclo_2_5_Derecha/Ciclo_2_5_Derecha_n-qmlmKR.mp4,Ciclo_2_5_Derecha_n-qmlmKR,quarantined,,ambiguous_or_unrecognized_filename_suffix
mendeley_labeled611_P10_deb51feafa0b663e,67htnzmwbb.1,P10,n-rccszc,unknown,quarantined_ambiguous,validation,Mexican Sign Languages Dactylology and Ten First Numbers - Labeled images and videos. From person #6 to #11/persona_1_/Ciclo_5_5_Derecha/Ciclo_5_5_Derecha_n-RCCSZC.mp4,Ciclo_5_5_Derecha_n-RCCSZC,quarantined,,ambiguous_or_unrecognized_filename_suffix
mendeley_labeled611_P10_ebdb869e510b181a,67htnzmwbb.1,P10,n-uhics4,unknown,quarantined_ambiguous,validation,Mexican Sign Languages Dactylology and Ten First Numbers - Labeled images and videos. From person #6 to #11/persona_1_/Ciclo_5_5_Izquierda/Ciclo_5_5_Izq_n-uhiCS4.mp4,Ciclo_5_5_Izq_n-uhiCS4,quarantined,,ambiguous_or_unrecognized_filename_suffix
mendeley_labeled611_P10_8ae2c56419053c0a,67htnzmwbb.1,P10,ñ-6pnrfg,unknown,quarantined_unknown_label,validation,Mexican Sign Languages Dactylology and Ten First Numbers - Labeled images and videos. From person #6 to #11/persona_1_/Ciclo_3_5_Derecha/Ciclo_3_5_Derecha_ñ-6pnRFG.mp4,Ciclo_3_5_Derecha_ñ-6pnRFG,quarantined,,ambiguous_or_unrecognized_filename_suffix
mendeley_labeled611_P10_46370fb880e69057,67htnzmwbb.1,P10,ñ-ba3em5,unknown,quarantined_unknown_label,validation,Mexican Sign Languages Dactylology and Ten First Numbers - Labeled images and videos. From person #6 to #11/persona_1_/Ciclo_1_5_Izquierda/Ciclo_1_5_Izq_ñ-Ba3eM5.mp4,Ciclo_1_5_Izq_ñ-Ba3eM5,quarantined,,ambiguous_or_unrecognized_filename_suffix
mendeley_labeled611_P10_a1c6f4e9d80e2404,67htnzmwbb.1,P10,ñ-byjvzx,unknown,quarantined_unknown_label,validation,Mexican Sign Languages Dactylology and Ten First Numbers - Labeled images and videos. From person #6 to #11/persona_1_/Ciclo_2_5_Izquierda/Ciclo_2_5_Izq_ñ-ByjVzx.mp4,Ciclo_2_5_Izq_ñ-ByjVzx,quarantined,,ambiguous_or_unrecognized_filename_suffix
mendeley_labeled611_P10_83c740b911bbaa4a,67htnzmwbb.1,P10,ñ-iua0ec,unknown,quarantined_unknown_label,validation,Mexican Sign Languages Dactylology and Ten First Numbers - Labeled images and videos. From person #6 to #11/persona_1_/Ciclo_4_5_Derecha/Ciclo_4_5_Derecha_ñ-IUa0ec.mp4,Ciclo_4_5_Derecha_ñ-IUa0ec,quarantined,,ambiguous_or_unrecognized_filename_suffix
mendeley_labeled611_P11_77915732b76f3fc5,67htnzmwbb.1,P11,a,dactylology,accepted,test,Mexican Sign Languages Dactylology and Ten First Numbers - Labeled images and videos. From person #6 to #11/persona_11/Ciclo_1_5_Derecha/Ciclo_1_5_Derecha_a.mp4,Ciclo_1_5_Derecha_a,pending,,
mendeley_labeled611_P11_538b2f9a3b6f54f4,67htnzmwbb.1,P11,a,dactylology,accepted,test,Mexican Sign Languages Dactylology and Ten First Numbers - Labeled images and videos. From person #6 to #11/persona_11/Ciclo_1_5_Izquierda/Ciclo_1_5_Izquierda_a.mp4,Ciclo_1_5_Izquierda_a,pending,,
mendeley_labeled611_P11_3294493ca3d232c5,67htnzmwbb.1,P11,a,dactylology,accepted,test,Mexican Sign Languages Dactylology and Ten First Numbers - Labeled images and videos. From person #6 to #11/persona_11/Ciclo_2_5_Derecha/Ciclo_2_5_Derecha_a.mp4,Ciclo_2_5_Derecha_a,pending,,
mendeley_labeled611_P11_9dcd7c6f1e84a6de,67htnzmwbb.1,P11,a,dactylology,accepted,test,Mexican Sign Languages Dactylology and Ten First Numbers - Labeled images and videos. From person #6 to #11/persona_11/Ciclo_2_5_Izquierda/Ciclo_2_5_Izquierda_a.mp4,Ciclo_2_5_Izquierda_a,pending,,
mendeley_labeled611_P11_8e4ef16c4c0612f4,67htnzmwbb.1,P11,a,dactylology,accepted,test,Mexican Sign Languages Dactylology and Ten First Numbers - Labeled images and videos. From person #6 to #11/persona_11/Ciclo_3_5_Derecha/Ciclo_3_5_Derecha_a.mp4,Ciclo_3_5_Derecha_a,pending,,
mendeley_labeled611_P11_1a9209ae7ba619b7,67htnzmwbb.1,P11,a,dactylology,accepted,test,Mexican Sign Languages Dactylology and Ten First Numbers - Labeled images and videos. From person #6 to #11/persona_11/Ciclo_3_5_Izquierda/Ciclo_3_5_Izquierda_a.mp4,Ciclo_3_5_Izquierda_a,pending,,
mendeley_labeled611_P11_3e9f3da7b79e220b,67htnzmwbb.1,P11,a,dactylology,accepted,test,Mexican Sign Languages Dactylology and Ten First Numbers - Labeled images and videos. From person #6 to #11/persona_11/Ciclo_4_5_Derecha/Ciclo_4_5_Derecha_a.mp4,Ciclo_4_5_Derecha_a,pending,,
mendeley_labeled611_P11_795aa7764fb4a65e,67htnzmwbb.1,P11,a,dactylology,accepted,test,Mexican Sign Languages Dactylology and Ten First Numbers - Labeled images and videos. From person #6 to #11/persona_11/Ciclo_4_5_Izquierda/Ciclo_4_5_Izquierda_a.mp4,Ciclo_4_5_Izquierda_a,pending,,
mendeley_labeled611_P11_67f4f4ded4bfa896,67htnzmwbb.1,P11,a,dactylology,accepted,test,Mexican Sign Languages Dactylology and Ten First Numbers - Labeled images and videos. From person #6 to #11/persona_11/Ciclo_5_5_Derecha/Ciclo_5_5_Derecha_a.mp4,Ciclo_5_5_Derecha_a,pending,,
mendeley_labeled611_P11_35c8c9dda483efb5,67htnzmwbb.1,P11,a,dactylology,accepted,test,Mexican Sign Languages Dactylology and Ten First Numbers - Labeled images and videos. From person #6 to #11/persona_11/Ciclo_5_5_Izquierda/Ciclo_5_5_Izquierda_a.mp4,Ciclo_5_5_Izquierda_a,pending,,
mendeley_labeled611_P11_a11011d19852a7a3,67htnzmwbb.1,P11,b,dactylology,accepted,test,Mexican Sign Languages Dactylology and Ten First Numbers - Labeled images and videos. From person #6 to #11/persona_11/Ciclo_1_5_Derecha/Ciclo_1_5_Derecha_b.mp4,Ciclo_1_5_Derecha_b,pending,,
mendeley_labeled611_P11_ce37dc69b13f4885,67htnzmwbb.1,P11,b,dactylology,accepted,test,Mexican Sign Languages Dactylology and Ten First Numbers - Labeled images and videos. From person #6 to #11/persona_11/Ciclo_1_5_Izquierda/Ciclo_1_5_Izquierda_b.mp4,Ciclo_1_5_Izquierda_b,pending,,
mendeley_labeled611_P11_3a62121f1e6b113e,67htnzmwbb.1,P11,b,dactylology,accepted,test,Mexican Sign Languages Dactylology and Ten First Numbers - Labeled images and videos. From person #6 to #11/persona_11/Ciclo_2_5_Derecha/Ciclo_2_5_Derecha_b.mp4,Ciclo_2_5_Derecha_b,pending,,
mendeley_labeled611_P11_01ea39b821fc86a5,67htnzmwbb.1,P11,b,dactylology,accepted,test,Mexican Sign Languages Dactylology and Ten First Numbers - Labeled images and videos. From person #6 to #11/persona_11/Ciclo_2_5_Izquierda/Ciclo_2_5_Izquierda_b.mp4,Ciclo_2_5_Izquierda_b,pending,,
mendeley_labeled611_P11_7c482b4622b94fce,67htnzmwbb.1,P11,b,dactylology,accepted,test,Mexican Sign Languages Dactylology and Ten First Numbers - Labeled images and videos. From person #6 to #11/persona_11/Ciclo_3_5_Derecha/Ciclo_3_5_Derecha_b.mp4,Ciclo_3_5_Derecha_b,pending,,
mendeley_labeled611_P11_d836472d3f21d426,67htnzmwbb.1,P11,b,dactylology,accepted,test,Mexican Sign Languages Dactylology and Ten First Numbers - Labeled images and videos. From person #6 to #11/persona_11/Ciclo_3_5_Izquierda/Ciclo_3_5_Izquierda_b.mp4,Ciclo_3_5_Izquierda_b,pending,,
mendeley_labeled611_P11_2374637da29bd03a,67htnzmwbb.1,P11,b,dactylology,accepted,test,Mexican Sign Languages Dactylology and Ten First Numbers - Labeled images and videos. From person #6 to #11/persona_11/Ciclo_4_5_Derecha/Ciclo_4_5_Derecha_b.mp4,Ciclo_4_5_Derecha_b,pending,,
mendeley_labeled611_P11_d4bde0f2baeae769,67htnzmwbb.1,P11,b,dactylology,accepted,test,Mexican Sign Languages Dactylology and Ten First Numbers - Labeled images and videos. From person #6 to #11/persona_11/Ciclo_4_5_Izquierda/Ciclo_4_5_Izquierda_b.mp4,Ciclo_4_5_Izquierda_b,pending,,
mendeley_labeled611_P11_fd1002ad1dbeb091,67htnzmwbb.1,P11,b,dactylology,accepted,test,Mexican Sign Languages Dactylology and Ten First Numbers - Labeled images and videos. From person #6 to #11/persona_11/Ciclo_5_5_Derecha/Ciclo_5_5_Derecha_b.mp4,Ciclo_5_5_Derecha_b,pending,,
mendeley_labeled611_P11_1152c9550c152ab8,67htnzmwbb.1,P11,b,dactylology,accepted,test,Mexican Sign Languages Dactylology and Ten First Numbers - Labeled images and videos. From person #6 to #11/persona_11/Ciclo_5_5_Izquierda/Ciclo_5_5_Izquierda_b.mp4,Ciclo_5_5_Izquierda_b,pending,,
mendeley_labeled611_P11_77e4c08d37d86fad,67htnzmwbb.1,P11,c,dactylology,accepted,test,Mexican Sign Languages Dactylology and Ten First Numbers - Labeled images and videos. From person #6 to #11/persona_11/Ciclo_1_5_Derecha/Ciclo_1_5_Derecha_c.mp4,Ciclo_1_5_Derecha_c,pending,,
mendeley_labeled611_P11_6fe2704d38dc06bd,67htnzmwbb.1,P11,c,dactylology,accepted,test,Mexican Sign Languages Dactylology and Ten First Numbers - Labeled images and videos. From person #6 to #11/persona_11/Ciclo_1_5_Izquierda/Ciclo_1_5_Izquierda_c.mp4,Ciclo_1_5_Izquierda_c,pending,,
mendeley_labeled611_P11_0b12be0fcce658b8,67htnzmwbb.1,P11,c,dactylology,accepted,test,Mexican Sign Languages Dactylology and Ten First Numbers - Labeled images and videos. From person #6 to #11/persona_11/Ciclo_2_5_Derecha/Ciclo_2_5_Derecha_c.mp4,Ciclo_2_5_Derecha_c,pending,,
mendeley_labeled611_P11_153d12956cf53da1,67htnzmwbb.1,P11,c,dactylology,accepted,test,Mexican Sign Languages Dactylology and Ten First Numbers - Labeled images and videos. From person #6 to #11/persona_11/Ciclo_2_5_Izquierda/Ciclo_2_5_Izquierda_c.mp4,Ciclo_2_5_Izquierda_c,pending,,
mendeley_labeled611_P11_c39e8cec428fb243,67htnzmwbb.1,P11,c,dactylology,accepted,test,Mexican Sign Languages Dactylology and Ten First Numbers - Labeled images and videos. From person #6 to #11/persona_11/Ciclo_3_5_Derecha/Ciclo_3_5_Derecha_c.mp4,Ciclo_3_5_Derecha_c,pending,,
mendeley_labeled611_P11_25256e88b72d8f0b,67htnzmwbb.1,P11,c,dactylology,accepted,test,Mexican Sign Languages Dactylology and Ten First Numbers - Labeled images and videos. From person #6 to #11/persona_11/Ciclo_3_5_Izquierda/Ciclo_3_5_Izquierda_c.mp4,Ciclo_3_5_Izquierda_c,pending,,
mendeley_labeled611_P11_e712652aa706efd3,67htnzmwbb.1,P11,c,dactylology,accepted,test,Mexican Sign Languages Dactylology and Ten First Numbers - Labeled images and videos. From person #6 to #11/persona_11/Ciclo_4_5_Derecha/Ciclo_4_5_Derecha_c.mp4,Ciclo_4_5_Derecha_c,pending,,
mendeley_labeled611_P11_fced5286e6b325e3,67htnzmwbb.1,P11,c,dactylology,accepted,test,Mexican Sign Languages Dactylology and Ten First Numbers - Labeled images and videos. From person #6 to #11/persona_11/Ciclo_4_5_Izquierda/Ciclo_4_5_Izquierda_c.mp4,Ciclo_4_5_Izquierda_c,pending,,
mendeley_labeled611_P11_4eccee7d80bd39d7,67htnzmwbb.1,P11,c,dactylology,accepted,test,Mexican Sign Languages Dactylology and Ten First Numbers - Labeled images and videos. From person #6 to #11/persona_11/Ciclo_5_5_Derecha/Ciclo_5_5_Derecha_c.mp4,Ciclo_5_5_Derecha_c,pending,,
mendeley_labeled611_P11_4af31d0ff54de36a,67htnzmwbb.1,P11,c,dactylology,accepted,test,Mexican Sign Languages Dactylology and Ten First Numbers - Labeled images and videos. From person #6 to #11/persona_11/Ciclo_5_5_Izquierda/Ciclo_5_5_Izquierda_c.mp4,Ciclo_5_5_Izquierda_c,pending,,
mendeley_labeled611_P11_b52ce30742b0ce9a,67htnzmwbb.1,P11,d,dactylology,accepted,test,Mexican Sign Languages Dactylology and Ten First Numbers - Labeled images and videos. From person #6 to #11/persona_11/Ciclo_1_5_Derecha/Ciclo_1_5_Derecha_d.mp4,Ciclo_1_5_Derecha_d,pending,,
mendeley_labeled611_P11_606322434924784f,67htnzmwbb.1,P11,d,dactylology,accepted,test,Mexican Sign Languages Dactylology and Ten First Numbers - Labeled images and videos. From person #6 to #11/persona_11/Ciclo_1_5_Izquierda/Ciclo_1_5_Izquierda_d.mp4,Ciclo_1_5_Izquierda_d,pending,,
mendeley_labeled611_P11_2dbb8370321fbc19,67htnzmwbb.1,P11,d,dactylology,accepted,test,Mexican Sign Languages Dactylology and Ten First Numbers - Labeled images and videos. From person #6 to #11/persona_11/Ciclo_2_5_Derecha/Ciclo_2_5_Derecha_d.mp4,Ciclo_2_5_Derecha_d,pending,,
mendeley_labeled611_P11_7aabcbc215d72897,67htnzmwbb.1,P11,d,dactylology,accepted,test,Mexican Sign Languages Dactylology and Ten First Numbers - Labeled images and videos. From person #6 to #11/persona_11/Ciclo_2_5_Izquierda/Ciclo_2_5_Izquierda_d.mp4,Ciclo_2_5_Izquierda_d,pending,,
mendeley_labeled611_P11_cead7578368d7276,67htnzmwbb.1,P11,d,dactylology,accepted,test,Mexican Sign Languages Dactylology and Ten First Numbers - Labeled images and videos. From person #6 to #11/persona_11/Ciclo_3_5_Derecha/Ciclo_3_5_Derecha_d.mp4,Ciclo_3_5_Derecha_d,pending,,
mendeley_labeled611_P11_c30828e745cf4d95,67htnzmwbb.1,P11,d,dactylology,accepted,test,Mexican Sign Languages Dactylology and Ten First Numbers - Labeled images and videos. From person #6 to #11/persona_11/Ciclo_3_5_Izquierda/Ciclo_3_5_Izquierda_d.mp4,Ciclo_3_5_Izquierda_d,pending,,
mendeley_labeled611_P11_3ad6c74808a6707e,67htnzmwbb.1,P11,d,dactylology,accepted,test,Mexican Sign Languages Dactylology and Ten First Numbers - Labeled images and videos. From person #6 to #11/persona_11/Ciclo_4_5_Derecha/Ciclo_4_5_Derecha_d.mp4,Ciclo_4_5_Derecha_d,pending,,
mendeley_labeled611_P11_61381a21bdca2156,67htnzmwbb.1,P11,d,dactylology,accepted,test,Mexican Sign Languages Dactylology and Ten First Numbers - Labeled images and videos. From person #6 to #11/persona_11/Ciclo_4_5_Izquierda/Ciclo_4_5_Izquierda_d.mp4,Ciclo_4_5_Izquierda_d,pending,,
mendeley_labeled611_P11_c30788686687fe64,67htnzmwbb.1,P11,d,dactylology,accepted,test,Mexican Sign Languages Dactylology and Ten First Numbers - Labeled images and videos. From person #6 to #11/persona_11/Ciclo_5_5_Derecha/Ciclo_5_5_Derecha_d.mp4,Ciclo_5_5_Derecha_d,pending,,
mendeley_labeled611_P11_379a26689d8bec71,67htnzmwbb.1,P11,d,dactylology,accepted,test,Mexican Sign Languages Dactylology and Ten First Numbers - Labeled images and videos. From person #6 to #11/persona_11/Ciclo_5_5_Izquierda/Ciclo_5_5_Izquierda_d.mp4,Ciclo_5_5_Izquierda_d,pending,,
mendeley_labeled611_P11_c854fc79d9cca21b,67htnzmwbb.1,P11,e,dactylology,accepted,test,Mexican Sign Languages Dactylology and Ten First Numbers - Labeled images and videos. From person #6 to #11/persona_11/Ciclo_1_5_Derecha/Ciclo_1_5_Derecha_e.mp4,Ciclo_1_5_Derecha_e,pending,,
mendeley_labeled611_P11_4eeba58dc9f41d15,67htnzmwbb.1,P11,e,dactylology,accepted,test,Mexican Sign Languages Dactylology and Ten First Numbers - Labeled images and videos. From person #6 to #11/persona_11/Ciclo_1_5_Izquierda/Ciclo_1_5_Izquierda_e.mp4,Ciclo_1_5_Izquierda_e,pending,,
mendeley_labeled611_P11_2dd00551914faa5b,67htnzmwbb.1,P11,e,dactylology,accepted,test,Mexican Sign Languages Dactylology and Ten First Numbers - Labeled images and videos. From person #6 to #11/persona_11/Ciclo_2_5_Derecha/Ciclo_2_5_Derecha_e.mp4,Ciclo_2_5_Derecha_e,pending,,
mendeley_labeled611_P11_b896653edd49f2cf,67htnzmwbb.1,P11,e,dactylology,accepted,test,Mexican Sign Languages Dactylology and Ten First Numbers - Labeled images and videos. From person #6 to #11/persona_11/Ciclo_2_5_Izquierda/Ciclo_2_5_Izquierda_e.mp4,Ciclo_2_5_Izquierda_e,pending,,
mendeley_labeled611_P11_eefc45ba80ad9634,67htnzmwbb.1,P11,e,dactylology,accepted,test,Mexican Sign Languages Dactylology and Ten First Numbers - Labeled images and videos. From person #6 to #11/persona_11/Ciclo_3_5_Derecha/Ciclo_3_5_Derecha_e.mp4,Ciclo_3_5_Derecha_e,pending,,
mendeley_labeled611_P11_b11d2e58c0844617,67htnzmwbb.1,P11,e,dactylology,accepted,test,Mexican Sign Languages Dactylology and Ten First Numbers - Labeled images and videos. From person #6 to #11/persona_11/Ciclo_3_5_Izquierda/Ciclo_3_5_Izquierda_e.mp4,Ciclo_3_5_Izquierda_e,pending,,
mendeley_labeled611_P11_a365972dbfe03c8c,67htnzmwbb.1,P11,e,dactylology,accepted,test,Mexican Sign Languages Dactylology and Ten First Numbers - Labeled images and videos. From person #6 to #11/persona_11/Ciclo_4_5_Derecha/Ciclo_4_5_Derecha_e.mp4,Ciclo_4_5_Derecha_e,pending,,
mendeley_labeled611_P11_214970357481ed66,67htnzmwbb.1,P11,e,dactylology,accepted,test,Mexican Sign Languages Dactylology and Ten First Numbers - Labeled images and videos. From person #6 to #11/persona_11/Ciclo_4_5_Izquierda/Ciclo_4_5_Izquierda_e.mp4,Ciclo_4_5_Izquierda_e,pending,,
mendeley_labeled611_P11_26050f66b7b09b73,67htnzmwbb.1,P11,e,dactylology,accepted,test,Mexican Sign Languages Dactylology and Ten First Numbers - Labeled images and videos. From person #6 to #11/persona_11/Ciclo_5_5_Derecha/Ciclo_5_5_Derecha_e.mp4,Ciclo_5_5_Derecha_e,pending,,
mendeley_labeled611_P11_7dd9bdc29c28bbfd,67htnzmwbb.1,P11,e,dactylology,accepted,test,Mexican Sign Languages Dactylology and Ten First Numbers - Labeled images and videos. From person #6 to #11/persona_11/Ciclo_5_5_Izquierda/Ciclo_5_5_Izquierda_e.mp4,Ciclo_5_5_Izquierda_e,pending,,
mendeley_labeled611_P11_585503eff4d9b429,67htnzmwbb.1,P11,f,dactylology,accepted,test,Mexican Sign Languages Dactylology and Ten First Numbers - Labeled images and videos. From person #6 to #11/persona_11/Ciclo_1_5_Derecha/Ciclo_1_5_Derecha_f.mp4,Ciclo_1_5_Derecha_f,pending,,
mendeley_labeled611_P11_cc3e4fe8fe87f9e3,67htnzmwbb.1,P11,f,dactylology,accepted,test,Mexican Sign Languages Dactylology and Ten First Numbers - Labeled images and videos. From person #6 to #11/persona_11/Ciclo_1_5_Izquierda/Ciclo_1_5_Izquierda_f.mp4,Ciclo_1_5_Izquierda_f,pending,,
mendeley_labeled611_P11_366b1a8d3252e80a,67htnzmwbb.1,P11,f,dactylology,accepted,test,Mexican Sign Languages Dactylology and Ten First Numbers - Labeled images and videos. From person #6 to #11/persona_11/Ciclo_2_5_Derecha/Ciclo_2_5_Derecha_f.mp4,Ciclo_2_5_Derecha_f,pending,,
mendeley_labeled611_P11_115b7993e0c96bc7,67htnzmwbb.1,P11,f,dactylology,accepted,test,Mexican Sign Languages Dactylology and Ten First Numbers - Labeled images and videos. From person #6 to #11/persona_11/Ciclo_2_5_Izquierda/Ciclo_2_5_Izquierda_f.mp4,Ciclo_2_5_Izquierda_f,pending,,
mendeley_labeled611_P11_75db6178a4471e30,67htnzmwbb.1,P11,f,dactylology,accepted,test,Mexican Sign Languages Dactylology and Ten First Numbers - Labeled images and videos. From person #6 to #11/persona_11/Ciclo_3_5_Derecha/Ciclo_3_5_Derecha_f.mp4,Ciclo_3_5_Derecha_f,pending,,
mendeley_labeled611_P11_73fdddbc45f097e7,67htnzmwbb.1,P11,f,dactylology,accepted,test,Mexican Sign Languages Dactylology and Ten First Numbers - Labeled images and videos. From person #6 to #11/persona_11/Ciclo_3_5_Izquierda/Ciclo_3_5_Izquierda_f.mp4,Ciclo_3_5_Izquierda_f,pending,,
mendeley_labeled611_P11_5951212413dbca30,67htnzmwbb.1,P11,f,dactylology,accepted,test,Mexican Sign Languages Dactylology and Ten First Numbers - Labeled images and videos. From person #6 to #11/persona_11/Ciclo_4_5_Derecha/Ciclo_4_5_Derecha_f.mp4,Ciclo_4_5_Derecha_f,pending,,
mendeley_labeled611_P11_a3d62286384f3e42,67htnzmwbb.1,P11,f,dactylology,accepted,test,Mexican Sign Languages Dactylology and Ten First Numbers - Labeled images and videos. From person #6 to #11/persona_11/Ciclo_4_5_Izquierda/Ciclo_4_5_Izquierda_f.mp4,Ciclo_4_5_Izquierda_f,pending,,
mendeley_labeled611_P11_91443994da256993,67htnzmwbb.1,P11,f,dactylology,accepted,test,Mexican Sign Languages Dactylology and Ten First Numbers - Labeled images and videos. From person #6 to #11/persona_11/Ciclo_5_5_Derecha/Ciclo_5_5_Derecha_f.mp4,Ciclo_5_5_Derecha_f,pending,,
mendeley_labeled611_P11_93f8ee823a82e2b3,67htnzmwbb.1,P11,f,dactylology,accepted,test,Mexican Sign Languages Dactylology and Ten First Numbers - Labeled images and videos. From person #6 to #11/persona_11/Ciclo_5_5_Izquierda/Ciclo_5_5_Izquierda_f.mp4,Ciclo_5_5_Izquierda_f,pending,,
mendeley_labeled611_P11_e6ce6d09a914319f,67htnzmwbb.1,P11,g,dactylology,accepted,test,Mexican Sign Languages Dactylology and Ten First Numbers - Labeled images and videos. From person #6 to #11/persona_11/Ciclo_1_5_Derecha/Ciclo_1_5_Derecha_g.mp4,Ciclo_1_5_Derecha_g,pending,,
mendeley_labeled611_P11_d2f3e15ce6400f95,67htnzmwbb.1,P11,g,dactylology,accepted,test,Mexican Sign Languages Dactylology and Ten First Numbers - Labeled images and videos. From person #6 to #11/persona_11/Ciclo_1_5_Izquierda/Ciclo_1_5_Izquierda_g.mp4,Ciclo_1_5_Izquierda_g,pending,,
mendeley_labeled611_P11_fe7a5cd2ebd5bdc7,67htnzmwbb.1,P11,g,dactylology,accepted,test,Mexican Sign Languages Dactylology and Ten First Numbers - Labeled images and videos. From person #6 to #11/persona_11/Ciclo_2_5_Derecha/Ciclo_2_5_Derecha_g.mp4,Ciclo_2_5_Derecha_g,pending,,
mendeley_labeled611_P11_33b95a2fd2f1f60e,67htnzmwbb.1,P11,g,dactylology,accepted,test,Mexican Sign Languages Dactylology and Ten First Numbers - Labeled images and videos. From person #6 to #11/persona_11/Ciclo_2_5_Izquierda/Ciclo_2_5_Izquierda_g.mp4,Ciclo_2_5_Izquierda_g,pending,,
mendeley_labeled611_P11_61f9ecb5480e943e,67htnzmwbb.1,P11,g,dactylology,accepted,test,Mexican Sign Languages Dactylology and Ten First Numbers - Labeled images and videos. From person #6 to #11/persona_11/Ciclo_3_5_Derecha/Ciclo_3_5_Derecha_g.mp4,Ciclo_3_5_Derecha_g,pending,,
mendeley_labeled611_P11_c3b739d4615e1e1f,67htnzmwbb.1,P11,g,dactylology,accepted,test,Mexican Sign Languages Dactylology and Ten First Numbers - Labeled images and videos. From person #6 to #11/persona_11/Ciclo_3_5_Izquierda/Ciclo_3_5_Izquierda_g.mp4,Ciclo_3_5_Izquierda_g,pending,,
mendeley_labeled611_P11_e7ea56ef2284057e,67htnzmwbb.1,P11,g,dactylology,accepted,test,Mexican Sign Languages Dactylology and Ten First Numbers - Labeled images and videos. From person #6 to #11/persona_11/Ciclo_4_5_Derecha/Ciclo_4_5_Derecha_g.mp4,Ciclo_4_5_Derecha_g,pending,,
mendeley_labeled611_P11_adc2470b5ea78cff,67htnzmwbb.1,P11,g,dactylology,accepted,test,Mexican Sign Languages Dactylology and Ten First Numbers - Labeled images and videos. From person #6 to #11/persona_11/Ciclo_4_5_Izquierda/Ciclo_4_5_Izquierda_g.mp4,Ciclo_4_5_Izquierda_g,pending,,
mendeley_labeled611_P11_8b205a077ba15869,67htnzmwbb.1,P11,g,dactylology,accepted,test,Mexican Sign Languages Dactylology and Ten First Numbers - Labeled images and videos. From person #6 to #11/persona_11/Ciclo_5_5_Derecha/Ciclo_5_5_Derecha_g.mp4,Ciclo_5_5_Derecha_g,pending,,
mendeley_labeled611_P11_0eb08214f9bca443,67htnzmwbb.1,P11,g,dactylology,accepted,test,Mexican Sign Languages Dactylology and Ten First Numbers - Labeled images and videos. From person #6 to #11/persona_11/Ciclo_5_5_Izquierda/Ciclo_5_5_Izquierda_g.mp4,Ciclo_5_5_Izquierda_g,pending,,
mendeley_labeled611_P11_c8257d3a70fed49f,67htnzmwbb.1,P11,h,dactylology,accepted,test,Mexican Sign Languages Dactylology and Ten First Numbers - Labeled images and videos. From person #6 to #11/persona_11/Ciclo_1_5_Derecha/Ciclo_1_5_Derecha_h.mp4,Ciclo_1_5_Derecha_h,pending,,
mendeley_labeled611_P11_0c53ca158fc3217f,67htnzmwbb.1,P11,h,dactylology,accepted,test,Mexican Sign Languages Dactylology and Ten First Numbers - Labeled images and videos. From person #6 to #11/persona_11/Ciclo_1_5_Izquierda/Ciclo_1_5_Izquierda_h.mp4,Ciclo_1_5_Izquierda_h,pending,,
mendeley_labeled611_P11_9065e0fa83f3316a,67htnzmwbb.1,P11,h,dactylology,accepted,test,Mexican Sign Languages Dactylology and Ten First Numbers - Labeled images and videos. From person #6 to #11/persona_11/Ciclo_2_5_Derecha/Ciclo_2_5_Derecha_h.mp4,Ciclo_2_5_Derecha_h,pending,,
mendeley_labeled611_P11_7ab641049214818e,67htnzmwbb.1,P11,h,dactylology,accepted,test,Mexican Sign Languages Dactylology and Ten First Numbers - Labeled images and videos. From person #6 to #11/persona_11/Ciclo_2_5_Izquierda/Ciclo_2_5_Izquierda_h.mp4,Ciclo_2_5_Izquierda_h,pending,,
mendeley_labeled611_P11_da64d16575a744de,67htnzmwbb.1,P11,h,dactylology,accepted,test,Mexican Sign Languages Dactylology and Ten First Numbers - Labeled images and videos. From person #6 to #11/persona_11/Ciclo_3_5_Derecha/Ciclo_3_5_Derecha_h.mp4,Ciclo_3_5_Derecha_h,pending,,
mendeley_labeled611_P11_7c6c480d862e7553,67htnzmwbb.1,P11,h,dactylology,accepted,test,Mexican Sign Languages Dactylology and Ten First Numbers - Labeled images and videos. From person #6 to #11/persona_11/Ciclo_3_5_Izquierda/Ciclo_3_5_Izquierda_h.mp4,Ciclo_3_5_Izquierda_h,pending,,
mendeley_labeled611_P11_dd60eebbadd25624,67htnzmwbb.1,P11,h,dactylology,accepted,test,Mexican Sign Languages Dactylology and Ten First Numbers - Labeled images and videos. From person #6 to #11/persona_11/Ciclo_4_5_Derecha/Ciclo_4_5_Derecha_h.mp4,Ciclo_4_5_Derecha_h,pending,,
mendeley_labeled611_P11_6e17bb24a882a424,67htnzmwbb.1,P11,h,dactylology,accepted,test,Mexican Sign Languages Dactylology and Ten First Numbers - Labeled images and videos. From person #6 to #11/persona_11/Ciclo_4_5_Izquierda/Ciclo_4_5_Izquierda_h.mp4,Ciclo_4_5_Izquierda_h,pending,,
mendeley_labeled611_P11_15c2e9244cc21817,67htnzmwbb.1,P11,h,dactylology,accepted,test,Mexican Sign Languages Dactylology and Ten First Numbers - Labeled images and videos. From person #6 to #11/persona_11/Ciclo_5_5_Derecha/Ciclo_5_5_Derecha_h.mp4,Ciclo_5_5_Derecha_h,pending,,
mendeley_labeled611_P11_11cad2e0d80a19f0,67htnzmwbb.1,P11,h,dactylology,accepted,test,Mexican Sign Languages Dactylology and Ten First Numbers - Labeled images and videos. From person #6 to #11/persona_11/Ciclo_5_5_Izquierda/Ciclo_5_5_Izquierda_h.mp4,Ciclo_5_5_Izquierda_h,pending,,
mendeley_labeled611_P11_2e57a9392d5cd897,67htnzmwbb.1,P11,i,dactylology,accepted,test,Mexican Sign Languages Dactylology and Ten First Numbers - Labeled images and videos. From person #6 to #11/persona_11/Ciclo_1_5_Derecha/Ciclo_1_5_Derecha_i.mp4,Ciclo_1_5_Derecha_i,pending,,
mendeley_labeled611_P11_60b1fa5663244680,67htnzmwbb.1,P11,i,dactylology,accepted,test,Mexican Sign Languages Dactylology and Ten First Numbers - Labeled images and videos. From person #6 to #11/persona_11/Ciclo_1_5_Izquierda/Ciclo_1_5_Izquierda_i.mp4,Ciclo_1_5_Izquierda_i,pending,,
mendeley_labeled611_P11_c3fc8e4cc615135f,67htnzmwbb.1,P11,i,dactylology,accepted,test,Mexican Sign Languages Dactylology and Ten First Numbers - Labeled images and videos. From person #6 to #11/persona_11/Ciclo_2_5_Derecha/Ciclo_2_5_Derecha_i.mp4,Ciclo_2_5_Derecha_i,pending,,
mendeley_labeled611_P11_f7724ec589e553f1,67htnzmwbb.1,P11,i,dactylology,accepted,test,Mexican Sign Languages Dactylology and Ten First Numbers - Labeled images and videos. From person #6 to #11/persona_11/Ciclo_2_5_Izquierda/Ciclo_2_5_Izquierda_i.mp4,Ciclo_2_5_Izquierda_i,pending,,
mendeley_labeled611_P11_d244ba25907b04d9,67htnzmwbb.1,P11,i,dactylology,accepted,test,Mexican Sign Languages Dactylology and Ten First Numbers - Labeled images and videos. From person #6 to #11/persona_11/Ciclo_3_5_Derecha/Ciclo_3_5_Derecha_i.mp4,Ciclo_3_5_Derecha_i,pending,,
mendeley_labeled611_P11_529022a83fe43ec4,67htnzmwbb.1,P11,i,dactylology,accepted,test,Mexican Sign Languages Dactylology and Ten First Numbers - Labeled images and videos. From person #6 to #11/persona_11/Ciclo_3_5_Izquierda/Ciclo_3_5_Izquierda_i.mp4,Ciclo_3_5_Izquierda_i,pending,,
mendeley_labeled611_P11_a13cae1874b7e538,67htnzmwbb.1,P11,i,dactylology,accepted,test,Mexican Sign Languages Dactylology and Ten First Numbers - Labeled images and videos. From person #6 to #11/persona_11/Ciclo_4_5_Derecha/Ciclo_4_5_Derecha_i.mp4,Ciclo_4_5_Derecha_i,pending,,
mendeley_labeled611_P11_5967b4cfa1d9af19,67htnzmwbb.1,P11,i,dactylology,accepted,test,Mexican Sign Languages Dactylology and Ten First Numbers - Labeled images and videos. From person #6 to #11/persona_11/Ciclo_4_5_Izquierda/Ciclo_4_5_Izquierda_i.mp4,Ciclo_4_5_Izquierda_i,pending,,
mendeley_labeled611_P11_5d7b8b0c5c2dfc18,67htnzmwbb.1,P11,i,dactylology,accepted,test,Mexican Sign Languages Dactylology and Ten First Numbers - Labeled images and videos. From person #6 to #11/persona_11/Ciclo_5_5_Derecha/Ciclo_5_5_Derecha_i.mp4,Ciclo_5_5_Derecha_i,pending,,
mendeley_labeled611_P11_c77b159c520b8e81,67htnzmwbb.1,P11,i,dactylology,accepted,test,Mexican Sign Languages Dactylology and Ten First Numbers - Labeled images and videos. From person #6 to #11/persona_11/Ciclo_5_5_Izquierda/Ciclo_5_5_Izquierda_i.mp4,Ciclo_5_5_Izquierda_i,pending,,
mendeley_labeled611_P11_bc8b941a2800800a,67htnzmwbb.1,P11,j,dactylology,accepted,test,Mexican Sign Languages Dactylology and Ten First Numbers - Labeled images and videos. From person #6 to #11/persona_11/Ciclo_1_5_Derecha/Ciclo_1_5_Derecha_j.mp4,Ciclo_1_5_Derecha_j,pending,,
mendeley_labeled611_P11_e637b7b2a3a40761,67htnzmwbb.1,P11,j,dactylology,accepted,test,Mexican Sign Languages Dactylology and Ten First Numbers - Labeled images and videos. From person #6 to #11/persona_11/Ciclo_1_5_Izquierda/Ciclo_1_5_Izquierda_j.mp4,Ciclo_1_5_Izquierda_j,pending,,
mendeley_labeled611_P11_0d10cab3da596a39,67htnzmwbb.1,P11,j,dactylology,accepted,test,Mexican Sign Languages Dactylology and Ten First Numbers - Labeled images and videos. From person #6 to #11/persona_11/Ciclo_2_5_Derecha/Ciclo_2_5_Derecha_j.mp4,Ciclo_2_5_Derecha_j,pending,,
mendeley_labeled611_P11_a31e9a6dbc126209,67htnzmwbb.1,P11,j,dactylology,accepted,test,Mexican Sign Languages Dactylology and Ten First Numbers - Labeled images and videos. From person #6 to #11/persona_11/Ciclo_2_5_Izquierda/Ciclo_2_5_Izquierda_j.mp4,Ciclo_2_5_Izquierda_j,pending,,
mendeley_labeled611_P11_87aba6f2e9d43a8e,67htnzmwbb.1,P11,j,dactylology,accepted,test,Mexican Sign Languages Dactylology and Ten First Numbers - Labeled images and videos. From person #6 to #11/persona_11/Ciclo_3_5_Derecha/Ciclo_3_5_Derecha_j.mp4,Ciclo_3_5_Derecha_j,pending,,
mendeley_labeled611_P11_d2cd22ee8f5aa52a,67htnzmwbb.1,P11,j,dactylology,accepted,test,Mexican Sign Languages Dactylology and Ten First Numbers - Labeled images and videos. From person #6 to #11/persona_11/Ciclo_3_5_Izquierda/Ciclo_3_5_Izquierda_j.mp4,Ciclo_3_5_Izquierda_j,pending,,
mendeley_labeled611_P11_4278cf50a0858d61,67htnzmwbb.1,P11,j,dactylology,accepted,test,Mexican Sign Languages Dactylology and Ten First Numbers - Labeled images and videos. From person #6 to #11/persona_11/Ciclo_4_5_Derecha/Ciclo_4_5_Derecha_j.mp4,Ciclo_4_5_Derecha_j,pending,,
mendeley_labeled611_P11_e4af7c16580f84d2,67htnzmwbb.1,P11,j,dactylology,accepted,test,Mexican Sign Languages Dactylology and Ten First Numbers - Labeled images and videos. From person #6 to #11/persona_11/Ciclo_4_5_Izquierda/Ciclo_4_5_Izquierda_j.mp4,Ciclo_4_5_Izquierda_j,pending,,
mendeley_labeled611_P11_13bbcdb7252cff62,67htnzmwbb.1,P11,j,dactylology,accepted,test,Mexican Sign Languages Dactylology and Ten First Numbers - Labeled images and videos. From person #6 to #11/persona_11/Ciclo_5_5_Derecha/Ciclo_5_5_Derecha_j.mp4,Ciclo_5_5_Derecha_j,pending,,
mendeley_labeled611_P11_efd02169bbdb99dc,67htnzmwbb.1,P11,j,dactylology,accepted,test,Mexican Sign Languages Dactylology and Ten First Numbers - Labeled images and videos. From person #6 to #11/persona_11/Ciclo_5_5_Izquierda/Ciclo_5_5_Izquierda_j.mp4,Ciclo_5_5_Izquierda_j,pending,,
mendeley_labeled611_P11_611fc021b9a3459f,67htnzmwbb.1,P11,k,dactylology,accepted,test,Mexican Sign Languages Dactylology and Ten First Numbers - Labeled images and videos. From person #6 to #11/persona_11/Ciclo_1_5_Derecha/Ciclo_1_5_Derecha_k.mp4,Ciclo_1_5_Derecha_k,pending,,
mendeley_labeled611_P11_3ad490d67df6f53b,67htnzmwbb.1,P11,k,dactylology,accepted,test,Mexican Sign Languages Dactylology and Ten First Numbers - Labeled images and videos. From person #6 to #11/persona_11/Ciclo_1_5_Izquierda/Ciclo_1_5_Izquierda_k.mp4,Ciclo_1_5_Izquierda_k,pending,,
mendeley_labeled611_P11_524d58d2e13a494d,67htnzmwbb.1,P11,k,dactylology,accepted,test,Mexican Sign Languages Dactylology and Ten First Numbers - Labeled images and videos. From person #6 to #11/persona_11/Ciclo_2_5_Derecha/Ciclo_2_5_Derecha_k.mp4,Ciclo_2_5_Derecha_k,pending,,
mendeley_labeled611_P11_2ae071b5616adf60,67htnzmwbb.1,P11,k,dactylology,accepted,test,Mexican Sign Languages Dactylology and Ten First Numbers - Labeled images and videos. From person #6 to #11/persona_11/Ciclo_2_5_Izquierda/Ciclo_2_5_Izquierda_k.mp4,Ciclo_2_5_Izquierda_k,pending,,
mendeley_labeled611_P11_4bb074625ce7d298,67htnzmwbb.1,P11,k,dactylology,accepted,test,Mexican Sign Languages Dactylology and Ten First Numbers - Labeled images and videos. From person #6 to #11/persona_11/Ciclo_3_5_Derecha/Ciclo_3_5_Derecha_k.mp4,Ciclo_3_5_Derecha_k,pending,,
mendeley_labeled611_P11_3020012ac27a7fa3,67htnzmwbb.1,P11,k,dactylology,accepted,test,Mexican Sign Languages Dactylology and Ten First Numbers - Labeled images and videos. From person #6 to #11/persona_11/Ciclo_3_5_Izquierda/Ciclo_3_5_Izquierda_k.mp4,Ciclo_3_5_Izquierda_k,pending,,
mendeley_labeled611_P11_7e08d425bd846121,67htnzmwbb.1,P11,k,dactylology,accepted,test,Mexican Sign Languages Dactylology and Ten First Numbers - Labeled images and videos. From person #6 to #11/persona_11/Ciclo_4_5_Derecha/Ciclo_4_5_Derecha_k.mp4,Ciclo_4_5_Derecha_k,pending,,
mendeley_labeled611_P11_5fc9447e75a52187,67htnzmwbb.1,P11,k,dactylology,accepted,test,Mexican Sign Languages Dactylology and Ten First Numbers - Labeled images and videos. From person #6 to #11/persona_11/Ciclo_4_5_Izquierda/Ciclo_4_5_Izquierda_k.mp4,Ciclo_4_5_Izquierda_k,pending,,
mendeley_labeled611_P11_f34b05d4fe2b9c53,67htnzmwbb.1,P11,k,dactylology,accepted,test,Mexican Sign Languages Dactylology and Ten First Numbers - Labeled images and videos. From person #6 to #11/persona_11/Ciclo_5_5_Derecha/Ciclo_5_5_Derecha_k.mp4,Ciclo_5_5_Derecha_k,pending,,
mendeley_labeled611_P11_3008664b0626c051,67htnzmwbb.1,P11,k,dactylology,accepted,test,Mexican Sign Languages Dactylology and Ten First Numbers - Labeled images and videos. From person #6 to #11/persona_11/Ciclo_5_5_Izquierda/Ciclo_5_5_Izquierda_k.mp4,Ciclo_5_5_Izquierda_k,pending,,
mendeley_labeled611_P11_a24213fcd053e3c1,67htnzmwbb.1,P11,l,dactylology,accepted,test,Mexican Sign Languages Dactylology and Ten First Numbers - Labeled images and videos. From person #6 to #11/persona_11/Ciclo_1_5_Derecha/Ciclo_1_5_Derecha_l.mp4,Ciclo_1_5_Derecha_l,pending,,
mendeley_labeled611_P11_b2ca83cd247846ac,67htnzmwbb.1,P11,l,dactylology,accepted,test,Mexican Sign Languages Dactylology and Ten First Numbers - Labeled images and videos. From person #6 to #11/persona_11/Ciclo_1_5_Izquierda/Ciclo_1_5_Izquierda_l.mp4,Ciclo_1_5_Izquierda_l,pending,,
mendeley_labeled611_P11_7637f80a905634c7,67htnzmwbb.1,P11,l,dactylology,accepted,test,Mexican Sign Languages Dactylology and Ten First Numbers - Labeled images and videos. From person #6 to #11/persona_11/Ciclo_2_5_Derecha/Ciclo_2_5_Derecha_l.mp4,Ciclo_2_5_Derecha_l,pending,,
mendeley_labeled611_P11_d2a780b461a6952e,67htnzmwbb.1,P11,l,dactylology,accepted,test,Mexican Sign Languages Dactylology and Ten First Numbers - Labeled images and videos. From person #6 to #11/persona_11/Ciclo_2_5_Izquierda/Ciclo_2_5_Izquierda_l.mp4,Ciclo_2_5_Izquierda_l,pending,,
mendeley_labeled611_P11_284b7363e9f126be,67htnzmwbb.1,P11,l,dactylology,accepted,test,Mexican Sign Languages Dactylology and Ten First Numbers - Labeled images and videos. From person #6 to #11/persona_11/Ciclo_3_5_Derecha/Ciclo_3_5_Derecha_l.mp4,Ciclo_3_5_Derecha_l,pending,,
mendeley_labeled611_P11_6b75aa2a8e1471b3,67htnzmwbb.1,P11,l,dactylology,accepted,test,Mexican Sign Languages Dactylology and Ten First Numbers - Labeled images and videos. From person #6 to #11/persona_11/Ciclo_3_5_Izquierda/Ciclo_3_5_Izquierda_l.mp4,Ciclo_3_5_Izquierda_l,pending,,
mendeley_labeled611_P11_ea1c88d0963a6491,67htnzmwbb.1,P11,l,dactylology,accepted,test,Mexican Sign Languages Dactylology and Ten First Numbers - Labeled images and videos. From person #6 to #11/persona_11/Ciclo_4_5_Derecha/Ciclo_4_5_Derecha_l.mp4,Ciclo_4_5_Derecha_l,pending,,
mendeley_labeled611_P11_7682e69abfc0ff16,67htnzmwbb.1,P11,l,dactylology,accepted,test,Mexican Sign Languages Dactylology and Ten First Numbers - Labeled images and videos. From person #6 to #11/persona_11/Ciclo_4_5_Izquierda/Ciclo_4_5_Izquierda_l.mp4,Ciclo_4_5_Izquierda_l,pending,,
mendeley_labeled611_P11_aab31a4099421aaf,67htnzmwbb.1,P11,l,dactylology,accepted,test,Mexican Sign Languages Dactylology and Ten First Numbers - Labeled images and videos. From person #6 to #11/persona_11/Ciclo_5_5_Derecha/Ciclo_5_5_Derecha_l.mp4,Ciclo_5_5_Derecha_l,pending,,
mendeley_labeled611_P11_424b798e201fb511,67htnzmwbb.1,P11,l,dactylology,accepted,test,Mexican Sign Languages Dactylology and Ten First Numbers - Labeled images and videos. From person #6 to #11/persona_11/Ciclo_5_5_Izquierda/Ciclo_5_5_Izquierda_l.mp4,Ciclo_5_5_Izquierda_l,pending,,
mendeley_labeled611_P11_7b26a3390498d0f2,67htnzmwbb.1,P11,ll,dactylology,accepted,test,Mexican Sign Languages Dactylology and Ten First Numbers - Labeled images and videos. From person #6 to #11/persona_11/Ciclo_1_5_Derecha/Ciclo_1_5_Derecha_ll.mp4,Ciclo_1_5_Derecha_ll,pending,,
mendeley_labeled611_P11_306e7b36bd45d25c,67htnzmwbb.1,P11,m,dactylology,accepted,test,Mexican Sign Languages Dactylology and Ten First Numbers - Labeled images and videos. From person #6 to #11/persona_11/Ciclo_1_5_Derecha/Ciclo_1_5_Derecha_m.mp4,Ciclo_1_5_Derecha_m,pending,,
mendeley_labeled611_P11_9901e74cd788dbac,67htnzmwbb.1,P11,m,dactylology,accepted,test,Mexican Sign Languages Dactylology and Ten First Numbers - Labeled images and videos. From person #6 to #11/persona_11/Ciclo_1_5_Izquierda/Ciclo_1_5_Izquierda_m.mp4,Ciclo_1_5_Izquierda_m,pending,,
mendeley_labeled611_P11_da3b7192e8864252,67htnzmwbb.1,P11,m,dactylology,accepted,test,Mexican Sign Languages Dactylology and Ten First Numbers - Labeled images and videos. From person #6 to #11/persona_11/Ciclo_2_5_Derecha/Ciclo_2_5_Derecha_m.mp4,Ciclo_2_5_Derecha_m,pending,,
mendeley_labeled611_P11_f40805cf56a032e2,67htnzmwbb.1,P11,m,dactylology,accepted,test,Mexican Sign Languages Dactylology and Ten First Numbers - Labeled images and videos. From person #6 to #11/persona_11/Ciclo_2_5_Izquierda/Ciclo_2_5_Izquierda_m.mp4,Ciclo_2_5_Izquierda_m,pending,,
mendeley_labeled611_P11_c562f40be6a81e62,67htnzmwbb.1,P11,m,dactylology,accepted,test,Mexican Sign Languages Dactylology and Ten First Numbers - Labeled images and videos. From person #6 to #11/persona_11/Ciclo_3_5_Derecha/Ciclo_3_5_Derecha_m.mp4,Ciclo_3_5_Derecha_m,pending,,
mendeley_labeled611_P11_4cabe7ee3fa2f638,67htnzmwbb.1,P11,m,dactylology,accepted,test,Mexican Sign Languages Dactylology and Ten First Numbers - Labeled images and videos. From person #6 to #11/persona_11/Ciclo_3_5_Izquierda/Ciclo_3_5_Izquierda_m.mp4,Ciclo_3_5_Izquierda_m,pending,,
mendeley_labeled611_P11_940d90e01f2726f1,67htnzmwbb.1,P11,m,dactylology,accepted,test,Mexican Sign Languages Dactylology and Ten First Numbers - Labeled images and videos. From person #6 to #11/persona_11/Ciclo_4_5_Derecha/Ciclo_4_5_Derecha_m.mp4,Ciclo_4_5_Derecha_m,pending,,
mendeley_labeled611_P11_53f0483108a9a7ce,67htnzmwbb.1,P11,m,dactylology,accepted,test,Mexican Sign Languages Dactylology and Ten First Numbers - Labeled images and videos. From person #6 to #11/persona_11/Ciclo_4_5_Izquierda/Ciclo_4_5_Izquierda_m.mp4,Ciclo_4_5_Izquierda_m,pending,,
mendeley_labeled611_P11_ca874812f264559a,67htnzmwbb.1,P11,m,dactylology,accepted,test,Mexican Sign Languages Dactylology and Ten First Numbers - Labeled images and videos. From person #6 to #11/persona_11/Ciclo_5_5_Derecha/Ciclo_5_5_Derecha_m.mp4,Ciclo_5_5_Derecha_m,pending,,
mendeley_labeled611_P11_3ce4c50735fe3480,67htnzmwbb.1,P11,m,dactylology,accepted,test,Mexican Sign Languages Dactylology and Ten First Numbers - Labeled images and videos. From person #6 to #11/persona_11/Ciclo_5_5_Izquierda/Ciclo_5_5_Izquierda_m.mp4,Ciclo_5_5_Izquierda_m,pending,,
mendeley_labeled611_P11_7c212d90f1c002bd,67htnzmwbb.1,P11,n,dactylology,accepted,test,Mexican Sign Languages Dactylology and Ten First Numbers - Labeled images and videos. From person #6 to #11/persona_11/Ciclo_1_5_Derecha/Ciclo_1_5_Derecha_n.mp4,Ciclo_1_5_Derecha_n,pending,,
mendeley_labeled611_P11_2b5f14ddc957bc2c,67htnzmwbb.1,P11,n,dactylology,accepted,test,Mexican Sign Languages Dactylology and Ten First Numbers - Labeled images and videos. From person #6 to #11/persona_11/Ciclo_1_5_Izquierda/Ciclo_1_5_Izquierda_n.mp4,Ciclo_1_5_Izquierda_n,pending,,
mendeley_labeled611_P11_bdfc00618e90b92d,67htnzmwbb.1,P11,n,dactylology,accepted,test,Mexican Sign Languages Dactylology and Ten First Numbers - Labeled images and videos. From person #6 to #11/persona_11/Ciclo_2_5_Derecha/Ciclo_2_5_Derecha_n.mp4,Ciclo_2_5_Derecha_n,pending,,
mendeley_labeled611_P11_f3d2b9f7d3edda88,67htnzmwbb.1,P11,n,dactylology,accepted,test,Mexican Sign Languages Dactylology and Ten First Numbers - Labeled images and videos. From person #6 to #11/persona_11/Ciclo_2_5_Izquierda/Ciclo_2_5_Izquierda_n.mp4,Ciclo_2_5_Izquierda_n,pending,,
mendeley_labeled611_P11_48d9e2c3c3a23f72,67htnzmwbb.1,P11,n,dactylology,accepted,test,Mexican Sign Languages Dactylology and Ten First Numbers - Labeled images and videos. From person #6 to #11/persona_11/Ciclo_3_5_Derecha/Ciclo_3_5_Derecha_n.mp4,Ciclo_3_5_Derecha_n,pending,,
mendeley_labeled611_P11_99b294cbe72282b9,67htnzmwbb.1,P11,n,dactylology,accepted,test,Mexican Sign Languages Dactylology and Ten First Numbers - Labeled images and videos. From person #6 to #11/persona_11/Ciclo_3_5_Izquierda/Ciclo_3_5_Izquierda_n.mp4,Ciclo_3_5_Izquierda_n,pending,,
mendeley_labeled611_P11_d84f5f4cd3118bc4,67htnzmwbb.1,P11,n,dactylology,accepted,test,Mexican Sign Languages Dactylology and Ten First Numbers - Labeled images and videos. From person #6 to #11/persona_11/Ciclo_4_5_Derecha/Ciclo_4_5_Derecha_n.mp4,Ciclo_4_5_Derecha_n,pending,,
mendeley_labeled611_P11_07ee3c2b2448b34d,67htnzmwbb.1,P11,n,dactylology,accepted,test,Mexican Sign Languages Dactylology and Ten First Numbers - Labeled images and videos. From person #6 to #11/persona_11/Ciclo_4_5_Izquierda/Ciclo_4_5_Izquierda_n.mp4,Ciclo_4_5_Izquierda_n,pending,,
mendeley_labeled611_P11_504e7fd7c9a55f28,67htnzmwbb.1,P11,n,dactylology,accepted,test,Mexican Sign Languages Dactylology and Ten First Numbers - Labeled images and videos. From person #6 to #11/persona_11/Ciclo_5_5_Derecha/Ciclo_5_5_Derecha_n.mp4,Ciclo_5_5_Derecha_n,pending,,
mendeley_labeled611_P11_072e167a24d88fff,67htnzmwbb.1,P11,n,dactylology,accepted,test,Mexican Sign Languages Dactylology and Ten First Numbers - Labeled images and videos. From person #6 to #11/persona_11/Ciclo_5_5_Izquierda/Ciclo_5_5_Izquierda_n.mp4,Ciclo_5_5_Izquierda_n,pending,,
mendeley_labeled611_P11_41a943091bba9d9b,67htnzmwbb.1,P11,o,dactylology,accepted,test,Mexican Sign Languages Dactylology and Ten First Numbers - Labeled images and videos. From person #6 to #11/persona_11/Ciclo_1_5_Derecha/Ciclo_1_5_Derecha_o.mp4,Ciclo_1_5_Derecha_o,pending,,
mendeley_labeled611_P11_5c9ab115191a7524,67htnzmwbb.1,P11,o,dactylology,accepted,test,Mexican Sign Languages Dactylology and Ten First Numbers - Labeled images and videos. From person #6 to #11/persona_11/Ciclo_1_5_Izquierda/Ciclo_1_5_Izquierda_o.mp4,Ciclo_1_5_Izquierda_o,pending,,
mendeley_labeled611_P11_fd49d13383093841,67htnzmwbb.1,P11,o,dactylology,accepted,test,Mexican Sign Languages Dactylology and Ten First Numbers - Labeled images and videos. From person #6 to #11/persona_11/Ciclo_2_5_Derecha/Ciclo_2_5_Derecha_o.mp4,Ciclo_2_5_Derecha_o,pending,,
mendeley_labeled611_P11_fd400d8113a0ee31,67htnzmwbb.1,P11,o,dactylology,accepted,test,Mexican Sign Languages Dactylology and Ten First Numbers - Labeled images and videos. From person #6 to #11/persona_11/Ciclo_2_5_Izquierda/Ciclo_2_5_Izquierda_o.mp4,Ciclo_2_5_Izquierda_o,pending,,
mendeley_labeled611_P11_95762fd9cbee6afc,67htnzmwbb.1,P11,o,dactylology,accepted,test,Mexican Sign Languages Dactylology and Ten First Numbers - Labeled images and videos. From person #6 to #11/persona_11/Ciclo_3_5_Derecha/Ciclo_3_5_Derecha_o.mp4,Ciclo_3_5_Derecha_o,pending,,
mendeley_labeled611_P11_7cfa942083895a85,67htnzmwbb.1,P11,o,dactylology,accepted,test,Mexican Sign Languages Dactylology and Ten First Numbers - Labeled images and videos. From person #6 to #11/persona_11/Ciclo_3_5_Izquierda/Ciclo_3_5_Izquierda_o.mp4,Ciclo_3_5_Izquierda_o,pending,,
mendeley_labeled611_P11_bc52300fba17c142,67htnzmwbb.1,P11,o,dactylology,accepted,test,Mexican Sign Languages Dactylology and Ten First Numbers - Labeled images and videos. From person #6 to #11/persona_11/Ciclo_4_5_Derecha/Ciclo_4_5_Derecha_o.mp4,Ciclo_4_5_Derecha_o,pending,,
mendeley_labeled611_P11_ef6f901969fe9cdb,67htnzmwbb.1,P11,o,dactylology,accepted,test,Mexican Sign Languages Dactylology and Ten First Numbers - Labeled images and videos. From person #6 to #11/persona_11/Ciclo_4_5_Izquierda/Ciclo_4_5_Izquierda_o.mp4,Ciclo_4_5_Izquierda_o,pending,,
mendeley_labeled611_P11_866c8c593765f96f,67htnzmwbb.1,P11,o,dactylology,accepted,test,Mexican Sign Languages Dactylology and Ten First Numbers - Labeled images and videos. From person #6 to #11/persona_11/Ciclo_5_5_Derecha/Ciclo_5_5_Derecha_o.mp4,Ciclo_5_5_Derecha_o,pending,,
mendeley_labeled611_P11_e33dab7a1c260a15,67htnzmwbb.1,P11,o,dactylology,accepted,test,Mexican Sign Languages Dactylology and Ten First Numbers - Labeled images and videos. From person #6 to #11/persona_11/Ciclo_5_5_Izquierda/Ciclo_5_5_Izquierda_o.mp4,Ciclo_5_5_Izquierda_o,pending,,
mendeley_labeled611_P11_245c4e308dc6df0d,67htnzmwbb.1,P11,p,dactylology,accepted,test,Mexican Sign Languages Dactylology and Ten First Numbers - Labeled images and videos. From person #6 to #11/persona_11/Ciclo_1_5_Derecha/Ciclo_1_5_Derecha_p.mp4,Ciclo_1_5_Derecha_p,pending,,
mendeley_labeled611_P11_0c9b45a89660e0e4,67htnzmwbb.1,P11,p,dactylology,accepted,test,Mexican Sign Languages Dactylology and Ten First Numbers - Labeled images and videos. From person #6 to #11/persona_11/Ciclo_1_5_Izquierda/Ciclo_1_5_Izquierda_p.mp4,Ciclo_1_5_Izquierda_p,pending,,
mendeley_labeled611_P11_ab67919d896013d0,67htnzmwbb.1,P11,p,dactylology,accepted,test,Mexican Sign Languages Dactylology and Ten First Numbers - Labeled images and videos. From person #6 to #11/persona_11/Ciclo_2_5_Derecha/Ciclo_2_5_Derecha_p.mp4,Ciclo_2_5_Derecha_p,pending,,
mendeley_labeled611_P11_0068984887218017,67htnzmwbb.1,P11,p,dactylology,accepted,test,Mexican Sign Languages Dactylology and Ten First Numbers - Labeled images and videos. From person #6 to #11/persona_11/Ciclo_2_5_Izquierda/Ciclo_2_5_Izquierda_p.mp4,Ciclo_2_5_Izquierda_p,pending,,
mendeley_labeled611_P11_39b42730988f33d2,67htnzmwbb.1,P11,p,dactylology,accepted,test,Mexican Sign Languages Dactylology and Ten First Numbers - Labeled images and videos. From person #6 to #11/persona_11/Ciclo_3_5_Derecha/Ciclo_3_5_Derecha_p.mp4,Ciclo_3_5_Derecha_p,pending,,
mendeley_labeled611_P11_e44244e581983edb,67htnzmwbb.1,P11,p,dactylology,accepted,test,Mexican Sign Languages Dactylology and Ten First Numbers - Labeled images and videos. From person #6 to #11/persona_11/Ciclo_3_5_Izquierda/Ciclo_3_5_Izquierda_p.mp4,Ciclo_3_5_Izquierda_p,pending,,
mendeley_labeled611_P11_02075ee51a37e19b,67htnzmwbb.1,P11,p,dactylology,accepted,test,Mexican Sign Languages Dactylology and Ten First Numbers - Labeled images and videos. From person #6 to #11/persona_11/Ciclo_4_5_Derecha/Ciclo_4_5_Derecha_p.mp4,Ciclo_4_5_Derecha_p,pending,,
mendeley_labeled611_P11_a72cc73dc1c83bfa,67htnzmwbb.1,P11,p,dactylology,accepted,test,Mexican Sign Languages Dactylology and Ten First Numbers - Labeled images and videos. From person #6 to #11/persona_11/Ciclo_4_5_Izquierda/Ciclo_4_5_Izquierda_p.mp4,Ciclo_4_5_Izquierda_p,pending,,
mendeley_labeled611_P11_36ab5e609576b2f9,67htnzmwbb.1,P11,p,dactylology,accepted,test,Mexican Sign Languages Dactylology and Ten First Numbers - Labeled images and videos. From person #6 to #11/persona_11/Ciclo_5_5_Derecha/Ciclo_5_5_Derecha_p.mp4,Ciclo_5_5_Derecha_p,pending,,
mendeley_labeled611_P11_eedc7185e8931906,67htnzmwbb.1,P11,p,dactylology,accepted,test,Mexican Sign Languages Dactylology and Ten First Numbers - Labeled images and videos. From person #6 to #11/persona_11/Ciclo_5_5_Izquierda/Ciclo_5_5_Izquierda_p.mp4,Ciclo_5_5_Izquierda_p,pending,,
mendeley_labeled611_P11_c64b9cb92b2231e2,67htnzmwbb.1,P11,q,dactylology,accepted,test,Mexican Sign Languages Dactylology and Ten First Numbers - Labeled images and videos. From person #6 to #11/persona_11/Ciclo_1_5_Derecha/Ciclo_1_5_Derecha_q.mp4,Ciclo_1_5_Derecha_q,pending,,
mendeley_labeled611_P11_553fe47d52345bc1,67htnzmwbb.1,P11,q,dactylology,accepted,test,Mexican Sign Languages Dactylology and Ten First Numbers - Labeled images and videos. From person #6 to #11/persona_11/Ciclo_1_5_Izquierda/Ciclo_1_5_Izquierda_q.mp4,Ciclo_1_5_Izquierda_q,pending,,
mendeley_labeled611_P11_0125ae595cbc9307,67htnzmwbb.1,P11,q,dactylology,accepted,test,Mexican Sign Languages Dactylology and Ten First Numbers - Labeled images and videos. From person #6 to #11/persona_11/Ciclo_2_5_Derecha/Ciclo_2_5_Derecha_q.mp4,Ciclo_2_5_Derecha_q,pending,,
mendeley_labeled611_P11_6658c9e48b2b9f87,67htnzmwbb.1,P11,q,dactylology,accepted,test,Mexican Sign Languages Dactylology and Ten First Numbers - Labeled images and videos. From person #6 to #11/persona_11/Ciclo_2_5_Izquierda/Ciclo_2_5_Izquierda_q.mp4,Ciclo_2_5_Izquierda_q,pending,,
mendeley_labeled611_P11_e4c602cd7b6e977e,67htnzmwbb.1,P11,q,dactylology,accepted,test,Mexican Sign Languages Dactylology and Ten First Numbers - Labeled images and videos. From person #6 to #11/persona_11/Ciclo_3_5_Derecha/Ciclo_3_5_Derecha_q.mp4,Ciclo_3_5_Derecha_q,pending,,
mendeley_labeled611_P11_bb3ee06a253a89db,67htnzmwbb.1,P11,q,dactylology,accepted,test,Mexican Sign Languages Dactylology and Ten First Numbers - Labeled images and videos. From person #6 to #11/persona_11/Ciclo_3_5_Izquierda/Ciclo_3_5_Izquierda_q.mp4,Ciclo_3_5_Izquierda_q,pending,,
mendeley_labeled611_P11_a8fc2eeaa35f39b1,67htnzmwbb.1,P11,q,dactylology,accepted,test,Mexican Sign Languages Dactylology and Ten First Numbers - Labeled images and videos. From person #6 to #11/persona_11/Ciclo_4_5_Derecha/Ciclo_4_5_Derecha_q.mp4,Ciclo_4_5_Derecha_q,pending,,
mendeley_labeled611_P11_17cdd67ca1dc1ecd,67htnzmwbb.1,P11,q,dactylology,accepted,test,Mexican Sign Languages Dactylology and Ten First Numbers - Labeled images and videos. From person #6 to #11/persona_11/Ciclo_4_5_Izquierda/Ciclo_4_5_Izquierda_q.mp4,Ciclo_4_5_Izquierda_q,pending,,
mendeley_labeled611_P11_8074b607a108d637,67htnzmwbb.1,P11,q,dactylology,accepted,test,Mexican Sign Languages Dactylology and Ten First Numbers - Labeled images and videos. From person #6 to #11/persona_11/Ciclo_5_5_Derecha/Ciclo_5_5_Derecha_q.mp4,Ciclo_5_5_Derecha_q,pending,,
mendeley_labeled611_P11_e6d392a4beede654,67htnzmwbb.1,P11,q,dactylology,accepted,test,Mexican Sign Languages Dactylology and Ten First Numbers - Labeled images and videos. From person #6 to #11/persona_11/Ciclo_5_5_Izquierda/Ciclo_5_5_Izquierda_q.mp4,Ciclo_5_5_Izquierda_q,pending,,
mendeley_labeled611_P11_b74298dcc1a6d8f1,67htnzmwbb.1,P11,r,dactylology,accepted,test,Mexican Sign Languages Dactylology and Ten First Numbers - Labeled images and videos. From person #6 to #11/persona_11/Ciclo_1_5_Derecha/Ciclo_1_5_Derecha_r.mp4,Ciclo_1_5_Derecha_r,pending,,
mendeley_labeled611_P11_fb8c6c57574d3caf,67htnzmwbb.1,P11,r,dactylology,accepted,test,Mexican Sign Languages Dactylology and Ten First Numbers - Labeled images and videos. From person #6 to #11/persona_11/Ciclo_1_5_Izquierda/Ciclo_1_5_Izquierda_r.mp4,Ciclo_1_5_Izquierda_r,pending,,
mendeley_labeled611_P11_5310bf0801cdcaf7,67htnzmwbb.1,P11,r,dactylology,accepted,test,Mexican Sign Languages Dactylology and Ten First Numbers - Labeled images and videos. From person #6 to #11/persona_11/Ciclo_2_5_Derecha/Ciclo_2_5_Derecha_r.mp4,Ciclo_2_5_Derecha_r,pending,,
mendeley_labeled611_P11_408907f19b742611,67htnzmwbb.1,P11,r,dactylology,accepted,test,Mexican Sign Languages Dactylology and Ten First Numbers - Labeled images and videos. From person #6 to #11/persona_11/Ciclo_2_5_Izquierda/Ciclo_2_5_Izquierda_r.mp4,Ciclo_2_5_Izquierda_r,pending,,
mendeley_labeled611_P11_60d7f5d7714755f8,67htnzmwbb.1,P11,r,dactylology,accepted,test,Mexican Sign Languages Dactylology and Ten First Numbers - Labeled images and videos. From person #6 to #11/persona_11/Ciclo_3_5_Derecha/Ciclo_3_5_Derecha_r.mp4,Ciclo_3_5_Derecha_r,pending,,
mendeley_labeled611_P11_087975b7a0318a22,67htnzmwbb.1,P11,r,dactylology,accepted,test,Mexican Sign Languages Dactylology and Ten First Numbers - Labeled images and videos. From person #6 to #11/persona_11/Ciclo_3_5_Izquierda/Ciclo_3_5_Izquierda_r.mp4,Ciclo_3_5_Izquierda_r,pending,,
mendeley_labeled611_P11_bc477d10d9ca6c8e,67htnzmwbb.1,P11,r,dactylology,accepted,test,Mexican Sign Languages Dactylology and Ten First Numbers - Labeled images and videos. From person #6 to #11/persona_11/Ciclo_4_5_Derecha/Ciclo_4_5_Derecha_r.mp4,Ciclo_4_5_Derecha_r,pending,,
mendeley_labeled611_P11_2be379d7c06d7bb6,67htnzmwbb.1,P11,r,dactylology,accepted,test,Mexican Sign Languages Dactylology and Ten First Numbers - Labeled images and videos. From person #6 to #11/persona_11/Ciclo_4_5_Izquierda/Ciclo_4_5_Izquierda_r.mp4,Ciclo_4_5_Izquierda_r,pending,,
mendeley_labeled611_P11_d6c24547b3dd089f,67htnzmwbb.1,P11,r,dactylology,accepted,test,Mexican Sign Languages Dactylology and Ten First Numbers - Labeled images and videos. From person #6 to #11/persona_11/Ciclo_5_5_Derecha/Ciclo_5_5_Derecha_r.mp4,Ciclo_5_5_Derecha_r,pending,,
mendeley_labeled611_P11_826a3f690dd6649a,67htnzmwbb.1,P11,r,dactylology,accepted,test,Mexican Sign Languages Dactylology and Ten First Numbers - Labeled images and videos. From person #6 to #11/persona_11/Ciclo_5_5_Izquierda/Ciclo_5_5_Izquierda_r.mp4,Ciclo_5_5_Izquierda_r,pending,,
mendeley_labeled611_P11_f5a7597ad6253dc1,67htnzmwbb.1,P11,rr,dactylology,accepted,test,Mexican Sign Languages Dactylology and Ten First Numbers - Labeled images and videos. From person #6 to #11/persona_11/Ciclo_1_5_Derecha/Ciclo_1_5_Derecha_rr.mp4,Ciclo_1_5_Derecha_rr,pending,,
mendeley_labeled611_P11_a9f2f25cccf47009,67htnzmwbb.1,P11,s,dactylology,accepted,test,Mexican Sign Languages Dactylology and Ten First Numbers - Labeled images and videos. From person #6 to #11/persona_11/Ciclo_1_5_Derecha/Ciclo_1_5_Derecha_s.mp4,Ciclo_1_5_Derecha_s,pending,,
mendeley_labeled611_P11_4e2c2467111d8a35,67htnzmwbb.1,P11,s,dactylology,accepted,test,Mexican Sign Languages Dactylology and Ten First Numbers - Labeled images and videos. From person #6 to #11/persona_11/Ciclo_1_5_Izquierda/Ciclo_1_5_Izquierda_s.mp4,Ciclo_1_5_Izquierda_s,pending,,
mendeley_labeled611_P11_275c34f54479bb71,67htnzmwbb.1,P11,s,dactylology,accepted,test,Mexican Sign Languages Dactylology and Ten First Numbers - Labeled images and videos. From person #6 to #11/persona_11/Ciclo_2_5_Derecha/Ciclo_2_5_Derecha_s.mp4,Ciclo_2_5_Derecha_s,pending,,
mendeley_labeled611_P11_1b34e19bd25b5349,67htnzmwbb.1,P11,s,dactylology,accepted,test,Mexican Sign Languages Dactylology and Ten First Numbers - Labeled images and videos. From person #6 to #11/persona_11/Ciclo_2_5_Izquierda/Ciclo_2_5_Izquierda_s.mp4,Ciclo_2_5_Izquierda_s,pending,,
mendeley_labeled611_P11_46f2ba1da757597e,67htnzmwbb.1,P11,s,dactylology,accepted,test,Mexican Sign Languages Dactylology and Ten First Numbers - Labeled images and videos. From person #6 to #11/persona_11/Ciclo_3_5_Derecha/Ciclo_3_5_Derecha_s.mp4,Ciclo_3_5_Derecha_s,pending,,
mendeley_labeled611_P11_44b1601477aaea6a,67htnzmwbb.1,P11,s,dactylology,accepted,test,Mexican Sign Languages Dactylology and Ten First Numbers - Labeled images and videos. From person #6 to #11/persona_11/Ciclo_3_5_Izquierda/Ciclo_3_5_Izquierda_s.mp4,Ciclo_3_5_Izquierda_s,pending,,
mendeley_labeled611_P11_83205d354600846e,67htnzmwbb.1,P11,s,dactylology,accepted,test,Mexican Sign Languages Dactylology and Ten First Numbers - Labeled images and videos. From person #6 to #11/persona_11/Ciclo_4_5_Derecha/Ciclo_4_5_Derecha_s.mp4,Ciclo_4_5_Derecha_s,pending,,
mendeley_labeled611_P11_dbc2a9d6c0c21a5c,67htnzmwbb.1,P11,s,dactylology,accepted,test,Mexican Sign Languages Dactylology and Ten First Numbers - Labeled images and videos. From person #6 to #11/persona_11/Ciclo_4_5_Izquierda/Ciclo_4_5_Izquierda_s.mp4,Ciclo_4_5_Izquierda_s,pending,,
mendeley_labeled611_P11_977ad532ad98c809,67htnzmwbb.1,P11,s,dactylology,accepted,test,Mexican Sign Languages Dactylology and Ten First Numbers - Labeled images and videos. From person #6 to #11/persona_11/Ciclo_5_5_Derecha/Ciclo_5_5_Derecha_s.mp4,Ciclo_5_5_Derecha_s,pending,,
mendeley_labeled611_P11_b46c75424ba31a47,67htnzmwbb.1,P11,s,dactylology,accepted,test,Mexican Sign Languages Dactylology and Ten First Numbers - Labeled images and videos. From person #6 to #11/persona_11/Ciclo_5_5_Izquierda/Ciclo_5_5_Izquierda_s.mp4,Ciclo_5_5_Izquierda_s,pending,,
mendeley_labeled611_P11_c89ec76df8aec581,67htnzmwbb.1,P11,t,dactylology,accepted,test,Mexican Sign Languages Dactylology and Ten First Numbers - Labeled images and videos. From person #6 to #11/persona_11/Ciclo_1_5_Derecha/Ciclo_1_5_Derecha_t.mp4,Ciclo_1_5_Derecha_t,pending,,
mendeley_labeled611_P11_58a7563926294455,67htnzmwbb.1,P11,t,dactylology,accepted,test,Mexican Sign Languages Dactylology and Ten First Numbers - Labeled images and videos. From person #6 to #11/persona_11/Ciclo_1_5_Izquierda/Ciclo_1_5_Izquierda_t.mp4,Ciclo_1_5_Izquierda_t,pending,,
mendeley_labeled611_P11_93c4a2eb6858cfac,67htnzmwbb.1,P11,t,dactylology,accepted,test,Mexican Sign Languages Dactylology and Ten First Numbers - Labeled images and videos. From person #6 to #11/persona_11/Ciclo_2_5_Derecha/Ciclo_2_5_Derecha_t.mp4,Ciclo_2_5_Derecha_t,pending,,
mendeley_labeled611_P11_ca746208ba20853f,67htnzmwbb.1,P11,t,dactylology,accepted,test,Mexican Sign Languages Dactylology and Ten First Numbers - Labeled images and videos. From person #6 to #11/persona_11/Ciclo_2_5_Izquierda/Ciclo_2_5_Izquierda_t.mp4,Ciclo_2_5_Izquierda_t,pending,,
mendeley_labeled611_P11_def45e7056f921da,67htnzmwbb.1,P11,t,dactylology,accepted,test,Mexican Sign Languages Dactylology and Ten First Numbers - Labeled images and videos. From person #6 to #11/persona_11/Ciclo_3_5_Derecha/Ciclo_3_5_Derecha_t.mp4,Ciclo_3_5_Derecha_t,pending,,
mendeley_labeled611_P11_544406f356527a2c,67htnzmwbb.1,P11,t,dactylology,accepted,test,Mexican Sign Languages Dactylology and Ten First Numbers - Labeled images and videos. From person #6 to #11/persona_11/Ciclo_3_5_Izquierda/Ciclo_3_5_Izquierda_t.mp4,Ciclo_3_5_Izquierda_t,pending,,
mendeley_labeled611_P11_15f581115a4f741c,67htnzmwbb.1,P11,t,dactylology,accepted,test,Mexican Sign Languages Dactylology and Ten First Numbers - Labeled images and videos. From person #6 to #11/persona_11/Ciclo_4_5_Derecha/Ciclo_4_5_Derecha_t.mp4,Ciclo_4_5_Derecha_t,pending,,
mendeley_labeled611_P11_1f3a7926c0c84f7b,67htnzmwbb.1,P11,t,dactylology,accepted,test,Mexican Sign Languages Dactylology and Ten First Numbers - Labeled images and videos. From person #6 to #11/persona_11/Ciclo_4_5_Izquierda/Ciclo_4_5_Izquierda_t.mp4,Ciclo_4_5_Izquierda_t,pending,,
mendeley_labeled611_P11_96df89e9e968306c,67htnzmwbb.1,P11,t,dactylology,accepted,test,Mexican Sign Languages Dactylology and Ten First Numbers - Labeled images and videos. From person #6 to #11/persona_11/Ciclo_5_5_Derecha/Ciclo_5_5_Derecha_t.mp4,Ciclo_5_5_Derecha_t,pending,,
mendeley_labeled611_P11_b3237a52bfc44718,67htnzmwbb.1,P11,t,dactylology,accepted,test,Mexican Sign Languages Dactylology and Ten First Numbers - Labeled images and videos. From person #6 to #11/persona_11/Ciclo_5_5_Izquierda/Ciclo_5_5_Izquierda_t.mp4,Ciclo_5_5_Izquierda_t,pending,,
mendeley_labeled611_P11_e236925c033d9353,67htnzmwbb.1,P11,u,dactylology,accepted,test,Mexican Sign Languages Dactylology and Ten First Numbers - Labeled images and videos. From person #6 to #11/persona_11/Ciclo_1_5_Derecha/Ciclo_1_5_Derecha_u.mp4,Ciclo_1_5_Derecha_u,pending,,
mendeley_labeled611_P11_246b3f859e3b82f7,67htnzmwbb.1,P11,u,dactylology,accepted,test,Mexican Sign Languages Dactylology and Ten First Numbers - Labeled images and videos. From person #6 to #11/persona_11/Ciclo_1_5_Izquierda/Ciclo_1_5_Izquierda_u.mp4,Ciclo_1_5_Izquierda_u,pending,,
mendeley_labeled611_P11_2229b5832bdf4983,67htnzmwbb.1,P11,u,dactylology,accepted,test,Mexican Sign Languages Dactylology and Ten First Numbers - Labeled images and videos. From person #6 to #11/persona_11/Ciclo_2_5_Derecha/Ciclo_2_5_Derecha_u.mp4,Ciclo_2_5_Derecha_u,pending,,
mendeley_labeled611_P11_869518c859757e16,67htnzmwbb.1,P11,u,dactylology,accepted,test,Mexican Sign Languages Dactylology and Ten First Numbers - Labeled images and videos. From person #6 to #11/persona_11/Ciclo_2_5_Izquierda/Ciclo_2_5_Izquierda_u.mp4,Ciclo_2_5_Izquierda_u,pending,,
mendeley_labeled611_P11_0cde41b0b99fa287,67htnzmwbb.1,P11,u,dactylology,accepted,test,Mexican Sign Languages Dactylology and Ten First Numbers - Labeled images and videos. From person #6 to #11/persona_11/Ciclo_3_5_Derecha/Ciclo_3_5_Derecha_u.mp4,Ciclo_3_5_Derecha_u,pending,,
mendeley_labeled611_P11_254ccb83f2dbeeb0,67htnzmwbb.1,P11,u,dactylology,accepted,test,Mexican Sign Languages Dactylology and Ten First Numbers - Labeled images and videos. From person #6 to #11/persona_11/Ciclo_3_5_Izquierda/Ciclo_3_5_Izquierda_u.mp4,Ciclo_3_5_Izquierda_u,pending,,
mendeley_labeled611_P11_6c82d51d2e761bc6,67htnzmwbb.1,P11,u,dactylology,accepted,test,Mexican Sign Languages Dactylology and Ten First Numbers - Labeled images and videos. From person #6 to #11/persona_11/Ciclo_4_5_Derecha/Ciclo_4_5_Derecha_u.mp4,Ciclo_4_5_Derecha_u,pending,,
mendeley_labeled611_P11_8c358310af8d6eff,67htnzmwbb.1,P11,u,dactylology,accepted,test,Mexican Sign Languages Dactylology and Ten First Numbers - Labeled images and videos. From person #6 to #11/persona_11/Ciclo_4_5_Izquierda/Ciclo_4_5_Izquierda_u.mp4,Ciclo_4_5_Izquierda_u,pending,,
mendeley_labeled611_P11_0fe52d4bb77a840e,67htnzmwbb.1,P11,u,dactylology,accepted,test,Mexican Sign Languages Dactylology and Ten First Numbers - Labeled images and videos. From person #6 to #11/persona_11/Ciclo_5_5_Derecha/Ciclo_5_5_Derecha_u.mp4,Ciclo_5_5_Derecha_u,pending,,
mendeley_labeled611_P11_a4e21c85dd8f3ea5,67htnzmwbb.1,P11,u,dactylology,accepted,test,Mexican Sign Languages Dactylology and Ten First Numbers - Labeled images and videos. From person #6 to #11/persona_11/Ciclo_5_5_Izquierda/Ciclo_5_5_Izquierda_u.mp4,Ciclo_5_5_Izquierda_u,pending,,
mendeley_labeled611_P11_8f219bc3aebd1585,67htnzmwbb.1,P11,v,dactylology,accepted,test,Mexican Sign Languages Dactylology and Ten First Numbers - Labeled images and videos. From person #6 to #11/persona_11/Ciclo_1_5_Derecha/Ciclo_1_5_Derecha_v.mp4,Ciclo_1_5_Derecha_v,pending,,
mendeley_labeled611_P11_63079cf2d2e09fe3,67htnzmwbb.1,P11,v,dactylology,accepted,test,Mexican Sign Languages Dactylology and Ten First Numbers - Labeled images and videos. From person #6 to #11/persona_11/Ciclo_1_5_Izquierda/Ciclo_1_5_Izquierda_v.mp4,Ciclo_1_5_Izquierda_v,pending,,
mendeley_labeled611_P11_4196a428e2c7408f,67htnzmwbb.1,P11,v,dactylology,accepted,test,Mexican Sign Languages Dactylology and Ten First Numbers - Labeled images and videos. From person #6 to #11/persona_11/Ciclo_2_5_Derecha/Ciclo_2_5_Derecha_v.mp4,Ciclo_2_5_Derecha_v,pending,,
mendeley_labeled611_P11_322916072f432a04,67htnzmwbb.1,P11,v,dactylology,accepted,test,Mexican Sign Languages Dactylology and Ten First Numbers - Labeled images and videos. From person #6 to #11/persona_11/Ciclo_2_5_Izquierda/Ciclo_2_5_Izquierda_v.mp4,Ciclo_2_5_Izquierda_v,pending,,
mendeley_labeled611_P11_a4dac9a3ab376b8e,67htnzmwbb.1,P11,v,dactylology,accepted,test,Mexican Sign Languages Dactylology and Ten First Numbers - Labeled images and videos. From person #6 to #11/persona_11/Ciclo_3_5_Derecha/Ciclo_3_5_Derecha_v.mp4,Ciclo_3_5_Derecha_v,pending,,
mendeley_labeled611_P11_df717f7e27b6b29a,67htnzmwbb.1,P11,v,dactylology,accepted,test,Mexican Sign Languages Dactylology and Ten First Numbers - Labeled images and videos. From person #6 to #11/persona_11/Ciclo_3_5_Izquierda/Ciclo_3_5_Izquierda_v.mp4,Ciclo_3_5_Izquierda_v,pending,,
mendeley_labeled611_P11_3fd2ce2780e3494d,67htnzmwbb.1,P11,v,dactylology,accepted,test,Mexican Sign Languages Dactylology and Ten First Numbers - Labeled images and videos. From person #6 to #11/persona_11/Ciclo_4_5_Derecha/Ciclo_4_5_Derecha_v.mp4,Ciclo_4_5_Derecha_v,pending,,
mendeley_labeled611_P11_592cc893ce8131cb,67htnzmwbb.1,P11,v,dactylology,accepted,test,Mexican Sign Languages Dactylology and Ten First Numbers - Labeled images and videos. From person #6 to #11/persona_11/Ciclo_4_5_Izquierda/Ciclo_4_5_Izquierda_v.mp4,Ciclo_4_5_Izquierda_v,pending,,
mendeley_labeled611_P11_4a5a5e5cf8132d3c,67htnzmwbb.1,P11,v,dactylology,accepted,test,Mexican Sign Languages Dactylology and Ten First Numbers - Labeled images and videos. From person #6 to #11/persona_11/Ciclo_5_5_Derecha/Ciclo_5_5_Derecha_v.mp4,Ciclo_5_5_Derecha_v,pending,,
mendeley_labeled611_P11_f8f663f997a9753e,67htnzmwbb.1,P11,v,dactylology,accepted,test,Mexican Sign Languages Dactylology and Ten First Numbers - Labeled images and videos. From person #6 to #11/persona_11/Ciclo_5_5_Izquierda/Ciclo_5_5_Izquierda_v.mp4,Ciclo_5_5_Izquierda_v,pending,,
mendeley_labeled611_P11_57e910b0ae5e6bdf,67htnzmwbb.1,P11,w,dactylology,accepted,test,Mexican Sign Languages Dactylology and Ten First Numbers - Labeled images and videos. From person #6 to #11/persona_11/Ciclo_1_5_Derecha/Ciclo_1_5_Derecha_w.mp4,Ciclo_1_5_Derecha_w,pending,,
mendeley_labeled611_P11_c335db924e4a6d27,67htnzmwbb.1,P11,w,dactylology,accepted,test,Mexican Sign Languages Dactylology and Ten First Numbers - Labeled images and videos. From person #6 to #11/persona_11/Ciclo_1_5_Izquierda/Ciclo_1_5_Izquierda_w.mp4,Ciclo_1_5_Izquierda_w,pending,,
mendeley_labeled611_P11_dcf7592782f67af9,67htnzmwbb.1,P11,w,dactylology,accepted,test,Mexican Sign Languages Dactylology and Ten First Numbers - Labeled images and videos. From person #6 to #11/persona_11/Ciclo_2_5_Derecha/Ciclo_2_5_Derecha_w.mp4,Ciclo_2_5_Derecha_w,pending,,
mendeley_labeled611_P11_19d5202867102bc0,67htnzmwbb.1,P11,w,dactylology,accepted,test,Mexican Sign Languages Dactylology and Ten First Numbers - Labeled images and videos. From person #6 to #11/persona_11/Ciclo_2_5_Izquierda/Ciclo_2_5_Izquierda_w.mp4,Ciclo_2_5_Izquierda_w,pending,,
mendeley_labeled611_P11_0c5ace9694914467,67htnzmwbb.1,P11,w,dactylology,accepted,test,Mexican Sign Languages Dactylology and Ten First Numbers - Labeled images and videos. From person #6 to #11/persona_11/Ciclo_3_5_Derecha/Ciclo_3_5_Derecha_w.mp4,Ciclo_3_5_Derecha_w,pending,,
mendeley_labeled611_P11_54afddb5b1a397c8,67htnzmwbb.1,P11,w,dactylology,accepted,test,Mexican Sign Languages Dactylology and Ten First Numbers - Labeled images and videos. From person #6 to #11/persona_11/Ciclo_3_5_Izquierda/Ciclo_3_5_Izquierda_w.mp4,Ciclo_3_5_Izquierda_w,pending,,
mendeley_labeled611_P11_8743b99a304b6fb5,67htnzmwbb.1,P11,w,dactylology,accepted,test,Mexican Sign Languages Dactylology and Ten First Numbers - Labeled images and videos. From person #6 to #11/persona_11/Ciclo_4_5_Derecha/Ciclo_4_5_Derecha_w.mp4,Ciclo_4_5_Derecha_w,pending,,
mendeley_labeled611_P11_67a392ef31b512ed,67htnzmwbb.1,P11,w,dactylology,accepted,test,Mexican Sign Languages Dactylology and Ten First Numbers - Labeled images and videos. From person #6 to #11/persona_11/Ciclo_4_5_Izquierda/Ciclo_4_5_Izquierda_w.mp4,Ciclo_4_5_Izquierda_w,pending,,
mendeley_labeled611_P11_b8056700a45e41f0,67htnzmwbb.1,P11,w,dactylology,accepted,test,Mexican Sign Languages Dactylology and Ten First Numbers - Labeled images and videos. From person #6 to #11/persona_11/Ciclo_5_5_Derecha/Ciclo_5_5_Derecha_w.mp4,Ciclo_5_5_Derecha_w,pending,,
mendeley_labeled611_P11_5e3a431fc4385da8,67htnzmwbb.1,P11,w,dactylology,accepted,test,Mexican Sign Languages Dactylology and Ten First Numbers - Labeled images and videos. From person #6 to #11/persona_11/Ciclo_5_5_Izquierda/Ciclo_5_5_Izquierda_w.mp4,Ciclo_5_5_Izquierda_w,pending,,
mendeley_labeled611_P11_f650b3b381c3c6ea,67htnzmwbb.1,P11,x,dactylology,accepted,test,Mexican Sign Languages Dactylology and Ten First Numbers - Labeled images and videos. From person #6 to #11/persona_11/Ciclo_1_5_Derecha/Ciclo_1_5_Derecha_x.mp4,Ciclo_1_5_Derecha_x,pending,,
mendeley_labeled611_P11_0240ff5edd30612f,67htnzmwbb.1,P11,x,dactylology,accepted,test,Mexican Sign Languages Dactylology and Ten First Numbers - Labeled images and videos. From person #6 to #11/persona_11/Ciclo_1_5_Izquierda/Ciclo_1_5_Izquierda_x.mp4,Ciclo_1_5_Izquierda_x,pending,,
mendeley_labeled611_P11_8581268ddf1106bf,67htnzmwbb.1,P11,x,dactylology,accepted,test,Mexican Sign Languages Dactylology and Ten First Numbers - Labeled images and videos. From person #6 to #11/persona_11/Ciclo_2_5_Derecha/Ciclo_2_5_Derecha_x.mp4,Ciclo_2_5_Derecha_x,pending,,
mendeley_labeled611_P11_6e80dd84ea36c7f6,67htnzmwbb.1,P11,x,dactylology,accepted,test,Mexican Sign Languages Dactylology and Ten First Numbers - Labeled images and videos. From person #6 to #11/persona_11/Ciclo_2_5_Izquierda/Ciclo_2_5_Izquierda_x.mp4,Ciclo_2_5_Izquierda_x,pending,,
mendeley_labeled611_P11_833b6c6039888b70,67htnzmwbb.1,P11,x,dactylology,accepted,test,Mexican Sign Languages Dactylology and Ten First Numbers - Labeled images and videos. From person #6 to #11/persona_11/Ciclo_3_5_Derecha/Ciclo_3_5_Derecha_x.mp4,Ciclo_3_5_Derecha_x,pending,,
mendeley_labeled611_P11_e78870786bf3645c,67htnzmwbb.1,P11,x,dactylology,accepted,test,Mexican Sign Languages Dactylology and Ten First Numbers - Labeled images and videos. From person #6 to #11/persona_11/Ciclo_3_5_Izquierda/Ciclo_3_5_Izquierda_x.mp4,Ciclo_3_5_Izquierda_x,pending,,
mendeley_labeled611_P11_b08426fb9c6bf215,67htnzmwbb.1,P11,x,dactylology,accepted,test,Mexican Sign Languages Dactylology and Ten First Numbers - Labeled images and videos. From person #6 to #11/persona_11/Ciclo_4_5_Derecha/Ciclo_4_5_Derecha_x.mp4,Ciclo_4_5_Derecha_x,pending,,
mendeley_labeled611_P11_aaea9d74250a3eb8,67htnzmwbb.1,P11,x,dactylology,accepted,test,Mexican Sign Languages Dactylology and Ten First Numbers - Labeled images and videos. From person #6 to #11/persona_11/Ciclo_4_5_Izquierda/Ciclo_4_5_Izquierda_x.mp4,Ciclo_4_5_Izquierda_x,pending,,
mendeley_labeled611_P11_85a26f3886ef27c9,67htnzmwbb.1,P11,x,dactylology,accepted,test,Mexican Sign Languages Dactylology and Ten First Numbers - Labeled images and videos. From person #6 to #11/persona_11/Ciclo_5_5_Derecha/Ciclo_5_5_Derecha_x.mp4,Ciclo_5_5_Derecha_x,pending,,
mendeley_labeled611_P11_2414939fdc444de7,67htnzmwbb.1,P11,x,dactylology,accepted,test,Mexican Sign Languages Dactylology and Ten First Numbers - Labeled images and videos. From person #6 to #11/persona_11/Ciclo_5_5_Izquierda/Ciclo_5_5_Izquierda_x.mp4,Ciclo_5_5_Izquierda_x,pending,,
mendeley_labeled611_P11_20696fb1b16920d0,67htnzmwbb.1,P11,y,dactylology,accepted,test,Mexican Sign Languages Dactylology and Ten First Numbers - Labeled images and videos. From person #6 to #11/persona_11/Ciclo_1_5_Derecha/Ciclo_1_5_Derecha_y.mp4,Ciclo_1_5_Derecha_y,pending,,
mendeley_labeled611_P11_2dec17d434ae6e44,67htnzmwbb.1,P11,y,dactylology,accepted,test,Mexican Sign Languages Dactylology and Ten First Numbers - Labeled images and videos. From person #6 to #11/persona_11/Ciclo_1_5_Izquierda/Ciclo_1_5_Izquierda_y.mp4,Ciclo_1_5_Izquierda_y,pending,,
mendeley_labeled611_P11_43fbf9b582bc65b2,67htnzmwbb.1,P11,y,dactylology,accepted,test,Mexican Sign Languages Dactylology and Ten First Numbers - Labeled images and videos. From person #6 to #11/persona_11/Ciclo_2_5_Derecha/Ciclo_2_5_Derecha_y.mp4,Ciclo_2_5_Derecha_y,pending,,
mendeley_labeled611_P11_400d6755c2452e75,67htnzmwbb.1,P11,y,dactylology,accepted,test,Mexican Sign Languages Dactylology and Ten First Numbers - Labeled images and videos. From person #6 to #11/persona_11/Ciclo_2_5_Izquierda/Ciclo_2_5_Izquierda_y.mp4,Ciclo_2_5_Izquierda_y,pending,,
mendeley_labeled611_P11_59de42b2d08f9a72,67htnzmwbb.1,P11,y,dactylology,accepted,test,Mexican Sign Languages Dactylology and Ten First Numbers - Labeled images and videos. From person #6 to #11/persona_11/Ciclo_3_5_Derecha/Ciclo_3_5_Derecha_y.mp4,Ciclo_3_5_Derecha_y,pending,,
mendeley_labeled611_P11_1f7d68a19cfc3a23,67htnzmwbb.1,P11,y,dactylology,accepted,test,Mexican Sign Languages Dactylology and Ten First Numbers - Labeled images and videos. From person #6 to #11/persona_11/Ciclo_3_5_Izquierda/Ciclo_3_5_Izquierda_y.mp4,Ciclo_3_5_Izquierda_y,pending,,
mendeley_labeled611_P11_bed16eb7e96a2856,67htnzmwbb.1,P11,y,dactylology,accepted,test,Mexican Sign Languages Dactylology and Ten First Numbers - Labeled images and videos. From person #6 to #11/persona_11/Ciclo_4_5_Derecha/Ciclo_4_5_Derecha_y.mp4,Ciclo_4_5_Derecha_y,pending,,
mendeley_labeled611_P11_6963f14f5a532913,67htnzmwbb.1,P11,y,dactylology,accepted,test,Mexican Sign Languages Dactylology and Ten First Numbers - Labeled images and videos. From person #6 to #11/persona_11/Ciclo_4_5_Izquierda/Ciclo_4_5_Izquierda_y.mp4,Ciclo_4_5_Izquierda_y,pending,,
mendeley_labeled611_P11_c299765022d3b246,67htnzmwbb.1,P11,y,dactylology,accepted,test,Mexican Sign Languages Dactylology and Ten First Numbers - Labeled images and videos. From person #6 to #11/persona_11/Ciclo_5_5_Derecha/Ciclo_5_5_Derecha_y.mp4,Ciclo_5_5_Derecha_y,pending,,
mendeley_labeled611_P11_9d17e42f91bc5262,67htnzmwbb.1,P11,y,dactylology,accepted,test,Mexican Sign Languages Dactylology and Ten First Numbers - Labeled images and videos. From person #6 to #11/persona_11/Ciclo_5_5_Izquierda/Ciclo_5_5_Izquierda_y.mp4,Ciclo_5_5_Izquierda_y,pending,,
mendeley_labeled611_P11_deb7686c11a1e13b,67htnzmwbb.1,P11,z,dactylology,accepted,test,Mexican Sign Languages Dactylology and Ten First Numbers - Labeled images and videos. From person #6 to #11/persona_11/Ciclo_1_5_Derecha/Ciclo_1_5_Derecha_z.mp4,Ciclo_1_5_Derecha_z,pending,,
mendeley_labeled611_P11_7f4b57ee7b7fddd3,67htnzmwbb.1,P11,z,dactylology,accepted,test,Mexican Sign Languages Dactylology and Ten First Numbers - Labeled images and videos. From person #6 to #11/persona_11/Ciclo_1_5_Izquierda/Ciclo_1_5_Izquierda_z.mp4,Ciclo_1_5_Izquierda_z,pending,,
mendeley_labeled611_P11_e43463c9c0a1fb15,67htnzmwbb.1,P11,z,dactylology,accepted,test,Mexican Sign Languages Dactylology and Ten First Numbers - Labeled images and videos. From person #6 to #11/persona_11/Ciclo_2_5_Derecha/Ciclo_2_5_Derecha_z.mp4,Ciclo_2_5_Derecha_z,pending,,
mendeley_labeled611_P11_c6ff0a2a84ba08f6,67htnzmwbb.1,P11,z,dactylology,accepted,test,Mexican Sign Languages Dactylology and Ten First Numbers - Labeled images and videos. From person #6 to #11/persona_11/Ciclo_2_5_Izquierda/Ciclo_2_5_Izquierda_z.mp4,Ciclo_2_5_Izquierda_z,pending,,
mendeley_labeled611_P11_2977260f29233859,67htnzmwbb.1,P11,z,dactylology,accepted,test,Mexican Sign Languages Dactylology and Ten First Numbers - Labeled images and videos. From person #6 to #11/persona_11/Ciclo_3_5_Derecha/Ciclo_3_5_Derecha_z.mp4,Ciclo_3_5_Derecha_z,pending,,
mendeley_labeled611_P11_0e5e976bd408f8f9,67htnzmwbb.1,P11,z,dactylology,accepted,test,Mexican Sign Languages Dactylology and Ten First Numbers - Labeled images and videos. From person #6 to #11/persona_11/Ciclo_3_5_Izquierda/Ciclo_3_5_Izquierda_z.mp4,Ciclo_3_5_Izquierda_z,pending,,
mendeley_labeled611_P11_703c1025ebf4f2f3,67htnzmwbb.1,P11,z,dactylology,accepted,test,Mexican Sign Languages Dactylology and Ten First Numbers - Labeled images and videos. From person #6 to #11/persona_11/Ciclo_4_5_Derecha/Ciclo_4_5_Derecha_z.mp4,Ciclo_4_5_Derecha_z,pending,,
mendeley_labeled611_P11_5efc462757bfccf6,67htnzmwbb.1,P11,z,dactylology,accepted,test,Mexican Sign Languages Dactylology and Ten First Numbers - Labeled images and videos. From person #6 to #11/persona_11/Ciclo_4_5_Izquierda/Ciclo_4_5_Izquierda_z.mp4,Ciclo_4_5_Izquierda_z,pending,,
mendeley_labeled611_P11_a48a679285dce865,67htnzmwbb.1,P11,z,dactylology,accepted,test,Mexican Sign Languages Dactylology and Ten First Numbers - Labeled images and videos. From person #6 to #11/persona_11/Ciclo_5_5_Derecha/Ciclo_5_5_Derecha_z.mp4,Ciclo_5_5_Derecha_z,pending,,
mendeley_labeled611_P11_d168738460b2fc64,67htnzmwbb.1,P11,z,dactylology,accepted,test,Mexican Sign Languages Dactylology and Ten First Numbers - Labeled images and videos. From person #6 to #11/persona_11/Ciclo_5_5_Izquierda/Ciclo_5_5_Izquierda_z.mp4,Ciclo_5_5_Izquierda_z,pending,,
mendeley_labeled611_P11_5b886211652c0de2,67htnzmwbb.1,P11,1,number,accepted,test,Mexican Sign Languages Dactylology and Ten First Numbers - Labeled images and videos. From person #6 to #11/persona_11/Ciclo_1_5_Derecha/Ciclo_1_5_Derecha_1.mp4,Ciclo_1_5_Derecha_1,pending,,
mendeley_labeled611_P11_532f96f4865ba0bd,67htnzmwbb.1,P11,1,number,accepted,test,Mexican Sign Languages Dactylology and Ten First Numbers - Labeled images and videos. From person #6 to #11/persona_11/Ciclo_1_5_Izquierda/Ciclo_1_5_Izquierda_1.mp4,Ciclo_1_5_Izquierda_1,pending,,
mendeley_labeled611_P11_756e9bba6d34e776,67htnzmwbb.1,P11,1,number,accepted,test,Mexican Sign Languages Dactylology and Ten First Numbers - Labeled images and videos. From person #6 to #11/persona_11/Ciclo_2_5_Derecha/Ciclo_2_5_Derecha_1.mp4,Ciclo_2_5_Derecha_1,pending,,
mendeley_labeled611_P11_223a542ec646f5f0,67htnzmwbb.1,P11,1,number,accepted,test,Mexican Sign Languages Dactylology and Ten First Numbers - Labeled images and videos. From person #6 to #11/persona_11/Ciclo_2_5_Izquierda/Ciclo_2_5_Izquierda_1.mp4,Ciclo_2_5_Izquierda_1,pending,,
mendeley_labeled611_P11_1e782ff52fea0368,67htnzmwbb.1,P11,1,number,accepted,test,Mexican Sign Languages Dactylology and Ten First Numbers - Labeled images and videos. From person #6 to #11/persona_11/Ciclo_3_5_Derecha/Ciclo_3_5_Derecha_1.mp4,Ciclo_3_5_Derecha_1,pending,,
mendeley_labeled611_P11_9756ea6468f91a25,67htnzmwbb.1,P11,1,number,accepted,test,Mexican Sign Languages Dactylology and Ten First Numbers - Labeled images and videos. From person #6 to #11/persona_11/Ciclo_3_5_Izquierda/Ciclo_3_5_Izquierda_1.mp4,Ciclo_3_5_Izquierda_1,pending,,
mendeley_labeled611_P11_7e5bc80e4031ceda,67htnzmwbb.1,P11,1,number,accepted,test,Mexican Sign Languages Dactylology and Ten First Numbers - Labeled images and videos. From person #6 to #11/persona_11/Ciclo_4_5_Derecha/Ciclo_4_5_Derecha_1.mp4,Ciclo_4_5_Derecha_1,pending,,
mendeley_labeled611_P11_81c7ca2202426007,67htnzmwbb.1,P11,1,number,accepted,test,Mexican Sign Languages Dactylology and Ten First Numbers - Labeled images and videos. From person #6 to #11/persona_11/Ciclo_4_5_Izquierda/Ciclo_4_5_Izquierda_1.mp4,Ciclo_4_5_Izquierda_1,pending,,
mendeley_labeled611_P11_79435b6fd8b9abbf,67htnzmwbb.1,P11,1,number,accepted,test,Mexican Sign Languages Dactylology and Ten First Numbers - Labeled images and videos. From person #6 to #11/persona_11/Ciclo_5_5_Derecha/Ciclo_5_5_Derecha_1.mp4,Ciclo_5_5_Derecha_1,pending,,
mendeley_labeled611_P11_7ce38b3d567d1edc,67htnzmwbb.1,P11,1,number,accepted,test,Mexican Sign Languages Dactylology and Ten First Numbers - Labeled images and videos. From person #6 to #11/persona_11/Ciclo_5_5_Izquierda/Ciclo_5_5_Izquierda_1.mp4,Ciclo_5_5_Izquierda_1,pending,,
mendeley_labeled611_P11_8e78217f1b0b5031,67htnzmwbb.1,P11,10,number,accepted,test,Mexican Sign Languages Dactylology and Ten First Numbers - Labeled images and videos. From person #6 to #11/persona_11/Ciclo_1_5_Derecha/Ciclo_1_5_Derecha_10.mp4,Ciclo_1_5_Derecha_10,pending,,
mendeley_labeled611_P11_fd4dcafd06fc223e,67htnzmwbb.1,P11,10,number,accepted,test,Mexican Sign Languages Dactylology and Ten First Numbers - Labeled images and videos. From person #6 to #11/persona_11/Ciclo_1_5_Izquierda/Ciclo_1_5_Izquierda_10.mp4,Ciclo_1_5_Izquierda_10,pending,,
mendeley_labeled611_P11_8f9b60621cf7857f,67htnzmwbb.1,P11,10,number,accepted,test,Mexican Sign Languages Dactylology and Ten First Numbers - Labeled images and videos. From person #6 to #11/persona_11/Ciclo_2_5_Derecha/Ciclo_2_5_Derecha_10.mp4,Ciclo_2_5_Derecha_10,pending,,
mendeley_labeled611_P11_9279d9d95e07e9e4,67htnzmwbb.1,P11,10,number,accepted,test,Mexican Sign Languages Dactylology and Ten First Numbers - Labeled images and videos. From person #6 to #11/persona_11/Ciclo_2_5_Izquierda/Ciclo_2_5_Izquierda_10.mp4,Ciclo_2_5_Izquierda_10,pending,,
mendeley_labeled611_P11_d764f3c7306272d4,67htnzmwbb.1,P11,10,number,accepted,test,Mexican Sign Languages Dactylology and Ten First Numbers - Labeled images and videos. From person #6 to #11/persona_11/Ciclo_3_5_Derecha/Ciclo_3_5_Derecha_10.mp4,Ciclo_3_5_Derecha_10,pending,,
mendeley_labeled611_P11_9809497a342a662e,67htnzmwbb.1,P11,10,number,accepted,test,Mexican Sign Languages Dactylology and Ten First Numbers - Labeled images and videos. From person #6 to #11/persona_11/Ciclo_3_5_Izquierda/Ciclo_3_5_Izquierda_10.mp4,Ciclo_3_5_Izquierda_10,pending,,
mendeley_labeled611_P11_2076924103b59560,67htnzmwbb.1,P11,10,number,accepted,test,Mexican Sign Languages Dactylology and Ten First Numbers - Labeled images and videos. From person #6 to #11/persona_11/Ciclo_4_5_Derecha/Ciclo_4_5_Derecha_10.mp4,Ciclo_4_5_Derecha_10,pending,,
mendeley_labeled611_P11_ff4200bfe6bcf5be,67htnzmwbb.1,P11,10,number,accepted,test,Mexican Sign Languages Dactylology and Ten First Numbers - Labeled images and videos. From person #6 to #11/persona_11/Ciclo_4_5_Izquierda/Ciclo_4_5_Izquierda_10.mp4,Ciclo_4_5_Izquierda_10,pending,,
mendeley_labeled611_P11_a47ad0870cdd3a96,67htnzmwbb.1,P11,10,number,accepted,test,Mexican Sign Languages Dactylology and Ten First Numbers - Labeled images and videos. From person #6 to #11/persona_11/Ciclo_5_5_Derecha/Ciclo_5_5_Derecha_10.mp4,Ciclo_5_5_Derecha_10,pending,,
mendeley_labeled611_P11_9e34e83d0a7a8a8b,67htnzmwbb.1,P11,10,number,accepted,test,Mexican Sign Languages Dactylology and Ten First Numbers - Labeled images and videos. From person #6 to #11/persona_11/Ciclo_5_5_Izquierda/Ciclo_5_5_Izquierda_10.mp4,Ciclo_5_5_Izquierda_10,pending,,
mendeley_labeled611_P11_8b2639039d595cdb,67htnzmwbb.1,P11,2,number,accepted,test,Mexican Sign Languages Dactylology and Ten First Numbers - Labeled images and videos. From person #6 to #11/persona_11/Ciclo_1_5_Derecha/Ciclo_1_5_Derecha_2.mp4,Ciclo_1_5_Derecha_2,pending,,
mendeley_labeled611_P11_e5226255a4d57821,67htnzmwbb.1,P11,2,number,accepted,test,Mexican Sign Languages Dactylology and Ten First Numbers - Labeled images and videos. From person #6 to #11/persona_11/Ciclo_1_5_Izquierda/Ciclo_1_5_Izquierda_2.mp4,Ciclo_1_5_Izquierda_2,pending,,
mendeley_labeled611_P11_3a6c8090da13c24b,67htnzmwbb.1,P11,2,number,accepted,test,Mexican Sign Languages Dactylology and Ten First Numbers - Labeled images and videos. From person #6 to #11/persona_11/Ciclo_2_5_Derecha/Ciclo_2_5_Derecha_2.mp4,Ciclo_2_5_Derecha_2,pending,,
mendeley_labeled611_P11_0fca76430cfb34cc,67htnzmwbb.1,P11,2,number,accepted,test,Mexican Sign Languages Dactylology and Ten First Numbers - Labeled images and videos. From person #6 to #11/persona_11/Ciclo_2_5_Izquierda/Ciclo_2_5_Izquierda_2.mp4,Ciclo_2_5_Izquierda_2,pending,,
mendeley_labeled611_P11_dd78e1e11f2aea1f,67htnzmwbb.1,P11,2,number,accepted,test,Mexican Sign Languages Dactylology and Ten First Numbers - Labeled images and videos. From person #6 to #11/persona_11/Ciclo_3_5_Derecha/Ciclo_3_5_Derecha_2.mp4,Ciclo_3_5_Derecha_2,pending,,
mendeley_labeled611_P11_0dd3ae76b296d46e,67htnzmwbb.1,P11,2,number,accepted,test,Mexican Sign Languages Dactylology and Ten First Numbers - Labeled images and videos. From person #6 to #11/persona_11/Ciclo_3_5_Izquierda/Ciclo_3_5_Izquierda_2.mp4,Ciclo_3_5_Izquierda_2,pending,,
mendeley_labeled611_P11_7f33a85065c5579d,67htnzmwbb.1,P11,2,number,accepted,test,Mexican Sign Languages Dactylology and Ten First Numbers - Labeled images and videos. From person #6 to #11/persona_11/Ciclo_4_5_Derecha/Ciclo_4_5_Derecha_2.mp4,Ciclo_4_5_Derecha_2,pending,,
mendeley_labeled611_P11_4f047386f54909e1,67htnzmwbb.1,P11,2,number,accepted,test,Mexican Sign Languages Dactylology and Ten First Numbers - Labeled images and videos. From person #6 to #11/persona_11/Ciclo_4_5_Izquierda/Ciclo_4_5_Izquierda_2.mp4,Ciclo_4_5_Izquierda_2,pending,,
mendeley_labeled611_P11_b384a80ad20e27fd,67htnzmwbb.1,P11,2,number,accepted,test,Mexican Sign Languages Dactylology and Ten First Numbers - Labeled images and videos. From person #6 to #11/persona_11/Ciclo_5_5_Derecha/Ciclo_5_5_Derecha_2.mp4,Ciclo_5_5_Derecha_2,pending,,
mendeley_labeled611_P11_1568650bdc18cd17,67htnzmwbb.1,P11,2,number,accepted,test,Mexican Sign Languages Dactylology and Ten First Numbers - Labeled images and videos. From person #6 to #11/persona_11/Ciclo_5_5_Izquierda/Ciclo_5_5_Izquierda_2.mp4,Ciclo_5_5_Izquierda_2,pending,,
mendeley_labeled611_P11_7a6113fa2ad9f781,67htnzmwbb.1,P11,3,number,accepted,test,Mexican Sign Languages Dactylology and Ten First Numbers - Labeled images and videos. From person #6 to #11/persona_11/Ciclo_1_5_Derecha/Ciclo_1_5_Derecha_3.mp4,Ciclo_1_5_Derecha_3,pending,,
mendeley_labeled611_P11_05731926c9d6192d,67htnzmwbb.1,P11,3,number,accepted,test,Mexican Sign Languages Dactylology and Ten First Numbers - Labeled images and videos. From person #6 to #11/persona_11/Ciclo_1_5_Izquierda/Ciclo_1_5_Izquierda_3.mp4,Ciclo_1_5_Izquierda_3,pending,,
mendeley_labeled611_P11_ac6f118e22ca0537,67htnzmwbb.1,P11,3,number,accepted,test,Mexican Sign Languages Dactylology and Ten First Numbers - Labeled images and videos. From person #6 to #11/persona_11/Ciclo_2_5_Derecha/Ciclo_2_5_Derecha_3.mp4,Ciclo_2_5_Derecha_3,pending,,
mendeley_labeled611_P11_1a8d313471a3e96e,67htnzmwbb.1,P11,3,number,accepted,test,Mexican Sign Languages Dactylology and Ten First Numbers - Labeled images and videos. From person #6 to #11/persona_11/Ciclo_2_5_Izquierda/Ciclo_2_5_Izquierda_3.mp4,Ciclo_2_5_Izquierda_3,pending,,
mendeley_labeled611_P11_d5fafaf47c8e69f0,67htnzmwbb.1,P11,3,number,accepted,test,Mexican Sign Languages Dactylology and Ten First Numbers - Labeled images and videos. From person #6 to #11/persona_11/Ciclo_3_5_Derecha/Ciclo_3_5_Derecha_3.mp4,Ciclo_3_5_Derecha_3,pending,,
mendeley_labeled611_P11_96118a4cca0beca4,67htnzmwbb.1,P11,3,number,accepted,test,Mexican Sign Languages Dactylology and Ten First Numbers - Labeled images and videos. From person #6 to #11/persona_11/Ciclo_3_5_Izquierda/Ciclo_3_5_Izquierda_3.mp4,Ciclo_3_5_Izquierda_3,pending,,
mendeley_labeled611_P11_b3f980eea051ea70,67htnzmwbb.1,P11,3,number,accepted,test,Mexican Sign Languages Dactylology and Ten First Numbers - Labeled images and videos. From person #6 to #11/persona_11/Ciclo_4_5_Derecha/Ciclo_4_5_Derecha_3.mp4,Ciclo_4_5_Derecha_3,pending,,
mendeley_labeled611_P11_b86ee5207817145f,67htnzmwbb.1,P11,3,number,accepted,test,Mexican Sign Languages Dactylology and Ten First Numbers - Labeled images and videos. From person #6 to #11/persona_11/Ciclo_4_5_Izquierda/Ciclo_4_5_Izquierda_3.mp4,Ciclo_4_5_Izquierda_3,pending,,
mendeley_labeled611_P11_e402601325a7ac32,67htnzmwbb.1,P11,3,number,accepted,test,Mexican Sign Languages Dactylology and Ten First Numbers - Labeled images and videos. From person #6 to #11/persona_11/Ciclo_5_5_Derecha/Ciclo_5_5_Derecha_3.mp4,Ciclo_5_5_Derecha_3,pending,,
mendeley_labeled611_P11_e6298c59c8a99b24,67htnzmwbb.1,P11,3,number,accepted,test,Mexican Sign Languages Dactylology and Ten First Numbers - Labeled images and videos. From person #6 to #11/persona_11/Ciclo_5_5_Izquierda/Ciclo_5_5_Izquierda_3.mp4,Ciclo_5_5_Izquierda_3,pending,,
mendeley_labeled611_P11_f839073e046b2d22,67htnzmwbb.1,P11,4,number,accepted,test,Mexican Sign Languages Dactylology and Ten First Numbers - Labeled images and videos. From person #6 to #11/persona_11/Ciclo_1_5_Derecha/Ciclo_1_5_Derecha_4.mp4,Ciclo_1_5_Derecha_4,pending,,
mendeley_labeled611_P11_3353a53dcf800a50,67htnzmwbb.1,P11,4,number,accepted,test,Mexican Sign Languages Dactylology and Ten First Numbers - Labeled images and videos. From person #6 to #11/persona_11/Ciclo_1_5_Izquierda/Ciclo_1_5_Izquierda_4.mp4,Ciclo_1_5_Izquierda_4,pending,,
mendeley_labeled611_P11_edf829cd083d624e,67htnzmwbb.1,P11,4,number,accepted,test,Mexican Sign Languages Dactylology and Ten First Numbers - Labeled images and videos. From person #6 to #11/persona_11/Ciclo_2_5_Derecha/Ciclo_2_5_Derecha_4.mp4,Ciclo_2_5_Derecha_4,pending,,
mendeley_labeled611_P11_71121cb582f432ab,67htnzmwbb.1,P11,4,number,accepted,test,Mexican Sign Languages Dactylology and Ten First Numbers - Labeled images and videos. From person #6 to #11/persona_11/Ciclo_2_5_Izquierda/Ciclo_2_5_Izquierda_4.mp4,Ciclo_2_5_Izquierda_4,pending,,
mendeley_labeled611_P11_24c42664079fd08f,67htnzmwbb.1,P11,4,number,accepted,test,Mexican Sign Languages Dactylology and Ten First Numbers - Labeled images and videos. From person #6 to #11/persona_11/Ciclo_3_5_Derecha/Ciclo_3_5_Derecha_4.mp4,Ciclo_3_5_Derecha_4,pending,,
mendeley_labeled611_P11_71f24316ae7de426,67htnzmwbb.1,P11,4,number,accepted,test,Mexican Sign Languages Dactylology and Ten First Numbers - Labeled images and videos. From person #6 to #11/persona_11/Ciclo_3_5_Izquierda/Ciclo_3_5_Izquierda_4.mp4,Ciclo_3_5_Izquierda_4,pending,,
mendeley_labeled611_P11_d949c983ebf16d88,67htnzmwbb.1,P11,4,number,accepted,test,Mexican Sign Languages Dactylology and Ten First Numbers - Labeled images and videos. From person #6 to #11/persona_11/Ciclo_4_5_Derecha/Ciclo_4_5_Derecha_4.mp4,Ciclo_4_5_Derecha_4,pending,,
mendeley_labeled611_P11_4adc705dc44f7391,67htnzmwbb.1,P11,4,number,accepted,test,Mexican Sign Languages Dactylology and Ten First Numbers - Labeled images and videos. From person #6 to #11/persona_11/Ciclo_4_5_Izquierda/Ciclo_4_5_Izquierda_4.mp4,Ciclo_4_5_Izquierda_4,pending,,
mendeley_labeled611_P11_c2142f32768d29bf,67htnzmwbb.1,P11,4,number,accepted,test,Mexican Sign Languages Dactylology and Ten First Numbers - Labeled images and videos. From person #6 to #11/persona_11/Ciclo_5_5_Derecha/Ciclo_5_5_Derecha_4.mp4,Ciclo_5_5_Derecha_4,pending,,
mendeley_labeled611_P11_e4f732af6687925d,67htnzmwbb.1,P11,4,number,accepted,test,Mexican Sign Languages Dactylology and Ten First Numbers - Labeled images and videos. From person #6 to #11/persona_11/Ciclo_5_5_Izquierda/Ciclo_5_5_Izquierda_4.mp4,Ciclo_5_5_Izquierda_4,pending,,
mendeley_labeled611_P11_f37f7d1fab95502c,67htnzmwbb.1,P11,5,number,accepted,test,Mexican Sign Languages Dactylology and Ten First Numbers - Labeled images and videos. From person #6 to #11/persona_11/Ciclo_1_5_Derecha/Ciclo_1_5_Derecha_5.mp4,Ciclo_1_5_Derecha_5,pending,,
mendeley_labeled611_P11_bf05a7aa5ac6cce8,67htnzmwbb.1,P11,5,number,accepted,test,Mexican Sign Languages Dactylology and Ten First Numbers - Labeled images and videos. From person #6 to #11/persona_11/Ciclo_1_5_Izquierda/Ciclo_1_5_Izquierda_5.mp4,Ciclo_1_5_Izquierda_5,pending,,
mendeley_labeled611_P11_d2dd771743178115,67htnzmwbb.1,P11,5,number,accepted,test,Mexican Sign Languages Dactylology and Ten First Numbers - Labeled images and videos. From person #6 to #11/persona_11/Ciclo_2_5_Derecha/Ciclo_2_5_Derecha_5.mp4,Ciclo_2_5_Derecha_5,pending,,
mendeley_labeled611_P11_b28854737a3f31af,67htnzmwbb.1,P11,5,number,accepted,test,Mexican Sign Languages Dactylology and Ten First Numbers - Labeled images and videos. From person #6 to #11/persona_11/Ciclo_2_5_Izquierda/Ciclo_2_5_Izquierda_5.mp4,Ciclo_2_5_Izquierda_5,pending,,
mendeley_labeled611_P11_e894ce9c455f25e5,67htnzmwbb.1,P11,5,number,accepted,test,Mexican Sign Languages Dactylology and Ten First Numbers - Labeled images and videos. From person #6 to #11/persona_11/Ciclo_3_5_Derecha/Ciclo_3_5_Derecha_5.mp4,Ciclo_3_5_Derecha_5,pending,,
mendeley_labeled611_P11_1affcfa711b73d55,67htnzmwbb.1,P11,5,number,accepted,test,Mexican Sign Languages Dactylology and Ten First Numbers - Labeled images and videos. From person #6 to #11/persona_11/Ciclo_3_5_Izquierda/Ciclo_3_5_Izquierda_5.mp4,Ciclo_3_5_Izquierda_5,pending,,
mendeley_labeled611_P11_c4a51a730a513516,67htnzmwbb.1,P11,5,number,accepted,test,Mexican Sign Languages Dactylology and Ten First Numbers - Labeled images and videos. From person #6 to #11/persona_11/Ciclo_4_5_Derecha/Ciclo_4_5_Derecha_5.mp4,Ciclo_4_5_Derecha_5,pending,,
mendeley_labeled611_P11_c27fbf4b4396a4c7,67htnzmwbb.1,P11,5,number,accepted,test,Mexican Sign Languages Dactylology and Ten First Numbers - Labeled images and videos. From person #6 to #11/persona_11/Ciclo_4_5_Izquierda/Ciclo_4_5_Izquierda_5.mp4,Ciclo_4_5_Izquierda_5,pending,,
mendeley_labeled611_P11_5b896c9c2d24e227,67htnzmwbb.1,P11,5,number,accepted,test,Mexican Sign Languages Dactylology and Ten First Numbers - Labeled images and videos. From person #6 to #11/persona_11/Ciclo_5_5_Derecha/Ciclo_5_5_Derecha_5.mp4,Ciclo_5_5_Derecha_5,pending,,
mendeley_labeled611_P11_4036e816fc9cc918,67htnzmwbb.1,P11,5,number,accepted,test,Mexican Sign Languages Dactylology and Ten First Numbers - Labeled images and videos. From person #6 to #11/persona_11/Ciclo_5_5_Izquierda/Ciclo_5_5_Izquierda_5.mp4,Ciclo_5_5_Izquierda_5,pending,,
mendeley_labeled611_P11_08b91bd0c146dcb6,67htnzmwbb.1,P11,6,number,accepted,test,Mexican Sign Languages Dactylology and Ten First Numbers - Labeled images and videos. From person #6 to #11/persona_11/Ciclo_1_5_Derecha/Ciclo_1_5_Derecha_6.mp4,Ciclo_1_5_Derecha_6,pending,,
mendeley_labeled611_P11_c438baf72f885c88,67htnzmwbb.1,P11,6,number,accepted,test,Mexican Sign Languages Dactylology and Ten First Numbers - Labeled images and videos. From person #6 to #11/persona_11/Ciclo_1_5_Izquierda/Ciclo_1_5_Izquierda_6.mp4,Ciclo_1_5_Izquierda_6,pending,,
mendeley_labeled611_P11_dd870c339c83a5a2,67htnzmwbb.1,P11,6,number,accepted,test,Mexican Sign Languages Dactylology and Ten First Numbers - Labeled images and videos. From person #6 to #11/persona_11/Ciclo_2_5_Derecha/Ciclo_2_5_Derecha_6.mp4,Ciclo_2_5_Derecha_6,pending,,
mendeley_labeled611_P11_c61a4970d2725f6f,67htnzmwbb.1,P11,6,number,accepted,test,Mexican Sign Languages Dactylology and Ten First Numbers - Labeled images and videos. From person #6 to #11/persona_11/Ciclo_2_5_Izquierda/Ciclo_2_5_Izquierda_6.mp4,Ciclo_2_5_Izquierda_6,pending,,
mendeley_labeled611_P11_92754a914560f9fe,67htnzmwbb.1,P11,6,number,accepted,test,Mexican Sign Languages Dactylology and Ten First Numbers - Labeled images and videos. From person #6 to #11/persona_11/Ciclo_3_5_Derecha/Ciclo_3_5_Derecha_6.mp4,Ciclo_3_5_Derecha_6,pending,,
mendeley_labeled611_P11_d959db9c66b2712b,67htnzmwbb.1,P11,6,number,accepted,test,Mexican Sign Languages Dactylology and Ten First Numbers - Labeled images and videos. From person #6 to #11/persona_11/Ciclo_3_5_Izquierda/Ciclo_3_5_Izquierda_6.mp4,Ciclo_3_5_Izquierda_6,pending,,
mendeley_labeled611_P11_3e9328ece9f10400,67htnzmwbb.1,P11,6,number,accepted,test,Mexican Sign Languages Dactylology and Ten First Numbers - Labeled images and videos. From person #6 to #11/persona_11/Ciclo_4_5_Derecha/Ciclo_4_5_Derecha_6.mp4,Ciclo_4_5_Derecha_6,pending,,
mendeley_labeled611_P11_c2a49fa45b7c760b,67htnzmwbb.1,P11,6,number,accepted,test,Mexican Sign Languages Dactylology and Ten First Numbers - Labeled images and videos. From person #6 to #11/persona_11/Ciclo_4_5_Izquierda/Ciclo_4_5_Izquierda_6.mp4,Ciclo_4_5_Izquierda_6,pending,,
mendeley_labeled611_P11_78b2c716f042f60e,67htnzmwbb.1,P11,6,number,accepted,test,Mexican Sign Languages Dactylology and Ten First Numbers - Labeled images and videos. From person #6 to #11/persona_11/Ciclo_5_5_Derecha/Ciclo_5_5_Derecha_6.mp4,Ciclo_5_5_Derecha_6,pending,,
mendeley_labeled611_P11_ca9dce973c01da11,67htnzmwbb.1,P11,6,number,accepted,test,Mexican Sign Languages Dactylology and Ten First Numbers - Labeled images and videos. From person #6 to #11/persona_11/Ciclo_5_5_Izquierda/Ciclo_5_5_Izquierda_6.mp4,Ciclo_5_5_Izquierda_6,pending,,
mendeley_labeled611_P11_86d3d5c70c4f23f4,67htnzmwbb.1,P11,7,number,accepted,test,Mexican Sign Languages Dactylology and Ten First Numbers - Labeled images and videos. From person #6 to #11/persona_11/Ciclo_1_5_Derecha/Ciclo_1_5_Derecha_7.mp4,Ciclo_1_5_Derecha_7,pending,,
mendeley_labeled611_P11_748d7b1277cbe837,67htnzmwbb.1,P11,7,number,accepted,test,Mexican Sign Languages Dactylology and Ten First Numbers - Labeled images and videos. From person #6 to #11/persona_11/Ciclo_1_5_Izquierda/Ciclo_1_5_Izquierda_7.mp4,Ciclo_1_5_Izquierda_7,pending,,
mendeley_labeled611_P11_20f4f4c1974ddbda,67htnzmwbb.1,P11,7,number,accepted,test,Mexican Sign Languages Dactylology and Ten First Numbers - Labeled images and videos. From person #6 to #11/persona_11/Ciclo_2_5_Derecha/Ciclo_2_5_Derecha_7.mp4,Ciclo_2_5_Derecha_7,pending,,
mendeley_labeled611_P11_f2a6d9063aeb9c3f,67htnzmwbb.1,P11,7,number,accepted,test,Mexican Sign Languages Dactylology and Ten First Numbers - Labeled images and videos. From person #6 to #11/persona_11/Ciclo_2_5_Izquierda/Ciclo_2_5_Izquierda_7.mp4,Ciclo_2_5_Izquierda_7,pending,,
mendeley_labeled611_P11_d825063e021fed55,67htnzmwbb.1,P11,7,number,accepted,test,Mexican Sign Languages Dactylology and Ten First Numbers - Labeled images and videos. From person #6 to #11/persona_11/Ciclo_3_5_Derecha/Ciclo_3_5_Derecha_7.mp4,Ciclo_3_5_Derecha_7,pending,,
mendeley_labeled611_P11_938f2f6c1aac8a15,67htnzmwbb.1,P11,7,number,accepted,test,Mexican Sign Languages Dactylology and Ten First Numbers - Labeled images and videos. From person #6 to #11/persona_11/Ciclo_3_5_Izquierda/Ciclo_3_5_Izquierda_7.mp4,Ciclo_3_5_Izquierda_7,pending,,
mendeley_labeled611_P11_4aa15bdf5764e8b7,67htnzmwbb.1,P11,7,number,accepted,test,Mexican Sign Languages Dactylology and Ten First Numbers - Labeled images and videos. From person #6 to #11/persona_11/Ciclo_4_5_Derecha/Ciclo_4_5_Derecha_7.mp4,Ciclo_4_5_Derecha_7,pending,,
mendeley_labeled611_P11_1761bd8105b5f148,67htnzmwbb.1,P11,7,number,accepted,test,Mexican Sign Languages Dactylology and Ten First Numbers - Labeled images and videos. From person #6 to #11/persona_11/Ciclo_4_5_Izquierda/Ciclo_4_5_Izquierda_7.mp4,Ciclo_4_5_Izquierda_7,pending,,
mendeley_labeled611_P11_90f30d33a1dcd162,67htnzmwbb.1,P11,7,number,accepted,test,Mexican Sign Languages Dactylology and Ten First Numbers - Labeled images and videos. From person #6 to #11/persona_11/Ciclo_5_5_Derecha/Ciclo_5_5_Derecha_7.mp4,Ciclo_5_5_Derecha_7,pending,,
mendeley_labeled611_P11_2e565126bd540201,67htnzmwbb.1,P11,7,number,accepted,test,Mexican Sign Languages Dactylology and Ten First Numbers - Labeled images and videos. From person #6 to #11/persona_11/Ciclo_5_5_Izquierda/Ciclo_5_5_Izquierda_7.mp4,Ciclo_5_5_Izquierda_7,pending,,
mendeley_labeled611_P11_1ae7c5fb0ed1cc47,67htnzmwbb.1,P11,8,number,accepted,test,Mexican Sign Languages Dactylology and Ten First Numbers - Labeled images and videos. From person #6 to #11/persona_11/Ciclo_1_5_Derecha/Ciclo_1_5_Derecha_8.mp4,Ciclo_1_5_Derecha_8,pending,,
mendeley_labeled611_P11_27384ec74e091898,67htnzmwbb.1,P11,8,number,accepted,test,Mexican Sign Languages Dactylology and Ten First Numbers - Labeled images and videos. From person #6 to #11/persona_11/Ciclo_1_5_Izquierda/Ciclo_1_5_Izquierda_8.mp4,Ciclo_1_5_Izquierda_8,pending,,
mendeley_labeled611_P11_5e7f824e48197d51,67htnzmwbb.1,P11,8,number,accepted,test,Mexican Sign Languages Dactylology and Ten First Numbers - Labeled images and videos. From person #6 to #11/persona_11/Ciclo_2_5_Derecha/Ciclo_2_5_Derecha_8.mp4,Ciclo_2_5_Derecha_8,pending,,
mendeley_labeled611_P11_8483c2e3901bd3f2,67htnzmwbb.1,P11,8,number,accepted,test,Mexican Sign Languages Dactylology and Ten First Numbers - Labeled images and videos. From person #6 to #11/persona_11/Ciclo_2_5_Izquierda/Ciclo_2_5_Izquierda_8.mp4,Ciclo_2_5_Izquierda_8,pending,,
mendeley_labeled611_P11_36ce001eab2aa85c,67htnzmwbb.1,P11,8,number,accepted,test,Mexican Sign Languages Dactylology and Ten First Numbers - Labeled images and videos. From person #6 to #11/persona_11/Ciclo_3_5_Derecha/Ciclo_3_5_Derecha_8.mp4,Ciclo_3_5_Derecha_8,pending,,
mendeley_labeled611_P11_5067493f93b8f366,67htnzmwbb.1,P11,8,number,accepted,test,Mexican Sign Languages Dactylology and Ten First Numbers - Labeled images and videos. From person #6 to #11/persona_11/Ciclo_3_5_Izquierda/Ciclo_3_5_Izquierda_8.mp4,Ciclo_3_5_Izquierda_8,pending,,
mendeley_labeled611_P11_7cba1badc4da2d7b,67htnzmwbb.1,P11,8,number,accepted,test,Mexican Sign Languages Dactylology and Ten First Numbers - Labeled images and videos. From person #6 to #11/persona_11/Ciclo_4_5_Derecha/Ciclo_4_5_Derecha_8.mp4,Ciclo_4_5_Derecha_8,pending,,
mendeley_labeled611_P11_7ab68c32f63b2b62,67htnzmwbb.1,P11,8,number,accepted,test,Mexican Sign Languages Dactylology and Ten First Numbers - Labeled images and videos. From person #6 to #11/persona_11/Ciclo_4_5_Izquierda/Ciclo_4_5_Izquierda_8.mp4,Ciclo_4_5_Izquierda_8,pending,,
mendeley_labeled611_P11_3ad3cd1c042bae9a,67htnzmwbb.1,P11,8,number,accepted,test,Mexican Sign Languages Dactylology and Ten First Numbers - Labeled images and videos. From person #6 to #11/persona_11/Ciclo_5_5_Derecha/Ciclo_5_5_Derecha_8.mp4,Ciclo_5_5_Derecha_8,pending,,
mendeley_labeled611_P11_8ac1ec9ae1ba8f78,67htnzmwbb.1,P11,8,number,accepted,test,Mexican Sign Languages Dactylology and Ten First Numbers - Labeled images and videos. From person #6 to #11/persona_11/Ciclo_5_5_Izquierda/Ciclo_5_5_Izquierda_8.mp4,Ciclo_5_5_Izquierda_8,pending,,
mendeley_labeled611_P11_6e72d59e4da5891a,67htnzmwbb.1,P11,9,number,accepted,test,Mexican Sign Languages Dactylology and Ten First Numbers - Labeled images and videos. From person #6 to #11/persona_11/Ciclo_1_5_Derecha/Ciclo_1_5_Derecha_9.mp4,Ciclo_1_5_Derecha_9,pending,,
mendeley_labeled611_P11_df5c7336ed25fa6e,67htnzmwbb.1,P11,9,number,accepted,test,Mexican Sign Languages Dactylology and Ten First Numbers - Labeled images and videos. From person #6 to #11/persona_11/Ciclo_1_5_Izquierda/Ciclo_1_5_Izquierda_9.mp4,Ciclo_1_5_Izquierda_9,pending,,
mendeley_labeled611_P11_4c9f9e8c6f40cca1,67htnzmwbb.1,P11,9,number,accepted,test,Mexican Sign Languages Dactylology and Ten First Numbers - Labeled images and videos. From person #6 to #11/persona_11/Ciclo_2_5_Derecha/Ciclo_2_5_Derecha_9.mp4,Ciclo_2_5_Derecha_9,pending,,
mendeley_labeled611_P11_f0dc44583144b38c,67htnzmwbb.1,P11,9,number,accepted,test,Mexican Sign Languages Dactylology and Ten First Numbers - Labeled images and videos. From person #6 to #11/persona_11/Ciclo_2_5_Izquierda/Ciclo_2_5_Izquierda_9.mp4,Ciclo_2_5_Izquierda_9,pending,,
mendeley_labeled611_P11_56d1e454d33c45a2,67htnzmwbb.1,P11,9,number,accepted,test,Mexican Sign Languages Dactylology and Ten First Numbers - Labeled images and videos. From person #6 to #11/persona_11/Ciclo_3_5_Derecha/Ciclo_3_5_Derecha_9.mp4,Ciclo_3_5_Derecha_9,pending,,
mendeley_labeled611_P11_f59b044f73eba9e3,67htnzmwbb.1,P11,9,number,accepted,test,Mexican Sign Languages Dactylology and Ten First Numbers - Labeled images and videos. From person #6 to #11/persona_11/Ciclo_3_5_Izquierda/Ciclo_3_5_Izquierda_9.mp4,Ciclo_3_5_Izquierda_9,pending,,
mendeley_labeled611_P11_4a992f143cd7212a,67htnzmwbb.1,P11,9,number,accepted,test,Mexican Sign Languages Dactylology and Ten First Numbers - Labeled images and videos. From person #6 to #11/persona_11/Ciclo_4_5_Derecha/Ciclo_4_5_Derecha_9.mp4,Ciclo_4_5_Derecha_9,pending,,
mendeley_labeled611_P11_f5c304526ad53aa5,67htnzmwbb.1,P11,9,number,accepted,test,Mexican Sign Languages Dactylology and Ten First Numbers - Labeled images and videos. From person #6 to #11/persona_11/Ciclo_4_5_Izquierda/Ciclo_4_5_Izquierda_9.mp4,Ciclo_4_5_Izquierda_9,pending,,
mendeley_labeled611_P11_0cd77e3362387672,67htnzmwbb.1,P11,9,number,accepted,test,Mexican Sign Languages Dactylology and Ten First Numbers - Labeled images and videos. From person #6 to #11/persona_11/Ciclo_5_5_Derecha/Ciclo_5_5_Derecha_9.mp4,Ciclo_5_5_Derecha_9,pending,,
mendeley_labeled611_P11_74f6980175e5491e,67htnzmwbb.1,P11,9,number,accepted,test,Mexican Sign Languages Dactylology and Ten First Numbers - Labeled images and videos. From person #6 to #11/persona_11/Ciclo_5_5_Izquierda/Ciclo_5_5_Izquierda_9.mp4,Ciclo_5_5_Izquierda_9,pending,,
mendeley_labeled611_P11_493ea4c3067c7e66,67htnzmwbb.1,P11,ñ-3lphug,unknown,quarantined_unknown_label,test,Mexican Sign Languages Dactylology and Ten First Numbers - Labeled images and videos. From person #6 to #11/persona_11/Ciclo_4_5_Izquierda/Ciclo_4_5_Izquierda_ñ-3lphUg.mp4,Ciclo_4_5_Izquierda_ñ-3lphUg,quarantined,,ambiguous_or_unrecognized_filename_suffix
mendeley_labeled611_P11_c4a5b2a4b0482ba9,67htnzmwbb.1,P11,ñ-dmowqj,unknown,quarantined_unknown_label,test,Mexican Sign Languages Dactylology and Ten First Numbers - Labeled images and videos. From person #6 to #11/persona_11/Ciclo_5_5_Izquierda/Ciclo_5_5_Izquierda_ñ-DMoWQj.mp4,Ciclo_5_5_Izquierda_ñ-DMoWQj,quarantined,,ambiguous_or_unrecognized_filename_suffix
mendeley_labeled611_P11_24cdb1e64f7255b4,67htnzmwbb.1,P11,ñ-iqvxwd,unknown,quarantined_unknown_label,test,Mexican Sign Languages Dactylology and Ten First Numbers - Labeled images and videos. From person #6 to #11/persona_11/Ciclo_3_5_Derecha/Ciclo_3_5_Derecha_ñ-IqvxwD.mp4,Ciclo_3_5_Derecha_ñ-IqvxwD,quarantined,,ambiguous_or_unrecognized_filename_suffix
mendeley_labeled611_P11_d791b00bf2fc211b,67htnzmwbb.1,P11,ñ-lmxy4j,unknown,quarantined_unknown_label,test,Mexican Sign Languages Dactylology and Ten First Numbers - Labeled images and videos. From person #6 to #11/persona_11/Ciclo_4_5_Derecha/Ciclo_4_5_Derecha_ñ-lMxy4j.mp4,Ciclo_4_5_Derecha_ñ-lMxy4j,quarantined,,ambiguous_or_unrecognized_filename_suffix
mendeley_labeled611_P11_cb0a920c810cfb10,67htnzmwbb.1,P11,ñ-ncveey,unknown,quarantined_unknown_label,test,Mexican Sign Languages Dactylology and Ten First Numbers - Labeled images and videos. From person #6 to #11/persona_11/Ciclo_3_5_Izquierda/Ciclo_3_5_Izquierda_ñ-NcveeY.mp4,Ciclo_3_5_Izquierda_ñ-NcveeY,quarantined,,ambiguous_or_unrecognized_filename_suffix
mendeley_labeled611_P11_b1a203247b43c7c2,67htnzmwbb.1,P11,ñ-p67qfk,unknown,quarantined_unknown_label,test,Mexican Sign Languages Dactylology and Ten First Numbers - Labeled images and videos. From person #6 to #11/persona_11/Ciclo_1_5_Izquierda/Ciclo_1_5_Izquierda_ñ-p67QfK.mp4,Ciclo_1_5_Izquierda_ñ-p67QfK,quarantined,,ambiguous_or_unrecognized_filename_suffix
mendeley_labeled611_P11_f97fdd6c9f47fbf9,67htnzmwbb.1,P11,ñ-qr5caq,unknown,quarantined_unknown_label,test,Mexican Sign Languages Dactylology and Ten First Numbers - Labeled images and videos. From person #6 to #11/persona_11/Ciclo_1_5_Derecha/Ciclo_1_5_Derecha_ñ-qr5caq.mp4,Ciclo_1_5_Derecha_ñ-qr5caq,quarantined,,ambiguous_or_unrecognized_filename_suffix
mendeley_labeled611_P11_45a8b00f005b073b,67htnzmwbb.1,P11,ñ-unafqz,unknown,quarantined_unknown_label,test,Mexican Sign Languages Dactylology and Ten First Numbers - Labeled images and videos. From person #6 to #11/persona_11/Ciclo_2_5_Derecha/Ciclo_2_5_Derecha_ñ-uNAfqZ.mp4,Ciclo_2_5_Derecha_ñ-uNAfqZ,quarantined,,ambiguous_or_unrecognized_filename_suffix
mendeley_labeled611_P11_3232029d90780828,67htnzmwbb.1,P11,ñ-yd4j4m,unknown,quarantined_unknown_label,test,Mexican Sign Languages Dactylology and Ten First Numbers - Labeled images and videos. From person #6 to #11/persona_11/Ciclo_5_5_Derecha/Ciclo_5_5_Derecha_ñ-yD4J4M.mp4,Ciclo_5_5_Derecha_ñ-yD4J4M,quarantined,,ambiguous_or_unrecognized_filename_suffix
mendeley_labeled611_P11_2bc41d7daa1b662c,67htnzmwbb.1,P11,ñ-ysnfav,unknown,quarantined_unknown_label,test,Mexican Sign Languages Dactylology and Ten First Numbers - Labeled images and videos. From person #6 to #11/persona_11/Ciclo_2_5_Izquierda/Ciclo_2_5_Izquierda_ñ-ysNfAV.mp4,Ciclo_2_5_Izquierda_ñ-ysNfAV,quarantined,,ambiguous_or_unrecognized_filename_suffix
