sample_id,label,label_id,word,word_id,grouping,image_count,feature_path,bone_degenerate_hands,status,split
S19-J-frontal-1,J,J,J,J,dynamic,0,msl-dynamic/bone_vector126/J/S19-J-frontal-1.npy,0,ok,test
S19-J-frontal-2,J,J,J,J,dynamic,0,msl-dynamic/bone_vector126/J/S19-J-frontal-2.npy,0,ok,test
S19-J-frontal-3,J,J,J,J,dynamic,0,msl-dynamic/bone_vector126/J/S19-J-frontal-3.npy,0,ok,test
S19-J-frontal-4,J,J,J,J,dynamic,0,msl-dynamic/bone_vector126/J/S19-J-frontal-4.npy,0,ok,test
S19-J-frontal-5,J,J,J,J,dynamic,0,msl-dynamic/bone_vector126/J/S19-J-frontal-5.npy,0,ok,test
S19-K-frontal-1,K,K,K,K,dynamic,0,msl-dynamic/bone_vector126/K/S19-K-frontal-1.npy,0,ok,test
S19-K-frontal-2,K,K,K,K,dynamic,0,msl-dynamic/bone_vector126/K/S19-K-frontal-2.npy,0,ok,test
S19-K-frontal-3,K,K,K,K,dynamic,0,msl-dynamic/bone_vector126/K/S19-K-frontal-3.npy,0,ok,test
S19-K-frontal-4,K,K,K,K,dynamic,0,msl-dynamic/bone_vector126/K/S19-K-frontal-4.npy,0,ok,test
S19-K-frontal-5,K,K,K,K,dynamic,0,msl-dynamic/bone_vector126/K/S19-K-frontal-5.npy,0,ok,test
S19-Q-frontal-1,Q,Q,Q,Q,dynamic,0,msl-dynamic/bone_vector126/Q/S19-Q-frontal-1.npy,0,ok,test
S19-Q-frontal-2,Q,Q,Q,Q,dynamic,0,msl-dynamic/bone_vector126/Q/S19-Q-frontal-2.npy,0,ok,test
S19-Q-frontal-3,Q,Q,Q,Q,dynamic,0,msl-dynamic/bone_vector126/Q/S19-Q-frontal-3.npy,0,ok,test
S19-Q-frontal-4,Q,Q,Q,Q,dynamic,0,msl-dynamic/bone_vector126/Q/S19-Q-frontal-4.npy,0,ok,test
S19-Q-frontal-5,Q,Q,Q,Q,dynamic,0,msl-dynamic/bone_vector126/Q/S19-Q-frontal-5.npy,0,ok,test
S19-X-frontal-1,X,X,X,X,dynamic,0,msl-dynamic/bone_vector126/X/S19-X-frontal-1.npy,0,ok,test
S19-X-frontal-2,X,X,X,X,dynamic,0,msl-dynamic/bone_vector126/X/S19-X-frontal-2.npy,0,ok,test
S19-X-frontal-3,X,X,X,X,dynamic,0,msl-dynamic/bone_vector126/X/S19-X-frontal-3.npy,0,ok,test
S19-X-frontal-4,X,X,X,X,dynamic,0,msl-dynamic/bone_vector126/X/S19-X-frontal-4.npy,0,ok,test
S19-X-frontal-5,X,X,X,X,dynamic,0,msl-dynamic/bone_vector126/X/S19-X-frontal-5.npy,0,ok,test
S19-Z-frontal-1,Z,Z,Z,Z,dynamic,0,msl-dynamic/bone_vector126/Z/S19-Z-frontal-1.npy,0,ok,test
S19-Z-frontal-2,Z,Z,Z,Z,dynamic,0,msl-dynamic/bone_vector126/Z/S19-Z-frontal-2.npy,0,ok,test
S19-Z-frontal-3,Z,Z,Z,Z,dynamic,0,msl-dynamic/bone_vector126/Z/S19-Z-frontal-3.npy,0,ok,test
S19-Z-frontal-4,Z,Z,Z,Z,dynamic,0,msl-dynamic/bone_vector126/Z/S19-Z-frontal-4.npy,0,ok,test
S19-Z-frontal-5,Z,Z,Z,Z,dynamic,0,msl-dynamic/bone_vector126/Z/S19-Z-frontal-5.npy,0,ok,test
S19-Ñ-frontal-1,Ñ,Ñ,Ñ,Ñ,dynamic,0,msl-dynamic/bone_vector126/Ñ/S19-Ñ-frontal-1.npy,0,ok,test
S19-Ñ-frontal-2,Ñ,Ñ,Ñ,Ñ,dynamic,0,msl-dynamic/bone_vector126/Ñ/S19-Ñ-frontal-2.npy,0,ok,test
S19-Ñ-frontal-3,Ñ,Ñ,Ñ,Ñ,dynamic,0,msl-dynamic/bone_vector126/Ñ/S19-Ñ-frontal-3.npy,0,ok,test
S19-Ñ-frontal-4,Ñ,Ñ,Ñ,Ñ,dynamic,0,msl-dynamic/bone_vector126/Ñ/S19-Ñ-frontal-4.npy,0,ok,test
S19-Ñ-frontal-5,Ñ,Ñ,Ñ,Ñ,dynamic,0,msl-dynamic/bone_vector126/Ñ/S19-Ñ-frontal-5.npy,0,ok,test
S20-J-frontal-1,J,J,J,J,dynamic,0,msl-dynamic/bone_vector126/J/S20-J-frontal-1.npy,0,ok,test
S20-J-frontal-2,J,J,J,J,dynamic,0,msl-dynamic/bone_vector126/J/S20-J-frontal-2.npy,0,ok,test
S20-J-frontal-3,J,J,J,J,dynamic,0,msl-dynamic/bone_vector126/J/S20-J-frontal-3.npy,0,ok,test
S20-J-frontal-4,J,J,J,J,dynamic,0,msl-dynamic/bone_vector126/J/S20-J-frontal-4.npy,0,ok,test
S20-J-frontal-5,J,J,J,J,dynamic,0,msl-dynamic/bone_vector126/J/S20-J-frontal-5.npy,0,ok,test
S20-K-frontal-1,K,K,K,K,dynamic,0,msl-dynamic/bone_vector126/K/S20-K-frontal-1.npy,0,ok,test
S20-K-frontal-2,K,K,K,K,dynamic,0,msl-dynamic/bone_vector126/K/S20-K-frontal-2.npy,0,ok,test
S20-K-frontal-3,K,K,K,K,dynamic,0,msl-dynamic/bone_vector126/K/S20-K-frontal-3.npy,0,ok,test
S20-K-frontal-4,K,K,K,K,dynamic,0,msl-dynamic/bone_vector126/K/S20-K-frontal-4.npy,0,ok,test
S20-K-frontal-5,K,K,K,K,dynamic,0,msl-dynamic/bone_vector126/K/S20-K-frontal-5.npy,0,ok,test
S20-Q-frontal-1,Q,Q,Q,Q,dynamic,0,msl-dynamic/bone_vector126/Q/S20-Q-frontal-1.npy,0,ok,test
S20-Q-frontal-2,Q,Q,Q,Q,dynamic,0,msl-dynamic/bone_vector126/Q/S20-Q-frontal-2.npy,0,ok,test
S20-Q-frontal-3,Q,Q,Q,Q,dynamic,0,msl-dynamic/bone_vector126/Q/S20-Q-frontal-3.npy,0,ok,test
S20-Q-frontal-4,Q,Q,Q,Q,dynamic,0,msl-dynamic/bone_vector126/Q/S20-Q-frontal-4.npy,0,ok,test
S20-Q-frontal-5,Q,Q,Q,Q,dynamic,0,msl-dynamic/bone_vector126/Q/S20-Q-frontal-5.npy,0,ok,test
S20-X-frontal-1,X,X,X,X,dynamic,0,msl-dynamic/bone_vector126/X/S20-X-frontal-1.npy,0,ok,test
S20-X-frontal-2,X,X,X,X,dynamic,0,msl-dynamic/bone_vector126/X/S20-X-frontal-2.npy,0,ok,test
S20-X-frontal-3,X,X,X,X,dynamic,0,msl-dynamic/bone_vector126/X/S20-X-frontal-3.npy,0,ok,test
S20-X-frontal-4,X,X,X,X,dynamic,0,msl-dynamic/bone_vector126/X/S20-X-frontal-4.npy,0,ok,test
S20-X-frontal-5,X,X,X,X,dynamic,0,msl-dynamic/bone_vector126/X/S20-X-frontal-5.npy,0,ok,test
S20-Z-frontal-1,Z,Z,Z,Z,dynamic,0,msl-dynamic/bone_vector126/Z/S20-Z-frontal-1.npy,0,ok,test
S20-Z-frontal-2,Z,Z,Z,Z,dynamic,0,msl-dynamic/bone_vector126/Z/S20-Z-frontal-2.npy,0,ok,test
S20-Z-frontal-3,Z,Z,Z,Z,dynamic,0,msl-dynamic/bone_vector126/Z/S20-Z-frontal-3.npy,0,ok,test
S20-Z-frontal-4,Z,Z,Z,Z,dynamic,0,msl-dynamic/bone_vector126/Z/S20-Z-frontal-4.npy,0,ok,test
S20-Z-frontal-5,Z,Z,Z,Z,dynamic,0,msl-dynamic/bone_vector126/Z/S20-Z-frontal-5.npy,0,ok,test
S20-Ñ-frontal-1,Ñ,Ñ,Ñ,Ñ,dynamic,0,msl-dynamic/bone_vector126/Ñ/S20-Ñ-frontal-1.npy,0,ok,test
S20-Ñ-frontal-2,Ñ,Ñ,Ñ,Ñ,dynamic,0,msl-dynamic/bone_vector126/Ñ/S20-Ñ-frontal-2.npy,0,ok,test
S20-Ñ-frontal-3,Ñ,Ñ,Ñ,Ñ,dynamic,0,msl-dynamic/bone_vector126/Ñ/S20-Ñ-frontal-3.npy,0,ok,test
S20-Ñ-frontal-4,Ñ,Ñ,Ñ,Ñ,dynamic,0,msl-dynamic/bone_vector126/Ñ/S20-Ñ-frontal-4.npy,0,ok,test
S20-Ñ-frontal-5,Ñ,Ñ,Ñ,Ñ,dynamic,0,msl-dynamic/bone_vector126/Ñ/S20-Ñ-frontal-5.npy,0,ok,test
S1-J-frontal-1,J,J,J,J,dynamic,0,msl-dynamic/bone_vector126/J/S1-J-frontal-1.npy,0,ok,train
S1-J-frontal-2,J,J,J,J,dynamic,0,msl-dynamic/bone_vector126/J/S1-J-frontal-2.npy,0,ok,train
S1-J-frontal-3,J,J,J,J,dynamic,0,msl-dynamic/bone_vector126/J/S1-J-frontal-3.npy,0,ok,train
S1-J-frontal-4,J,J,J,J,dynamic,0,msl-dynamic/bone_vector126/J/S1-J-frontal-4.npy,0,ok,train
S1-J-frontal-5,J,J,J,J,dynamic,0,msl-dynamic/bone_vector126/J/S1-J-frontal-5.npy,0,ok,train
S1-K-frontal-1,K,K,K,K,dynamic,0,msl-dynamic/bone_vector126/K/S1-K-frontal-1.npy,0,ok,train
S1-K-frontal-2,K,K,K,K,dynamic,0,msl-dynamic/bone_vector126/K/S1-K-frontal-2.npy,0,ok,train
S1-K-frontal-3,K,K,K,K,dynamic,0,msl-dynamic/bone_vector126/K/S1-K-frontal-3.npy,0,ok,train
S1-K-frontal-4,K,K,K,K,dynamic,0,msl-dynamic/bone_vector126/K/S1-K-frontal-4.npy,0,ok,train
S1-K-frontal-5,K,K,K,K,dynamic,0,msl-dynamic/bone_vector126/K/S1-K-frontal-5.npy,0,ok,train
S1-Q-frontal-1,Q,Q,Q,Q,dynamic,0,msl-dynamic/bone_vector126/Q/S1-Q-frontal-1.npy,0,ok,train
S1-Q-frontal-2,Q,Q,Q,Q,dynamic,0,msl-dynamic/bone_vector126/Q/S1-Q-frontal-2.npy,0,ok,train
S1-Q-frontal-3,Q,Q,Q,Q,dynamic,0,msl-dynamic/bone_vector126/Q/S1-Q-frontal-3.npy,0,ok,train
S1-Q-frontal-4,Q,Q,Q,Q,dynamic,0,msl-dynamic/bone_vector126/Q/S1-Q-frontal-4.npy,0,ok,train
S1-Q-frontal-5,Q,Q,Q,Q,dynamic,0,msl-dynamic/bone_vector126/Q/S1-Q-frontal-5.npy,0,ok,train
S1-X-frontal-1,X,X,X,X,dynamic,0,msl-dynamic/bone_vector126/X/S1-X-frontal-1.npy,0,ok,train
S1-X-frontal-2,X,X,X,X,dynamic,0,msl-dynamic/bone_vector126/X/S1-X-frontal-2.npy,0,ok,train
S1-X-frontal-3,X,X,X,X,dynamic,0,msl-dynamic/bone_vector126/X/S1-X-frontal-3.npy,0,ok,train
S1-X-frontal-4,X,X,X,X,dynamic,0,msl-dynamic/bone_vector126/X/S1-X-frontal-4.npy,0,ok,train
S1-X-frontal-5,X,X,X,X,dynamic,0,msl-dynamic/bone_vector126/X/S1-X-frontal-5.npy,0,ok,train
S1-X-frontal-6,X,X,X,X,dynamic,0,msl-dynamic/bone_vector126/X/S1-X-frontal-6.npy,0,ok,train
S1-Z-frontal-1,Z,Z,Z,Z,dynamic,0,msl-dynamic/bone_vector126/Z/S1-Z-frontal-1.npy,0,ok,train
S1-Z-frontal-2,Z,Z,Z,Z,dynamic,0,msl-dynamic/bone_vector126/Z/S1-Z-frontal-2.npy,0,ok,train
S1-Z-frontal-3,Z,Z,Z,Z,dynamic,0,msl-dynamic/bone_vector126/Z/S1-Z-frontal-3.npy,0,ok,train
S1-Z-frontal-4,Z,Z,Z,Z,dynamic,0,msl-dynamic/bone_vector126/Z/S1-Z-frontal-4.npy,0,ok,train
S1-Z-frontal-5,Z,Z,Z,Z,dynamic,0,msl-dynamic/bone_vector126/Z/S1-Z-frontal-5.npy,0,ok,train
S1-Ñ-frontal-1,Ñ,Ñ,Ñ,Ñ,dynamic,0,msl-dynamic/bone_vector126/Ñ/S1-Ñ-frontal-1.npy,0,ok,train
S1-Ñ-frontal-2,Ñ,Ñ,Ñ,Ñ,dynamic,0,msl-dynamic/bone_vector126/Ñ/S1-Ñ-frontal-2.npy,0,ok,train
S1-Ñ-frontal-3,Ñ,Ñ,Ñ,Ñ,dynamic,0,msl-dynamic/bone_vector126/Ñ/S1-Ñ-frontal-3.npy,0,ok,train
S1-Ñ-frontal-4,Ñ,Ñ,Ñ,Ñ,dynamic,0,msl-dynamic/bone_vector126/Ñ/S1-Ñ-frontal-4.npy,0,ok,train
S1-Ñ-frontal-5,Ñ,Ñ,Ñ,Ñ,dynamic,0,msl-dynamic/bone_vector126/Ñ/S1-Ñ-frontal-5.npy,0,ok,train
S1-Ñ-frontal-6,Ñ,Ñ,Ñ,Ñ,dynamic,0,msl-dynamic/bone_vector126/Ñ/S1-Ñ-frontal-6.npy,0,ok,train
S10-J-frontal-1,J,J,J,J,dynamic,0,msl-dynamic/bone_vector126/J/S10-J-frontal-1.npy,0,ok,train
S10-J-frontal-2,J,J,J,J,dynamic,0,msl-dynamic/bone_vector126/J/S10-J-frontal-2.npy,0,ok,train
S10-J-frontal-3,J,J,J,J,dynamic,0,msl-dynamic/bone_vector126/J/S10-J-frontal-3.npy,0,ok,train
S10-J-frontal-4,J,J,J,J,dynamic,0,msl-dynamic/bone_vector126/J/S10-J-frontal-4.npy,0,ok,train
S10-J-frontal-5,J,J,J,J,dynamic,0,msl-dynamic/bone_vector126/J/S10-J-frontal-5.npy,0,ok,train
S10-K-frontal-1,K,K,K,K,dynamic,0,msl-dynamic/bone_vector126/K/S10-K-frontal-1.npy,0,ok,train
S10-K-frontal-2,K,K,K,K,dynamic,0,msl-dynamic/bone_vector126/K/S10-K-frontal-2.npy,0,ok,train
S10-K-frontal-3,K,K,K,K,dynamic,0,msl-dynamic/bone_vector126/K/S10-K-frontal-3.npy,0,ok,train
S10-K-frontal-4,K,K,K,K,dynamic,0,msl-dynamic/bone_vector126/K/S10-K-frontal-4.npy,0,ok,train
S10-K-frontal-5,K,K,K,K,dynamic,0,msl-dynamic/bone_vector126/K/S10-K-frontal-5.npy,0,ok,train
S10-Q-frontal-1,Q,Q,Q,Q,dynamic,0,msl-dynamic/bone_vector126/Q/S10-Q-frontal-1.npy,0,ok,train
S10-Q-frontal-2,Q,Q,Q,Q,dynamic,0,msl-dynamic/bone_vector126/Q/S10-Q-frontal-2.npy,0,ok,train
S10-Q-frontal-3,Q,Q,Q,Q,dynamic,0,msl-dynamic/bone_vector126/Q/S10-Q-frontal-3.npy,0,ok,train
S10-Q-frontal-4,Q,Q,Q,Q,dynamic,0,msl-dynamic/bone_vector126/Q/S10-Q-frontal-4.npy,0,ok,train
S10-Q-frontal-5,Q,Q,Q,Q,dynamic,0,msl-dynamic/bone_vector126/Q/S10-Q-frontal-5.npy,0,ok,train
S10-X-frontal-1,X,X,X,X,dynamic,0,msl-dynamic/bone_vector126/X/S10-X-frontal-1.npy,0,ok,train
S10-X-frontal-2,X,X,X,X,dynamic,0,msl-dynamic/bone_vector126/X/S10-X-frontal-2.npy,0,ok,train
S10-X-frontal-3,X,X,X,X,dynamic,0,msl-dynamic/bone_vector126/X/S10-X-frontal-3.npy,0,ok,train
S10-X-frontal-4,X,X,X,X,dynamic,0,msl-dynamic/bone_vector126/X/S10-X-frontal-4.npy,0,ok,train
S10-X-frontal-5,X,X,X,X,dynamic,0,msl-dynamic/bone_vector126/X/S10-X-frontal-5.npy,0,ok,train
S10-Z-frontal-1,Z,Z,Z,Z,dynamic,0,msl-dynamic/bone_vector126/Z/S10-Z-frontal-1.npy,0,ok,train
S10-Z-frontal-2,Z,Z,Z,Z,dynamic,0,msl-dynamic/bone_vector126/Z/S10-Z-frontal-2.npy,0,ok,train
S10-Z-frontal-3,Z,Z,Z,Z,dynamic,0,msl-dynamic/bone_vector126/Z/S10-Z-frontal-3.npy,0,ok,train
S10-Z-frontal-4,Z,Z,Z,Z,dynamic,0,msl-dynamic/bone_vector126/Z/S10-Z-frontal-4.npy,0,ok,train
S10-Z-frontal-5,Z,Z,Z,Z,dynamic,0,msl-dynamic/bone_vector126/Z/S10-Z-frontal-5.npy,0,ok,train
S10-Ñ-frontal-1,Ñ,Ñ,Ñ,Ñ,dynamic,0,msl-dynamic/bone_vector126/Ñ/S10-Ñ-frontal-1.npy,0,ok,train
S10-Ñ-frontal-2,Ñ,Ñ,Ñ,Ñ,dynamic,0,msl-dynamic/bone_vector126/Ñ/S10-Ñ-frontal-2.npy,0,ok,train
S10-Ñ-frontal-3,Ñ,Ñ,Ñ,Ñ,dynamic,0,msl-dynamic/bone_vector126/Ñ/S10-Ñ-frontal-3.npy,0,ok,train
S10-Ñ-frontal-4,Ñ,Ñ,Ñ,Ñ,dynamic,0,msl-dynamic/bone_vector126/Ñ/S10-Ñ-frontal-4.npy,0,ok,train
S10-Ñ-frontal-5,Ñ,Ñ,Ñ,Ñ,dynamic,0,msl-dynamic/bone_vector126/Ñ/S10-Ñ-frontal-5.npy,0,ok,train
S11-J-frontal-1,J,J,J,J,dynamic,0,msl-dynamic/bone_vector126/J/S11-J-frontal-1.npy,0,ok,train
S11-J-frontal-2,J,J,J,J,dynamic,0,msl-dynamic/bone_vector126/J/S11-J-frontal-2.npy,0,ok,train
S11-J-frontal-3,J,J,J,J,dynamic,0,msl-dynamic/bone_vector126/J/S11-J-frontal-3.npy,0,ok,train
S11-J-frontal-4,J,J,J,J,dynamic,0,msl-dynamic/bone_vector126/J/S11-J-frontal-4.npy,0,ok,train
S11-J-frontal-5,J,J,J,J,dynamic,0,msl-dynamic/bone_vector126/J/S11-J-frontal-5.npy,0,ok,train
S11-K-frontal-1,K,K,K,K,dynamic,0,msl-dynamic/bone_vector126/K/S11-K-frontal-1.npy,0,ok,train
S11-K-frontal-2,K,K,K,K,dynamic,0,msl-dynamic/bone_vector126/K/S11-K-frontal-2.npy,0,ok,train
S11-K-frontal-3,K,K,K,K,dynamic,0,msl-dynamic/bone_vector126/K/S11-K-frontal-3.npy,0,ok,train
S11-K-frontal-4,K,K,K,K,dynamic,0,msl-dynamic/bone_vector126/K/S11-K-frontal-4.npy,0,ok,train
S11-K-frontal-5,K,K,K,K,dynamic,0,msl-dynamic/bone_vector126/K/S11-K-frontal-5.npy,0,ok,train
S11-K-frontal-6,K,K,K,K,dynamic,0,msl-dynamic/bone_vector126/K/S11-K-frontal-6.npy,0,ok,train
S11-Q-frontal-1,Q,Q,Q,Q,dynamic,0,msl-dynamic/bone_vector126/Q/S11-Q-frontal-1.npy,0,ok,train
S11-Q-frontal-2,Q,Q,Q,Q,dynamic,0,msl-dynamic/bone_vector126/Q/S11-Q-frontal-2.npy,0,ok,train
S11-Q-frontal-3,Q,Q,Q,Q,dynamic,0,msl-dynamic/bone_vector126/Q/S11-Q-frontal-3.npy,0,ok,train
S11-Q-frontal-4,Q,Q,Q,Q,dynamic,0,msl-dynamic/bone_vector126/Q/S11-Q-frontal-4.npy,0,ok,train
S11-Q-frontal-5,Q,Q,Q,Q,dynamic,0,msl-dynamic/bone_vector126/Q/S11-Q-frontal-5.npy,0,ok,train
S11-X-frontal-1,X,X,X,X,dynamic,0,msl-dynamic/bone_vector126/X/S11-X-frontal-1.npy,0,ok,train
S11-X-frontal-2,X,X,X,X,dynamic,0,msl-dynamic/bone_vector126/X/S11-X-frontal-2.npy,0,ok,train
S11-X-frontal-3,X,X,X,X,dynamic,0,msl-dynamic/bone_vector126/X/S11-X-frontal-3.npy,0,ok,train
S11-X-frontal-4,X,X,X,X,dynamic,0,msl-dynamic/bone_vector126/X/S11-X-frontal-4.npy,0,ok,train
S11-X-frontal-5,X,X,X,X,dynamic,0,msl-dynamic/bone_vector126/X/S11-X-frontal-5.npy,0,ok,train
S11-X-frontal-6,X,X,X,X,dynamic,0,msl-dynamic/bone_vector126/X/S11-X-frontal-6.npy,0,ok,train
S11-Z-frontal-1,Z,Z,Z,Z,dynamic,0,msl-dynamic/bone_vector126/Z/S11-Z-frontal-1.npy,0,ok,train
S11-Z-frontal-2,Z,Z,Z,Z,dynamic,0,msl-dynamic/bone_vector126/Z/S11-Z-frontal-2.npy,0,ok,train
S11-Z-frontal-3,Z,Z,Z,Z,dynamic,0,msl-dynamic/bone_vector126/Z/S11-Z-frontal-3.npy,0,ok,train
S11-Z-frontal-4,Z,Z,Z,Z,dynamic,0,msl-dynamic/bone_vector126/Z/S11-Z-frontal-4.npy,0,ok,train
S11-Z-frontal-5,Z,Z,Z,Z,dynamic,0,msl-dynamic/bone_vector126/Z/S11-Z-frontal-5.npy,0,ok,train
S11-Ñ-frontal-1,Ñ,Ñ,Ñ,Ñ,dynamic,0,msl-dynamic/bone_vector126/Ñ/S11-Ñ-frontal-1.npy,0,ok,train
S11-Ñ-frontal-2,Ñ,Ñ,Ñ,Ñ,dynamic,0,msl-dynamic/bone_vector126/Ñ/S11-Ñ-frontal-2.npy,0,ok,train
S11-Ñ-frontal-3,Ñ,Ñ,Ñ,Ñ,dynamic,0,msl-dynamic/bone_vector126/Ñ/S11-Ñ-frontal-3.npy,0,ok,train
S11-Ñ-frontal-4,Ñ,Ñ,Ñ,Ñ,dynamic,0,msl-dynamic/bone_vector126/Ñ/S11-Ñ-frontal-4.npy,0,ok,train
S11-Ñ-frontal-5,Ñ,Ñ,Ñ,Ñ,dynamic,0,msl-dynamic/bone_vector126/Ñ/S11-Ñ-frontal-5.npy,0,ok,train
S12-J-frontal-1,J,J,J,J,dynamic,0,msl-dynamic/bone_vector126/J/S12-J-frontal-1.npy,0,ok,train
S12-J-frontal-2,J,J,J,J,dynamic,0,msl-dynamic/bone_vector126/J/S12-J-frontal-2.npy,0,ok,train
S12-J-frontal-3,J,J,J,J,dynamic,0,msl-dynamic/bone_vector126/J/S12-J-frontal-3.npy,0,ok,train
S12-J-frontal-4,J,J,J,J,dynamic,0,msl-dynamic/bone_vector126/J/S12-J-frontal-4.npy,0,ok,train
S12-J-frontal-5,J,J,J,J,dynamic,0,msl-dynamic/bone_vector126/J/S12-J-frontal-5.npy,0,ok,train
S12-K-frontal-1,K,K,K,K,dynamic,0,msl-dynamic/bone_vector126/K/S12-K-frontal-1.npy,0,ok,train
S12-K-frontal-2,K,K,K,K,dynamic,0,msl-dynamic/bone_vector126/K/S12-K-frontal-2.npy,0,ok,train
S12-K-frontal-3,K,K,K,K,dynamic,0,msl-dynamic/bone_vector126/K/S12-K-frontal-3.npy,0,ok,train
S12-K-frontal-4,K,K,K,K,dynamic,0,msl-dynamic/bone_vector126/K/S12-K-frontal-4.npy,0,ok,train
S12-K-frontal-5,K,K,K,K,dynamic,0,msl-dynamic/bone_vector126/K/S12-K-frontal-5.npy,0,ok,train
S12-Q-frontal-1,Q,Q,Q,Q,dynamic,0,msl-dynamic/bone_vector126/Q/S12-Q-frontal-1.npy,0,ok,train
S12-Q-frontal-2,Q,Q,Q,Q,dynamic,0,msl-dynamic/bone_vector126/Q/S12-Q-frontal-2.npy,0,ok,train
S12-Q-frontal-3,Q,Q,Q,Q,dynamic,0,msl-dynamic/bone_vector126/Q/S12-Q-frontal-3.npy,0,ok,train
S12-Q-frontal-4,Q,Q,Q,Q,dynamic,0,msl-dynamic/bone_vector126/Q/S12-Q-frontal-4.npy,0,ok,train
S12-Q-frontal-5,Q,Q,Q,Q,dynamic,0,msl-dynamic/bone_vector126/Q/S12-Q-frontal-5.npy,0,ok,train
S12-X-frontal-1,X,X,X,X,dynamic,0,msl-dynamic/bone_vector126/X/S12-X-frontal-1.npy,0,ok,train
S12-X-frontal-2,X,X,X,X,dynamic,0,msl-dynamic/bone_vector126/X/S12-X-frontal-2.npy,0,ok,train
S12-X-frontal-3,X,X,X,X,dynamic,0,msl-dynamic/bone_vector126/X/S12-X-frontal-3.npy,0,ok,train
S12-X-frontal-4,X,X,X,X,dynamic,0,msl-dynamic/bone_vector126/X/S12-X-frontal-4.npy,0,ok,train
S12-X-frontal-5,X,X,X,X,dynamic,0,msl-dynamic/bone_vector126/X/S12-X-frontal-5.npy,0,ok,train
S12-Z-frontal-1,Z,Z,Z,Z,dynamic,0,msl-dynamic/bone_vector126/Z/S12-Z-frontal-1.npy,0,ok,train
S12-Z-frontal-2,Z,Z,Z,Z,dynamic,0,msl-dynamic/bone_vector126/Z/S12-Z-frontal-2.npy,0,ok,train
S12-Z-frontal-3,Z,Z,Z,Z,dynamic,0,msl-dynamic/bone_vector126/Z/S12-Z-frontal-3.npy,0,ok,train
S12-Z-frontal-4,Z,Z,Z,Z,dynamic,0,msl-dynamic/bone_vector126/Z/S12-Z-frontal-4.npy,0,ok,train
S12-Z-frontal-5,Z,Z,Z,Z,dynamic,0,msl-dynamic/bone_vector126/Z/S12-Z-frontal-5.npy,0,ok,train
S12-Ñ-frontal-1,Ñ,Ñ,Ñ,Ñ,dynamic,0,msl-dynamic/bone_vector126/Ñ/S12-Ñ-frontal-1.npy,0,ok,train
S12-Ñ-frontal-2,Ñ,Ñ,Ñ,Ñ,dynamic,0,msl-dynamic/bone_vector126/Ñ/S12-Ñ-frontal-2.npy,0,ok,train
S12-Ñ-frontal-3,Ñ,Ñ,Ñ,Ñ,dynamic,0,msl-dynamic/bone_vector126/Ñ/S12-Ñ-frontal-3.npy,0,ok,train
S12-Ñ-frontal-4,Ñ,Ñ,Ñ,Ñ,dynamic,0,msl-dynamic/bone_vector126/Ñ/S12-Ñ-frontal-4.npy,0,ok,train
S12-Ñ-frontal-5,Ñ,Ñ,Ñ,Ñ,dynamic,0,msl-dynamic/bone_vector126/Ñ/S12-Ñ-frontal-5.npy,0,ok,train
S13-J-frontal-1,J,J,J,J,dynamic,0,msl-dynamic/bone_vector126/J/S13-J-frontal-1.npy,0,ok,train
S13-J-frontal-2,J,J,J,J,dynamic,0,msl-dynamic/bone_vector126/J/S13-J-frontal-2.npy,0,ok,train
S13-J-frontal-3,J,J,J,J,dynamic,0,msl-dynamic/bone_vector126/J/S13-J-frontal-3.npy,0,ok,train
S13-J-frontal-4,J,J,J,J,dynamic,0,msl-dynamic/bone_vector126/J/S13-J-frontal-4.npy,0,ok,train
S13-J-frontal-5,J,J,J,J,dynamic,0,msl-dynamic/bone_vector126/J/S13-J-frontal-5.npy,0,ok,train
S13-K-frontal-1,K,K,K,K,dynamic,0,msl-dynamic/bone_vector126/K/S13-K-frontal-1.npy,0,ok,train
S13-K-frontal-2,K,K,K,K,dynamic,0,msl-dynamic/bone_vector126/K/S13-K-frontal-2.npy,0,ok,train
S13-K-frontal-3,K,K,K,K,dynamic,0,msl-dynamic/bone_vector126/K/S13-K-frontal-3.npy,0,ok,train
S13-K-frontal-4,K,K,K,K,dynamic,0,msl-dynamic/bone_vector126/K/S13-K-frontal-4.npy,0,ok,train
S13-K-frontal-5,K,K,K,K,dynamic,0,msl-dynamic/bone_vector126/K/S13-K-frontal-5.npy,0,ok,train
S13-Q-frontal-1,Q,Q,Q,Q,dynamic,0,msl-dynamic/bone_vector126/Q/S13-Q-frontal-1.npy,0,ok,train
S13-Q-frontal-2,Q,Q,Q,Q,dynamic,0,msl-dynamic/bone_vector126/Q/S13-Q-frontal-2.npy,0,ok,train
S13-Q-frontal-3,Q,Q,Q,Q,dynamic,0,msl-dynamic/bone_vector126/Q/S13-Q-frontal-3.npy,0,ok,train
S13-Q-frontal-4,Q,Q,Q,Q,dynamic,0,msl-dynamic/bone_vector126/Q/S13-Q-frontal-4.npy,0,ok,train
S13-Q-frontal-5,Q,Q,Q,Q,dynamic,0,msl-dynamic/bone_vector126/Q/S13-Q-frontal-5.npy,0,ok,train
S13-X-frontal-1,X,X,X,X,dynamic,0,msl-dynamic/bone_vector126/X/S13-X-frontal-1.npy,0,ok,train
S13-X-frontal-2,X,X,X,X,dynamic,0,msl-dynamic/bone_vector126/X/S13-X-frontal-2.npy,0,ok,train
S13-X-frontal-3,X,X,X,X,dynamic,0,msl-dynamic/bone_vector126/X/S13-X-frontal-3.npy,0,ok,train
S13-X-frontal-4,X,X,X,X,dynamic,0,msl-dynamic/bone_vector126/X/S13-X-frontal-4.npy,0,ok,train
S13-X-frontal-5,X,X,X,X,dynamic,0,msl-dynamic/bone_vector126/X/S13-X-frontal-5.npy,0,ok,train
S13-Z-frontal-1,Z,Z,Z,Z,dynamic,0,msl-dynamic/bone_vector126/Z/S13-Z-frontal-1.npy,0,ok,train
S13-Z-frontal-2,Z,Z,Z,Z,dynamic,0,msl-dynamic/bone_vector126/Z/S13-Z-frontal-2.npy,0,ok,train
S13-Z-frontal-3,Z,Z,Z,Z,dynamic,0,msl-dynamic/bone_vector126/Z/S13-Z-frontal-3.npy,0,ok,train
S13-Z-frontal-4,Z,Z,Z,Z,dynamic,0,msl-dynamic/bone_vector126/Z/S13-Z-frontal-4.npy,0,ok,train
S13-Z-frontal-5,Z,Z,Z,Z,dynamic,0,msl-dynamic/bone_vector126/Z/S13-Z-frontal-5.npy,0,ok,train
S13-Ñ-frontal-1,Ñ,Ñ,Ñ,Ñ,dynamic,0,msl-dynamic/bone_vector126/Ñ/S13-Ñ-frontal-1.npy,0,ok,train
S13-Ñ-frontal-2,Ñ,Ñ,Ñ,Ñ,dynamic,0,msl-dynamic/bone_vector126/Ñ/S13-Ñ-frontal-2.npy,0,ok,train
S13-Ñ-frontal-3,Ñ,Ñ,Ñ,Ñ,dynamic,0,msl-dynamic/bone_vector126/Ñ/S13-Ñ-frontal-3.npy,0,ok,train
S13-Ñ-frontal-4,Ñ,Ñ,Ñ,Ñ,dynamic,0,msl-dynamic/bone_vector126/Ñ/S13-Ñ-frontal-4.npy,0,ok,train
S13-Ñ-frontal-5,Ñ,Ñ,Ñ,Ñ,dynamic,0,msl-dynamic/bone_vector126/Ñ/S13-Ñ-frontal-5.npy,0,ok,train
S13-Ñ-frontal-6,Ñ,Ñ,Ñ,Ñ,dynamic,0,msl-dynamic/bone_vector126/Ñ/S13-Ñ-frontal-6.npy,0,ok,train
S14-J-frontal-1,J,J,J,J,dynamic,0,msl-dynamic/bone_vector126/J/S14-J-frontal-1.npy,0,ok,train
S14-J-frontal-2,J,J,J,J,dynamic,0,msl-dynamic/bone_vector126/J/S14-J-frontal-2.npy,0,ok,train
S14-J-frontal-3,J,J,J,J,dynamic,0,msl-dynamic/bone_vector126/J/S14-J-frontal-3.npy,0,ok,train
S14-J-frontal-4,J,J,J,J,dynamic,0,msl-dynamic/bone_vector126/J/S14-J-frontal-4.npy,0,ok,train
S14-J-frontal-5,J,J,J,J,dynamic,0,msl-dynamic/bone_vector126/J/S14-J-frontal-5.npy,0,ok,train
S14-K-frontal-1,K,K,K,K,dynamic,0,msl-dynamic/bone_vector126/K/S14-K-frontal-1.npy,0,ok,train
S14-K-frontal-2,K,K,K,K,dynamic,0,msl-dynamic/bone_vector126/K/S14-K-frontal-2.npy,0,ok,train
S14-K-frontal-3,K,K,K,K,dynamic,0,msl-dynamic/bone_vector126/K/S14-K-frontal-3.npy,0,ok,train
S14-K-frontal-4,K,K,K,K,dynamic,0,msl-dynamic/bone_vector126/K/S14-K-frontal-4.npy,0,ok,train
S14-K-frontal-5,K,K,K,K,dynamic,0,msl-dynamic/bone_vector126/K/S14-K-frontal-5.npy,0,ok,train
S14-Q-frontal-1,Q,Q,Q,Q,dynamic,0,msl-dynamic/bone_vector126/Q/S14-Q-frontal-1.npy,0,ok,train
S14-Q-frontal-2,Q,Q,Q,Q,dynamic,0,msl-dynamic/bone_vector126/Q/S14-Q-frontal-2.npy,0,ok,train
S14-Q-frontal-3,Q,Q,Q,Q,dynamic,0,msl-dynamic/bone_vector126/Q/S14-Q-frontal-3.npy,0,ok,train
S14-Q-frontal-4,Q,Q,Q,Q,dynamic,0,msl-dynamic/bone_vector126/Q/S14-Q-frontal-4.npy,0,ok,train
S14-Q-frontal-5,Q,Q,Q,Q,dynamic,0,msl-dynamic/bone_vector126/Q/S14-Q-frontal-5.npy,0,ok,train
S14-X-frontal-1,X,X,X,X,dynamic,0,msl-dynamic/bone_vector126/X/S14-X-frontal-1.npy,0,ok,train
S14-X-frontal-2,X,X,X,X,dynamic,0,msl-dynamic/bone_vector126/X/S14-X-frontal-2.npy,0,ok,train
S14-X-frontal-3,X,X,X,X,dynamic,0,msl-dynamic/bone_vector126/X/S14-X-frontal-3.npy,0,ok,train
S14-X-frontal-4,X,X,X,X,dynamic,0,msl-dynamic/bone_vector126/X/S14-X-frontal-4.npy,0,ok,train
S14-X-frontal-5,X,X,X,X,dynamic,0,msl-dynamic/bone_vector126/X/S14-X-frontal-5.npy,0,ok,train
S14-Z-frontal-1,Z,Z,Z,Z,dynamic,0,msl-dynamic/bone_vector126/Z/S14-Z-frontal-1.npy,0,ok,train
S14-Z-frontal-2,Z,Z,Z,Z,dynamic,0,msl-dynamic/bone_vector126/Z/S14-Z-frontal-2.npy,0,ok,train
S14-Z-frontal-3,Z,Z,Z,Z,dynamic,0,msl-dynamic/bone_vector126/Z/S14-Z-frontal-3.npy,0,ok,train
S14-Z-frontal-4,Z,Z,Z,Z,dynamic,0,msl-dynamic/bone_vector126/Z/S14-Z-frontal-4.npy,0,ok,train
S14-Z-frontal-5,Z,Z,Z,Z,dynamic,0,msl-dynamic/bone_vector126/Z/S14-Z-frontal-5.npy,0,ok,train
S14-Ñ-frontal-1,Ñ,Ñ,Ñ,Ñ,dynamic,0,msl-dynamic/bone_vector126/Ñ/S14-Ñ-frontal-1.npy,0,ok,train
S14-Ñ-frontal-2,Ñ,Ñ,Ñ,Ñ,dynamic,0,msl-dynamic/bone_vector126/Ñ/S14-Ñ-frontal-2.npy,0,ok,train
S14-Ñ-frontal-3,Ñ,Ñ,Ñ,Ñ,dynamic,0,msl-dynamic/bone_vector126/Ñ/S14-Ñ-frontal-3.npy,0,ok,train
S14-Ñ-frontal-4,Ñ,Ñ,Ñ,Ñ,dynamic,0,msl-dynamic/bone_vector126/Ñ/S14-Ñ-frontal-4.npy,0,ok,train
S14-Ñ-frontal-5,Ñ,Ñ,Ñ,Ñ,dynamic,0,msl-dynamic/bone_vector126/Ñ/S14-Ñ-frontal-5.npy,0,ok,train
S15-J-frontal-1,J,J,J,J,dynamic,0,msl-dynamic/bone_vector126/J/S15-J-frontal-1.npy,0,ok,train
S15-J-frontal-2,J,J,J,J,dynamic,0,msl-dynamic/bone_vector126/J/S15-J-frontal-2.npy,0,ok,train
S15-J-frontal-3,J,J,J,J,dynamic,0,msl-dynamic/bone_vector126/J/S15-J-frontal-3.npy,0,ok,train
S15-J-frontal-4,J,J,J,J,dynamic,0,msl-dynamic/bone_vector126/J/S15-J-frontal-4.npy,0,ok,train
S15-J-frontal-5,J,J,J,J,dynamic,0,msl-dynamic/bone_vector126/J/S15-J-frontal-5.npy,0,ok,train
S15-K-frontal-1,K,K,K,K,dynamic,0,msl-dynamic/bone_vector126/K/S15-K-frontal-1.npy,0,ok,train
S15-K-frontal-2,K,K,K,K,dynamic,0,msl-dynamic/bone_vector126/K/S15-K-frontal-2.npy,0,ok,train
S15-K-frontal-3,K,K,K,K,dynamic,0,msl-dynamic/bone_vector126/K/S15-K-frontal-3.npy,0,ok,train
S15-K-frontal-4,K,K,K,K,dynamic,0,msl-dynamic/bone_vector126/K/S15-K-frontal-4.npy,0,ok,train
S15-K-frontal-5,K,K,K,K,dynamic,0,msl-dynamic/bone_vector126/K/S15-K-frontal-5.npy,0,ok,train
S15-Q-frontal-1,Q,Q,Q,Q,dynamic,0,msl-dynamic/bone_vector126/Q/S15-Q-frontal-1.npy,0,ok,train
S15-Q-frontal-2,Q,Q,Q,Q,dynamic,0,msl-dynamic/bone_vector126/Q/S15-Q-frontal-2.npy,0,ok,train
S15-Q-frontal-3,Q,Q,Q,Q,dynamic,0,msl-dynamic/bone_vector126/Q/S15-Q-frontal-3.npy,0,ok,train
S15-Q-frontal-4,Q,Q,Q,Q,dynamic,0,msl-dynamic/bone_vector126/Q/S15-Q-frontal-4.npy,0,ok,train
S15-Q-frontal-5,Q,Q,Q,Q,dynamic,0,msl-dynamic/bone_vector126/Q/S15-Q-frontal-5.npy,0,ok,train
S15-X-frontal-1,X,X,X,X,dynamic,0,msl-dynamic/bone_vector126/X/S15-X-frontal-1.npy,0,ok,train
S15-X-frontal-2,X,X,X,X,dynamic,0,msl-dynamic/bone_vector126/X/S15-X-frontal-2.npy,0,ok,train
S15-X-frontal-3,X,X,X,X,dynamic,0,msl-dynamic/bone_vector126/X/S15-X-frontal-3.npy,0,ok,train
S15-X-frontal-4,X,X,X,X,dynamic,0,msl-dynamic/bone_vector126/X/S15-X-frontal-4.npy,0,ok,train
S15-X-frontal-5,X,X,X,X,dynamic,0,msl-dynamic/bone_vector126/X/S15-X-frontal-5.npy,0,ok,train
S15-Z-frontal-1,Z,Z,Z,Z,dynamic,0,msl-dynamic/bone_vector126/Z/S15-Z-frontal-1.npy,0,ok,train
S15-Z-frontal-2,Z,Z,Z,Z,dynamic,0,msl-dynamic/bone_vector126/Z/S15-Z-frontal-2.npy,0,ok,train
S15-Z-frontal-3,Z,Z,Z,Z,dynamic,0,msl-dynamic/bone_vector126/Z/S15-Z-frontal-3.npy,0,ok,train
S15-Z-frontal-4,Z,Z,Z,Z,dynamic,0,msl-dynamic/bone_vector126/Z/S15-Z-frontal-4.npy,0,ok,train
S15-Z-frontal-5,Z,Z,Z,Z,dynamic,0,msl-dynamic/bone_vector126/Z/S15-Z-frontal-5.npy,0,ok,train
S15-Ñ-frontal-1,Ñ,Ñ,Ñ,Ñ,dynamic,0,msl-dynamic/bone_vector126/Ñ/S15-Ñ-frontal-1.npy,0,ok,train
S15-Ñ-frontal-2,Ñ,Ñ,Ñ,Ñ,dynamic,0,msl-dynamic/bone_vector126/Ñ/S15-Ñ-frontal-2.npy,0,ok,train
S15-Ñ-frontal-3,Ñ,Ñ,Ñ,Ñ,dynamic,0,msl-dynamic/bone_vector126/Ñ/S15-Ñ-frontal-3.npy,0,ok,train
S15-Ñ-frontal-4,Ñ,Ñ,Ñ,Ñ,dynamic,0,msl-dynamic/bone_vector126/Ñ/S15-Ñ-frontal-4.npy,0,ok,train
S15-Ñ-frontal-5,Ñ,Ñ,Ñ,Ñ,dynamic,0,msl-dynamic/bone_vector126/Ñ/S15-Ñ-frontal-5.npy,0,ok,train
S16-J-frontal-1,J,J,J,J,dynamic,0,msl-dynamic/bone_vector126/J/S16-J-frontal-1.npy,0,ok,train
S16-J-frontal-2,J,J,J,J,dynamic,0,msl-dynamic/bone_vector126/J/S16-J-frontal-2.npy,0,ok,train
S16-J-frontal-3,J,J,J,J,dynamic,0,msl-dynamic/bone_vector126/J/S16-J-frontal-3.npy,0,ok,train
S16-J-frontal-4,J,J,J,J,dynamic,0,msl-dynamic/bone_vector126/J/S16-J-frontal-4.npy,0,ok,train
S16-J-frontal-5,J,J,J,J,dynamic,0,msl-dynamic/bone_vector126/J/S16-J-frontal-5.npy,0,ok,train
S16-K-frontal-1,K,K,K,K,dynamic,0,msl-dynamic/bone_vector126/K/S16-K-frontal-1.npy,0,ok,train
S16-K-frontal-2,K,K,K,K,dynamic,0,msl-dynamic/bone_vector126/K/S16-K-frontal-2.npy,0,ok,train
S16-K-frontal-3,K,K,K,K,dynamic,0,msl-dynamic/bone_vector126/K/S16-K-frontal-3.npy,0,ok,train
S16-K-frontal-4,K,K,K,K,dynamic,0,msl-dynamic/bone_vector126/K/S16-K-frontal-4.npy,0,ok,train
S16-K-frontal-5,K,K,K,K,dynamic,0,msl-dynamic/bone_vector126/K/S16-K-frontal-5.npy,0,ok,train
S16-Q-frontal-1,Q,Q,Q,Q,dynamic,0,msl-dynamic/bone_vector126/Q/S16-Q-frontal-1.npy,0,ok,train
S16-Q-frontal-2,Q,Q,Q,Q,dynamic,0,msl-dynamic/bone_vector126/Q/S16-Q-frontal-2.npy,0,ok,train
S16-Q-frontal-3,Q,Q,Q,Q,dynamic,0,msl-dynamic/bone_vector126/Q/S16-Q-frontal-3.npy,0,ok,train
S16-Q-frontal-4,Q,Q,Q,Q,dynamic,0,msl-dynamic/bone_vector126/Q/S16-Q-frontal-4.npy,0,ok,train
S16-Q-frontal-5,Q,Q,Q,Q,dynamic,0,msl-dynamic/bone_vector126/Q/S16-Q-frontal-5.npy,0,ok,train
S16-X-frontal-1,X,X,X,X,dynamic,0,msl-dynamic/bone_vector126/X/S16-X-frontal-1.npy,0,ok,train
S16-X-frontal-2,X,X,X,X,dynamic,0,msl-dynamic/bone_vector126/X/S16-X-frontal-2.npy,0,ok,train
S16-X-frontal-3,X,X,X,X,dynamic,0,msl-dynamic/bone_vector126/X/S16-X-frontal-3.npy,0,ok,train
S16-X-frontal-4,X,X,X,X,dynamic,0,msl-dynamic/bone_vector126/X/S16-X-frontal-4.npy,0,ok,train
S16-X-frontal-5,X,X,X,X,dynamic,0,msl-dynamic/bone_vector126/X/S16-X-frontal-5.npy,0,ok,train
S16-Z-frontal-1,Z,Z,Z,Z,dynamic,0,msl-dynamic/bone_vector126/Z/S16-Z-frontal-1.npy,0,ok,train
S16-Z-frontal-2,Z,Z,Z,Z,dynamic,0,msl-dynamic/bone_vector126/Z/S16-Z-frontal-2.npy,0,ok,train
S16-Z-frontal-3,Z,Z,Z,Z,dynamic,0,msl-dynamic/bone_vector126/Z/S16-Z-frontal-3.npy,0,ok,train
S16-Z-frontal-4,Z,Z,Z,Z,dynamic,0,msl-dynamic/bone_vector126/Z/S16-Z-frontal-4.npy,0,ok,train
S16-Z-frontal-5,Z,Z,Z,Z,dynamic,0,msl-dynamic/bone_vector126/Z/S16-Z-frontal-5.npy,0,ok,train
S16-Ñ-frontal-1,Ñ,Ñ,Ñ,Ñ,dynamic,0,msl-dynamic/bone_vector126/Ñ/S16-Ñ-frontal-1.npy,0,ok,train
S16-Ñ-frontal-2,Ñ,Ñ,Ñ,Ñ,dynamic,0,msl-dynamic/bone_vector126/Ñ/S16-Ñ-frontal-2.npy,0,ok,train
S16-Ñ-frontal-3,Ñ,Ñ,Ñ,Ñ,dynamic,0,msl-dynamic/bone_vector126/Ñ/S16-Ñ-frontal-3.npy,0,ok,train
S16-Ñ-frontal-4,Ñ,Ñ,Ñ,Ñ,dynamic,0,msl-dynamic/bone_vector126/Ñ/S16-Ñ-frontal-4.npy,0,ok,train
S16-Ñ-frontal-5,Ñ,Ñ,Ñ,Ñ,dynamic,0,msl-dynamic/bone_vector126/Ñ/S16-Ñ-frontal-5.npy,0,ok,train
S17-J-frontal-1,J,J,J,J,dynamic,0,msl-dynamic/bone_vector126/J/S17-J-frontal-1.npy,0,ok,validation
S17-J-frontal-2,J,J,J,J,dynamic,0,msl-dynamic/bone_vector126/J/S17-J-frontal-2.npy,0,ok,validation
S17-J-frontal-3,J,J,J,J,dynamic,0,msl-dynamic/bone_vector126/J/S17-J-frontal-3.npy,0,ok,validation
S17-J-frontal-4,J,J,J,J,dynamic,0,msl-dynamic/bone_vector126/J/S17-J-frontal-4.npy,0,ok,validation
S17-J-frontal-5,J,J,J,J,dynamic,0,msl-dynamic/bone_vector126/J/S17-J-frontal-5.npy,0,ok,validation
S17-K-frontal-1,K,K,K,K,dynamic,0,msl-dynamic/bone_vector126/K/S17-K-frontal-1.npy,0,ok,validation
S17-K-frontal-2,K,K,K,K,dynamic,0,msl-dynamic/bone_vector126/K/S17-K-frontal-2.npy,0,ok,validation
S17-K-frontal-3,K,K,K,K,dynamic,0,msl-dynamic/bone_vector126/K/S17-K-frontal-3.npy,0,ok,validation
S17-K-frontal-4,K,K,K,K,dynamic,0,msl-dynamic/bone_vector126/K/S17-K-frontal-4.npy,0,ok,validation
S17-K-frontal-5,K,K,K,K,dynamic,0,msl-dynamic/bone_vector126/K/S17-K-frontal-5.npy,0,ok,validation
S17-Q-frontal-1,Q,Q,Q,Q,dynamic,0,msl-dynamic/bone_vector126/Q/S17-Q-frontal-1.npy,0,ok,validation
S17-Q-frontal-2,Q,Q,Q,Q,dynamic,0,msl-dynamic/bone_vector126/Q/S17-Q-frontal-2.npy,0,ok,validation
S17-Q-frontal-3,Q,Q,Q,Q,dynamic,0,msl-dynamic/bone_vector126/Q/S17-Q-frontal-3.npy,0,ok,validation
S17-Q-frontal-4,Q,Q,Q,Q,dynamic,0,msl-dynamic/bone_vector126/Q/S17-Q-frontal-4.npy,0,ok,validation
S17-Q-frontal-5,Q,Q,Q,Q,dynamic,0,msl-dynamic/bone_vector126/Q/S17-Q-frontal-5.npy,0,ok,validation
S17-X-frontal-1,X,X,X,X,dynamic,0,msl-dynamic/bone_vector126/X/S17-X-frontal-1.npy,0,ok,validation
S17-X-frontal-2,X,X,X,X,dynamic,0,msl-dynamic/bone_vector126/X/S17-X-frontal-2.npy,0,ok,validation
S17-X-frontal-3,X,X,X,X,dynamic,0,msl-dynamic/bone_vector126/X/S17-X-frontal-3.npy,0,ok,validation
S17-X-frontal-4,X,X,X,X,dynamic,0,msl-dynamic/bone_vector126/X/S17-X-frontal-4.npy,0,ok,validation
S17-X-frontal-5,X,X,X,X,dynamic,0,msl-dynamic/bone_vector126/X/S17-X-frontal-5.npy,0,ok,validation
S17-Z-frontal-1,Z,Z,Z,Z,dynamic,0,msl-dynamic/bone_vector126/Z/S17-Z-frontal-1.npy,0,ok,validation
S17-Z-frontal-2,Z,Z,Z,Z,dynamic,0,msl-dynamic/bone_vector126/Z/S17-Z-frontal-2.npy,0,ok,validation
S17-Z-frontal-3,Z,Z,Z,Z,dynamic,0,msl-dynamic/bone_vector126/Z/S17-Z-frontal-3.npy,0,ok,validation
S17-Z-frontal-4,Z,Z,Z,Z,dynamic,0,msl-dynamic/bone_vector126/Z/S17-Z-frontal-4.npy,0,ok,validation
S17-Z-frontal-5,Z,Z,Z,Z,dynamic,0,msl-dynamic/bone_vector126/Z/S17-Z-frontal-5.npy,0,ok,validation
S17-Ñ-frontal-1,Ñ,Ñ,Ñ,Ñ,dynamic,0,msl-dynamic/bone_vector126/Ñ/S17-Ñ-frontal-1.npy,0,ok,validation
S17-Ñ-frontal-2,Ñ,Ñ,Ñ,Ñ,dynamic,0,msl-dynamic/bone_vector126/Ñ/S17-Ñ-frontal-2.npy,0,ok,validation
S17-Ñ-frontal-3,Ñ,Ñ,Ñ,Ñ,dynamic,0,msl-dynamic/bone_vector126/Ñ/S17-Ñ-frontal-3.npy,0,ok,validation
S17-Ñ-frontal-4,Ñ,Ñ,Ñ,Ñ,dynamic,0,msl-dynamic/bone_vector126/Ñ/S17-Ñ-frontal-4.npy,0,ok,validation
S17-Ñ-frontal-5,Ñ,Ñ,Ñ,Ñ,dynamic,0,msl-dynamic/bone_vector126/Ñ/S17-Ñ-frontal-5.npy,0,ok,validation
S18-J-frontal-1,J,J,J,J,dynamic,0,msl-dynamic/bone_vector126/J/S18-J-frontal-1.npy,0,ok,validation
S18-J-frontal-2,J,J,J,J,dynamic,0,msl-dynamic/bone_vector126/J/S18-J-frontal-2.npy,0,ok,validation
S18-J-frontal-3,J,J,J,J,dynamic,0,msl-dynamic/bone_vector126/J/S18-J-frontal-3.npy,0,ok,validation
S18-J-frontal-4,J,J,J,J,dynamic,0,msl-dynamic/bone_vector126/J/S18-J-frontal-4.npy,0,ok,validation
S18-J-frontal-5,J,J,J,J,dynamic,0,msl-dynamic/bone_vector126/J/S18-J-frontal-5.npy,0,ok,validation
S18-K-frontal-1,K,K,K,K,dynamic,0,msl-dynamic/bone_vector126/K/S18-K-frontal-1.npy,0,ok,validation
S18-K-frontal-2,K,K,K,K,dynamic,0,msl-dynamic/bone_vector126/K/S18-K-frontal-2.npy,0,ok,validation
S18-K-frontal-3,K,K,K,K,dynamic,0,msl-dynamic/bone_vector126/K/S18-K-frontal-3.npy,0,ok,validation
S18-K-frontal-4,K,K,K,K,dynamic,0,msl-dynamic/bone_vector126/K/S18-K-frontal-4.npy,0,ok,validation
S18-K-frontal-5,K,K,K,K,dynamic,0,msl-dynamic/bone_vector126/K/S18-K-frontal-5.npy,0,ok,validation
S18-Q-frontal-1,Q,Q,Q,Q,dynamic,0,msl-dynamic/bone_vector126/Q/S18-Q-frontal-1.npy,0,ok,validation
S18-Q-frontal-2,Q,Q,Q,Q,dynamic,0,msl-dynamic/bone_vector126/Q/S18-Q-frontal-2.npy,0,ok,validation
S18-Q-frontal-3,Q,Q,Q,Q,dynamic,0,msl-dynamic/bone_vector126/Q/S18-Q-frontal-3.npy,0,ok,validation
S18-Q-frontal-4,Q,Q,Q,Q,dynamic,0,msl-dynamic/bone_vector126/Q/S18-Q-frontal-4.npy,0,ok,validation
S18-Q-frontal-5,Q,Q,Q,Q,dynamic,0,msl-dynamic/bone_vector126/Q/S18-Q-frontal-5.npy,0,ok,validation
S18-X-frontal-1,X,X,X,X,dynamic,0,msl-dynamic/bone_vector126/X/S18-X-frontal-1.npy,0,ok,validation
S18-X-frontal-2,X,X,X,X,dynamic,0,msl-dynamic/bone_vector126/X/S18-X-frontal-2.npy,0,ok,validation
S18-X-frontal-3,X,X,X,X,dynamic,0,msl-dynamic/bone_vector126/X/S18-X-frontal-3.npy,0,ok,validation
S18-X-frontal-4,X,X,X,X,dynamic,0,msl-dynamic/bone_vector126/X/S18-X-frontal-4.npy,0,ok,validation
S18-X-frontal-5,X,X,X,X,dynamic,0,msl-dynamic/bone_vector126/X/S18-X-frontal-5.npy,0,ok,validation
S18-Z-frontal-1,Z,Z,Z,Z,dynamic,0,msl-dynamic/bone_vector126/Z/S18-Z-frontal-1.npy,0,ok,validation
S18-Z-frontal-3,Z,Z,Z,Z,dynamic,0,msl-dynamic/bone_vector126/Z/S18-Z-frontal-3.npy,0,ok,validation
S18-Z-frontal-4,Z,Z,Z,Z,dynamic,0,msl-dynamic/bone_vector126/Z/S18-Z-frontal-4.npy,0,ok,validation
S18-Z-frontal-5,Z,Z,Z,Z,dynamic,0,msl-dynamic/bone_vector126/Z/S18-Z-frontal-5.npy,0,ok,validation
S18-Z-frontal-6,Z,Z,Z,Z,dynamic,0,msl-dynamic/bone_vector126/Z/S18-Z-frontal-6.npy,0,ok,validation
S18-Ñ-frontal-1,Ñ,Ñ,Ñ,Ñ,dynamic,0,msl-dynamic/bone_vector126/Ñ/S18-Ñ-frontal-1.npy,0,ok,validation
S18-Ñ-frontal-2,Ñ,Ñ,Ñ,Ñ,dynamic,0,msl-dynamic/bone_vector126/Ñ/S18-Ñ-frontal-2.npy,0,ok,validation
S18-Ñ-frontal-3,Ñ,Ñ,Ñ,Ñ,dynamic,0,msl-dynamic/bone_vector126/Ñ/S18-Ñ-frontal-3.npy,0,ok,validation
S18-Ñ-frontal-4,Ñ,Ñ,Ñ,Ñ,dynamic,0,msl-dynamic/bone_vector126/Ñ/S18-Ñ-frontal-4.npy,0,ok,validation
S18-Ñ-frontal-5,Ñ,Ñ,Ñ,Ñ,dynamic,0,msl-dynamic/bone_vector126/Ñ/S18-Ñ-frontal-5.npy,0,ok,validation
S2-J-frontal-1,J,J,J,J,dynamic,0,msl-dynamic/bone_vector126/J/S2-J-frontal-1.npy,0,ok,train
S2-J-frontal-2,J,J,J,J,dynamic,0,msl-dynamic/bone_vector126/J/S2-J-frontal-2.npy,0,ok,train
S2-J-frontal-3,J,J,J,J,dynamic,0,msl-dynamic/bone_vector126/J/S2-J-frontal-3.npy,0,ok,train
S2-J-frontal-4,J,J,J,J,dynamic,0,msl-dynamic/bone_vector126/J/S2-J-frontal-4.npy,0,ok,train
S2-J-frontal-5,J,J,J,J,dynamic,0,msl-dynamic/bone_vector126/J/S2-J-frontal-5.npy,0,ok,train
S2-K-frontal-1,K,K,K,K,dynamic,0,msl-dynamic/bone_vector126/K/S2-K-frontal-1.npy,0,ok,train
S2-K-frontal-2,K,K,K,K,dynamic,0,msl-dynamic/bone_vector126/K/S2-K-frontal-2.npy,0,ok,train
S2-K-frontal-3,K,K,K,K,dynamic,0,msl-dynamic/bone_vector126/K/S2-K-frontal-3.npy,0,ok,train
S2-K-frontal-4,K,K,K,K,dynamic,0,msl-dynamic/bone_vector126/K/S2-K-frontal-4.npy,0,ok,train
S2-K-frontal-5,K,K,K,K,dynamic,0,msl-dynamic/bone_vector126/K/S2-K-frontal-5.npy,0,ok,train
S2-Q-frontal-1,Q,Q,Q,Q,dynamic,0,msl-dynamic/bone_vector126/Q/S2-Q-frontal-1.npy,0,ok,train
S2-Q-frontal-2,Q,Q,Q,Q,dynamic,0,msl-dynamic/bone_vector126/Q/S2-Q-frontal-2.npy,0,ok,train
S2-Q-frontal-3,Q,Q,Q,Q,dynamic,0,msl-dynamic/bone_vector126/Q/S2-Q-frontal-3.npy,0,ok,train
S2-Q-frontal-4,Q,Q,Q,Q,dynamic,0,msl-dynamic/bone_vector126/Q/S2-Q-frontal-4.npy,0,ok,train
S2-Q-frontal-5,Q,Q,Q,Q,dynamic,0,msl-dynamic/bone_vector126/Q/S2-Q-frontal-5.npy,0,ok,train
S2-X-frontal-1,X,X,X,X,dynamic,0,msl-dynamic/bone_vector126/X/S2-X-frontal-1.npy,0,ok,train
S2-X-frontal-2,X,X,X,X,dynamic,0,msl-dynamic/bone_vector126/X/S2-X-frontal-2.npy,0,ok,train
S2-X-frontal-3,X,X,X,X,dynamic,0,msl-dynamic/bone_vector126/X/S2-X-frontal-3.npy,0,ok,train
S2-X-frontal-4,X,X,X,X,dynamic,0,msl-dynamic/bone_vector126/X/S2-X-frontal-4.npy,0,ok,train
S2-X-frontal-5,X,X,X,X,dynamic,0,msl-dynamic/bone_vector126/X/S2-X-frontal-5.npy,0,ok,train
S2-Z-frontal-1,Z,Z,Z,Z,dynamic,0,msl-dynamic/bone_vector126/Z/S2-Z-frontal-1.npy,0,ok,train
S2-Z-frontal-2,Z,Z,Z,Z,dynamic,0,msl-dynamic/bone_vector126/Z/S2-Z-frontal-2.npy,0,ok,train
S2-Z-frontal-3,Z,Z,Z,Z,dynamic,0,msl-dynamic/bone_vector126/Z/S2-Z-frontal-3.npy,0,ok,train
S2-Z-frontal-4,Z,Z,Z,Z,dynamic,0,msl-dynamic/bone_vector126/Z/S2-Z-frontal-4.npy,0,ok,train
S2-Z-frontal-5,Z,Z,Z,Z,dynamic,0,msl-dynamic/bone_vector126/Z/S2-Z-frontal-5.npy,0,ok,train
S2-Ñ-frontal-1,Ñ,Ñ,Ñ,Ñ,dynamic,0,msl-dynamic/bone_vector126/Ñ/S2-Ñ-frontal-1.npy,0,ok,train
S2-Ñ-frontal-2,Ñ,Ñ,Ñ,Ñ,dynamic,0,msl-dynamic/bone_vector126/Ñ/S2-Ñ-frontal-2.npy,0,ok,train
S2-Ñ-frontal-3,Ñ,Ñ,Ñ,Ñ,dynamic,0,msl-dynamic/bone_vector126/Ñ/S2-Ñ-frontal-3.npy,0,ok,train
S2-Ñ-frontal-4,Ñ,Ñ,Ñ,Ñ,dynamic,0,msl-dynamic/bone_vector126/Ñ/S2-Ñ-frontal-4.npy,0,ok,train
S2-Ñ-frontal-5,Ñ,Ñ,Ñ,Ñ,dynamic,0,msl-dynamic/bone_vector126/Ñ/S2-Ñ-frontal-5.npy,0,ok,train
S3-J-frontal-1,J,J,J,J,dynamic,0,msl-dynamic/bone_vector126/J/S3-J-frontal-1.npy,0,ok,train
S3-J-frontal-2,J,J,J,J,dynamic,0,msl-dynamic/bone_vector126/J/S3-J-frontal-2.npy,0,ok,train
S3-J-frontal-3,J,J,J,J,dynamic,0,msl-dynamic/bone_vector126/J/S3-J-frontal-3.npy,0,ok,train
S3-J-frontal-4,J,J,J,J,dynamic,0,msl-dynamic/bone_vector126/J/S3-J-frontal-4.npy,0,ok,train
S3-J-frontal-5,J,J,J,J,dynamic,0,msl-dynamic/bone_vector126/J/S3-J-frontal-5.npy,0,ok,train
S3-J-frontal-6,J,J,J,J,dynamic,0,msl-dynamic/bone_vector126/J/S3-J-frontal-6.npy,0,ok,train
S3-J-frontal-7,J,J,J,J,dynamic,0,msl-dynamic/bone_vector126/J/S3-J-frontal-7.npy,0,ok,train
S3-K-frontal-1,K,K,K,K,dynamic,0,msl-dynamic/bone_vector126/K/S3-K-frontal-1.npy,0,ok,train
S3-K-frontal-2,K,K,K,K,dynamic,0,msl-dynamic/bone_vector126/K/S3-K-frontal-2.npy,0,ok,train
S3-K-frontal-3,K,K,K,K,dynamic,0,msl-dynamic/bone_vector126/K/S3-K-frontal-3.npy,0,ok,train
S3-K-frontal-4,K,K,K,K,dynamic,0,msl-dynamic/bone_vector126/K/S3-K-frontal-4.npy,0,ok,train
S3-K-frontal-5,K,K,K,K,dynamic,0,msl-dynamic/bone_vector126/K/S3-K-frontal-5.npy,0,ok,train
S3-Q-frontal-1,Q,Q,Q,Q,dynamic,0,msl-dynamic/bone_vector126/Q/S3-Q-frontal-1.npy,0,ok,train
S3-Q-frontal-2,Q,Q,Q,Q,dynamic,0,msl-dynamic/bone_vector126/Q/S3-Q-frontal-2.npy,0,ok,train
S3-Q-frontal-3,Q,Q,Q,Q,dynamic,0,msl-dynamic/bone_vector126/Q/S3-Q-frontal-3.npy,0,ok,train
S3-Q-frontal-4,Q,Q,Q,Q,dynamic,0,msl-dynamic/bone_vector126/Q/S3-Q-frontal-4.npy,0,ok,train
S3-Q-frontal-5,Q,Q,Q,Q,dynamic,0,msl-dynamic/bone_vector126/Q/S3-Q-frontal-5.npy,0,ok,train
S3-X-frontal-1,X,X,X,X,dynamic,0,msl-dynamic/bone_vector126/X/S3-X-frontal-1.npy,0,ok,train
S3-X-frontal-2,X,X,X,X,dynamic,0,msl-dynamic/bone_vector126/X/S3-X-frontal-2.npy,0,ok,train
S3-X-frontal-3,X,X,X,X,dynamic,0,msl-dynamic/bone_vector126/X/S3-X-frontal-3.npy,0,ok,train
S3-X-frontal-4,X,X,X,X,dynamic,0,msl-dynamic/bone_vector126/X/S3-X-frontal-4.npy,0,ok,train
S3-X-frontal-5,X,X,X,X,dynamic,0,msl-dynamic/bone_vector126/X/S3-X-frontal-5.npy,0,ok,train
S3-Z-frontal-1,Z,Z,Z,Z,dynamic,0,msl-dynamic/bone_vector126/Z/S3-Z-frontal-1.npy,0,ok,train
S3-Z-frontal-2,Z,Z,Z,Z,dynamic,0,msl-dynamic/bone_vector126/Z/S3-Z-frontal-2.npy,0,ok,train
S3-Z-frontal-3,Z,Z,Z,Z,dynamic,0,msl-dynamic/bone_vector126/Z/S3-Z-frontal-3.npy,0,ok,train
S3-Z-frontal-4,Z,Z,Z,Z,dynamic,0,msl-dynamic/bone_vector126/Z/S3-Z-frontal-4.npy,0,ok,train
S3-Z-frontal-5,Z,Z,Z,Z,dynamic,0,msl-dynamic/bone_vector126/Z/S3-Z-frontal-5.npy,0,ok,train
S3-Z-frontal-6,Z,Z,Z,Z,dynamic,0,msl-dynamic/bone_vector126/Z/S3-Z-frontal-6.npy,0,ok,train
S3-Ñ-frontal-1,Ñ,Ñ,Ñ,Ñ,dynamic,0,msl-dynamic/bone_vector126/Ñ/S3-Ñ-frontal-1.npy,0,ok,train
S3-Ñ-frontal-2,Ñ,Ñ,Ñ,Ñ,dynamic,0,msl-dynamic/bone_vector126/Ñ/S3-Ñ-frontal-2.npy,0,ok,train
S3-Ñ-frontal-3,Ñ,Ñ,Ñ,Ñ,dynamic,0,msl-dynamic/bone_vector126/Ñ/S3-Ñ-frontal-3.npy,0,ok,train
S3-Ñ-frontal-4,Ñ,Ñ,Ñ,Ñ,dynamic,0,msl-dynamic/bone_vector126/Ñ/S3-Ñ-frontal-4.npy,0,ok,train
S3-Ñ-frontal-5,Ñ,Ñ,Ñ,Ñ,dynamic,0,msl-dynamic/bone_vector126/Ñ/S3-Ñ-frontal-5.npy,0,ok,train
S3-Ñ-frontal-6,Ñ,Ñ,Ñ,Ñ,dynamic,0,msl-dynamic/bone_vector126/Ñ/S3-Ñ-frontal-6.npy,0,ok,train
S4-J-frontal-1,J,J,J,J,dynamic,0,msl-dynamic/bone_vector126/J/S4-J-frontal-1.npy,0,ok,train
S4-J-frontal-2,J,J,J,J,dynamic,0,msl-dynamic/bone_vector126/J/S4-J-frontal-2.npy,0,ok,train
S4-J-frontal-3,J,J,J,J,dynamic,0,msl-dynamic/bone_vector126/J/S4-J-frontal-3.npy,0,ok,train
S4-J-frontal-4,J,J,J,J,dynamic,0,msl-dynamic/bone_vector126/J/S4-J-frontal-4.npy,0,ok,train
S4-J-frontal-5,J,J,J,J,dynamic,0,msl-dynamic/bone_vector126/J/S4-J-frontal-5.npy,0,ok,train
S4-K-frontal-1,K,K,K,K,dynamic,0,msl-dynamic/bone_vector126/K/S4-K-frontal-1.npy,0,ok,train
S4-K-frontal-2,K,K,K,K,dynamic,0,msl-dynamic/bone_vector126/K/S4-K-frontal-2.npy,0,ok,train
S4-K-frontal-3,K,K,K,K,dynamic,0,msl-dynamic/bone_vector126/K/S4-K-frontal-3.npy,0,ok,train
S4-K-frontal-4,K,K,K,K,dynamic,0,msl-dynamic/bone_vector126/K/S4-K-frontal-4.npy,0,ok,train
S4-K-frontal-5,K,K,K,K,dynamic,0,msl-dynamic/bone_vector126/K/S4-K-frontal-5.npy,0,ok,train
S4-K-frontal-6,K,K,K,K,dynamic,0,msl-dynamic/bone_vector126/K/S4-K-frontal-6.npy,0,ok,train
S4-Q-frontal-1,Q,Q,Q,Q,dynamic,0,msl-dynamic/bone_vector126/Q/S4-Q-frontal-1.npy,0,ok,train
S4-Q-frontal-2,Q,Q,Q,Q,dynamic,0,msl-dynamic/bone_vector126/Q/S4-Q-frontal-2.npy,0,ok,train
S4-Q-frontal-3,Q,Q,Q,Q,dynamic,0,msl-dynamic/bone_vector126/Q/S4-Q-frontal-3.npy,0,ok,train
S4-Q-frontal-4,Q,Q,Q,Q,dynamic,0,msl-dynamic/bone_vector126/Q/S4-Q-frontal-4.npy,0,ok,train
S4-Q-frontal-5,Q,Q,Q,Q,dynamic,0,msl-dynamic/bone_vector126/Q/S4-Q-frontal-5.npy,0,ok,train
S4-Q-frontal-6,Q,Q,Q,Q,dynamic,0,msl-dynamic/bone_vector126/Q/S4-Q-frontal-6.npy,0,ok,train
S4-X-frontal-1,X,X,X,X,dynamic,0,msl-dynamic/bone_vector126/X/S4-X-frontal-1.npy,0,ok,train
S4-X-frontal-2,X,X,X,X,dynamic,0,msl-dynamic/bone_vector126/X/S4-X-frontal-2.npy,0,ok,train
S4-X-frontal-3,X,X,X,X,dynamic,0,msl-dynamic/bone_vector126/X/S4-X-frontal-3.npy,0,ok,train
S4-X-frontal-4,X,X,X,X,dynamic,0,msl-dynamic/bone_vector126/X/S4-X-frontal-4.npy,0,ok,train
S4-X-frontal-5,X,X,X,X,dynamic,0,msl-dynamic/bone_vector126/X/S4-X-frontal-5.npy,0,ok,train
S4-X-frontal-6,X,X,X,X,dynamic,0,msl-dynamic/bone_vector126/X/S4-X-frontal-6.npy,0,ok,train
S4-Z-frontal-1,Z,Z,Z,Z,dynamic,0,msl-dynamic/bone_vector126/Z/S4-Z-frontal-1.npy,0,ok,train
S4-Z-frontal-2,Z,Z,Z,Z,dynamic,0,msl-dynamic/bone_vector126/Z/S4-Z-frontal-2.npy,0,ok,train
S4-Z-frontal-3,Z,Z,Z,Z,dynamic,0,msl-dynamic/bone_vector126/Z/S4-Z-frontal-3.npy,0,ok,train
S4-Z-frontal-4,Z,Z,Z,Z,dynamic,0,msl-dynamic/bone_vector126/Z/S4-Z-frontal-4.npy,0,ok,train
S4-Z-frontal-5,Z,Z,Z,Z,dynamic,0,msl-dynamic/bone_vector126/Z/S4-Z-frontal-5.npy,0,ok,train
S4-Ñ-frontal-1,Ñ,Ñ,Ñ,Ñ,dynamic,0,msl-dynamic/bone_vector126/Ñ/S4-Ñ-frontal-1.npy,0,ok,train
S4-Ñ-frontal-2,Ñ,Ñ,Ñ,Ñ,dynamic,0,msl-dynamic/bone_vector126/Ñ/S4-Ñ-frontal-2.npy,0,ok,train
S4-Ñ-frontal-3,Ñ,Ñ,Ñ,Ñ,dynamic,0,msl-dynamic/bone_vector126/Ñ/S4-Ñ-frontal-3.npy,0,ok,train
S4-Ñ-frontal-4,Ñ,Ñ,Ñ,Ñ,dynamic,0,msl-dynamic/bone_vector126/Ñ/S4-Ñ-frontal-4.npy,0,ok,train
S4-Ñ-frontal-5,Ñ,Ñ,Ñ,Ñ,dynamic,0,msl-dynamic/bone_vector126/Ñ/S4-Ñ-frontal-5.npy,0,ok,train
S4-Ñ-frontal-6,Ñ,Ñ,Ñ,Ñ,dynamic,0,msl-dynamic/bone_vector126/Ñ/S4-Ñ-frontal-6.npy,0,ok,train
S5-J-frontal-1,J,J,J,J,dynamic,0,msl-dynamic/bone_vector126/J/S5-J-frontal-1.npy,0,ok,train
S5-J-frontal-2,J,J,J,J,dynamic,0,msl-dynamic/bone_vector126/J/S5-J-frontal-2.npy,0,ok,train
S5-J-frontal-3,J,J,J,J,dynamic,0,msl-dynamic/bone_vector126/J/S5-J-frontal-3.npy,0,ok,train
S5-J-frontal-4,J,J,J,J,dynamic,0,msl-dynamic/bone_vector126/J/S5-J-frontal-4.npy,0,ok,train
S5-J-frontal-5,J,J,J,J,dynamic,0,msl-dynamic/bone_vector126/J/S5-J-frontal-5.npy,0,ok,train
S5-K-frontal-1,K,K,K,K,dynamic,0,msl-dynamic/bone_vector126/K/S5-K-frontal-1.npy,0,ok,train
S5-K-frontal-2,K,K,K,K,dynamic,0,msl-dynamic/bone_vector126/K/S5-K-frontal-2.npy,0,ok,train
S5-K-frontal-3,K,K,K,K,dynamic,0,msl-dynamic/bone_vector126/K/S5-K-frontal-3.npy,0,ok,train
S5-K-frontal-4,K,K,K,K,dynamic,0,msl-dynamic/bone_vector126/K/S5-K-frontal-4.npy,0,ok,train
S5-K-frontal-5,K,K,K,K,dynamic,0,msl-dynamic/bone_vector126/K/S5-K-frontal-5.npy,0,ok,train
S5-K-frontal-6,K,K,K,K,dynamic,0,msl-dynamic/bone_vector126/K/S5-K-frontal-6.npy,0,ok,train
S5-K-frontal-7,K,K,K,K,dynamic,0,msl-dynamic/bone_vector126/K/S5-K-frontal-7.npy,0,ok,train
S5-Q-frontal-1,Q,Q,Q,Q,dynamic,0,msl-dynamic/bone_vector126/Q/S5-Q-frontal-1.npy,0,ok,train
S5-Q-frontal-2,Q,Q,Q,Q,dynamic,0,msl-dynamic/bone_vector126/Q/S5-Q-frontal-2.npy,0,ok,train
S5-Q-frontal-3,Q,Q,Q,Q,dynamic,0,msl-dynamic/bone_vector126/Q/S5-Q-frontal-3.npy,0,ok,train
S5-Q-frontal-4,Q,Q,Q,Q,dynamic,0,msl-dynamic/bone_vector126/Q/S5-Q-frontal-4.npy,0,ok,train
S5-Q-frontal-5,Q,Q,Q,Q,dynamic,0,msl-dynamic/bone_vector126/Q/S5-Q-frontal-5.npy,0,ok,train
S5-X-frontal-1,X,X,X,X,dynamic,0,msl-dynamic/bone_vector126/X/S5-X-frontal-1.npy,0,ok,train
S5-X-frontal-2,X,X,X,X,dynamic,0,msl-dynamic/bone_vector126/X/S5-X-frontal-2.npy,0,ok,train
S5-X-frontal-3,X,X,X,X,dynamic,0,msl-dynamic/bone_vector126/X/S5-X-frontal-3.npy,0,ok,train
S5-X-frontal-4,X,X,X,X,dynamic,0,msl-dynamic/bone_vector126/X/S5-X-frontal-4.npy,0,ok,train
S5-X-frontal-5,X,X,X,X,dynamic,0,msl-dynamic/bone_vector126/X/S5-X-frontal-5.npy,0,ok,train
S5-X-frontal-6,X,X,X,X,dynamic,0,msl-dynamic/bone_vector126/X/S5-X-frontal-6.npy,0,ok,train
S5-Z-frontal-1,Z,Z,Z,Z,dynamic,0,msl-dynamic/bone_vector126/Z/S5-Z-frontal-1.npy,0,ok,train
S5-Z-frontal-2,Z,Z,Z,Z,dynamic,0,msl-dynamic/bone_vector126/Z/S5-Z-frontal-2.npy,0,ok,train
S5-Z-frontal-3,Z,Z,Z,Z,dynamic,0,msl-dynamic/bone_vector126/Z/S5-Z-frontal-3.npy,0,ok,train
S5-Z-frontal-4,Z,Z,Z,Z,dynamic,0,msl-dynamic/bone_vector126/Z/S5-Z-frontal-4.npy,0,ok,train
S5-Z-frontal-5,Z,Z,Z,Z,dynamic,0,msl-dynamic/bone_vector126/Z/S5-Z-frontal-5.npy,0,ok,train
S5-Z-frontal-6,Z,Z,Z,Z,dynamic,0,msl-dynamic/bone_vector126/Z/S5-Z-frontal-6.npy,0,ok,train
S5-Ñ-frontal-1,Ñ,Ñ,Ñ,Ñ,dynamic,0,msl-dynamic/bone_vector126/Ñ/S5-Ñ-frontal-1.npy,0,ok,train
S5-Ñ-frontal-2,Ñ,Ñ,Ñ,Ñ,dynamic,0,msl-dynamic/bone_vector126/Ñ/S5-Ñ-frontal-2.npy,0,ok,train
S5-Ñ-frontal-3,Ñ,Ñ,Ñ,Ñ,dynamic,0,msl-dynamic/bone_vector126/Ñ/S5-Ñ-frontal-3.npy,0,ok,train
S5-Ñ-frontal-4,Ñ,Ñ,Ñ,Ñ,dynamic,0,msl-dynamic/bone_vector126/Ñ/S5-Ñ-frontal-4.npy,0,ok,train
S5-Ñ-frontal-5,Ñ,Ñ,Ñ,Ñ,dynamic,0,msl-dynamic/bone_vector126/Ñ/S5-Ñ-frontal-5.npy,0,ok,train
S5-Ñ-frontal-6,Ñ,Ñ,Ñ,Ñ,dynamic,0,msl-dynamic/bone_vector126/Ñ/S5-Ñ-frontal-6.npy,0,ok,train
S5-Ñ-frontal-7,Ñ,Ñ,Ñ,Ñ,dynamic,0,msl-dynamic/bone_vector126/Ñ/S5-Ñ-frontal-7.npy,0,ok,train
S6-J-frontal-1,J,J,J,J,dynamic,0,msl-dynamic/bone_vector126/J/S6-J-frontal-1.npy,0,ok,train
S6-J-frontal-2,J,J,J,J,dynamic,0,msl-dynamic/bone_vector126/J/S6-J-frontal-2.npy,0,ok,train
S6-J-frontal-3,J,J,J,J,dynamic,0,msl-dynamic/bone_vector126/J/S6-J-frontal-3.npy,0,ok,train
S6-J-frontal-4,J,J,J,J,dynamic,0,msl-dynamic/bone_vector126/J/S6-J-frontal-4.npy,0,ok,train
S6-J-frontal-5,J,J,J,J,dynamic,0,msl-dynamic/bone_vector126/J/S6-J-frontal-5.npy,0,ok,train
S6-K-frontal-1,K,K,K,K,dynamic,0,msl-dynamic/bone_vector126/K/S6-K-frontal-1.npy,0,ok,train
S6-K-frontal-2,K,K,K,K,dynamic,0,msl-dynamic/bone_vector126/K/S6-K-frontal-2.npy,0,ok,train
S6-K-frontal-3,K,K,K,K,dynamic,0,msl-dynamic/bone_vector126/K/S6-K-frontal-3.npy,0,ok,train
S6-K-frontal-4,K,K,K,K,dynamic,0,msl-dynamic/bone_vector126/K/S6-K-frontal-4.npy,0,ok,train
S6-K-frontal-5,K,K,K,K,dynamic,0,msl-dynamic/bone_vector126/K/S6-K-frontal-5.npy,0,ok,train
S6-K-frontal-6,K,K,K,K,dynamic,0,msl-dynamic/bone_vector126/K/S6-K-frontal-6.npy,0,ok,train
S6-Q-frontal-1,Q,Q,Q,Q,dynamic,0,msl-dynamic/bone_vector126/Q/S6-Q-frontal-1.npy,0,ok,train
S6-Q-frontal-2,Q,Q,Q,Q,dynamic,0,msl-dynamic/bone_vector126/Q/S6-Q-frontal-2.npy,0,ok,train
S6-Q-frontal-3,Q,Q,Q,Q,dynamic,0,msl-dynamic/bone_vector126/Q/S6-Q-frontal-3.npy,0,ok,train
S6-Q-frontal-4,Q,Q,Q,Q,dynamic,0,msl-dynamic/bone_vector126/Q/S6-Q-frontal-4.npy,0,ok,train
S6-Q-frontal-5,Q,Q,Q,Q,dynamic,0,msl-dynamic/bone_vector126/Q/S6-Q-frontal-5.npy,0,ok,train
S6-X-frontal-1,X,X,X,X,dynamic,0,msl-dynamic/bone_vector126/X/S6-X-frontal-1.npy,0,ok,train
S6-X-frontal-2,X,X,X,X,dynamic,0,msl-dynamic/bone_vector126/X/S6-X-frontal-2.npy,0,ok,train
S6-X-frontal-3,X,X,X,X,dynamic,0,msl-dynamic/bone_vector126/X/S6-X-frontal-3.npy,0,ok,train
S6-X-frontal-4,X,X,X,X,dynamic,0,msl-dynamic/bone_vector126/X/S6-X-frontal-4.npy,0,ok,train
S6-X-frontal-5,X,X,X,X,dynamic,0,msl-dynamic/bone_vector126/X/S6-X-frontal-5.npy,0,ok,train
S6-Z-frontal-1,Z,Z,Z,Z,dynamic,0,msl-dynamic/bone_vector126/Z/S6-Z-frontal-1.npy,0,ok,train
S6-Z-frontal-2,Z,Z,Z,Z,dynamic,0,msl-dynamic/bone_vector126/Z/S6-Z-frontal-2.npy,0,ok,train
S6-Z-frontal-3,Z,Z,Z,Z,dynamic,0,msl-dynamic/bone_vector126/Z/S6-Z-frontal-3.npy,0,ok,train
S6-Z-frontal-4,Z,Z,Z,Z,dynamic,0,msl-dynamic/bone_vector126/Z/S6-Z-frontal-4.npy,0,ok,train
S6-Z-frontal-5,Z,Z,Z,Z,dynamic,0,msl-dynamic/bone_vector126/Z/S6-Z-frontal-5.npy,0,ok,train
S6-Z-frontal-6,Z,Z,Z,Z,dynamic,0,msl-dynamic/bone_vector126/Z/S6-Z-frontal-6.npy,0,ok,train
S6-Ñ-frontal-1,Ñ,Ñ,Ñ,Ñ,dynamic,0,msl-dynamic/bone_vector126/Ñ/S6-Ñ-frontal-1.npy,0,ok,train
S6-Ñ-frontal-2,Ñ,Ñ,Ñ,Ñ,dynamic,0,msl-dynamic/bone_vector126/Ñ/S6-Ñ-frontal-2.npy,0,ok,train
S6-Ñ-frontal-3,Ñ,Ñ,Ñ,Ñ,dynamic,0,msl-dynamic/bone_vector126/Ñ/S6-Ñ-frontal-3.npy,0,ok,train
S6-Ñ-frontal-4,Ñ,Ñ,Ñ,Ñ,dynamic,0,msl-dynamic/bone_vector126/Ñ/S6-Ñ-frontal-4.npy,0,ok,train
S6-Ñ-frontal-5,Ñ,Ñ,Ñ,Ñ,dynamic,0,msl-dynamic/bone_vector126/Ñ/S6-Ñ-frontal-5.npy,0,ok,train
S6-Ñ-frontal-6,Ñ,Ñ,Ñ,Ñ,dynamic,0,msl-dynamic/bone_vector126/Ñ/S6-Ñ-frontal-6.npy,0,ok,train
S7-J-frontal-1,J,J,J,J,dynamic,0,msl-dynamic/bone_vector126/J/S7-J-frontal-1.npy,0,ok,train
S7-J-frontal-2,J,J,J,J,dynamic,0,msl-dynamic/bone_vector126/J/S7-J-frontal-2.npy,0,ok,train
S7-J-frontal-3,J,J,J,J,dynamic,0,msl-dynamic/bone_vector126/J/S7-J-frontal-3.npy,0,ok,train
S7-J-frontal-4,J,J,J,J,dynamic,0,msl-dynamic/bone_vector126/J/S7-J-frontal-4.npy,0,ok,train
S7-J-frontal-5,J,J,J,J,dynamic,0,msl-dynamic/bone_vector126/J/S7-J-frontal-5.npy,0,ok,train
S7-K-frontal-1,K,K,K,K,dynamic,0,msl-dynamic/bone_vector126/K/S7-K-frontal-1.npy,0,ok,train
S7-K-frontal-2,K,K,K,K,dynamic,0,msl-dynamic/bone_vector126/K/S7-K-frontal-2.npy,0,ok,train
S7-K-frontal-3,K,K,K,K,dynamic,0,msl-dynamic/bone_vector126/K/S7-K-frontal-3.npy,0,ok,train
S7-K-frontal-4,K,K,K,K,dynamic,0,msl-dynamic/bone_vector126/K/S7-K-frontal-4.npy,0,ok,train
S7-K-frontal-5,K,K,K,K,dynamic,0,msl-dynamic/bone_vector126/K/S7-K-frontal-5.npy,0,ok,train
S7-Q-frontal-1,Q,Q,Q,Q,dynamic,0,msl-dynamic/bone_vector126/Q/S7-Q-frontal-1.npy,0,ok,train
S7-Q-frontal-2,Q,Q,Q,Q,dynamic,0,msl-dynamic/bone_vector126/Q/S7-Q-frontal-2.npy,0,ok,train
S7-Q-frontal-3,Q,Q,Q,Q,dynamic,0,msl-dynamic/bone_vector126/Q/S7-Q-frontal-3.npy,0,ok,train
S7-Q-frontal-4,Q,Q,Q,Q,dynamic,0,msl-dynamic/bone_vector126/Q/S7-Q-frontal-4.npy,0,ok,train
S7-Q-frontal-5,Q,Q,Q,Q,dynamic,0,msl-dynamic/bone_vector126/Q/S7-Q-frontal-5.npy,0,ok,train
S7-X-frontal-1,X,X,X,X,dynamic,0,msl-dynamic/bone_vector126/X/S7-X-frontal-1.npy,0,ok,train
S7-X-frontal-2,X,X,X,X,dynamic,0,msl-dynamic/bone_vector126/X/S7-X-frontal-2.npy,0,ok,train
S7-X-frontal-3,X,X,X,X,dynamic,0,msl-dynamic/bone_vector126/X/S7-X-frontal-3.npy,0,ok,train
S7-X-frontal-4,X,X,X,X,dynamic,0,msl-dynamic/bone_vector126/X/S7-X-frontal-4.npy,0,ok,train
S7-X-frontal-5,X,X,X,X,dynamic,0,msl-dynamic/bone_vector126/X/S7-X-frontal-5.npy,0,ok,train
S7-Z-frontal-1,Z,Z,Z,Z,dynamic,0,msl-dynamic/bone_vector126/Z/S7-Z-frontal-1.npy,0,ok,train
S7-Z-frontal-2,Z,Z,Z,Z,dynamic,0,msl-dynamic/bone_vector126/Z/S7-Z-frontal-2.npy,0,ok,train
S7-Z-frontal-3,Z,Z,Z,Z,dynamic,0,msl-dynamic/bone_vector126/Z/S7-Z-frontal-3.npy,0,ok,train
S7-Z-frontal-4,Z,Z,Z,Z,dynamic,0,msl-dynamic/bone_vector126/Z/S7-Z-frontal-4.npy,0,ok,train
S7-Z-frontal-5,Z,Z,Z,Z,dynamic,0,msl-dynamic/bone_vector126/Z/S7-Z-frontal-5.npy,0,ok,train
S7-Ñ-frontal-1,Ñ,Ñ,Ñ,Ñ,dynamic,0,msl-dynamic/bone_vector126/Ñ/S7-Ñ-frontal-1.npy,0,ok,train
S7-Ñ-frontal-2,Ñ,Ñ,Ñ,Ñ,dynamic,0,msl-dynamic/bone_vector126/Ñ/S7-Ñ-frontal-2.npy,0,ok,train
S7-Ñ-frontal-3,Ñ,Ñ,Ñ,Ñ,dynamic,0,msl-dynamic/bone_vector126/Ñ/S7-Ñ-frontal-3.npy,0,ok,train
S7-Ñ-frontal-4,Ñ,Ñ,Ñ,Ñ,dynamic,0,msl-dynamic/bone_vector126/Ñ/S7-Ñ-frontal-4.npy,0,ok,train
S7-Ñ-frontal-5,Ñ,Ñ,Ñ,Ñ,dynamic,0,msl-dynamic/bone_vector126/Ñ/S7-Ñ-frontal-5.npy,0,ok,train
S8-J-frontal-1,J,J,J,J,dynamic,0,msl-dynamic/bone_vector126/J/S8-J-frontal-1.npy,0,ok,train
S8-J-frontal-2,J,J,J,J,dynamic,0,msl-dynamic/bone_vector126/J/S8-J-frontal-2.npy,0,ok,train
S8-J-frontal-3,J,J,J,J,dynamic,0,msl-dynamic/bone_vector126/J/S8-J-frontal-3.npy,0,ok,train
S8-J-frontal-4,J,J,J,J,dynamic,0,msl-dynamic/bone_vector126/J/S8-J-frontal-4.npy,0,ok,train
S8-J-frontal-5,J,J,J,J,dynamic,0,msl-dynamic/bone_vector126/J/S8-J-frontal-5.npy,0,ok,train
S8-K-frontal-1,K,K,K,K,dynamic,0,msl-dynamic/bone_vector126/K/S8-K-frontal-1.npy,0,ok,train
S8-K-frontal-2,K,K,K,K,dynamic,0,msl-dynamic/bone_vector126/K/S8-K-frontal-2.npy,0,ok,train
S8-K-frontal-3,K,K,K,K,dynamic,0,msl-dynamic/bone_vector126/K/S8-K-frontal-3.npy,0,ok,train
S8-K-frontal-4,K,K,K,K,dynamic,0,msl-dynamic/bone_vector126/K/S8-K-frontal-4.npy,0,ok,train
S8-K-frontal-5,K,K,K,K,dynamic,0,msl-dynamic/bone_vector126/K/S8-K-frontal-5.npy,0,ok,train
S8-Q-frontal-1,Q,Q,Q,Q,dynamic,0,msl-dynamic/bone_vector126/Q/S8-Q-frontal-1.npy,0,ok,train
S8-Q-frontal-2,Q,Q,Q,Q,dynamic,0,msl-dynamic/bone_vector126/Q/S8-Q-frontal-2.npy,0,ok,train
S8-Q-frontal-3,Q,Q,Q,Q,dynamic,0,msl-dynamic/bone_vector126/Q/S8-Q-frontal-3.npy,0,ok,train
S8-Q-frontal-4,Q,Q,Q,Q,dynamic,0,msl-dynamic/bone_vector126/Q/S8-Q-frontal-4.npy,0,ok,train
S8-Q-frontal-5,Q,Q,Q,Q,dynamic,0,msl-dynamic/bone_vector126/Q/S8-Q-frontal-5.npy,0,ok,train
S8-X-frontal-1,X,X,X,X,dynamic,0,msl-dynamic/bone_vector126/X/S8-X-frontal-1.npy,0,ok,train
S8-X-frontal-2,X,X,X,X,dynamic,0,msl-dynamic/bone_vector126/X/S8-X-frontal-2.npy,0,ok,train
S8-X-frontal-3,X,X,X,X,dynamic,0,msl-dynamic/bone_vector126/X/S8-X-frontal-3.npy,0,ok,train
S8-X-frontal-4,X,X,X,X,dynamic,0,msl-dynamic/bone_vector126/X/S8-X-frontal-4.npy,0,ok,train
S8-X-frontal-5,X,X,X,X,dynamic,0,msl-dynamic/bone_vector126/X/S8-X-frontal-5.npy,0,ok,train
S8-Z-frontal-1,Z,Z,Z,Z,dynamic,0,msl-dynamic/bone_vector126/Z/S8-Z-frontal-1.npy,0,ok,train
S8-Z-frontal-2,Z,Z,Z,Z,dynamic,0,msl-dynamic/bone_vector126/Z/S8-Z-frontal-2.npy,0,ok,train
S8-Z-frontal-3,Z,Z,Z,Z,dynamic,0,msl-dynamic/bone_vector126/Z/S8-Z-frontal-3.npy,0,ok,train
S8-Z-frontal-4,Z,Z,Z,Z,dynamic,0,msl-dynamic/bone_vector126/Z/S8-Z-frontal-4.npy,0,ok,train
S8-Z-frontal-5,Z,Z,Z,Z,dynamic,0,msl-dynamic/bone_vector126/Z/S8-Z-frontal-5.npy,0,ok,train
S8-Ñ-frontal-1,Ñ,Ñ,Ñ,Ñ,dynamic,0,msl-dynamic/bone_vector126/Ñ/S8-Ñ-frontal-1.npy,0,ok,train
S8-Ñ-frontal-2,Ñ,Ñ,Ñ,Ñ,dynamic,0,msl-dynamic/bone_vector126/Ñ/S8-Ñ-frontal-2.npy,0,ok,train
S8-Ñ-frontal-3,Ñ,Ñ,Ñ,Ñ,dynamic,0,msl-dynamic/bone_vector126/Ñ/S8-Ñ-frontal-3.npy,0,ok,train
S8-Ñ-frontal-4,Ñ,Ñ,Ñ,Ñ,dynamic,0,msl-dynamic/bone_vector126/Ñ/S8-Ñ-frontal-4.npy,0,ok,train
S8-Ñ-frontal-5,Ñ,Ñ,Ñ,Ñ,dynamic,0,msl-dynamic/bone_vector126/Ñ/S8-Ñ-frontal-5.npy,0,ok,train
S9-J-frontal-1,J,J,J,J,dynamic,0,msl-dynamic/bone_vector126/J/S9-J-frontal-1.npy,0,ok,train
S9-J-frontal-2,J,J,J,J,dynamic,0,msl-dynamic/bone_vector126/J/S9-J-frontal-2.npy,0,ok,train
S9-J-frontal-3,J,J,J,J,dynamic,0,msl-dynamic/bone_vector126/J/S9-J-frontal-3.npy,0,ok,train
S9-J-frontal-4,J,J,J,J,dynamic,0,msl-dynamic/bone_vector126/J/S9-J-frontal-4.npy,0,ok,train
S9-J-frontal-5,J,J,J,J,dynamic,0,msl-dynamic/bone_vector126/J/S9-J-frontal-5.npy,0,ok,train
S9-K-frontal-1,K,K,K,K,dynamic,0,msl-dynamic/bone_vector126/K/S9-K-frontal-1.npy,0,ok,train
S9-K-frontal-2,K,K,K,K,dynamic,0,msl-dynamic/bone_vector126/K/S9-K-frontal-2.npy,0,ok,train
S9-K-frontal-3,K,K,K,K,dynamic,0,msl-dynamic/bone_vector126/K/S9-K-frontal-3.npy,0,ok,train
S9-K-frontal-4,K,K,K,K,dynamic,0,msl-dynamic/bone_vector126/K/S9-K-frontal-4.npy,0,ok,train
S9-K-frontal-5,K,K,K,K,dynamic,0,msl-dynamic/bone_vector126/K/S9-K-frontal-5.npy,0,ok,train
S9-Q-frontal-1,Q,Q,Q,Q,dynamic,0,msl-dynamic/bone_vector126/Q/S9-Q-frontal-1.npy,0,ok,train
S9-Q-frontal-2,Q,Q,Q,Q,dynamic,0,msl-dynamic/bone_vector126/Q/S9-Q-frontal-2.npy,0,ok,train
S9-Q-frontal-3,Q,Q,Q,Q,dynamic,0,msl-dynamic/bone_vector126/Q/S9-Q-frontal-3.npy,0,ok,train
S9-Q-frontal-4,Q,Q,Q,Q,dynamic,0,msl-dynamic/bone_vector126/Q/S9-Q-frontal-4.npy,0,ok,train
S9-Q-frontal-5,Q,Q,Q,Q,dynamic,0,msl-dynamic/bone_vector126/Q/S9-Q-frontal-5.npy,0,ok,train
S9-X-frontal-1,X,X,X,X,dynamic,0,msl-dynamic/bone_vector126/X/S9-X-frontal-1.npy,0,ok,train
S9-X-frontal-2,X,X,X,X,dynamic,0,msl-dynamic/bone_vector126/X/S9-X-frontal-2.npy,0,ok,train
S9-X-frontal-3,X,X,X,X,dynamic,0,msl-dynamic/bone_vector126/X/S9-X-frontal-3.npy,0,ok,train
S9-X-frontal-4,X,X,X,X,dynamic,0,msl-dynamic/bone_vector126/X/S9-X-frontal-4.npy,0,ok,train
S9-X-frontal-5,X,X,X,X,dynamic,0,msl-dynamic/bone_vector126/X/S9-X-frontal-5.npy,0,ok,train
S9-Z-frontal-1,Z,Z,Z,Z,dynamic,0,msl-dynamic/bone_vector126/Z/S9-Z-frontal-1.npy,0,ok,train
S9-Z-frontal-2,Z,Z,Z,Z,dynamic,0,msl-dynamic/bone_vector126/Z/S9-Z-frontal-2.npy,0,ok,train
S9-Z-frontal-3,Z,Z,Z,Z,dynamic,0,msl-dynamic/bone_vector126/Z/S9-Z-frontal-3.npy,0,ok,train
S9-Z-frontal-4,Z,Z,Z,Z,dynamic,0,msl-dynamic/bone_vector126/Z/S9-Z-frontal-4.npy,0,ok,train
S9-Z-frontal-5,Z,Z,Z,Z,dynamic,0,msl-dynamic/bone_vector126/Z/S9-Z-frontal-5.npy,0,ok,train
S9-Ñ-frontal-1,Ñ,Ñ,Ñ,Ñ,dynamic,0,msl-dynamic/bone_vector126/Ñ/S9-Ñ-frontal-1.npy,0,ok,train
S9-Ñ-frontal-2,Ñ,Ñ,Ñ,Ñ,dynamic,0,msl-dynamic/bone_vector126/Ñ/S9-Ñ-frontal-2.npy,0,ok,train
S9-Ñ-frontal-3,Ñ,Ñ,Ñ,Ñ,dynamic,0,msl-dynamic/bone_vector126/Ñ/S9-Ñ-frontal-3.npy,0,ok,train
S9-Ñ-frontal-4,Ñ,Ñ,Ñ,Ñ,dynamic,0,msl-dynamic/bone_vector126/Ñ/S9-Ñ-frontal-4.npy,0,ok,train
S9-Ñ-frontal-5,Ñ,Ñ,Ñ,Ñ,dynamic,0,msl-dynamic/bone_vector126/Ñ/S9-Ñ-frontal-5.npy,0,ok,train
S19-J-perfil-1,J,J,J,J,dynamic,0,msl-dynamic/bone_vector126/J/S19-J-perfil-1.npy,0,ok,test
S19-J-perfil-2,J,J,J,J,dynamic,0,msl-dynamic/bone_vector126/J/S19-J-perfil-2.npy,0,ok,test
S19-J-perfil-3,J,J,J,J,dynamic,0,msl-dynamic/bone_vector126/J/S19-J-perfil-3.npy,0,ok,test
S19-J-perfil-4,J,J,J,J,dynamic,0,msl-dynamic/bone_vector126/J/S19-J-perfil-4.npy,0,ok,test
S19-J-perfil-5,J,J,J,J,dynamic,0,msl-dynamic/bone_vector126/J/S19-J-perfil-5.npy,0,ok,test
S19-K-perfil-1,K,K,K,K,dynamic,0,msl-dynamic/bone_vector126/K/S19-K-perfil-1.npy,0,ok,test
S19-K-perfil-2,K,K,K,K,dynamic,0,msl-dynamic/bone_vector126/K/S19-K-perfil-2.npy,0,ok,test
S19-K-perfil-3,K,K,K,K,dynamic,0,msl-dynamic/bone_vector126/K/S19-K-perfil-3.npy,0,ok,test
S19-K-perfil-4,K,K,K,K,dynamic,0,msl-dynamic/bone_vector126/K/S19-K-perfil-4.npy,0,ok,test
S19-K-perfil-5,K,K,K,K,dynamic,0,msl-dynamic/bone_vector126/K/S19-K-perfil-5.npy,0,ok,test
S19-Q-perfil-1,Q,Q,Q,Q,dynamic,0,msl-dynamic/bone_vector126/Q/S19-Q-perfil-1.npy,0,ok,test
S19-Q-perfil-2,Q,Q,Q,Q,dynamic,0,msl-dynamic/bone_vector126/Q/S19-Q-perfil-2.npy,0,ok,test
S19-Q-perfil-3,Q,Q,Q,Q,dynamic,0,msl-dynamic/bone_vector126/Q/S19-Q-perfil-3.npy,0,ok,test
S19-Q-perfil-4,Q,Q,Q,Q,dynamic,0,msl-dynamic/bone_vector126/Q/S19-Q-perfil-4.npy,0,ok,test
S19-Q-perfil-5,Q,Q,Q,Q,dynamic,0,msl-dynamic/bone_vector126/Q/S19-Q-perfil-5.npy,0,ok,test
S19-X-perfil-1,X,X,X,X,dynamic,0,msl-dynamic/bone_vector126/X/S19-X-perfil-1.npy,0,ok,test
S19-X-perfil-2,X,X,X,X,dynamic,0,msl-dynamic/bone_vector126/X/S19-X-perfil-2.npy,0,ok,test
S19-X-perfil-3,X,X,X,X,dynamic,0,msl-dynamic/bone_vector126/X/S19-X-perfil-3.npy,0,ok,test
S19-X-perfil-4,X,X,X,X,dynamic,0,msl-dynamic/bone_vector126/X/S19-X-perfil-4.npy,0,ok,test
S19-X-perfil-5,X,X,X,X,dynamic,0,msl-dynamic/bone_vector126/X/S19-X-perfil-5.npy,0,ok,test
S19-Z-perfil-1,Z,Z,Z,Z,dynamic,0,msl-dynamic/bone_vector126/Z/S19-Z-perfil-1.npy,0,ok,test
S19-Z-perfil-2,Z,Z,Z,Z,dynamic,0,msl-dynamic/bone_vector126/Z/S19-Z-perfil-2.npy,0,ok,test
S19-Z-perfil-3,Z,Z,Z,Z,dynamic,0,msl-dynamic/bone_vector126/Z/S19-Z-perfil-3.npy,0,ok,test
S19-Z-perfil-4,Z,Z,Z,Z,dynamic,0,msl-dynamic/bone_vector126/Z/S19-Z-perfil-4.npy,0,ok,test
S19-Z-perfil-5,Z,Z,Z,Z,dynamic,0,msl-dynamic/bone_vector126/Z/S19-Z-perfil-5.npy,0,ok,test
S19-Ñ-perfil-1,Ñ,Ñ,Ñ,Ñ,dynamic,0,msl-dynamic/bone_vector126/Ñ/S19-Ñ-perfil-1.npy,0,ok,test
S19-Ñ-perfil-2,Ñ,Ñ,Ñ,Ñ,dynamic,0,msl-dynamic/bone_vector126/Ñ/S19-Ñ-perfil-2.npy,0,ok,test
S19-Ñ-perfil-3,Ñ,Ñ,Ñ,Ñ,dynamic,0,msl-dynamic/bone_vector126/Ñ/S19-Ñ-perfil-3.npy,0,ok,test
S19-Ñ-perfil-4,Ñ,Ñ,Ñ,Ñ,dynamic,0,msl-dynamic/bone_vector126/Ñ/S19-Ñ-perfil-4.npy,0,ok,test
S19-Ñ-perfil-5,Ñ,Ñ,Ñ,Ñ,dynamic,0,msl-dynamic/bone_vector126/Ñ/S19-Ñ-perfil-5.npy,0,ok,test
S20-J-perfil-1,J,J,J,J,dynamic,0,msl-dynamic/bone_vector126/J/S20-J-perfil-1.npy,0,ok,test
S20-J-perfil-2,J,J,J,J,dynamic,0,msl-dynamic/bone_vector126/J/S20-J-perfil-2.npy,0,ok,test
S20-J-perfil-3,J,J,J,J,dynamic,0,msl-dynamic/bone_vector126/J/S20-J-perfil-3.npy,0,ok,test
S20-J-perfil-4,J,J,J,J,dynamic,0,msl-dynamic/bone_vector126/J/S20-J-perfil-4.npy,0,ok,test
S20-J-perfil-5,J,J,J,J,dynamic,0,msl-dynamic/bone_vector126/J/S20-J-perfil-5.npy,0,ok,test
S20-K-perfil-1,K,K,K,K,dynamic,0,msl-dynamic/bone_vector126/K/S20-K-perfil-1.npy,0,ok,test
S20-K-perfil-2,K,K,K,K,dynamic,0,msl-dynamic/bone_vector126/K/S20-K-perfil-2.npy,0,ok,test
S20-K-perfil-3,K,K,K,K,dynamic,0,msl-dynamic/bone_vector126/K/S20-K-perfil-3.npy,0,ok,test
S20-K-perfil-4,K,K,K,K,dynamic,0,msl-dynamic/bone_vector126/K/S20-K-perfil-4.npy,0,ok,test
S20-K-perfil-5,K,K,K,K,dynamic,0,msl-dynamic/bone_vector126/K/S20-K-perfil-5.npy,0,ok,test
S20-Q-perfil-1,Q,Q,Q,Q,dynamic,0,msl-dynamic/bone_vector126/Q/S20-Q-perfil-1.npy,0,ok,test
S20-Q-perfil-2,Q,Q,Q,Q,dynamic,0,msl-dynamic/bone_vector126/Q/S20-Q-perfil-2.npy,0,ok,test
S20-Q-perfil-3,Q,Q,Q,Q,dynamic,0,msl-dynamic/bone_vector126/Q/S20-Q-perfil-3.npy,0,ok,test
S20-Q-perfil-4,Q,Q,Q,Q,dynamic,0,msl-dynamic/bone_vector126/Q/S20-Q-perfil-4.npy,0,ok,test
S20-Q-perfil-5,Q,Q,Q,Q,dynamic,0,msl-dynamic/bone_vector126/Q/S20-Q-perfil-5.npy,0,ok,test
S20-X-perfil-1,X,X,X,X,dynamic,0,msl-dynamic/bone_vector126/X/S20-X-perfil-1.npy,0,ok,test
S20-X-perfil-2,X,X,X,X,dynamic,0,msl-dynamic/bone_vector126/X/S20-X-perfil-2.npy,0,ok,test
S20-X-perfil-3,X,X,X,X,dynamic,0,msl-dynamic/bone_vector126/X/S20-X-perfil-3.npy,0,ok,test
S20-X-perfil-4,X,X,X,X,dynamic,0,msl-dynamic/bone_vector126/X/S20-X-perfil-4.npy,0,ok,test
S20-X-perfil-5,X,X,X,X,dynamic,0,msl-dynamic/bone_vector126/X/S20-X-perfil-5.npy,0,ok,test
S20-Z-perfil-1,Z,Z,Z,Z,dynamic,0,msl-dynamic/bone_vector126/Z/S20-Z-perfil-1.npy,0,ok,test
S20-Z-perfil-2,Z,Z,Z,Z,dynamic,0,msl-dynamic/bone_vector126/Z/S20-Z-perfil-2.npy,0,ok,test
S20-Z-perfil-3,Z,Z,Z,Z,dynamic,0,msl-dynamic/bone_vector126/Z/S20-Z-perfil-3.npy,0,ok,test
S20-Z-perfil-4,Z,Z,Z,Z,dynamic,0,msl-dynamic/bone_vector126/Z/S20-Z-perfil-4.npy,0,ok,test
S20-Z-perfil-5,Z,Z,Z,Z,dynamic,0,msl-dynamic/bone_vector126/Z/S20-Z-perfil-5.npy,0,ok,test
S20-Ñ-perfil-1,Ñ,Ñ,Ñ,Ñ,dynamic,0,msl-dynamic/bone_vector126/Ñ/S20-Ñ-perfil-1.npy,0,ok,test
S20-Ñ-perfil-2,Ñ,Ñ,Ñ,Ñ,dynamic,0,msl-dynamic/bone_vector126/Ñ/S20-Ñ-perfil-2.npy,0,ok,test
S20-Ñ-perfil-3,Ñ,Ñ,Ñ,Ñ,dynamic,0,msl-dynamic/bone_vector126/Ñ/S20-Ñ-perfil-3.npy,0,ok,test
S20-Ñ-perfil-4,Ñ,Ñ,Ñ,Ñ,dynamic,0,msl-dynamic/bone_vector126/Ñ/S20-Ñ-perfil-4.npy,0,ok,test
S20-Ñ-perfil-5,Ñ,Ñ,Ñ,Ñ,dynamic,0,msl-dynamic/bone_vector126/Ñ/S20-Ñ-perfil-5.npy,0,ok,test
S1-J-perfil-1,J,J,J,J,dynamic,0,msl-dynamic/bone_vector126/J/S1-J-perfil-1.npy,0,ok,train
S1-J-perfil-2,J,J,J,J,dynamic,0,msl-dynamic/bone_vector126/J/S1-J-perfil-2.npy,0,ok,train
S1-J-perfil-3,J,J,J,J,dynamic,0,msl-dynamic/bone_vector126/J/S1-J-perfil-3.npy,0,ok,train
S1-J-perfil-4,J,J,J,J,dynamic,0,msl-dynamic/bone_vector126/J/S1-J-perfil-4.npy,0,ok,train
S1-J-perfil-5,J,J,J,J,dynamic,0,msl-dynamic/bone_vector126/J/S1-J-perfil-5.npy,0,ok,train
S1-K-perfil-1,K,K,K,K,dynamic,0,msl-dynamic/bone_vector126/K/S1-K-perfil-1.npy,0,ok,train
S1-K-perfil-2,K,K,K,K,dynamic,0,msl-dynamic/bone_vector126/K/S1-K-perfil-2.npy,0,ok,train
S1-K-perfil-3,K,K,K,K,dynamic,0,msl-dynamic/bone_vector126/K/S1-K-perfil-3.npy,0,ok,train
S1-K-perfil-4,K,K,K,K,dynamic,0,msl-dynamic/bone_vector126/K/S1-K-perfil-4.npy,0,ok,train
S1-K-perfil-5,K,K,K,K,dynamic,0,msl-dynamic/bone_vector126/K/S1-K-perfil-5.npy,0,ok,train
S1-K-perfil-6,K,K,K,K,dynamic,0,msl-dynamic/bone_vector126/K/S1-K-perfil-6.npy,0,ok,train
S1-Q-perfil-1,Q,Q,Q,Q,dynamic,0,msl-dynamic/bone_vector126/Q/S1-Q-perfil-1.npy,0,ok,train
S1-Q-perfil-2,Q,Q,Q,Q,dynamic,0,msl-dynamic/bone_vector126/Q/S1-Q-perfil-2.npy,0,ok,train
S1-Q-perfil-3,Q,Q,Q,Q,dynamic,0,msl-dynamic/bone_vector126/Q/S1-Q-perfil-3.npy,0,ok,train
S1-Q-perfil-4,Q,Q,Q,Q,dynamic,0,msl-dynamic/bone_vector126/Q/S1-Q-perfil-4.npy,0,ok,train
S1-Q-perfil-5,Q,Q,Q,Q,dynamic,0,msl-dynamic/bone_vector126/Q/S1-Q-perfil-5.npy,0,ok,train
S1-Q-perfil-6,Q,Q,Q,Q,dynamic,0,msl-dynamic/bone_vector126/Q/S1-Q-perfil-6.npy,0,ok,train
S1-X-perfil-1,X,X,X,X,dynamic,0,msl-dynamic/bone_vector126/X/S1-X-perfil-1.npy,0,ok,train
S1-X-perfil-2,X,X,X,X,dynamic,0,msl-dynamic/bone_vector126/X/S1-X-perfil-2.npy,0,ok,train
S1-X-perfil-3,X,X,X,X,dynamic,0,msl-dynamic/bone_vector126/X/S1-X-perfil-3.npy,0,ok,train
S1-X-perfil-4,X,X,X,X,dynamic,0,msl-dynamic/bone_vector126/X/S1-X-perfil-4.npy,0,ok,train
S1-X-perfil-5,X,X,X,X,dynamic,0,msl-dynamic/bone_vector126/X/S1-X-perfil-5.npy,0,ok,train
S1-Z-perfil-1,Z,Z,Z,Z,dynamic,0,msl-dynamic/bone_vector126/Z/S1-Z-perfil-1.npy,0,ok,train
S1-Z-perfil-2,Z,Z,Z,Z,dynamic,0,msl-dynamic/bone_vector126/Z/S1-Z-perfil-2.npy,0,ok,train
S1-Z-perfil-3,Z,Z,Z,Z,dynamic,0,msl-dynamic/bone_vector126/Z/S1-Z-perfil-3.npy,0,ok,train
S1-Z-perfil-4,Z,Z,Z,Z,dynamic,0,msl-dynamic/bone_vector126/Z/S1-Z-perfil-4.npy,0,ok,train
S1-Z-perfil-5,Z,Z,Z,Z,dynamic,0,msl-dynamic/bone_vector126/Z/S1-Z-perfil-5.npy,0,ok,train
S1-Ñ-perfil-1,Ñ,Ñ,Ñ,Ñ,dynamic,0,msl-dynamic/bone_vector126/Ñ/S1-Ñ-perfil-1.npy,0,ok,train
S1-Ñ-perfil-2,Ñ,Ñ,Ñ,Ñ,dynamic,0,msl-dynamic/bone_vector126/Ñ/S1-Ñ-perfil-2.npy,0,ok,train
S1-Ñ-perfil-3,Ñ,Ñ,Ñ,Ñ,dynamic,0,msl-dynamic/bone_vector126/Ñ/S1-Ñ-perfil-3.npy,0,ok,train
S1-Ñ-perfil-4,Ñ,Ñ,Ñ,Ñ,dynamic,0,msl-dynamic/bone_vector126/Ñ/S1-Ñ-perfil-4.npy,0,ok,train
S1-Ñ-perfil-5,Ñ,Ñ,Ñ,Ñ,dynamic,0,msl-dynamic/bone_vector126/Ñ/S1-Ñ-perfil-5.npy,0,ok,train
S1-Ñ-perfil-6,Ñ,Ñ,Ñ,Ñ,dynamic,0,msl-dynamic/bone_vector126/Ñ/S1-Ñ-perfil-6.npy,0,ok,train
S10-J-perfil-1,J,J,J,J,dynamic,0,msl-dynamic/bone_vector126/J/S10-J-perfil-1.npy,0,ok,train
S10-J-perfil-2,J,J,J,J,dynamic,0,msl-dynamic/bone_vector126/J/S10-J-perfil-2.npy,0,ok,train
S10-J-perfil-3,J,J,J,J,dynamic,0,msl-dynamic/bone_vector126/J/S10-J-perfil-3.npy,0,ok,train
S10-J-perfil-4,J,J,J,J,dynamic,0,msl-dynamic/bone_vector126/J/S10-J-perfil-4.npy,0,ok,train
S10-J-perfil-5,J,J,J,J,dynamic,0,msl-dynamic/bone_vector126/J/S10-J-perfil-5.npy,0,ok,train
S10-K-perfil-1,K,K,K,K,dynamic,0,msl-dynamic/bone_vector126/K/S10-K-perfil-1.npy,0,ok,train
S10-K-perfil-2,K,K,K,K,dynamic,0,msl-dynamic/bone_vector126/K/S10-K-perfil-2.npy,0,ok,train
S10-K-perfil-3,K,K,K,K,dynamic,0,msl-dynamic/bone_vector126/K/S10-K-perfil-3.npy,0,ok,train
S10-K-perfil-4,K,K,K,K,dynamic,0,msl-dynamic/bone_vector126/K/S10-K-perfil-4.npy,0,ok,train
S10-K-perfil-5,K,K,K,K,dynamic,0,msl-dynamic/bone_vector126/K/S10-K-perfil-5.npy,0,ok,train
S10-Q-perfil-1,Q,Q,Q,Q,dynamic,0,msl-dynamic/bone_vector126/Q/S10-Q-perfil-1.npy,0,ok,train
S10-Q-perfil-2,Q,Q,Q,Q,dynamic,0,msl-dynamic/bone_vector126/Q/S10-Q-perfil-2.npy,0,ok,train
S10-Q-perfil-3,Q,Q,Q,Q,dynamic,0,msl-dynamic/bone_vector126/Q/S10-Q-perfil-3.npy,0,ok,train
S10-Q-perfil-4,Q,Q,Q,Q,dynamic,0,msl-dynamic/bone_vector126/Q/S10-Q-perfil-4.npy,0,ok,train
S10-Q-perfil-5,Q,Q,Q,Q,dynamic,0,msl-dynamic/bone_vector126/Q/S10-Q-perfil-5.npy,0,ok,train
S10-X-perfil-1,X,X,X,X,dynamic,0,msl-dynamic/bone_vector126/X/S10-X-perfil-1.npy,0,ok,train
S10-X-perfil-2,X,X,X,X,dynamic,0,msl-dynamic/bone_vector126/X/S10-X-perfil-2.npy,0,ok,train
S10-X-perfil-3,X,X,X,X,dynamic,0,msl-dynamic/bone_vector126/X/S10-X-perfil-3.npy,0,ok,train
S10-X-perfil-4,X,X,X,X,dynamic,0,msl-dynamic/bone_vector126/X/S10-X-perfil-4.npy,0,ok,train
S10-X-perfil-5,X,X,X,X,dynamic,0,msl-dynamic/bone_vector126/X/S10-X-perfil-5.npy,0,ok,train
S10-Z-perfil-1,Z,Z,Z,Z,dynamic,0,msl-dynamic/bone_vector126/Z/S10-Z-perfil-1.npy,0,ok,train
S10-Z-perfil-2,Z,Z,Z,Z,dynamic,0,msl-dynamic/bone_vector126/Z/S10-Z-perfil-2.npy,0,ok,train
S10-Z-perfil-3,Z,Z,Z,Z,dynamic,0,msl-dynamic/bone_vector126/Z/S10-Z-perfil-3.npy,0,ok,train
S10-Z-perfil-4,Z,Z,Z,Z,dynamic,0,msl-dynamic/bone_vector126/Z/S10-Z-perfil-4.npy,0,ok,train
S10-Z-perfil-5,Z,Z,Z,Z,dynamic,0,msl-dynamic/bone_vector126/Z/S10-Z-perfil-5.npy,0,ok,train
S10-Ñ-perfil-1,Ñ,Ñ,Ñ,Ñ,dynamic,0,msl-dynamic/bone_vector126/Ñ/S10-Ñ-perfil-1.npy,0,ok,train
S10-Ñ-perfil-2,Ñ,Ñ,Ñ,Ñ,dynamic,0,msl-dynamic/bone_vector126/Ñ/S10-Ñ-perfil-2.npy,0,ok,train
S10-Ñ-perfil-3,Ñ,Ñ,Ñ,Ñ,dynamic,0,msl-dynamic/bone_vector126/Ñ/S10-Ñ-perfil-3.npy,0,ok,train
S10-Ñ-perfil-4,Ñ,Ñ,Ñ,Ñ,dynamic,0,msl-dynamic/bone_vector126/Ñ/S10-Ñ-perfil-4.npy,0,ok,train
S10-Ñ-perfil-5,Ñ,Ñ,Ñ,Ñ,dynamic,0,msl-dynamic/bone_vector126/Ñ/S10-Ñ-perfil-5.npy,0,ok,train
S11-J-perfil-1,J,J,J,J,dynamic,0,msl-dynamic/bone_vector126/J/S11-J-perfil-1.npy,0,ok,train
S11-J-perfil-2,J,J,J,J,dynamic,0,msl-dynamic/bone_vector126/J/S11-J-perfil-2.npy,0,ok,train
S11-J-perfil-3,J,J,J,J,dynamic,0,msl-dynamic/bone_vector126/J/S11-J-perfil-3.npy,0,ok,train
S11-J-perfil-4,J,J,J,J,dynamic,0,msl-dynamic/bone_vector126/J/S11-J-perfil-4.npy,0,ok,train
S11-J-perfil-5,J,J,J,J,dynamic,0,msl-dynamic/bone_vector126/J/S11-J-perfil-5.npy,0,ok,train
S11-J-perfil-6,J,J,J,J,dynamic,0,msl-dynamic/bone_vector126/J/S11-J-perfil-6.npy,0,ok,train
S11-K-perfil-1,K,K,K,K,dynamic,0,msl-dynamic/bone_vector126/K/S11-K-perfil-1.npy,0,ok,train
S11-K-perfil-2,K,K,K,K,dynamic,0,msl-dynamic/bone_vector126/K/S11-K-perfil-2.npy,0,ok,train
S11-K-perfil-3,K,K,K,K,dynamic,0,msl-dynamic/bone_vector126/K/S11-K-perfil-3.npy,0,ok,train
S11-K-perfil-4,K,K,K,K,dynamic,0,msl-dynamic/bone_vector126/K/S11-K-perfil-4.npy,0,ok,train
S11-K-perfil-5,K,K,K,K,dynamic,0,msl-dynamic/bone_vector126/K/S11-K-perfil-5.npy,0,ok,train
S11-Q-perfil-1,Q,Q,Q,Q,dynamic,0,msl-dynamic/bone_vector126/Q/S11-Q-perfil-1.npy,0,ok,train
S11-Q-perfil-2,Q,Q,Q,Q,dynamic,0,msl-dynamic/bone_vector126/Q/S11-Q-perfil-2.npy,0,ok,train
S11-Q-perfil-3,Q,Q,Q,Q,dynamic,0,msl-dynamic/bone_vector126/Q/S11-Q-perfil-3.npy,0,ok,train
S11-Q-perfil-4,Q,Q,Q,Q,dynamic,0,msl-dynamic/bone_vector126/Q/S11-Q-perfil-4.npy,0,ok,train
S11-Q-perfil-5,Q,Q,Q,Q,dynamic,0,msl-dynamic/bone_vector126/Q/S11-Q-perfil-5.npy,0,ok,train
S11-X-perfil-1,X,X,X,X,dynamic,0,msl-dynamic/bone_vector126/X/S11-X-perfil-1.npy,0,ok,train
S11-X-perfil-2,X,X,X,X,dynamic,0,msl-dynamic/bone_vector126/X/S11-X-perfil-2.npy,0,ok,train
S11-X-perfil-3,X,X,X,X,dynamic,0,msl-dynamic/bone_vector126/X/S11-X-perfil-3.npy,0,ok,train
S11-X-perfil-4,X,X,X,X,dynamic,0,msl-dynamic/bone_vector126/X/S11-X-perfil-4.npy,0,ok,train
S11-X-perfil-5,X,X,X,X,dynamic,0,msl-dynamic/bone_vector126/X/S11-X-perfil-5.npy,0,ok,train
S11-Z-perfil-1,Z,Z,Z,Z,dynamic,0,msl-dynamic/bone_vector126/Z/S11-Z-perfil-1.npy,0,ok,train
S11-Z-perfil-2,Z,Z,Z,Z,dynamic,0,msl-dynamic/bone_vector126/Z/S11-Z-perfil-2.npy,0,ok,train
S11-Z-perfil-3,Z,Z,Z,Z,dynamic,0,msl-dynamic/bone_vector126/Z/S11-Z-perfil-3.npy,0,ok,train
S11-Z-perfil-4,Z,Z,Z,Z,dynamic,0,msl-dynamic/bone_vector126/Z/S11-Z-perfil-4.npy,0,ok,train
S11-Z-perfil-5,Z,Z,Z,Z,dynamic,0,msl-dynamic/bone_vector126/Z/S11-Z-perfil-5.npy,0,ok,train
S11-Z-perfil-6,Z,Z,Z,Z,dynamic,0,msl-dynamic/bone_vector126/Z/S11-Z-perfil-6.npy,0,ok,train
S11-Ñ-perfil-1,Ñ,Ñ,Ñ,Ñ,dynamic,0,msl-dynamic/bone_vector126/Ñ/S11-Ñ-perfil-1.npy,0,ok,train
S11-Ñ-perfil-2,Ñ,Ñ,Ñ,Ñ,dynamic,0,msl-dynamic/bone_vector126/Ñ/S11-Ñ-perfil-2.npy,0,ok,train
S11-Ñ-perfil-3,Ñ,Ñ,Ñ,Ñ,dynamic,0,msl-dynamic/bone_vector126/Ñ/S11-Ñ-perfil-3.npy,0,ok,train
S11-Ñ-perfil-4,Ñ,Ñ,Ñ,Ñ,dynamic,0,msl-dynamic/bone_vector126/Ñ/S11-Ñ-perfil-4.npy,0,ok,train
S11-Ñ-perfil-5,Ñ,Ñ,Ñ,Ñ,dynamic,0,msl-dynamic/bone_vector126/Ñ/S11-Ñ-perfil-5.npy,0,ok,train
S11-Ñ-perfil-6,Ñ,Ñ,Ñ,Ñ,dynamic,0,msl-dynamic/bone_vector126/Ñ/S11-Ñ-perfil-6.npy,0,ok,train
S12-J-perfil-1,J,J,J,J,dynamic,0,msl-dynamic/bone_vector126/J/S12-J-perfil-1.npy,0,ok,train
S12-J-perfil-2,J,J,J,J,dynamic,0,msl-dynamic/bone_vector126/J/S12-J-perfil-2.npy,0,ok,train
S12-J-perfil-3,J,J,J,J,dynamic,0,msl-dynamic/bone_vector126/J/S12-J-perfil-3.npy,0,ok,train
S12-J-perfil-4,J,J,J,J,dynamic,0,msl-dynamic/bone_vector126/J/S12-J-perfil-4.npy,0,ok,train
S12-J-perfil-5,J,J,J,J,dynamic,0,msl-dynamic/bone_vector126/J/S12-J-perfil-5.npy,0,ok,train
S12-K-perfil-1,K,K,K,K,dynamic,0,msl-dynamic/bone_vector126/K/S12-K-perfil-1.npy,0,ok,train
S12-K-perfil-2,K,K,K,K,dynamic,0,msl-dynamic/bone_vector126/K/S12-K-perfil-2.npy,0,ok,train
S12-K-perfil-3,K,K,K,K,dynamic,0,msl-dynamic/bone_vector126/K/S12-K-perfil-3.npy,0,ok,train
S12-K-perfil-4,K,K,K,K,dynamic,0,msl-dynamic/bone_vector126/K/S12-K-perfil-4.npy,0,ok,train
S12-K-perfil-5,K,K,K,K,dynamic,0,msl-dynamic/bone_vector126/K/S12-K-perfil-5.npy,0,ok,train
S12-Q-perfil-1,Q,Q,Q,Q,dynamic,0,msl-dynamic/bone_vector126/Q/S12-Q-perfil-1.npy,0,ok,train
S12-Q-perfil-2,Q,Q,Q,Q,dynamic,0,msl-dynamic/bone_vector126/Q/S12-Q-perfil-2.npy,0,ok,train
S12-Q-perfil-3,Q,Q,Q,Q,dynamic,0,msl-dynamic/bone_vector126/Q/S12-Q-perfil-3.npy,0,ok,train
S12-Q-perfil-4,Q,Q,Q,Q,dynamic,0,msl-dynamic/bone_vector126/Q/S12-Q-perfil-4.npy,0,ok,train
S12-Q-perfil-5,Q,Q,Q,Q,dynamic,0,msl-dynamic/bone_vector126/Q/S12-Q-perfil-5.npy,0,ok,train
S12-X-perfil-1,X,X,X,X,dynamic,0,msl-dynamic/bone_vector126/X/S12-X-perfil-1.npy,0,ok,train
S12-X-perfil-2,X,X,X,X,dynamic,0,msl-dynamic/bone_vector126/X/S12-X-perfil-2.npy,0,ok,train
S12-X-perfil-3,X,X,X,X,dynamic,0,msl-dynamic/bone_vector126/X/S12-X-perfil-3.npy,0,ok,train
S12-X-perfil-4,X,X,X,X,dynamic,0,msl-dynamic/bone_vector126/X/S12-X-perfil-4.npy,0,ok,train
S12-X-perfil-5,X,X,X,X,dynamic,0,msl-dynamic/bone_vector126/X/S12-X-perfil-5.npy,0,ok,train
S12-Z-perfil-1,Z,Z,Z,Z,dynamic,0,msl-dynamic/bone_vector126/Z/S12-Z-perfil-1.npy,0,ok,train
S12-Z-perfil-2,Z,Z,Z,Z,dynamic,0,msl-dynamic/bone_vector126/Z/S12-Z-perfil-2.npy,0,ok,train
S12-Z-perfil-3,Z,Z,Z,Z,dynamic,0,msl-dynamic/bone_vector126/Z/S12-Z-perfil-3.npy,0,ok,train
S12-Z-perfil-4,Z,Z,Z,Z,dynamic,0,msl-dynamic/bone_vector126/Z/S12-Z-perfil-4.npy,0,ok,train
S12-Z-perfil-5,Z,Z,Z,Z,dynamic,0,msl-dynamic/bone_vector126/Z/S12-Z-perfil-5.npy,0,ok,train
S12-Ñ-perfil-1,Ñ,Ñ,Ñ,Ñ,dynamic,0,msl-dynamic/bone_vector126/Ñ/S12-Ñ-perfil-1.npy,0,ok,train
S12-Ñ-perfil-2,Ñ,Ñ,Ñ,Ñ,dynamic,0,msl-dynamic/bone_vector126/Ñ/S12-Ñ-perfil-2.npy,0,ok,train
S12-Ñ-perfil-3,Ñ,Ñ,Ñ,Ñ,dynamic,0,msl-dynamic/bone_vector126/Ñ/S12-Ñ-perfil-3.npy,0,ok,train
S12-Ñ-perfil-4,Ñ,Ñ,Ñ,Ñ,dynamic,0,msl-dynamic/bone_vector126/Ñ/S12-Ñ-perfil-4.npy,0,ok,train
S12-Ñ-perfil-5,Ñ,Ñ,Ñ,Ñ,dynamic,0,msl-dynamic/bone_vector126/Ñ/S12-Ñ-perfil-5.npy,0,ok,train
S13-J-perfil-1,J,J,J,J,dynamic,0,msl-dynamic/bone_vector126/J/S13-J-perfil-1.npy,0,ok,train
S13-J-perfil-2,J,J,J,J,dynamic,0,msl-dynamic/bone_vector126/J/S13-J-perfil-2.npy,0,ok,train
S13-J-perfil-3,J,J,J,J,dynamic,0,msl-dynamic/bone_vector126/J/S13-J-perfil-3.npy,0,ok,train
S13-J-perfil-4,J,J,J,J,dynamic,0,msl-dynamic/bone_vector126/J/S13-J-perfil-4.npy,0,ok,train
S13-J-perfil-5,J,J,J,J,dynamic,0,msl-dynamic/bone_vector126/J/S13-J-perfil-5.npy,0,ok,train
S13-K-perfil-1,K,K,K,K,dynamic,0,msl-dynamic/bone_vector126/K/S13-K-perfil-1.npy,0,ok,train
S13-K-perfil-2,K,K,K,K,dynamic,0,msl-dynamic/bone_vector126/K/S13-K-perfil-2.npy,0,ok,train
S13-K-perfil-3,K,K,K,K,dynamic,0,msl-dynamic/bone_vector126/K/S13-K-perfil-3.npy,0,ok,train
S13-K-perfil-4,K,K,K,K,dynamic,0,msl-dynamic/bone_vector126/K/S13-K-perfil-4.npy,0,ok,train
S13-K-perfil-5,K,K,K,K,dynamic,0,msl-dynamic/bone_vector126/K/S13-K-perfil-5.npy,0,ok,train
S13-Q-perfil-1,Q,Q,Q,Q,dynamic,0,msl-dynamic/bone_vector126/Q/S13-Q-perfil-1.npy,0,ok,train
S13-Q-perfil-2,Q,Q,Q,Q,dynamic,0,msl-dynamic/bone_vector126/Q/S13-Q-perfil-2.npy,0,ok,train
S13-Q-perfil-3,Q,Q,Q,Q,dynamic,0,msl-dynamic/bone_vector126/Q/S13-Q-perfil-3.npy,0,ok,train
S13-Q-perfil-4,Q,Q,Q,Q,dynamic,0,msl-dynamic/bone_vector126/Q/S13-Q-perfil-4.npy,0,ok,train
S13-Q-perfil-5,Q,Q,Q,Q,dynamic,0,msl-dynamic/bone_vector126/Q/S13-Q-perfil-5.npy,0,ok,train
S13-X-perfil-1,X,X,X,X,dynamic,0,msl-dynamic/bone_vector126/X/S13-X-perfil-1.npy,0,ok,train
S13-X-perfil-2,X,X,X,X,dynamic,0,msl-dynamic/bone_vector126/X/S13-X-perfil-2.npy,0,ok,train
S13-X-perfil-3,X,X,X,X,dynamic,0,msl-dynamic/bone_vector126/X/S13-X-perfil-3.npy,0,ok,train
S13-X-perfil-4,X,X,X,X,dynamic,0,msl-dynamic/bone_vector126/X/S13-X-perfil-4.npy,0,ok,train
S13-X-perfil-5,X,X,X,X,dynamic,0,msl-dynamic/bone_vector126/X/S13-X-perfil-5.npy,0,ok,train
S13-Z-perfil-1,Z,Z,Z,Z,dynamic,0,msl-dynamic/bone_vector126/Z/S13-Z-perfil-1.npy,0,ok,train
S13-Z-perfil-2,Z,Z,Z,Z,dynamic,0,msl-dynamic/bone_vector126/Z/S13-Z-perfil-2.npy,0,ok,train
S13-Z-perfil-3,Z,Z,Z,Z,dynamic,0,msl-dynamic/bone_vector126/Z/S13-Z-perfil-3.npy,0,ok,train
S13-Z-perfil-4,Z,Z,Z,Z,dynamic,0,msl-dynamic/bone_vector126/Z/S13-Z-perfil-4.npy,0,ok,train
S13-Z-perfil-5,Z,Z,Z,Z,dynamic,0,msl-dynamic/bone_vector126/Z/S13-Z-perfil-5.npy,0,ok,train
S13-Ñ-perfil-1,Ñ,Ñ,Ñ,Ñ,dynamic,0,msl-dynamic/bone_vector126/Ñ/S13-Ñ-perfil-1.npy,0,ok,train
S13-Ñ-perfil-2,Ñ,Ñ,Ñ,Ñ,dynamic,0,msl-dynamic/bone_vector126/Ñ/S13-Ñ-perfil-2.npy,0,ok,train
S13-Ñ-perfil-3,Ñ,Ñ,Ñ,Ñ,dynamic,0,msl-dynamic/bone_vector126/Ñ/S13-Ñ-perfil-3.npy,0,ok,train
S13-Ñ-perfil-4,Ñ,Ñ,Ñ,Ñ,dynamic,0,msl-dynamic/bone_vector126/Ñ/S13-Ñ-perfil-4.npy,0,ok,train
S13-Ñ-perfil-5,Ñ,Ñ,Ñ,Ñ,dynamic,0,msl-dynamic/bone_vector126/Ñ/S13-Ñ-perfil-5.npy,0,ok,train
S13-Ñ-perfil-6,Ñ,Ñ,Ñ,Ñ,dynamic,0,msl-dynamic/bone_vector126/Ñ/S13-Ñ-perfil-6.npy,0,ok,train
S14-J-perfil-1,J,J,J,J,dynamic,0,msl-dynamic/bone_vector126/J/S14-J-perfil-1.npy,0,ok,train
S14-J-perfil-2,J,J,J,J,dynamic,0,msl-dynamic/bone_vector126/J/S14-J-perfil-2.npy,0,ok,train
S14-J-perfil-3,J,J,J,J,dynamic,0,msl-dynamic/bone_vector126/J/S14-J-perfil-3.npy,0,ok,train
S14-J-perfil-4,J,J,J,J,dynamic,0,msl-dynamic/bone_vector126/J/S14-J-perfil-4.npy,0,ok,train
S14-J-perfil-5,J,J,J,J,dynamic,0,msl-dynamic/bone_vector126/J/S14-J-perfil-5.npy,0,ok,train
S14-K-perfil-1,K,K,K,K,dynamic,0,msl-dynamic/bone_vector126/K/S14-K-perfil-1.npy,0,ok,train
S14-K-perfil-2,K,K,K,K,dynamic,0,msl-dynamic/bone_vector126/K/S14-K-perfil-2.npy,0,ok,train
S14-K-perfil-3,K,K,K,K,dynamic,0,msl-dynamic/bone_vector126/K/S14-K-perfil-3.npy,0,ok,train
S14-K-perfil-4,K,K,K,K,dynamic,0,msl-dynamic/bone_vector126/K/S14-K-perfil-4.npy,0,ok,train
S14-K-perfil-5,K,K,K,K,dynamic,0,msl-dynamic/bone_vector126/K/S14-K-perfil-5.npy,0,ok,train
S14-Q-perfil-1,Q,Q,Q,Q,dynamic,0,msl-dynamic/bone_vector126/Q/S14-Q-perfil-1.npy,0,ok,train
S14-Q-perfil-2,Q,Q,Q,Q,dynamic,0,msl-dynamic/bone_vector126/Q/S14-Q-perfil-2.npy,0,ok,train
S14-Q-perfil-3,Q,Q,Q,Q,dynamic,0,msl-dynamic/bone_vector126/Q/S14-Q-perfil-3.npy,0,ok,train
S14-Q-perfil-4,Q,Q,Q,Q,dynamic,0,msl-dynamic/bone_vector126/Q/S14-Q-perfil-4.npy,0,ok,train
S14-Q-perfil-5,Q,Q,Q,Q,dynamic,0,msl-dynamic/bone_vector126/Q/S14-Q-perfil-5.npy,0,ok,train
S14-X-perfil-1,X,X,X,X,dynamic,0,msl-dynamic/bone_vector126/X/S14-X-perfil-1.npy,0,ok,train
S14-X-perfil-2,X,X,X,X,dynamic,0,msl-dynamic/bone_vector126/X/S14-X-perfil-2.npy,0,ok,train
S14-X-perfil-3,X,X,X,X,dynamic,0,msl-dynamic/bone_vector126/X/S14-X-perfil-3.npy,0,ok,train
S14-X-perfil-4,X,X,X,X,dynamic,0,msl-dynamic/bone_vector126/X/S14-X-perfil-4.npy,0,ok,train
S14-X-perfil-5,X,X,X,X,dynamic,0,msl-dynamic/bone_vector126/X/S14-X-perfil-5.npy,0,ok,train
S14-Z-perfil-1,Z,Z,Z,Z,dynamic,0,msl-dynamic/bone_vector126/Z/S14-Z-perfil-1.npy,0,ok,train
S14-Z-perfil-2,Z,Z,Z,Z,dynamic,0,msl-dynamic/bone_vector126/Z/S14-Z-perfil-2.npy,0,ok,train
S14-Z-perfil-3,Z,Z,Z,Z,dynamic,0,msl-dynamic/bone_vector126/Z/S14-Z-perfil-3.npy,0,ok,train
S14-Z-perfil-4,Z,Z,Z,Z,dynamic,0,msl-dynamic/bone_vector126/Z/S14-Z-perfil-4.npy,0,ok,train
S14-Z-perfil-5,Z,Z,Z,Z,dynamic,0,msl-dynamic/bone_vector126/Z/S14-Z-perfil-5.npy,0,ok,train
S14-Ñ-perfil-1,Ñ,Ñ,Ñ,Ñ,dynamic,0,msl-dynamic/bone_vector126/Ñ/S14-Ñ-perfil-1.npy,0,ok,train
S14-Ñ-perfil-2,Ñ,Ñ,Ñ,Ñ,dynamic,0,msl-dynamic/bone_vector126/Ñ/S14-Ñ-perfil-2.npy,0,ok,train
S14-Ñ-perfil-3,Ñ,Ñ,Ñ,Ñ,dynamic,0,msl-dynamic/bone_vector126/Ñ/S14-Ñ-perfil-3.npy,0,ok,train
S14-Ñ-perfil-4,Ñ,Ñ,Ñ,Ñ,dynamic,0,msl-dynamic/bone_vector126/Ñ/S14-Ñ-perfil-4.npy,0,ok,train
S14-Ñ-perfil-5,Ñ,Ñ,Ñ,Ñ,dynamic,0,msl-dynamic/bone_vector126/Ñ/S14-Ñ-perfil-5.npy,0,ok,train
S15-J-perfil-1,J,J,J,J,dynamic,0,msl-dynamic/bone_vector126/J/S15-J-perfil-1.npy,0,ok,train
S15-J-perfil-2,J,J,J,J,dynamic,0,msl-dynamic/bone_vector126/J/S15-J-perfil-2.npy,0,ok,train
S15-J-perfil-3,J,J,J,J,dynamic,0,msl-dynamic/bone_vector126/J/S15-J-perfil-3.npy,0,ok,train
S15-J-perfil-4,J,J,J,J,dynamic,0,msl-dynamic/bone_vector126/J/S15-J-perfil-4.npy,0,ok,train
S15-J-perfil-5,J,J,J,J,dynamic,0,msl-dynamic/bone_vector126/J/S15-J-perfil-5.npy,0,ok,train
S15-K-perfil-1,K,K,K,K,dynamic,0,msl-dynamic/bone_vector126/K/S15-K-perfil-1.npy,0,ok,train
S15-K-perfil-2,K,K,K,K,dynamic,0,msl-dynamic/bone_vector126/K/S15-K-perfil-2.npy,0,ok,train
S15-K-perfil-3,K,K,K,K,dynamic,0,msl-dynamic/bone_vector126/K/S15-K-perfil-3.npy,0,ok,train
S15-K-perfil-4,K,K,K,K,dynamic,0,msl-dynamic/bone_vector126/K/S15-K-perfil-4.npy,0,ok,train
S15-K-perfil-5,K,K,K,K,dynamic,0,msl-dynamic/bone_vector126/K/S15-K-perfil-5.npy,0,ok,train
S15-Q-perfil-1,Q,Q,Q,Q,dynamic,0,msl-dynamic/bone_vector126/Q/S15-Q-perfil-1.npy,0,ok,train
S15-Q-perfil-2,Q,Q,Q,Q,dynamic,0,msl-dynamic/bone_vector126/Q/S15-Q-perfil-2.npy,0,ok,train
S15-Q-perfil-3,Q,Q,Q,Q,dynamic,0,msl-dynamic/bone_vector126/Q/S15-Q-perfil-3.npy,0,ok,train
S15-Q-perfil-4,Q,Q,Q,Q,dynamic,0,msl-dynamic/bone_vector126/Q/S15-Q-perfil-4.npy,0,ok,train
S15-Q-perfil-5,Q,Q,Q,Q,dynamic,0,msl-dynamic/bone_vector126/Q/S15-Q-perfil-5.npy,0,ok,train
S15-X-perfil-1,X,X,X,X,dynamic,0,msl-dynamic/bone_vector126/X/S15-X-perfil-1.npy,0,ok,train
S15-X-perfil-2,X,X,X,X,dynamic,0,msl-dynamic/bone_vector126/X/S15-X-perfil-2.npy,0,ok,train
S15-X-perfil-3,X,X,X,X,dynamic,0,msl-dynamic/bone_vector126/X/S15-X-perfil-3.npy,0,ok,train
S15-X-perfil-4,X,X,X,X,dynamic,0,msl-dynamic/bone_vector126/X/S15-X-perfil-4.npy,0,ok,train
S15-X-perfil-5,X,X,X,X,dynamic,0,msl-dynamic/bone_vector126/X/S15-X-perfil-5.npy,0,ok,train
S15-Z-perfil-1,Z,Z,Z,Z,dynamic,0,msl-dynamic/bone_vector126/Z/S15-Z-perfil-1.npy,0,ok,train
S15-Z-perfil-2,Z,Z,Z,Z,dynamic,0,msl-dynamic/bone_vector126/Z/S15-Z-perfil-2.npy,0,ok,train
S15-Z-perfil-3,Z,Z,Z,Z,dynamic,0,msl-dynamic/bone_vector126/Z/S15-Z-perfil-3.npy,0,ok,train
S15-Z-perfil-4,Z,Z,Z,Z,dynamic,0,msl-dynamic/bone_vector126/Z/S15-Z-perfil-4.npy,0,ok,train
S15-Z-perfil-5,Z,Z,Z,Z,dynamic,0,msl-dynamic/bone_vector126/Z/S15-Z-perfil-5.npy,0,ok,train
S15-Ñ-perfil-1,Ñ,Ñ,Ñ,Ñ,dynamic,0,msl-dynamic/bone_vector126/Ñ/S15-Ñ-perfil-1.npy,0,ok,train
S15-Ñ-perfil-2,Ñ,Ñ,Ñ,Ñ,dynamic,0,msl-dynamic/bone_vector126/Ñ/S15-Ñ-perfil-2.npy,0,ok,train
S15-Ñ-perfil-3,Ñ,Ñ,Ñ,Ñ,dynamic,0,msl-dynamic/bone_vector126/Ñ/S15-Ñ-perfil-3.npy,0,ok,train
S15-Ñ-perfil-4,Ñ,Ñ,Ñ,Ñ,dynamic,0,msl-dynamic/bone_vector126/Ñ/S15-Ñ-perfil-4.npy,0,ok,train
S15-Ñ-perfil-5,Ñ,Ñ,Ñ,Ñ,dynamic,0,msl-dynamic/bone_vector126/Ñ/S15-Ñ-perfil-5.npy,0,ok,train
S16-J-perfil-1,J,J,J,J,dynamic,0,msl-dynamic/bone_vector126/J/S16-J-perfil-1.npy,0,ok,train
S16-J-perfil-2,J,J,J,J,dynamic,0,msl-dynamic/bone_vector126/J/S16-J-perfil-2.npy,0,ok,train
S16-J-perfil-3,J,J,J,J,dynamic,0,msl-dynamic/bone_vector126/J/S16-J-perfil-3.npy,0,ok,train
S16-J-perfil-4,J,J,J,J,dynamic,0,msl-dynamic/bone_vector126/J/S16-J-perfil-4.npy,0,ok,train
S16-J-perfil-5,J,J,J,J,dynamic,0,msl-dynamic/bone_vector126/J/S16-J-perfil-5.npy,0,ok,train
S16-K-perfil-1,K,K,K,K,dynamic,0,msl-dynamic/bone_vector126/K/S16-K-perfil-1.npy,0,ok,train
S16-K-perfil-2,K,K,K,K,dynamic,0,msl-dynamic/bone_vector126/K/S16-K-perfil-2.npy,0,ok,train
S16-K-perfil-3,K,K,K,K,dynamic,0,msl-dynamic/bone_vector126/K/S16-K-perfil-3.npy,0,ok,train
S16-K-perfil-4,K,K,K,K,dynamic,0,msl-dynamic/bone_vector126/K/S16-K-perfil-4.npy,0,ok,train
S16-K-perfil-5,K,K,K,K,dynamic,0,msl-dynamic/bone_vector126/K/S16-K-perfil-5.npy,0,ok,train
S16-Q-perfil-1,Q,Q,Q,Q,dynamic,0,msl-dynamic/bone_vector126/Q/S16-Q-perfil-1.npy,0,ok,train
S16-Q-perfil-2,Q,Q,Q,Q,dynamic,0,msl-dynamic/bone_vector126/Q/S16-Q-perfil-2.npy,0,ok,train
S16-Q-perfil-3,Q,Q,Q,Q,dynamic,0,msl-dynamic/bone_vector126/Q/S16-Q-perfil-3.npy,0,ok,train
S16-Q-perfil-4,Q,Q,Q,Q,dynamic,0,msl-dynamic/bone_vector126/Q/S16-Q-perfil-4.npy,0,ok,train
S16-Q-perfil-5,Q,Q,Q,Q,dynamic,0,msl-dynamic/bone_vector126/Q/S16-Q-perfil-5.npy,0,ok,train
S16-X-perfil-1,X,X,X,X,dynamic,0,msl-dynamic/bone_vector126/X/S16-X-perfil-1.npy,0,ok,train
S16-X-perfil-2,X,X,X,X,dynamic,0,msl-dynamic/bone_vector126/X/S16-X-perfil-2.npy,0,ok,train
S16-X-perfil-3,X,X,X,X,dynamic,0,msl-dynamic/bone_vector126/X/S16-X-perfil-3.npy,0,ok,train
S16-X-perfil-4,X,X,X,X,dynamic,0,msl-dynamic/bone_vector126/X/S16-X-perfil-4.npy,0,ok,train
S16-X-perfil-5,X,X,X,X,dynamic,0,msl-dynamic/bone_vector126/X/S16-X-perfil-5.npy,0,ok,train
S16-Z-perfil-1,Z,Z,Z,Z,dynamic,0,msl-dynamic/bone_vector126/Z/S16-Z-perfil-1.npy,0,ok,train
S16-Z-perfil-2,Z,Z,Z,Z,dynamic,0,msl-dynamic/bone_vector126/Z/S16-Z-perfil-2.npy,0,ok,train
S16-Z-perfil-3,Z,Z,Z,Z,dynamic,0,msl-dynamic/bone_vector126/Z/S16-Z-perfil-3.npy,0,ok,train
S16-Z-perfil-4,Z,Z,Z,Z,dynamic,0,msl-dynamic/bone_vector126/Z/S16-Z-perfil-4.npy,0,ok,train
S16-Z-perfil-5,Z,Z,Z,Z,dynamic,0,msl-dynamic/bone_vector126/Z/S16-Z-perfil-5.npy,0,ok,train
S16-Ñ-perfil-1,Ñ,Ñ,Ñ,Ñ,dynamic,0,msl-dynamic/bone_vector126/Ñ/S16-Ñ-perfil-1.npy,0,ok,train
S16-Ñ-perfil-2,Ñ,Ñ,Ñ,Ñ,dynamic,0,msl-dynamic/bone_vector126/Ñ/S16-Ñ-perfil-2.npy,0,ok,train
S16-Ñ-perfil-3,Ñ,Ñ,Ñ,Ñ,dynamic,0,msl-dynamic/bone_vector126/Ñ/S16-Ñ-perfil-3.npy,0,ok,train
S16-Ñ-perfil-4,Ñ,Ñ,Ñ,Ñ,dynamic,0,msl-dynamic/bone_vector126/Ñ/S16-Ñ-perfil-4.npy,0,ok,train
S16-Ñ-perfil-5,Ñ,Ñ,Ñ,Ñ,dynamic,0,msl-dynamic/bone_vector126/Ñ/S16-Ñ-perfil-5.npy,0,ok,train
S17-J-perfil-1,J,J,J,J,dynamic,0,msl-dynamic/bone_vector126/J/S17-J-perfil-1.npy,0,ok,validation
S17-J-perfil-2,J,J,J,J,dynamic,0,msl-dynamic/bone_vector126/J/S17-J-perfil-2.npy,0,ok,validation
S17-J-perfil-3,J,J,J,J,dynamic,0,msl-dynamic/bone_vector126/J/S17-J-perfil-3.npy,0,ok,validation
S17-J-perfil-4,J,J,J,J,dynamic,0,msl-dynamic/bone_vector126/J/S17-J-perfil-4.npy,0,ok,validation
S17-J-perfil-5,J,J,J,J,dynamic,0,msl-dynamic/bone_vector126/J/S17-J-perfil-5.npy,0,ok,validation
S17-K-perfil-1,K,K,K,K,dynamic,0,msl-dynamic/bone_vector126/K/S17-K-perfil-1.npy,0,ok,validation
S17-K-perfil-2,K,K,K,K,dynamic,0,msl-dynamic/bone_vector126/K/S17-K-perfil-2.npy,0,ok,validation
S17-K-perfil-3,K,K,K,K,dynamic,0,msl-dynamic/bone_vector126/K/S17-K-perfil-3.npy,0,ok,validation
S17-K-perfil-4,K,K,K,K,dynamic,0,msl-dynamic/bone_vector126/K/S17-K-perfil-4.npy,0,ok,validation
S17-K-perfil-5,K,K,K,K,dynamic,0,msl-dynamic/bone_vector126/K/S17-K-perfil-5.npy,0,ok,validation
S17-Q-perfil-1,Q,Q,Q,Q,dynamic,0,msl-dynamic/bone_vector126/Q/S17-Q-perfil-1.npy,0,ok,validation
S17-Q-perfil-2,Q,Q,Q,Q,dynamic,0,msl-dynamic/bone_vector126/Q/S17-Q-perfil-2.npy,0,ok,validation
S17-Q-perfil-3,Q,Q,Q,Q,dynamic,0,msl-dynamic/bone_vector126/Q/S17-Q-perfil-3.npy,0,ok,validation
S17-Q-perfil-4,Q,Q,Q,Q,dynamic,0,msl-dynamic/bone_vector126/Q/S17-Q-perfil-4.npy,0,ok,validation
S17-Q-perfil-5,Q,Q,Q,Q,dynamic,0,msl-dynamic/bone_vector126/Q/S17-Q-perfil-5.npy,0,ok,validation
S17-X-perfil-1,X,X,X,X,dynamic,0,msl-dynamic/bone_vector126/X/S17-X-perfil-1.npy,0,ok,validation
S17-X-perfil-2,X,X,X,X,dynamic,0,msl-dynamic/bone_vector126/X/S17-X-perfil-2.npy,0,ok,validation
S17-X-perfil-3,X,X,X,X,dynamic,0,msl-dynamic/bone_vector126/X/S17-X-perfil-3.npy,0,ok,validation
S17-X-perfil-4,X,X,X,X,dynamic,0,msl-dynamic/bone_vector126/X/S17-X-perfil-4.npy,0,ok,validation
S17-X-perfil-5,X,X,X,X,dynamic,0,msl-dynamic/bone_vector126/X/S17-X-perfil-5.npy,0,ok,validation
S17-Z-perfil-1,Z,Z,Z,Z,dynamic,0,msl-dynamic/bone_vector126/Z/S17-Z-perfil-1.npy,0,ok,validation
S17-Z-perfil-2,Z,Z,Z,Z,dynamic,0,msl-dynamic/bone_vector126/Z/S17-Z-perfil-2.npy,0,ok,validation
S17-Z-perfil-3,Z,Z,Z,Z,dynamic,0,msl-dynamic/bone_vector126/Z/S17-Z-perfil-3.npy,0,ok,validation
S17-Z-perfil-4,Z,Z,Z,Z,dynamic,0,msl-dynamic/bone_vector126/Z/S17-Z-perfil-4.npy,0,ok,validation
S17-Z-perfil-5,Z,Z,Z,Z,dynamic,0,msl-dynamic/bone_vector126/Z/S17-Z-perfil-5.npy,0,ok,validation
S17-Ñ-perfil-1,Ñ,Ñ,Ñ,Ñ,dynamic,0,msl-dynamic/bone_vector126/Ñ/S17-Ñ-perfil-1.npy,0,ok,validation
S17-Ñ-perfil-2,Ñ,Ñ,Ñ,Ñ,dynamic,0,msl-dynamic/bone_vector126/Ñ/S17-Ñ-perfil-2.npy,0,ok,validation
S17-Ñ-perfil-3,Ñ,Ñ,Ñ,Ñ,dynamic,0,msl-dynamic/bone_vector126/Ñ/S17-Ñ-perfil-3.npy,0,ok,validation
S17-Ñ-perfil-4,Ñ,Ñ,Ñ,Ñ,dynamic,0,msl-dynamic/bone_vector126/Ñ/S17-Ñ-perfil-4.npy,0,ok,validation
S17-Ñ-perfil-5,Ñ,Ñ,Ñ,Ñ,dynamic,0,msl-dynamic/bone_vector126/Ñ/S17-Ñ-perfil-5.npy,0,ok,validation
S18-J-perfil-1,J,J,J,J,dynamic,0,msl-dynamic/bone_vector126/J/S18-J-perfil-1.npy,0,ok,validation
S18-J-perfil-2,J,J,J,J,dynamic,0,msl-dynamic/bone_vector126/J/S18-J-perfil-2.npy,0,ok,validation
S18-J-perfil-3,J,J,J,J,dynamic,0,msl-dynamic/bone_vector126/J/S18-J-perfil-3.npy,0,ok,validation
S18-J-perfil-4,J,J,J,J,dynamic,0,msl-dynamic/bone_vector126/J/S18-J-perfil-4.npy,0,ok,validation
S18-J-perfil-5,J,J,J,J,dynamic,0,msl-dynamic/bone_vector126/J/S18-J-perfil-5.npy,0,ok,validation
S18-K-perfil-1,K,K,K,K,dynamic,0,msl-dynamic/bone_vector126/K/S18-K-perfil-1.npy,0,ok,validation
S18-K-perfil-2,K,K,K,K,dynamic,0,msl-dynamic/bone_vector126/K/S18-K-perfil-2.npy,0,ok,validation
S18-K-perfil-3,K,K,K,K,dynamic,0,msl-dynamic/bone_vector126/K/S18-K-perfil-3.npy,0,ok,validation
S18-K-perfil-4,K,K,K,K,dynamic,0,msl-dynamic/bone_vector126/K/S18-K-perfil-4.npy,0,ok,validation
S18-K-perfil-5,K,K,K,K,dynamic,0,msl-dynamic/bone_vector126/K/S18-K-perfil-5.npy,0,ok,validation
S18-Q-perfil-1,Q,Q,Q,Q,dynamic,0,msl-dynamic/bone_vector126/Q/S18-Q-perfil-1.npy,0,ok,validation
S18-Q-perfil-2,Q,Q,Q,Q,dynamic,0,msl-dynamic/bone_vector126/Q/S18-Q-perfil-2.npy,0,ok,validation
S18-Q-perfil-3,Q,Q,Q,Q,dynamic,0,msl-dynamic/bone_vector126/Q/S18-Q-perfil-3.npy,0,ok,validation
S18-Q-perfil-4,Q,Q,Q,Q,dynamic,0,msl-dynamic/bone_vector126/Q/S18-Q-perfil-4.npy,0,ok,validation
S18-Q-perfil-5,Q,Q,Q,Q,dynamic,0,msl-dynamic/bone_vector126/Q/S18-Q-perfil-5.npy,0,ok,validation
S18-X-perfil-1,X,X,X,X,dynamic,0,msl-dynamic/bone_vector126/X/S18-X-perfil-1.npy,0,ok,validation
S18-X-perfil-2,X,X,X,X,dynamic,0,msl-dynamic/bone_vector126/X/S18-X-perfil-2.npy,0,ok,validation
S18-X-perfil-3,X,X,X,X,dynamic,0,msl-dynamic/bone_vector126/X/S18-X-perfil-3.npy,0,ok,validation
S18-X-perfil-4,X,X,X,X,dynamic,0,msl-dynamic/bone_vector126/X/S18-X-perfil-4.npy,0,ok,validation
S18-X-perfil-5,X,X,X,X,dynamic,0,msl-dynamic/bone_vector126/X/S18-X-perfil-5.npy,0,ok,validation
S18-Z-perfil-1,Z,Z,Z,Z,dynamic,0,msl-dynamic/bone_vector126/Z/S18-Z-perfil-1.npy,0,ok,validation
S18-Z-perfil-2,Z,Z,Z,Z,dynamic,0,msl-dynamic/bone_vector126/Z/S18-Z-perfil-2.npy,0,ok,validation
S18-Z-perfil-3,Z,Z,Z,Z,dynamic,0,msl-dynamic/bone_vector126/Z/S18-Z-perfil-3.npy,0,ok,validation
S18-Z-perfil-4,Z,Z,Z,Z,dynamic,0,msl-dynamic/bone_vector126/Z/S18-Z-perfil-4.npy,0,ok,validation
S18-Z-perfil-5,Z,Z,Z,Z,dynamic,0,msl-dynamic/bone_vector126/Z/S18-Z-perfil-5.npy,0,ok,validation
S18-Ñ-perfil-1,Ñ,Ñ,Ñ,Ñ,dynamic,0,msl-dynamic/bone_vector126/Ñ/S18-Ñ-perfil-1.npy,0,ok,validation
S18-Ñ-perfil-2,Ñ,Ñ,Ñ,Ñ,dynamic,0,msl-dynamic/bone_vector126/Ñ/S18-Ñ-perfil-2.npy,0,ok,validation
S18-Ñ-perfil-3,Ñ,Ñ,Ñ,Ñ,dynamic,0,msl-dynamic/bone_vector126/Ñ/S18-Ñ-perfil-3.npy,0,ok,validation
S18-Ñ-perfil-4,Ñ,Ñ,Ñ,Ñ,dynamic,0,msl-dynamic/bone_vector126/Ñ/S18-Ñ-perfil-4.npy,0,ok,validation
S18-Ñ-perfil-5,Ñ,Ñ,Ñ,Ñ,dynamic,0,msl-dynamic/bone_vector126/Ñ/S18-Ñ-perfil-5.npy,0,ok,validation
S2-J-perfil-1,J,J,J,J,dynamic,0,msl-dynamic/bone_vector126/J/S2-J-perfil-1.npy,0,ok,train
S2-J-perfil-2,J,J,J,J,dynamic,0,msl-dynamic/bone_vector126/J/S2-J-perfil-2.npy,0,ok,train
S2-J-perfil-3,J,J,J,J,dynamic,0,msl-dynamic/bone_vector126/J/S2-J-perfil-3.npy,0,ok,train
S2-J-perfil-4,J,J,J,J,dynamic,0,msl-dynamic/bone_vector126/J/S2-J-perfil-4.npy,0,ok,train
S2-J-perfil-5,J,J,J,J,dynamic,0,msl-dynamic/bone_vector126/J/S2-J-perfil-5.npy,0,ok,train
S2-K-perfil-1,K,K,K,K,dynamic,0,msl-dynamic/bone_vector126/K/S2-K-perfil-1.npy,0,ok,train
S2-K-perfil-2,K,K,K,K,dynamic,0,msl-dynamic/bone_vector126/K/S2-K-perfil-2.npy,0,ok,train
S2-K-perfil-3,K,K,K,K,dynamic,0,msl-dynamic/bone_vector126/K/S2-K-perfil-3.npy,0,ok,train
S2-K-perfil-4,K,K,K,K,dynamic,0,msl-dynamic/bone_vector126/K/S2-K-perfil-4.npy,0,ok,train
S2-K-perfil-5,K,K,K,K,dynamic,0,msl-dynamic/bone_vector126/K/S2-K-perfil-5.npy,0,ok,train
S2-Q-perfil-1,Q,Q,Q,Q,dynamic,0,msl-dynamic/bone_vector126/Q/S2-Q-perfil-1.npy,0,ok,train
S2-Q-perfil-2,Q,Q,Q,Q,dynamic,0,msl-dynamic/bone_vector126/Q/S2-Q-perfil-2.npy,0,ok,train
S2-Q-perfil-3,Q,Q,Q,Q,dynamic,0,msl-dynamic/bone_vector126/Q/S2-Q-perfil-3.npy,0,ok,train
S2-Q-perfil-4,Q,Q,Q,Q,dynamic,0,msl-dynamic/bone_vector126/Q/S2-Q-perfil-4.npy,0,ok,train
S2-Q-perfil-5,Q,Q,Q,Q,dynamic,0,msl-dynamic/bone_vector126/Q/S2-Q-perfil-5.npy,0,ok,train
S2-X-perfil-1,X,X,X,X,dynamic,0,msl-dynamic/bone_vector126/X/S2-X-perfil-1.npy,0,ok,train
S2-X-perfil-2,X,X,X,X,dynamic,0,msl-dynamic/bone_vector126/X/S2-X-perfil-2.npy,0,ok,train
S2-X-perfil-3,X,X,X,X,dynamic,0,msl-dynamic/bone_vector126/X/S2-X-perfil-3.npy,0,ok,train
S2-X-perfil-4,X,X,X,X,dynamic,0,msl-dynamic/bone_vector126/X/S2-X-perfil-4.npy,0,ok,train
S2-X-perfil-5,X,X,X,X,dynamic,0,msl-dynamic/bone_vector126/X/S2-X-perfil-5.npy,0,ok,train
S2-Z-perfil-1,Z,Z,Z,Z,dynamic,0,msl-dynamic/bone_vector126/Z/S2-Z-perfil-1.npy,0,ok,train
S2-Z-perfil-2,Z,Z,Z,Z,dynamic,0,msl-dynamic/bone_vector126/Z/S2-Z-perfil-2.npy,0,ok,train
S2-Z-perfil-3,Z,Z,Z,Z,dynamic,0,msl-dynamic/bone_vector126/Z/S2-Z-perfil-3.npy,0,ok,train
S2-Z-perfil-4,Z,Z,Z,Z,dynamic,0,msl-dynamic/bone_vector126/Z/S2-Z-perfil-4.npy,0,ok,train
S2-Z-perfil-5,Z,Z,Z,Z,dynamic,0,msl-dynamic/bone_vector126/Z/S2-Z-perfil-5.npy,0,ok,train
S2-Ñ-perfil-1,Ñ,Ñ,Ñ,Ñ,dynamic,0,msl-dynamic/bone_vector126/Ñ/S2-Ñ-perfil-1.npy,0,ok,train
S2-Ñ-perfil-2,Ñ,Ñ,Ñ,Ñ,dynamic,0,msl-dynamic/bone_vector126/Ñ/S2-Ñ-perfil-2.npy,0,ok,train
S2-Ñ-perfil-3,Ñ,Ñ,Ñ,Ñ,dynamic,0,msl-dynamic/bone_vector126/Ñ/S2-Ñ-perfil-3.npy,0,ok,train
S2-Ñ-perfil-4,Ñ,Ñ,Ñ,Ñ,dynamic,0,msl-dynamic/bone_vector126/Ñ/S2-Ñ-perfil-4.npy,0,ok,train
S2-Ñ-perfil-5,Ñ,Ñ,Ñ,Ñ,dynamic,0,msl-dynamic/bone_vector126/Ñ/S2-Ñ-perfil-5.npy,0,ok,train
S3-J-perfil-1,J,J,J,J,dynamic,0,msl-dynamic/bone_vector126/J/S3-J-perfil-1.npy,0,ok,train
S3-J-perfil-2,J,J,J,J,dynamic,0,msl-dynamic/bone_vector126/J/S3-J-perfil-2.npy,0,ok,train
S3-J-perfil-3,J,J,J,J,dynamic,0,msl-dynamic/bone_vector126/J/S3-J-perfil-3.npy,0,ok,train
S3-J-perfil-4,J,J,J,J,dynamic,0,msl-dynamic/bone_vector126/J/S3-J-perfil-4.npy,0,ok,train
S3-J-perfil-5,J,J,J,J,dynamic,0,msl-dynamic/bone_vector126/J/S3-J-perfil-5.npy,0,ok,train
S3-K-perfil-1,K,K,K,K,dynamic,0,msl-dynamic/bone_vector126/K/S3-K-perfil-1.npy,0,ok,train
S3-K-perfil-2,K,K,K,K,dynamic,0,msl-dynamic/bone_vector126/K/S3-K-perfil-2.npy,0,ok,train
S3-K-perfil-3,K,K,K,K,dynamic,0,msl-dynamic/bone_vector126/K/S3-K-perfil-3.npy,0,ok,train
S3-K-perfil-4,K,K,K,K,dynamic,0,msl-dynamic/bone_vector126/K/S3-K-perfil-4.npy,0,ok,train
S3-K-perfil-5,K,K,K,K,dynamic,0,msl-dynamic/bone_vector126/K/S3-K-perfil-5.npy,0,ok,train
S3-Q-perfil-1,Q,Q,Q,Q,dynamic,0,msl-dynamic/bone_vector126/Q/S3-Q-perfil-1.npy,0,ok,train
S3-Q-perfil-2,Q,Q,Q,Q,dynamic,0,msl-dynamic/bone_vector126/Q/S3-Q-perfil-2.npy,0,ok,train
S3-Q-perfil-3,Q,Q,Q,Q,dynamic,0,msl-dynamic/bone_vector126/Q/S3-Q-perfil-3.npy,0,ok,train
S3-Q-perfil-4,Q,Q,Q,Q,dynamic,0,msl-dynamic/bone_vector126/Q/S3-Q-perfil-4.npy,0,ok,train
S3-Q-perfil-5,Q,Q,Q,Q,dynamic,0,msl-dynamic/bone_vector126/Q/S3-Q-perfil-5.npy,0,ok,train
S3-Q-perfil-6,Q,Q,Q,Q,dynamic,0,msl-dynamic/bone_vector126/Q/S3-Q-perfil-6.npy,0,ok,train
S3-Q-perfil-7,Q,Q,Q,Q,dynamic,0,msl-dynamic/bone_vector126/Q/S3-Q-perfil-7.npy,0,ok,train
S3-X-perfil-1,X,X,X,X,dynamic,0,msl-dynamic/bone_vector126/X/S3-X-perfil-1.npy,0,ok,train
S3-X-perfil-2,X,X,X,X,dynamic,0,msl-dynamic/bone_vector126/X/S3-X-perfil-2.npy,0,ok,train
S3-X-perfil-3,X,X,X,X,dynamic,0,msl-dynamic/bone_vector126/X/S3-X-perfil-3.npy,0,ok,train
S3-X-perfil-4,X,X,X,X,dynamic,0,msl-dynamic/bone_vector126/X/S3-X-perfil-4.npy,0,ok,train
S3-X-perfil-5,X,X,X,X,dynamic,0,msl-dynamic/bone_vector126/X/S3-X-perfil-5.npy,0,ok,train
S3-Z-perfil-1,Z,Z,Z,Z,dynamic,0,msl-dynamic/bone_vector126/Z/S3-Z-perfil-1.npy,0,ok,train
S3-Z-perfil-2,Z,Z,Z,Z,dynamic,0,msl-dynamic/bone_vector126/Z/S3-Z-perfil-2.npy,0,ok,train
S3-Z-perfil-3,Z,Z,Z,Z,dynamic,0,msl-dynamic/bone_vector126/Z/S3-Z-perfil-3.npy,0,ok,train
S3-Z-perfil-4,Z,Z,Z,Z,dynamic,0,msl-dynamic/bone_vector126/Z/S3-Z-perfil-4.npy,0,ok,train
S3-Z-perfil-5,Z,Z,Z,Z,dynamic,0,msl-dynamic/bone_vector126/Z/S3-Z-perfil-5.npy,0,ok,train
S3-Z-perfil-6,Z,Z,Z,Z,dynamic,0,msl-dynamic/bone_vector126/Z/S3-Z-perfil-6.npy,0,ok,train
S3-Ñ-perfil-1,Ñ,Ñ,Ñ,Ñ,dynamic,0,msl-dynamic/bone_vector126/Ñ/S3-Ñ-perfil-1.npy,0,ok,train
S3-Ñ-perfil-2,Ñ,Ñ,Ñ,Ñ,dynamic,0,msl-dynamic/bone_vector126/Ñ/S3-Ñ-perfil-2.npy,0,ok,train
S3-Ñ-perfil-3,Ñ,Ñ,Ñ,Ñ,dynamic,0,msl-dynamic/bone_vector126/Ñ/S3-Ñ-perfil-3.npy,0,ok,train
S3-Ñ-perfil-4,Ñ,Ñ,Ñ,Ñ,dynamic,0,msl-dynamic/bone_vector126/Ñ/S3-Ñ-perfil-4.npy,0,ok,train
S3-Ñ-perfil-5,Ñ,Ñ,Ñ,Ñ,dynamic,0,msl-dynamic/bone_vector126/Ñ/S3-Ñ-perfil-5.npy,0,ok,train
S3-Ñ-perfil-6,Ñ,Ñ,Ñ,Ñ,dynamic,0,msl-dynamic/bone_vector126/Ñ/S3-Ñ-perfil-6.npy,0,ok,train
S4-J-perfil-1,J,J,J,J,dynamic,0,msl-dynamic/bone_vector126/J/S4-J-perfil-1.npy,0,ok,train
S4-J-perfil-2,J,J,J,J,dynamic,0,msl-dynamic/bone_vector126/J/S4-J-perfil-2.npy,0,ok,train
S4-J-perfil-3,J,J,J,J,dynamic,0,msl-dynamic/bone_vector126/J/S4-J-perfil-3.npy,0,ok,train
S4-J-perfil-4,J,J,J,J,dynamic,0,msl-dynamic/bone_vector126/J/S4-J-perfil-4.npy,0,ok,train
S4-J-perfil-5,J,J,J,J,dynamic,0,msl-dynamic/bone_vector126/J/S4-J-perfil-5.npy,0,ok,train
S4-K-perfil-1,K,K,K,K,dynamic,0,msl-dynamic/bone_vector126/K/S4-K-perfil-1.npy,0,ok,train
S4-K-perfil-2,K,K,K,K,dynamic,0,msl-dynamic/bone_vector126/K/S4-K-perfil-2.npy,0,ok,train
S4-K-perfil-3,K,K,K,K,dynamic,0,msl-dynamic/bone_vector126/K/S4-K-perfil-3.npy,0,ok,train
S4-K-perfil-4,K,K,K,K,dynamic,0,msl-dynamic/bone_vector126/K/S4-K-perfil-4.npy,0,ok,train
S4-K-perfil-5,K,K,K,K,dynamic,0,msl-dynamic/bone_vector126/K/S4-K-perfil-5.npy,0,ok,train
S4-Q-perfil-1,Q,Q,Q,Q,dynamic,0,msl-dynamic/bone_vector126/Q/S4-Q-perfil-1.npy,0,ok,train
S4-Q-perfil-2,Q,Q,Q,Q,dynamic,0,msl-dynamic/bone_vector126/Q/S4-Q-perfil-2.npy,0,ok,train
S4-Q-perfil-3,Q,Q,Q,Q,dynamic,0,msl-dynamic/bone_vector126/Q/S4-Q-perfil-3.npy,0,ok,train
S4-Q-perfil-4,Q,Q,Q,Q,dynamic,0,msl-dynamic/bone_vector126/Q/S4-Q-perfil-4.npy,0,ok,train
S4-Q-perfil-5,Q,Q,Q,Q,dynamic,0,msl-dynamic/bone_vector126/Q/S4-Q-perfil-5.npy,0,ok,train
S4-Q-perfil-6,Q,Q,Q,Q,dynamic,0,msl-dynamic/bone_vector126/Q/S4-Q-perfil-6.npy,0,ok,train
S4-X-perfil-1,X,X,X,X,dynamic,0,msl-dynamic/bone_vector126/X/S4-X-perfil-1.npy,0,ok,train
S4-X-perfil-2,X,X,X,X,dynamic,0,msl-dynamic/bone_vector126/X/S4-X-perfil-2.npy,0,ok,train
S4-X-perfil-3,X,X,X,X,dynamic,0,msl-dynamic/bone_vector126/X/S4-X-perfil-3.npy,0,ok,train
S4-X-perfil-4,X,X,X,X,dynamic,0,msl-dynamic/bone_vector126/X/S4-X-perfil-4.npy,0,ok,train
S4-X-perfil-5,X,X,X,X,dynamic,0,msl-dynamic/bone_vector126/X/S4-X-perfil-5.npy,0,ok,train
S4-X-perfil-6,X,X,X,X,dynamic,0,msl-dynamic/bone_vector126/X/S4-X-perfil-6.npy,0,ok,train
S4-Z-perfil-1,Z,Z,Z,Z,dynamic,0,msl-dynamic/bone_vector126/Z/S4-Z-perfil-1.npy,0,ok,train
S4-Z-perfil-2,Z,Z,Z,Z,dynamic,0,msl-dynamic/bone_vector126/Z/S4-Z-perfil-2.npy,0,ok,train
S4-Z-perfil-3,Z,Z,Z,Z,dynamic,0,msl-dynamic/bone_vector126/Z/S4-Z-perfil-3.npy,0,ok,train
S4-Z-perfil-4,Z,Z,Z,Z,dynamic,0,msl-dynamic/bone_vector126/Z/S4-Z-perfil-4.npy,0,ok,train
S4-Z-perfil-5,Z,Z,Z,Z,dynamic,0,msl-dynamic/bone_vector126/Z/S4-Z-perfil-5.npy,0,ok,train
S4-Ñ-perfil-1,Ñ,Ñ,Ñ,Ñ,dynamic,0,msl-dynamic/bone_vector126/Ñ/S4-Ñ-perfil-1.npy,0,ok,train
S4-Ñ-perfil-2,Ñ,Ñ,Ñ,Ñ,dynamic,0,msl-dynamic/bone_vector126/Ñ/S4-Ñ-perfil-2.npy,0,ok,train
S4-Ñ-perfil-3,Ñ,Ñ,Ñ,Ñ,dynamic,0,msl-dynamic/bone_vector126/Ñ/S4-Ñ-perfil-3.npy,0,ok,train
S4-Ñ-perfil-4,Ñ,Ñ,Ñ,Ñ,dynamic,0,msl-dynamic/bone_vector126/Ñ/S4-Ñ-perfil-4.npy,0,ok,train
S4-Ñ-perfil-5,Ñ,Ñ,Ñ,Ñ,dynamic,0,msl-dynamic/bone_vector126/Ñ/S4-Ñ-perfil-5.npy,0,ok,train
S5-J-perfil-1,J,J,J,J,dynamic,0,msl-dynamic/bone_vector126/J/S5-J-perfil-1.npy,0,ok,train
S5-J-perfil-2,J,J,J,J,dynamic,0,msl-dynamic/bone_vector126/J/S5-J-perfil-2.npy,0,ok,train
S5-J-perfil-3,J,J,J,J,dynamic,0,msl-dynamic/bone_vector126/J/S5-J-perfil-3.npy,0,ok,train
S5-J-perfil-4,J,J,J,J,dynamic,0,msl-dynamic/bone_vector126/J/S5-J-perfil-4.npy,0,ok,train
S5-J-perfil-5,J,J,J,J,dynamic,0,msl-dynamic/bone_vector126/J/S5-J-perfil-5.npy,0,ok,train
S5-J-perfil-6,J,J,J,J,dynamic,0,msl-dynamic/bone_vector126/J/S5-J-perfil-6.npy,0,ok,train
S5-K-perfil-1,K,K,K,K,dynamic,0,msl-dynamic/bone_vector126/K/S5-K-perfil-1.npy,0,ok,train
S5-K-perfil-2,K,K,K,K,dynamic,0,msl-dynamic/bone_vector126/K/S5-K-perfil-2.npy,0,ok,train
S5-K-perfil-3,K,K,K,K,dynamic,0,msl-dynamic/bone_vector126/K/S5-K-perfil-3.npy,0,ok,train
S5-K-perfil-4,K,K,K,K,dynamic,0,msl-dynamic/bone_vector126/K/S5-K-perfil-4.npy,0,ok,train
S5-K-perfil-5,K,K,K,K,dynamic,0,msl-dynamic/bone_vector126/K/S5-K-perfil-5.npy,0,ok,train
S5-K-perfil-6,K,K,K,K,dynamic,0,msl-dynamic/bone_vector126/K/S5-K-perfil-6.npy,0,ok,train
S5-Q-perfil-1,Q,Q,Q,Q,dynamic,0,msl-dynamic/bone_vector126/Q/S5-Q-perfil-1.npy,0,ok,train
S5-Q-perfil-2,Q,Q,Q,Q,dynamic,0,msl-dynamic/bone_vector126/Q/S5-Q-perfil-2.npy,0,ok,train
S5-Q-perfil-3,Q,Q,Q,Q,dynamic,0,msl-dynamic/bone_vector126/Q/S5-Q-perfil-3.npy,0,ok,train
S5-Q-perfil-4,Q,Q,Q,Q,dynamic,0,msl-dynamic/bone_vector126/Q/S5-Q-perfil-4.npy,0,ok,train
S5-Q-perfil-5,Q,Q,Q,Q,dynamic,0,msl-dynamic/bone_vector126/Q/S5-Q-perfil-5.npy,0,ok,train
S5-Q-perfil-6,Q,Q,Q,Q,dynamic,0,msl-dynamic/bone_vector126/Q/S5-Q-perfil-6.npy,0,ok,train
S5-X-perfil-1,X,X,X,X,dynamic,0,msl-dynamic/bone_vector126/X/S5-X-perfil-1.npy,0,ok,train
S5-X-perfil-2,X,X,X,X,dynamic,0,msl-dynamic/bone_vector126/X/S5-X-perfil-2.npy,0,ok,train
S5-X-perfil-3,X,X,X,X,dynamic,0,msl-dynamic/bone_vector126/X/S5-X-perfil-3.npy,0,ok,train
S5-X-perfil-4,X,X,X,X,dynamic,0,msl-dynamic/bone_vector126/X/S5-X-perfil-4.npy,0,ok,train
S5-X-perfil-5,X,X,X,X,dynamic,0,msl-dynamic/bone_vector126/X/S5-X-perfil-5.npy,0,ok,train
S5-X-perfil-6,X,X,X,X,dynamic,0,msl-dynamic/bone_vector126/X/S5-X-perfil-6.npy,0,ok,train
S5-Z-perfil-1,Z,Z,Z,Z,dynamic,0,msl-dynamic/bone_vector126/Z/S5-Z-perfil-1.npy,0,ok,train
S5-Z-perfil-2,Z,Z,Z,Z,dynamic,0,msl-dynamic/bone_vector126/Z/S5-Z-perfil-2.npy,0,ok,train
S5-Z-perfil-3,Z,Z,Z,Z,dynamic,0,msl-dynamic/bone_vector126/Z/S5-Z-perfil-3.npy,0,ok,train
S5-Z-perfil-4,Z,Z,Z,Z,dynamic,0,msl-dynamic/bone_vector126/Z/S5-Z-perfil-4.npy,0,ok,train
S5-Z-perfil-5,Z,Z,Z,Z,dynamic,0,msl-dynamic/bone_vector126/Z/S5-Z-perfil-5.npy,0,ok,train
S5-Z-perfil-6,Z,Z,Z,Z,dynamic,0,msl-dynamic/bone_vector126/Z/S5-Z-perfil-6.npy,0,ok,train
S5-Ñ-perfil-1,Ñ,Ñ,Ñ,Ñ,dynamic,0,msl-dynamic/bone_vector126/Ñ/S5-Ñ-perfil-1.npy,0,ok,train
S5-Ñ-perfil-2,Ñ,Ñ,Ñ,Ñ,dynamic,0,msl-dynamic/bone_vector126/Ñ/S5-Ñ-perfil-2.npy,0,ok,train
S5-Ñ-perfil-3,Ñ,Ñ,Ñ,Ñ,dynamic,0,msl-dynamic/bone_vector126/Ñ/S5-Ñ-perfil-3.npy,0,ok,train
S5-Ñ-perfil-4,Ñ,Ñ,Ñ,Ñ,dynamic,0,msl-dynamic/bone_vector126/Ñ/S5-Ñ-perfil-4.npy,0,ok,train
S5-Ñ-perfil-5,Ñ,Ñ,Ñ,Ñ,dynamic,0,msl-dynamic/bone_vector126/Ñ/S5-Ñ-perfil-5.npy,0,ok,train
S5-Ñ-perfil-6,Ñ,Ñ,Ñ,Ñ,dynamic,0,msl-dynamic/bone_vector126/Ñ/S5-Ñ-perfil-6.npy,0,ok,train
S6-J-perfil-1,J,J,J,J,dynamic,0,msl-dynamic/bone_vector126/J/S6-J-perfil-1.npy,0,ok,train
S6-J-perfil-2,J,J,J,J,dynamic,0,msl-dynamic/bone_vector126/J/S6-J-perfil-2.npy,0,ok,train
S6-J-perfil-3,J,J,J,J,dynamic,0,msl-dynamic/bone_vector126/J/S6-J-perfil-3.npy,0,ok,train
S6-J-perfil-4,J,J,J,J,dynamic,0,msl-dynamic/bone_vector126/J/S6-J-perfil-4.npy,0,ok,train
S6-J-perfil-5,J,J,J,J,dynamic,0,msl-dynamic/bone_vector126/J/S6-J-perfil-5.npy,0,ok,train
S6-K-perfil-1,K,K,K,K,dynamic,0,msl-dynamic/bone_vector126/K/S6-K-perfil-1.npy,0,ok,train
S6-K-perfil-2,K,K,K,K,dynamic,0,msl-dynamic/bone_vector126/K/S6-K-perfil-2.npy,0,ok,train
S6-K-perfil-3,K,K,K,K,dynamic,0,msl-dynamic/bone_vector126/K/S6-K-perfil-3.npy,0,ok,train
S6-K-perfil-4,K,K,K,K,dynamic,0,msl-dynamic/bone_vector126/K/S6-K-perfil-4.npy,0,ok,train
S6-K-perfil-5,K,K,K,K,dynamic,0,msl-dynamic/bone_vector126/K/S6-K-perfil-5.npy,0,ok,train
S6-Q-perfil-1,Q,Q,Q,Q,dynamic,0,msl-dynamic/bone_vector126/Q/S6-Q-perfil-1.npy,0,ok,train
S6-Q-perfil-2,Q,Q,Q,Q,dynamic,0,msl-dynamic/bone_vector126/Q/S6-Q-perfil-2.npy,0,ok,train
S6-Q-perfil-3,Q,Q,Q,Q,dynamic,0,msl-dynamic/bone_vector126/Q/S6-Q-perfil-3.npy,0,ok,train
S6-Q-perfil-4,Q,Q,Q,Q,dynamic,0,msl-dynamic/bone_vector126/Q/S6-Q-perfil-4.npy,0,ok,train
S6-Q-perfil-5,Q,Q,Q,Q,dynamic,0,msl-dynamic/bone_vector126/Q/S6-Q-perfil-5.npy,0,ok,train
S6-X-perfil-1,X,X,X,X,dynamic,0,msl-dynamic/bone_vector126/X/S6-X-perfil-1.npy,0,ok,train
S6-X-perfil-2,X,X,X,X,dynamic,0,msl-dynamic/bone_vector126/X/S6-X-perfil-2.npy,0,ok,train
S6-X-perfil-3,X,X,X,X,dynamic,0,msl-dynamic/bone_vector126/X/S6-X-perfil-3.npy,0,ok,train
S6-X-perfil-4,X,X,X,X,dynamic,0,msl-dynamic/bone_vector126/X/S6-X-perfil-4.npy,0,ok,train
S6-X-perfil-5,X,X,X,X,dynamic,0,msl-dynamic/bone_vector126/X/S6-X-perfil-5.npy,0,ok,train
S6-Z-perfil-1,Z,Z,Z,Z,dynamic,0,msl-dynamic/bone_vector126/Z/S6-Z-perfil-1.npy,0,ok,train
S6-Z-perfil-2,Z,Z,Z,Z,dynamic,0,msl-dynamic/bone_vector126/Z/S6-Z-perfil-2.npy,0,ok,train
S6-Z-perfil-3,Z,Z,Z,Z,dynamic,0,msl-dynamic/bone_vector126/Z/S6-Z-perfil-3.npy,0,ok,train
S6-Z-perfil-4,Z,Z,Z,Z,dynamic,0,msl-dynamic/bone_vector126/Z/S6-Z-perfil-4.npy,0,ok,train
S6-Z-perfil-5,Z,Z,Z,Z,dynamic,0,msl-dynamic/bone_vector126/Z/S6-Z-perfil-5.npy,0,ok,train
S6-Z-perfil-6,Z,Z,Z,Z,dynamic,0,msl-dynamic/bone_vector126/Z/S6-Z-perfil-6.npy,0,ok,train
S6-Ñ-perfil-1,Ñ,Ñ,Ñ,Ñ,dynamic,0,msl-dynamic/bone_vector126/Ñ/S6-Ñ-perfil-1.npy,0,ok,train
S6-Ñ-perfil-2,Ñ,Ñ,Ñ,Ñ,dynamic,0,msl-dynamic/bone_vector126/Ñ/S6-Ñ-perfil-2.npy,0,ok,train
S6-Ñ-perfil-3,Ñ,Ñ,Ñ,Ñ,dynamic,0,msl-dynamic/bone_vector126/Ñ/S6-Ñ-perfil-3.npy,0,ok,train
S6-Ñ-perfil-4,Ñ,Ñ,Ñ,Ñ,dynamic,0,msl-dynamic/bone_vector126/Ñ/S6-Ñ-perfil-4.npy,0,ok,train
S6-Ñ-perfil-5,Ñ,Ñ,Ñ,Ñ,dynamic,0,msl-dynamic/bone_vector126/Ñ/S6-Ñ-perfil-5.npy,0,ok,train
S7-J-perfil-1,J,J,J,J,dynamic,0,msl-dynamic/bone_vector126/J/S7-J-perfil-1.npy,0,ok,train
S7-J-perfil-2,J,J,J,J,dynamic,0,msl-dynamic/bone_vector126/J/S7-J-perfil-2.npy,0,ok,train
S7-J-perfil-3,J,J,J,J,dynamic,0,msl-dynamic/bone_vector126/J/S7-J-perfil-3.npy,0,ok,train
S7-J-perfil-4,J,J,J,J,dynamic,0,msl-dynamic/bone_vector126/J/S7-J-perfil-4.npy,0,ok,train
S7-J-perfil-5,J,J,J,J,dynamic,0,msl-dynamic/bone_vector126/J/S7-J-perfil-5.npy,0,ok,train
S7-K-perfil-1,K,K,K,K,dynamic,0,msl-dynamic/bone_vector126/K/S7-K-perfil-1.npy,0,ok,train
S7-K-perfil-2,K,K,K,K,dynamic,0,msl-dynamic/bone_vector126/K/S7-K-perfil-2.npy,0,ok,train
S7-K-perfil-3,K,K,K,K,dynamic,0,msl-dynamic/bone_vector126/K/S7-K-perfil-3.npy,0,ok,train
S7-K-perfil-4,K,K,K,K,dynamic,0,msl-dynamic/bone_vector126/K/S7-K-perfil-4.npy,0,ok,train
S7-K-perfil-5,K,K,K,K,dynamic,0,msl-dynamic/bone_vector126/K/S7-K-perfil-5.npy,0,ok,train
S7-Q-perfil-1,Q,Q,Q,Q,dynamic,0,msl-dynamic/bone_vector126/Q/S7-Q-perfil-1.npy,0,ok,train
S7-Q-perfil-2,Q,Q,Q,Q,dynamic,0,msl-dynamic/bone_vector126/Q/S7-Q-perfil-2.npy,0,ok,train
S7-Q-perfil-3,Q,Q,Q,Q,dynamic,0,msl-dynamic/bone_vector126/Q/S7-Q-perfil-3.npy,0,ok,train
S7-Q-perfil-4,Q,Q,Q,Q,dynamic,0,msl-dynamic/bone_vector126/Q/S7-Q-perfil-4.npy,0,ok,train
S7-Q-perfil-5,Q,Q,Q,Q,dynamic,0,msl-dynamic/bone_vector126/Q/S7-Q-perfil-5.npy,0,ok,train
S7-X-perfil-1,X,X,X,X,dynamic,0,msl-dynamic/bone_vector126/X/S7-X-perfil-1.npy,0,ok,train
S7-X-perfil-2,X,X,X,X,dynamic,0,msl-dynamic/bone_vector126/X/S7-X-perfil-2.npy,0,ok,train
S7-X-perfil-3,X,X,X,X,dynamic,0,msl-dynamic/bone_vector126/X/S7-X-perfil-3.npy,0,ok,train
S7-X-perfil-4,X,X,X,X,dynamic,0,msl-dynamic/bone_vector126/X/S7-X-perfil-4.npy,0,ok,train
S7-X-perfil-5,X,X,X,X,dynamic,0,msl-dynamic/bone_vector126/X/S7-X-perfil-5.npy,0,ok,train
S7-Z-perfil-1,Z,Z,Z,Z,dynamic,0,msl-dynamic/bone_vector126/Z/S7-Z-perfil-1.npy,0,ok,train
S7-Z-perfil-2,Z,Z,Z,Z,dynamic,0,msl-dynamic/bone_vector126/Z/S7-Z-perfil-2.npy,0,ok,train
S7-Z-perfil-3,Z,Z,Z,Z,dynamic,0,msl-dynamic/bone_vector126/Z/S7-Z-perfil-3.npy,0,ok,train
S7-Z-perfil-4,Z,Z,Z,Z,dynamic,0,msl-dynamic/bone_vector126/Z/S7-Z-perfil-4.npy,0,ok,train
S7-Z-perfil-5,Z,Z,Z,Z,dynamic,0,msl-dynamic/bone_vector126/Z/S7-Z-perfil-5.npy,0,ok,train
S7-Ñ-perfil-1,Ñ,Ñ,Ñ,Ñ,dynamic,0,msl-dynamic/bone_vector126/Ñ/S7-Ñ-perfil-1.npy,0,ok,train
S7-Ñ-perfil-2,Ñ,Ñ,Ñ,Ñ,dynamic,0,msl-dynamic/bone_vector126/Ñ/S7-Ñ-perfil-2.npy,0,ok,train
S7-Ñ-perfil-3,Ñ,Ñ,Ñ,Ñ,dynamic,0,msl-dynamic/bone_vector126/Ñ/S7-Ñ-perfil-3.npy,0,ok,train
S7-Ñ-perfil-4,Ñ,Ñ,Ñ,Ñ,dynamic,0,msl-dynamic/bone_vector126/Ñ/S7-Ñ-perfil-4.npy,0,ok,train
S7-Ñ-perfil-5,Ñ,Ñ,Ñ,Ñ,dynamic,0,msl-dynamic/bone_vector126/Ñ/S7-Ñ-perfil-5.npy,0,ok,train
S8-J-lateral-1,J,J,J,J,dynamic,0,msl-dynamic/bone_vector126/J/S8-J-lateral-1.npy,0,ok,train
S8-J-lateral-2,J,J,J,J,dynamic,0,msl-dynamic/bone_vector126/J/S8-J-lateral-2.npy,0,ok,train
S8-J-lateral-3,J,J,J,J,dynamic,0,msl-dynamic/bone_vector126/J/S8-J-lateral-3.npy,0,ok,train
S8-J-lateral-4,J,J,J,J,dynamic,0,msl-dynamic/bone_vector126/J/S8-J-lateral-4.npy,0,ok,train
S8-J-lateral-5,J,J,J,J,dynamic,0,msl-dynamic/bone_vector126/J/S8-J-lateral-5.npy,0,ok,train
S8-K-lateral-1,K,K,K,K,dynamic,0,msl-dynamic/bone_vector126/K/S8-K-lateral-1.npy,0,ok,train
S8-K-lateral-2,K,K,K,K,dynamic,0,msl-dynamic/bone_vector126/K/S8-K-lateral-2.npy,0,ok,train
S8-K-lateral-3,K,K,K,K,dynamic,0,msl-dynamic/bone_vector126/K/S8-K-lateral-3.npy,0,ok,train
S8-K-lateral-4,K,K,K,K,dynamic,0,msl-dynamic/bone_vector126/K/S8-K-lateral-4.npy,0,ok,train
S8-K-lateral-5,K,K,K,K,dynamic,0,msl-dynamic/bone_vector126/K/S8-K-lateral-5.npy,0,ok,train
S8-Q-lateral-1,Q,Q,Q,Q,dynamic,0,msl-dynamic/bone_vector126/Q/S8-Q-lateral-1.npy,0,ok,train
S8-Q-lateral-2,Q,Q,Q,Q,dynamic,0,msl-dynamic/bone_vector126/Q/S8-Q-lateral-2.npy,0,ok,train
S8-Q-lateral-3,Q,Q,Q,Q,dynamic,0,msl-dynamic/bone_vector126/Q/S8-Q-lateral-3.npy,0,ok,train
S8-Q-lateral-4,Q,Q,Q,Q,dynamic,0,msl-dynamic/bone_vector126/Q/S8-Q-lateral-4.npy,0,ok,train
S8-Q-lateral-5,Q,Q,Q,Q,dynamic,0,msl-dynamic/bone_vector126/Q/S8-Q-lateral-5.npy,0,ok,train
S8-X-lateral-1,X,X,X,X,dynamic,0,msl-dynamic/bone_vector126/X/S8-X-lateral-1.npy,0,ok,train
S8-X-lateral-2,X,X,X,X,dynamic,0,msl-dynamic/bone_vector126/X/S8-X-lateral-2.npy,0,ok,train
S8-X-lateral-3,X,X,X,X,dynamic,0,msl-dynamic/bone_vector126/X/S8-X-lateral-3.npy,0,ok,train
S8-X-lateral-4,X,X,X,X,dynamic,0,msl-dynamic/bone_vector126/X/S8-X-lateral-4.npy,0,ok,train
S8-X-lateral-5,X,X,X,X,dynamic,0,msl-dynamic/bone_vector126/X/S8-X-lateral-5.npy,0,ok,train
S8-Z-lateral-1,Z,Z,Z,Z,dynamic,0,msl-dynamic/bone_vector126/Z/S8-Z-lateral-1.npy,0,ok,train
S8-Z-lateral-2,Z,Z,Z,Z,dynamic,0,msl-dynamic/bone_vector126/Z/S8-Z-lateral-2.npy,0,ok,train
S8-Z-lateral-3,Z,Z,Z,Z,dynamic,0,msl-dynamic/bone_vector126/Z/S8-Z-lateral-3.npy,0,ok,train
S8-Z-lateral-4,Z,Z,Z,Z,dynamic,0,msl-dynamic/bone_vector126/Z/S8-Z-lateral-4.npy,0,ok,train
S8-Z-lateral-5,Z,Z,Z,Z,dynamic,0,msl-dynamic/bone_vector126/Z/S8-Z-lateral-5.npy,0,ok,train
S8-Ñ-lateral-1,Ñ,Ñ,Ñ,Ñ,dynamic,0,msl-dynamic/bone_vector126/Ñ/S8-Ñ-lateral-1.npy,0,ok,train
S8-Ñ-lateral-2,Ñ,Ñ,Ñ,Ñ,dynamic,0,msl-dynamic/bone_vector126/Ñ/S8-Ñ-lateral-2.npy,0,ok,train
S8-Ñ-lateral-3,Ñ,Ñ,Ñ,Ñ,dynamic,0,msl-dynamic/bone_vector126/Ñ/S8-Ñ-lateral-3.npy,0,ok,train
S8-Ñ-lateral-4,Ñ,Ñ,Ñ,Ñ,dynamic,0,msl-dynamic/bone_vector126/Ñ/S8-Ñ-lateral-4.npy,0,ok,train
S8-Ñ-lateral-5,Ñ,Ñ,Ñ,Ñ,dynamic,0,msl-dynamic/bone_vector126/Ñ/S8-Ñ-lateral-5.npy,0,ok,train
S9-J-perfil-1,J,J,J,J,dynamic,0,msl-dynamic/bone_vector126/J/S9-J-perfil-1.npy,0,ok,train
S9-J-perfil-2,J,J,J,J,dynamic,0,msl-dynamic/bone_vector126/J/S9-J-perfil-2.npy,0,ok,train
S9-J-perfil-3,J,J,J,J,dynamic,0,msl-dynamic/bone_vector126/J/S9-J-perfil-3.npy,0,ok,train
S9-J-perfil-4,J,J,J,J,dynamic,0,msl-dynamic/bone_vector126/J/S9-J-perfil-4.npy,0,ok,train
S9-J-perfil-5,J,J,J,J,dynamic,0,msl-dynamic/bone_vector126/J/S9-J-perfil-5.npy,0,ok,train
S9-K-perfil-1,K,K,K,K,dynamic,0,msl-dynamic/bone_vector126/K/S9-K-perfil-1.npy,0,ok,train
S9-K-perfil-2,K,K,K,K,dynamic,0,msl-dynamic/bone_vector126/K/S9-K-perfil-2.npy,0,ok,train
S9-K-perfil-3,K,K,K,K,dynamic,0,msl-dynamic/bone_vector126/K/S9-K-perfil-3.npy,0,ok,train
S9-K-perfil-4,K,K,K,K,dynamic,0,msl-dynamic/bone_vector126/K/S9-K-perfil-4.npy,0,ok,train
S9-K-perfil-5,K,K,K,K,dynamic,0,msl-dynamic/bone_vector126/K/S9-K-perfil-5.npy,0,ok,train
S9-Q-perfil-1,Q,Q,Q,Q,dynamic,0,msl-dynamic/bone_vector126/Q/S9-Q-perfil-1.npy,0,ok,train
S9-Q-perfil-2,Q,Q,Q,Q,dynamic,0,msl-dynamic/bone_vector126/Q/S9-Q-perfil-2.npy,0,ok,train
S9-Q-perfil-3,Q,Q,Q,Q,dynamic,0,msl-dynamic/bone_vector126/Q/S9-Q-perfil-3.npy,0,ok,train
S9-Q-perfil-4,Q,Q,Q,Q,dynamic,0,msl-dynamic/bone_vector126/Q/S9-Q-perfil-4.npy,0,ok,train
S9-Q-perfil-5,Q,Q,Q,Q,dynamic,0,msl-dynamic/bone_vector126/Q/S9-Q-perfil-5.npy,0,ok,train
S9-X-perfil-1,X,X,X,X,dynamic,0,msl-dynamic/bone_vector126/X/S9-X-perfil-1.npy,0,ok,train
S9-X-perfil-2,X,X,X,X,dynamic,0,msl-dynamic/bone_vector126/X/S9-X-perfil-2.npy,0,ok,train
S9-X-perfil-3,X,X,X,X,dynamic,0,msl-dynamic/bone_vector126/X/S9-X-perfil-3.npy,0,ok,train
S9-X-perfil-4,X,X,X,X,dynamic,0,msl-dynamic/bone_vector126/X/S9-X-perfil-4.npy,0,ok,train
S9-X-perfil-5,X,X,X,X,dynamic,0,msl-dynamic/bone_vector126/X/S9-X-perfil-5.npy,0,ok,train
S9-Z-perfil-1,Z,Z,Z,Z,dynamic,0,msl-dynamic/bone_vector126/Z/S9-Z-perfil-1.npy,0,ok,train
S9-Z-perfil-2,Z,Z,Z,Z,dynamic,0,msl-dynamic/bone_vector126/Z/S9-Z-perfil-2.npy,0,ok,train
S9-Z-perfil-3,Z,Z,Z,Z,dynamic,0,msl-dynamic/bone_vector126/Z/S9-Z-perfil-3.npy,0,ok,train
S9-Z-perfil-4,Z,Z,Z,Z,dynamic,0,msl-dynamic/bone_vector126/Z/S9-Z-perfil-4.npy,0,ok,train
S9-Z-perfil-5,Z,Z,Z,Z,dynamic,0,msl-dynamic/bone_vector126/Z/S9-Z-perfil-5.npy,0,ok,train
S9-Ñ-perfil-1,Ñ,Ñ,Ñ,Ñ,dynamic,0,msl-dynamic/bone_vector126/Ñ/S9-Ñ-perfil-1.npy,0,ok,train
S9-Ñ-perfil-2,Ñ,Ñ,Ñ,Ñ,dynamic,0,msl-dynamic/bone_vector126/Ñ/S9-Ñ-perfil-2.npy,0,ok,train
S9-Ñ-perfil-3,Ñ,Ñ,Ñ,Ñ,dynamic,0,msl-dynamic/bone_vector126/Ñ/S9-Ñ-perfil-3.npy,0,ok,train
S9-Ñ-perfil-4,Ñ,Ñ,Ñ,Ñ,dynamic,0,msl-dynamic/bone_vector126/Ñ/S9-Ñ-perfil-4.npy,0,ok,train
S9-Ñ-perfil-5,Ñ,Ñ,Ñ,Ñ,dynamic,0,msl-dynamic/bone_vector126/Ñ/S9-Ñ-perfil-5.npy,0,ok,train
