sample_id,label,label_id,word,word_id,grouping,image_count,feature_path,bone_degenerate_hands,status,split
01001,001,001,good_morning,good_morning,Greetings,13,bone_vector126\001\01001.npy,0,ok,validation
02001,001,001,good_morning,good_morning,Greetings,13,bone_vector126\001\02001.npy,0,ok,train
03001,001,001,good_morning,good_morning,Greetings,13,bone_vector126\001\03001.npy,0,ok,test
04001,001,001,good_morning,good_morning,Greetings,12,bone_vector126\001\04001.npy,0,ok,train
05001,001,001,good_morning,good_morning,Greetings,21,bone_vector126\001\05001.npy,0,ok,train
06001,001,001,good_morning,good_morning,Greetings,10,bone_vector126\001\06001.npy,0,ok,train
07001,001,001,good_morning,good_morning,Greetings,11,bone_vector126\001\07001.npy,0,ok,test
08001,001,001,good_morning,good_morning,Greetings,13,bone_vector126\001\08001.npy,0,ok,train
09001,001,001,good_morning,good_morning,Greetings,10,bone_vector126\001\09001.npy,0,ok,validation
10001,001,001,good_morning,good_morning,Greetings,10,bone_vector126\001\10001.npy,0,ok,train
11001,001,001,good_morning,good_morning,Greetings,11,bone_vector126\001\11001.npy,0,ok,train
01002,002,002,good_afternoon,good_afternoon,,15,bone_vector126\002\01002.npy,0,ok,train
02002,002,002,good_afternoon,good_afternoon,,11,bone_vector126\002\02002.npy,0,ok,train
03002,002,002,good_afternoon,good_afternoon,,11,bone_vector126\002\03002.npy,0,ok,test
04002,002,002,good_afternoon,good_afternoon,,12,bone_vector126\002\04002.npy,0,ok,validation
05002,002,002,good_afternoon,good_afternoon,,15,bone_vector126\002\05002.npy,0,ok,train
06002,002,002,good_afternoon,good_afternoon,,12,bone_vector126\002\06002.npy,0,ok,train
07002,002,002,good_afternoon,good_afternoon,,10,bone_vector126\002\07002.npy,0,ok,validation
08002,002,002,good_afternoon,good_afternoon,,14,bone_vector126\002\08002.npy,0,ok,validation
09002,002,002,good_afternoon,good_afternoon,,11,bone_vector126\002\09002.npy,0,ok,train
10002,002,002,good_afternoon,good_afternoon,,13,bone_vector126\002\10002.npy,0,ok,train
11002,002,002,good_afternoon,good_afternoon,,15,bone_vector126\002\11002.npy,0,ok,train
01003,003,003,good_night,good_night,,13,bone_vector126\003\01003.npy,0,ok,train
02003,003,003,good_night,good_night,,13,bone_vector126\003\02003.npy,0,ok,train
03003,003,003,good_night,good_night,,10,bone_vector126\003\03003.npy,0,ok,train
04003,003,003,good_night,good_night,,14,bone_vector126\003\04003.npy,0,ok,train
05003,003,003,good_night,good_night,,12,bone_vector126\003\05003.npy,0,ok,train
06003,003,003,good_night,good_night,,11,bone_vector126\003\06003.npy,0,ok,train
07003,003,003,good_night,good_night,,11,bone_vector126\003\07003.npy,0,ok,train
08003,003,003,good_night,good_night,,12,bone_vector126\003\08003.npy,0,ok,validation
09003,003,003,good_night,good_night,,11,bone_vector126\003\09003.npy,0,ok,train
10003,003,003,good_night,good_night,,11,bone_vector126\003\10003.npy,0,ok,train
11003,003,003,good_night,good_night,,11,bone_vector126\003\11003.npy,0,ok,test
01004,004,004,thank_you,thank_you,,11,bone_vector126\004\01004.npy,0,ok,train
02004,004,004,thank_you,thank_you,,12,bone_vector126\004\02004.npy,0,ok,train
03004,004,004,thank_you,thank_you,,10,bone_vector126\004\03004.npy,0,ok,test
04004,004,004,thank_you,thank_you,,10,bone_vector126\004\04004.npy,0,ok,train
05004,004,004,thank_you,thank_you,,15,bone_vector126\004\05004.npy,0,ok,train
06004,004,004,thank_you,thank_you,,10,bone_vector126\004\06004.npy,0,ok,validation
08004,004,004,thank_you,thank_you,,13,bone_vector126\004\08004.npy,0,ok,train
09004,004,004,thank_you,thank_you,,11,bone_vector126\004\09004.npy,0,ok,validation
10004,004,004,thank_you,thank_you,,10,bone_vector126\004\10004.npy,0,ok,validation
11004,004,004,thank_you,thank_you,,11,bone_vector126\004\11004.npy,0,ok,train
01005,005,005,please,please,,14,bone_vector126\005\01005.npy,0,ok,train
02005,005,005,please,please,,12,bone_vector126\005\02005.npy,0,ok,train
03005,005,005,please,please,,12,bone_vector126\005\03005.npy,0,ok,train
05005,005,005,please,please,,16,bone_vector126\005\05005.npy,0,ok,train
06005,005,005,please,please,,11,bone_vector126\005\06005.npy,0,ok,train
07005,005,005,please,please,,12,bone_vector126\005\07005.npy,0,ok,train
08005,005,005,please,please,,12,bone_vector126\005\08005.npy,0,ok,train
09005,005,005,please,please,,13,bone_vector126\005\09005.npy,0,ok,test
10005,005,005,please,please,,12,bone_vector126\005\10005.npy,0,ok,train
11005,005,005,please,please,,10,bone_vector126\005\11005.npy,0,ok,train
01006,006,006,see_you,see_you,,13,bone_vector126\006\01006.npy,0,ok,test
02006,006,006,see_you,see_you,,13,bone_vector126\006\02006.npy,0,ok,train
03006,006,006,see_you,see_you,,11,bone_vector126\006\03006.npy,0,ok,train
04006,006,006,see_you,see_you,,11,bone_vector126\006\04006.npy,0,ok,validation
05006,006,006,see_you,see_you,,18,bone_vector126\006\05006.npy,0,ok,test
06006,006,006,see_you,see_you,,13,bone_vector126\006\06006.npy,0,ok,train
07006,006,006,see_you,see_you,,12,bone_vector126\006\07006.npy,0,ok,test
08006,006,006,see_you,see_you,,12,bone_vector126\006\08006.npy,0,ok,train
09006,006,006,see_you,see_you,,13,bone_vector126\006\09006.npy,0,ok,test
10006,006,006,see_you,see_you,,11,bone_vector126\006\10006.npy,0,ok,validation
11006,006,006,see_you,see_you,,11,bone_vector126\006\11006.npy,0,ok,train
01007,007,007,goodbye,goodbye,,15,bone_vector126\007\01007.npy,0,ok,test
02007,007,007,goodbye,goodbye,,15,bone_vector126\007\02007.npy,0,ok,validation
03007,007,007,goodbye,goodbye,,10,bone_vector126\007\03007.npy,0,ok,train
04007,007,007,goodbye,goodbye,,12,bone_vector126\007\04007.npy,0,ok,train
05007,007,007,goodbye,goodbye,,9,bone_vector126\007\05007.npy,0,ok,train
06007,007,007,goodbye,goodbye,,10,bone_vector126\007\06007.npy,0,ok,train
07007,007,007,goodbye,goodbye,,13,bone_vector126\007\07007.npy,0,ok,train
08007,007,007,goodbye,goodbye,,13,bone_vector126\007\08007.npy,0,ok,test
09007,007,007,goodbye,goodbye,,12,bone_vector126\007\09007.npy,0,ok,test
10007,007,007,goodbye,goodbye,,10,bone_vector126\007\10007.npy,0,ok,train
11007,007,007,goodbye,goodbye,,13,bone_vector126\007\11007.npy,0,ok,train
01008,008,008,day,day,Time,12,bone_vector126\008\01008.npy,0,ok,train
02008,008,008,day,day,Time,13,bone_vector126\008\02008.npy,0,ok,train
03008,008,008,day,day,Time,15,bone_vector126\008\03008.npy,0,ok,train
04008,008,008,day,day,Time,13,bone_vector126\008\04008.npy,0,ok,validation
05008,008,008,day,day,Time,15,bone_vector126\008\05008.npy,0,ok,validation
06008,008,008,day,day,Time,12,bone_vector126\008\06008.npy,0,ok,train
07008,008,008,day,day,Time,8,bone_vector126\008\07008.npy,0,ok,train
08008,008,008,day,day,Time,12,bone_vector126\008\08008.npy,0,ok,validation
09008,008,008,day,day,Time,10,bone_vector126\008\09008.npy,0,ok,validation
10008,008,008,day,day,Time,10,bone_vector126\008\10008.npy,0,ok,validation
11008,008,008,day,day,Time,11,bone_vector126\008\11008.npy,0,ok,validation
01009,009,009,hour,hour,,15,bone_vector126\009\01009.npy,0,ok,train
02009,009,009,hour,hour,,14,bone_vector126\009\02009.npy,0,ok,validation
03009,009,009,hour,hour,,13,bone_vector126\009\03009.npy,0,ok,train
04009,009,009,hour,hour,,14,bone_vector126\009\04009.npy,0,ok,train
05009,009,009,hour,hour,,15,bone_vector126\009\05009.npy,0,ok,validation
06009,009,009,hour,hour,,10,bone_vector126\009\06009.npy,0,ok,train
07009,009,009,hour,hour,,12,bone_vector126\009\07009.npy,0,ok,train
08009,009,009,hour,hour,,13,bone_vector126\009\08009.npy,0,ok,train
09009,009,009,hour,hour,,12,bone_vector126\009\09009.npy,0,ok,train
10009,009,009,hour,hour,,14,bone_vector126\009\10009.npy,0,ok,test
11009,009,009,hour,hour,,14,bone_vector126\009\11009.npy,0,ok,train
01010,010,010,week,week,,15,bone_vector126\010\01010.npy,0,ok,test
02010,010,010,week,week,,10,bone_vector126\010\02010.npy,0,ok,test
03010,010,010,week,week,,14,bone_vector126\010\03010.npy,0,ok,train
04010,010,010,week,week,,13,bone_vector126\010\04010.npy,0,ok,validation
05010,010,010,week,week,,14,bone_vector126\010\05010.npy,0,ok,train
06010,010,010,week,week,,12,bone_vector126\010\06010.npy,0,ok,train
07010,010,010,week,week,,13,bone_vector126\010\07010.npy,0,ok,test
08010,010,010,week,week,,12,bone_vector126\010\08010.npy,0,ok,train
09010,010,010,week,week,,10,bone_vector126\010\09010.npy,0,ok,train
10010,010,010,week,week,,10,bone_vector126\010\10010.npy,0,ok,train
11010,010,010,week,week,,11,bone_vector126\010\11010.npy,0,ok,validation
02011,011,011,minutes,minutes,,9,bone_vector126\011\02011.npy,0,ok,train
03011,011,011,minutes,minutes,,10,bone_vector126\011\03011.npy,0,ok,train
04011,011,011,minutes,minutes,,15,bone_vector126\011\04011.npy,0,ok,train
05011,011,011,minutes,minutes,,11,bone_vector126\011\05011.npy,0,ok,train
06011,011,011,minutes,minutes,,10,bone_vector126\011\06011.npy,0,ok,train
07011,011,011,minutes,minutes,,5,bone_vector126\011\07011.npy,0,ok,train
08011,011,011,minutes,minutes,,11,bone_vector126\011\08011.npy,0,ok,train
09011,011,011,minutes,minutes,,12,bone_vector126\011\09011.npy,0,ok,train
10011,011,011,minutes,minutes,,10,bone_vector126\011\10011.npy,0,ok,train
11011,011,011,minutes,minutes,,10,bone_vector126\011\11011.npy,0,ok,train
02012,012,012,seconds,seconds,,15,bone_vector126\012\02012.npy,0,ok,test
03012,012,012,seconds,seconds,,12,bone_vector126\012\03012.npy,0,ok,train
04012,012,012,seconds,seconds,,12,bone_vector126\012\04012.npy,0,ok,train
05012,012,012,seconds,seconds,,12,bone_vector126\012\05012.npy,0,ok,test
06012,012,012,seconds,seconds,,12,bone_vector126\012\06012.npy,0,ok,train
07012,012,012,seconds,seconds,,11,bone_vector126\012\07012.npy,0,ok,test
08012,012,012,seconds,seconds,,12,bone_vector126\012\08012.npy,0,ok,train
09012,012,012,seconds,seconds,,12,bone_vector126\012\09012.npy,0,ok,train
10012,012,012,seconds,seconds,,12,bone_vector126\012\10012.npy,0,ok,test
11012,012,012,seconds,seconds,,12,bone_vector126\012\11012.npy,0,ok,train
01013,013,013,monday,monday,Weekdays,13,bone_vector126\013\01013.npy,0,ok,validation
02013,013,013,monday,monday,Weekdays,13,bone_vector126\013\02013.npy,0,ok,train
03013,013,013,monday,monday,Weekdays,12,bone_vector126\013\03013.npy,0,ok,train
04013,013,013,monday,monday,Weekdays,12,bone_vector126\013\04013.npy,0,ok,train
05013,013,013,monday,monday,Weekdays,13,bone_vector126\013\05013.npy,0,ok,train
06013,013,013,monday,monday,Weekdays,15,bone_vector126\013\06013.npy,0,ok,train
07013,013,013,monday,monday,Weekdays,11,bone_vector126\013\07013.npy,0,ok,train
08013,013,013,monday,monday,Weekdays,12,bone_vector126\013\08013.npy,0,ok,train
09013,013,013,monday,monday,Weekdays,11,bone_vector126\013\09013.npy,0,ok,train
10013,013,013,monday,monday,Weekdays,13,bone_vector126\013\10013.npy,0,ok,train
11013,013,013,monday,monday,Weekdays,11,bone_vector126\013\11013.npy,0,ok,train
01014,014,014,tuesday,tuesday,,11,bone_vector126\014\01014.npy,0,ok,train
02014,014,014,tuesday,tuesday,,14,bone_vector126\014\02014.npy,0,ok,train
03014,014,014,tuesday,tuesday,,10,bone_vector126\014\03014.npy,0,ok,train
04014,014,014,tuesday,tuesday,,15,bone_vector126\014\04014.npy,0,ok,train
05014,014,014,tuesday,tuesday,,13,bone_vector126\014\05014.npy,0,ok,train
06014,014,014,tuesday,tuesday,,13,bone_vector126\014\06014.npy,0,ok,train
07014,014,014,tuesday,tuesday,,18,bone_vector126\014\07014.npy,0,ok,train
08014,014,014,tuesday,tuesday,,13,bone_vector126\014\08014.npy,0,ok,test
09014,014,014,tuesday,tuesday,,13,bone_vector126\014\09014.npy,0,ok,train
10014,014,014,tuesday,tuesday,,12,bone_vector126\014\10014.npy,0,ok,train
11014,014,014,tuesday,tuesday,,14,bone_vector126\014\11014.npy,0,ok,train
01015,015,015,wednesday,wednesday,,13,bone_vector126\015\01015.npy,0,ok,test
02015,015,015,wednesday,wednesday,,14,bone_vector126\015\02015.npy,0,ok,test
03015,015,015,wednesday,wednesday,,10,bone_vector126\015\03015.npy,0,ok,validation
04015,015,015,wednesday,wednesday,,12,bone_vector126\015\04015.npy,0,ok,validation
05015,015,015,wednesday,wednesday,,13,bone_vector126\015\05015.npy,0,ok,train
06015,015,015,wednesday,wednesday,,11,bone_vector126\015\06015.npy,0,ok,validation
07015,015,015,wednesday,wednesday,,17,bone_vector126\015\07015.npy,0,ok,test
08015,015,015,wednesday,wednesday,,12,bone_vector126\015\08015.npy,0,ok,train
09015,015,015,wednesday,wednesday,,13,bone_vector126\015\09015.npy,0,ok,train
10015,015,015,wednesday,wednesday,,14,bone_vector126\015\10015.npy,0,ok,train
11015,015,015,wednesday,wednesday,,11,bone_vector126\015\11015.npy,0,ok,train
01016,016,016,thursday,thursday,,17,bone_vector126\016\01016.npy,0,ok,train
02016,016,016,thursday,thursday,,15,bone_vector126\016\02016.npy,0,ok,train
03016,016,016,thursday,thursday,,15,bone_vector126\016\03016.npy,0,ok,validation
04016,016,016,thursday,thursday,,15,bone_vector126\016\04016.npy,0,ok,train
05016,016,016,thursday,thursday,,13,bone_vector126\016\05016.npy,0,ok,train
06016,016,016,thursday,thursday,,15,bone_vector126\016\06016.npy,0,ok,train
07016,016,016,thursday,thursday,,19,bone_vector126\016\07016.npy,0,ok,train
08016,016,016,thursday,thursday,,14,bone_vector126\016\08016.npy,0,ok,train
09016,016,016,thursday,thursday,,14,bone_vector126\016\09016.npy,0,ok,train
10016,016,016,thursday,thursday,,12,bone_vector126\016\10016.npy,0,ok,train
11016,016,016,thursday,thursday,,11,bone_vector126\016\11016.npy,0,ok,validation
01017,017,017,friday,friday,,23,bone_vector126\017\01017.npy,0,ok,validation
02017,017,017,friday,friday,,11,bone_vector126\017\02017.npy,0,ok,train
03017,017,017,friday,friday,,15,bone_vector126\017\03017.npy,0,ok,train
04017,017,017,friday,friday,,13,bone_vector126\017\04017.npy,0,ok,train
05017,017,017,friday,friday,,15,bone_vector126\017\05017.npy,0,ok,test
06017,017,017,friday,friday,,14,bone_vector126\017\06017.npy,0,ok,train
07017,017,017,friday,friday,,17,bone_vector126\017\07017.npy,0,ok,test
08017,017,017,friday,friday,,14,bone_vector126\017\08017.npy,0,ok,test
09017,017,017,friday,friday,,13,bone_vector126\017\09017.npy,0,ok,train
10017,017,017,friday,friday,,12,bone_vector126\017\10017.npy,0,ok,train
11017,017,017,friday,friday,,13,bone_vector126\017\11017.npy,0,ok,validation
01018,018,018,saturday,saturday,,19,bone_vector126\018\01018.npy,0,ok,test
02018,018,018,saturday,saturday,,10,bone_vector126\018\02018.npy,0,ok,test
03018,018,018,saturday,saturday,,11,bone_vector126\018\03018.npy,0,ok,train
04018,018,018,saturday,saturday,,13,bone_vector126\018\04018.npy,0,ok,train
05018,018,018,saturday,saturday,,13,bone_vector126\018\05018.npy,0,ok,validation
06018,018,018,saturday,saturday,,14,bone_vector126\018\06018.npy,0,ok,train
07018,018,018,saturday,saturday,,14,bone_vector126\018\07018.npy,0,ok,train
08018,018,018,saturday,saturday,,12,bone_vector126\018\08018.npy,0,ok,validation
09018,018,018,saturday,saturday,,11,bone_vector126\018\09018.npy,0,ok,validation
10018,018,018,saturday,saturday,,12,bone_vector126\018\10018.npy,0,ok,train
11018,018,018,saturday,saturday,,13,bone_vector126\018\11018.npy,0,ok,train
01019,019,019,sunday,sunday,,15,bone_vector126\019\01019.npy,0,ok,validation
02019,019,019,sunday,sunday,,15,bone_vector126\019\02019.npy,0,ok,test
03019,019,019,sunday,sunday,,15,bone_vector126\019\03019.npy,0,ok,test
04019,019,019,sunday,sunday,,10,bone_vector126\019\04019.npy,0,ok,train
05019,019,019,sunday,sunday,,16,bone_vector126\019\05019.npy,0,ok,train
06019,019,019,sunday,sunday,,14,bone_vector126\019\06019.npy,0,ok,test
07019,019,019,sunday,sunday,,12,bone_vector126\019\07019.npy,0,ok,train
08019,019,019,sunday,sunday,,14,bone_vector126\019\08019.npy,0,ok,train
09019,019,019,sunday,sunday,,13,bone_vector126\019\09019.npy,0,ok,train
10019,019,019,sunday,sunday,,14,bone_vector126\019\10019.npy,0,ok,train
11019,019,019,sunday,sunday,,14,bone_vector126\019\11019.npy,0,ok,test
01020,020,020,january,january,Months,13,bone_vector126\020\01020.npy,0,ok,validation
02020,020,020,january,january,Months,15,bone_vector126\020\02020.npy,0,ok,train
03020,020,020,january,january,Months,15,bone_vector126\020\03020.npy,0,ok,test
04020,020,020,january,january,Months,10,bone_vector126\020\04020.npy,0,ok,validation
05020,020,020,january,january,Months,16,bone_vector126\020\05020.npy,0,ok,train
06020,020,020,january,january,Months,12,bone_vector126\020\06020.npy,0,ok,validation
07020,020,020,january,january,Months,15,bone_vector126\020\07020.npy,0,ok,validation
08020,020,020,january,january,Months,12,bone_vector126\020\08020.npy,0,ok,train
09020,020,020,january,january,Months,14,bone_vector126\020\09020.npy,0,ok,train
10020,020,020,january,january,Months,12,bone_vector126\020\10020.npy,0,ok,train
11020,020,020,january,january,Months,13,bone_vector126\020\11020.npy,0,ok,test
01021,021,021,february,february,,13,bone_vector126\021\01021.npy,0,ok,train
02021,021,021,february,february,,13,bone_vector126\021\02021.npy,0,ok,train
03021,021,021,february,february,,14,bone_vector126\021\03021.npy,0,ok,train
04021,021,021,february,february,,11,bone_vector126\021\04021.npy,0,ok,train
05021,021,021,february,february,,15,bone_vector126\021\05021.npy,0,ok,test
06021,021,021,february,february,,11,bone_vector126\021\06021.npy,0,ok,validation
07021,021,021,february,february,,14,bone_vector126\021\07021.npy,0,ok,train
08021,021,021,february,february,,11,bone_vector126\021\08021.npy,0,ok,train
09021,021,021,february,february,,14,bone_vector126\021\09021.npy,0,ok,train
10021,021,021,february,february,,12,bone_vector126\021\10021.npy,0,ok,train
11021,021,021,february,february,,13,bone_vector126\021\11021.npy,0,ok,train
01022,022,022,march,march,,15,bone_vector126\022\01022.npy,0,ok,test
02022,022,022,march,march,,14,bone_vector126\022\02022.npy,0,ok,train
03022,022,022,march,march,,15,bone_vector126\022\03022.npy,0,ok,train
04022,022,022,march,march,,11,bone_vector126\022\04022.npy,0,ok,validation
05022,022,022,march,march,,14,bone_vector126\022\05022.npy,0,ok,train
06022,022,022,march,march,,11,bone_vector126\022\06022.npy,0,ok,train
07022,022,022,march,march,,19,bone_vector126\022\07022.npy,0,ok,train
08022,022,022,march,march,,13,bone_vector126\022\08022.npy,0,ok,train
09022,022,022,march,march,,11,bone_vector126\022\09022.npy,0,ok,train
10022,022,022,march,march,,13,bone_vector126\022\10022.npy,0,ok,test
11022,022,022,march,march,,11,bone_vector126\022\11022.npy,0,ok,train
01023,023,023,april,april,,14,bone_vector126\023\01023.npy,0,ok,test
02023,023,023,april,april,,13,bone_vector126\023\02023.npy,0,ok,train
03023,023,023,april,april,,11,bone_vector126\023\03023.npy,0,ok,train
04023,023,023,april,april,,10,bone_vector126\023\04023.npy,0,ok,validation
05023,023,023,april,april,,15,bone_vector126\023\05023.npy,0,ok,train
06023,023,023,april,april,,15,bone_vector126\023\06023.npy,0,ok,train
07023,023,023,april,april,,11,bone_vector126\023\07023.npy,0,ok,test
08023,023,023,april,april,,12,bone_vector126\023\08023.npy,0,ok,train
09023,023,023,april,april,,12,bone_vector126\023\09023.npy,0,ok,validation
10023,023,023,april,april,,14,bone_vector126\023\10023.npy,0,ok,train
11023,023,023,april,april,,14,bone_vector126\023\11023.npy,0,ok,train
01024,024,024,may,may,,15,bone_vector126\024\01024.npy,0,ok,train
02024,024,024,may,may,,15,bone_vector126\024\02024.npy,0,ok,test
03024,024,024,may,may,,12,bone_vector126\024\03024.npy,0,ok,train
04024,024,024,may,may,,15,bone_vector126\024\04024.npy,0,ok,train
05024,024,024,may,may,,15,bone_vector126\024\05024.npy,0,ok,train
06024,024,024,may,may,,11,bone_vector126\024\06024.npy,0,ok,train
07024,024,024,may,may,,18,bone_vector126\024\07024.npy,0,ok,train
08024,024,024,may,may,,11,bone_vector126\024\08024.npy,0,ok,train
09024,024,024,may,may,,12,bone_vector126\024\09024.npy,0,ok,train
10024,024,024,may,may,,14,bone_vector126\024\10024.npy,0,ok,test
11024,024,024,may,may,,15,bone_vector126\024\11024.npy,0,ok,train
01025,025,025,june,june,,14,bone_vector126\025\01025.npy,0,ok,train
02025,025,025,june,june,,12,bone_vector126\025\02025.npy,0,ok,train
03025,025,025,june,june,,11,bone_vector126\025\03025.npy,0,ok,train
04025,025,025,june,june,,14,bone_vector126\025\04025.npy,0,ok,validation
05025,025,025,june,june,,14,bone_vector126\025\05025.npy,0,ok,test
06025,025,025,june,june,,14,bone_vector126\025\06025.npy,0,ok,train
07025,025,025,june,june,,8,bone_vector126\025\07025.npy,0,ok,test
08025,025,025,june,june,,11,bone_vector126\025\08025.npy,0,ok,train
09025,025,025,june,june,,12,bone_vector126\025\09025.npy,0,ok,validation
10025,025,025,june,june,,13,bone_vector126\025\10025.npy,0,ok,train
11025,025,025,june,june,,12,bone_vector126\025\11025.npy,0,ok,validation
01026,026,026,july,july,,14,bone_vector126\026\01026.npy,0,ok,validation
02026,026,026,july,july,,11,bone_vector126\026\02026.npy,0,ok,train
03026,026,026,july,july,,11,bone_vector126\026\03026.npy,0,ok,train
04026,026,026,july,july,,15,bone_vector126\026\04026.npy,0,ok,train
05026,026,026,july,july,,15,bone_vector126\026\05026.npy,0,ok,train
06026,026,026,july,july,,12,bone_vector126\026\06026.npy,0,ok,validation
07026,026,026,july,july,,15,bone_vector126\026\07026.npy,0,ok,test
08026,026,026,july,july,,11,bone_vector126\026\08026.npy,0,ok,train
09026,026,026,july,july,,12,bone_vector126\026\09026.npy,0,ok,test
10026,026,026,july,july,,12,bone_vector126\026\10026.npy,0,ok,train
11026,026,026,july,july,,15,bone_vector126\026\11026.npy,0,ok,train
01027,027,027,august,august,,16,bone_vector126\027\01027.npy,0,ok,train
02027,027,027,august,august,,12,bone_vector126\027\02027.npy,0,ok,train
03027,027,027,august,august,,12,bone_vector126\027\03027.npy,0,ok,train
04027,027,027,august,august,,12,bone_vector126\027\04027.npy,0,ok,train
05027,027,027,august,august,,11,bone_vector126\027\05027.npy,0,ok,train
06027,027,027,august,august,,10,bone_vector126\027\06027.npy,0,ok,train
07027,027,027,august,august,,11,bone_vector126\027\07027.npy,0,ok,train
09027,027,027,august,august,,11,bone_vector126\027\09027.npy,0,ok,test
10027,027,027,august,august,,11,bone_vector126\027\10027.npy,0,ok,train
11027,027,027,august,august,,14,bone_vector126\027\11027.npy,0,ok,validation
01028,028,028,september,september,,18,bone_vector126\028\01028.npy,0,ok,test
02028,028,028,september,september,,14,bone_vector126\028\02028.npy,0,ok,train
03028,028,028,september,september,,12,bone_vector126\028\03028.npy,0,ok,train
04028,028,028,september,september,,13,bone_vector126\028\04028.npy,0,ok,train
05028,028,028,september,september,,14,bone_vector126\028\05028.npy,0,ok,train
06028,028,028,september,september,,13,bone_vector126\028\06028.npy,0,ok,train
07028,028,028,september,september,,18,bone_vector126\028\07028.npy,0,ok,validation
08028,028,028,september,september,,14,bone_vector126\028\08028.npy,0,ok,validation
09028,028,028,september,september,,11,bone_vector126\028\09028.npy,0,ok,test
10028,028,028,september,september,,13,bone_vector126\028\10028.npy,0,ok,train
11028,028,028,september,september,,15,bone_vector126\028\11028.npy,0,ok,validation
01029,029,029,october,october,,14,bone_vector126\029\01029.npy,0,ok,train
02029,029,029,october,october,,11,bone_vector126\029\02029.npy,0,ok,test
03029,029,029,october,october,,12,bone_vector126\029\03029.npy,0,ok,train
04029,029,029,october,october,,13,bone_vector126\029\04029.npy,0,ok,validation
05029,029,029,october,october,,13,bone_vector126\029\05029.npy,0,ok,train
06029,029,029,october,october,,14,bone_vector126\029\06029.npy,0,ok,train
07029,029,029,october,october,,12,bone_vector126\029\07029.npy,0,ok,test
08029,029,029,october,october,,12,bone_vector126\029\08029.npy,0,ok,train
09029,029,029,october,october,,11,bone_vector126\029\09029.npy,0,ok,train
10029,029,029,october,october,,10,bone_vector126\029\10029.npy,0,ok,test
11029,029,029,october,october,,14,bone_vector126\029\11029.npy,0,ok,train
01030,030,030,november,november,,13,bone_vector126\030\01030.npy,0,ok,test
02030,030,030,november,november,,12,bone_vector126\030\02030.npy,0,ok,train
03030,030,030,november,november,,11,bone_vector126\030\03030.npy,0,ok,train
04030,030,030,november,november,,13,bone_vector126\030\04030.npy,0,ok,train
05030,030,030,november,november,,14,bone_vector126\030\05030.npy,0,ok,train
06030,030,030,november,november,,12,bone_vector126\030\06030.npy,0,ok,train
07030,030,030,november,november,,13,bone_vector126\030\07030.npy,0,ok,train
08030,030,030,november,november,,11,bone_vector126\030\08030.npy,0,ok,test
09030,030,030,november,november,,13,bone_vector126\030\09030.npy,0,ok,test
10030,030,030,november,november,,15,bone_vector126\030\10030.npy,0,ok,train
11030,030,030,november,november,,13,bone_vector126\030\11030.npy,0,ok,train
01031,031,031,december,december,,15,bone_vector126\031\01031.npy,0,ok,train
02031,031,031,december,december,,14,bone_vector126\031\02031.npy,0,ok,train
03031,031,031,december,december,,15,bone_vector126\031\03031.npy,0,ok,test
04031,031,031,december,december,,11,bone_vector126\031\04031.npy,0,ok,train
05031,031,031,december,december,,13,bone_vector126\031\05031.npy,0,ok,test
06031,031,031,december,december,,13,bone_vector126\031\06031.npy,0,ok,train
07031,031,031,december,december,,17,bone_vector126\031\07031.npy,0,ok,train
08031,031,031,december,december,,12,bone_vector126\031\08031.npy,0,ok,train
09031,031,031,december,december,,10,bone_vector126\031\09031.npy,0,ok,validation
10031,031,031,december,december,,11,bone_vector126\031\10031.npy,0,ok,train
11031,031,031,december,december,,14,bone_vector126\031\11031.npy,0,ok,train
01032,032,032,year,year,,15,bone_vector126\032\01032.npy,0,ok,train
02032,032,032,year,year,,13,bone_vector126\032\02032.npy,0,ok,train
03032,032,032,year,year,,10,bone_vector126\032\03032.npy,0,ok,train
04032,032,032,year,year,,10,bone_vector126\032\04032.npy,0,ok,train
05032,032,032,year,year,,15,bone_vector126\032\05032.npy,0,ok,train
06032,032,032,year,year,,13,bone_vector126\032\06032.npy,0,ok,validation
07032,032,032,year,year,,12,bone_vector126\032\07032.npy,0,ok,train
09032,032,032,year,year,,12,bone_vector126\032\09032.npy,0,ok,train
10032,032,032,year,year,,13,bone_vector126\032\10032.npy,0,ok,train
11032,032,032,year,year,,14,bone_vector126\032\11032.npy,0,ok,train
01033,033,033,qualification,qualification,School supplies,20,bone_vector126\033\01033.npy,0,ok,train
02033,033,033,qualification,qualification,School supplies,18,bone_vector126\033\02033.npy,0,ok,validation
03033,033,033,qualification,qualification,School supplies,11,bone_vector126\033\03033.npy,0,ok,test
04033,033,033,qualification,qualification,School supplies,15,bone_vector126\033\04033.npy,0,ok,train
05033,033,033,qualification,qualification,School supplies,14,bone_vector126\033\05033.npy,0,ok,train
08033,033,033,qualification,qualification,School supplies,13,bone_vector126\033\08033.npy,0,ok,train
09033,033,033,qualification,qualification,School supplies,15,bone_vector126\033\09033.npy,0,ok,train
10033,033,033,qualification,qualification,School supplies,14,bone_vector126\033\10033.npy,0,ok,train
11033,033,033,qualification,qualification,School supplies,14,bone_vector126\033\11033.npy,0,ok,train
01034,034,034,lesson,lesson,,17,bone_vector126\034\01034.npy,0,ok,train
02034,034,034,lesson,lesson,,12,bone_vector126\034\02034.npy,0,ok,train
03034,034,034,lesson,lesson,,15,bone_vector126\034\03034.npy,0,ok,train
04034,034,034,lesson,lesson,,15,bone_vector126\034\04034.npy,0,ok,train
08034,034,034,lesson,lesson,,15,bone_vector126\034\08034.npy,0,ok,test
09034,034,034,lesson,lesson,,13,bone_vector126\034\09034.npy,0,ok,train
10034,034,034,lesson,lesson,,13,bone_vector126\034\10034.npy,0,ok,train
11034,034,034,lesson,lesson,,14,bone_vector126\034\11034.npy,0,ok,train
01035,035,035,notebook,notebook,,19,bone_vector126\035\01035.npy,0,ok,train
02035,035,035,notebook,notebook,,13,bone_vector126\035\02035.npy,0,ok,test
03035,035,035,notebook,notebook,,15,bone_vector126\035\03035.npy,0,ok,train
04035,035,035,notebook,notebook,,11,bone_vector126\035\04035.npy,0,ok,train
05035,035,035,notebook,notebook,,16,bone_vector126\035\05035.npy,0,ok,train
06035,035,035,notebook,notebook,,15,bone_vector126\035\06035.npy,0,ok,train
08035,035,035,notebook,notebook,,11,bone_vector126\035\08035.npy,0,ok,validation
09035,035,035,notebook,notebook,,13,bone_vector126\035\09035.npy,0,ok,train
10035,035,035,notebook,notebook,,13,bone_vector126\035\10035.npy,0,ok,train
01036,036,036,school,school,,15,bone_vector126\036\01036.npy,0,ok,validation
02036,036,036,school,school,,13,bone_vector126\036\02036.npy,0,ok,train
03036,036,036,school,school,,15,bone_vector126\036\03036.npy,0,ok,train
04036,036,036,school,school,,10,bone_vector126\036\04036.npy,0,ok,validation
05036,036,036,school,school,,12,bone_vector126\036\05036.npy,0,ok,train
06036,036,036,school,school,,13,bone_vector126\036\06036.npy,0,ok,test
08036,036,036,school,school,,12,bone_vector126\036\08036.npy,0,ok,validation
09036,036,036,school,school,,15,bone_vector126\036\09036.npy,0,ok,train
10036,036,036,school,school,,10,bone_vector126\036\10036.npy,0,ok,train
01037,037,037,pencil,pencil,,18,bone_vector126\037\01037.npy,0,ok,test
02037,037,037,pencil,pencil,,13,bone_vector126\037\02037.npy,0,ok,train
03037,037,037,pencil,pencil,,14,bone_vector126\037\03037.npy,0,ok,train
04037,037,037,pencil,pencil,,10,bone_vector126\037\04037.npy,0,ok,train
05037,037,037,pencil,pencil,,15,bone_vector126\037\05037.npy,0,ok,validation
06037,037,037,pencil,pencil,,10,bone_vector126\037\06037.npy,0,ok,validation
07037,037,037,pencil,pencil,,8,bone_vector126\037\07037.npy,0,ok,validation
08037,037,037,pencil,pencil,,12,bone_vector126\037\08037.npy,0,ok,train
09037,037,037,pencil,pencil,,10,bone_vector126\037\09037.npy,0,ok,train
10037,037,037,pencil,pencil,,11,bone_vector126\037\10037.npy,0,ok,train
11037,037,037,pencil,pencil,,13,bone_vector126\037\11037.npy,0,ok,train
01038,038,038,reading,reading,,20,bone_vector126\038\01038.npy,0,ok,train
02038,038,038,reading,reading,,12,bone_vector126\038\02038.npy,0,ok,train
03038,038,038,reading,reading,,14,bone_vector126\038\03038.npy,0,ok,train
04038,038,038,reading,reading,,10,bone_vector126\038\04038.npy,0,ok,train
05038,038,038,reading,reading,,15,bone_vector126\038\05038.npy,0,ok,test
06038,038,038,reading,reading,,11,bone_vector126\038\06038.npy,0,ok,train
07038,038,038,reading,reading,,7,bone_vector126\038\07038.npy,0,ok,train
08038,038,038,reading,reading,,11,bone_vector126\038\08038.npy,0,ok,validation
09038,038,038,reading,reading,,11,bone_vector126\038\09038.npy,0,ok,train
10038,038,038,reading,reading,,11,bone_vector126\038\10038.npy,0,ok,train
11038,038,038,reading,reading,,14,bone_vector126\038\11038.npy,0,ok,train
01039,039,039,sign_language,sign_language,,21,bone_vector126\039\01039.npy,0,ok,train
02039,039,039,sign_language,sign_language,,13,bone_vector126\039\02039.npy,0,ok,validation
03039,039,039,sign_language,sign_language,,15,bone_vector126\039\03039.npy,0,ok,validation
04039,039,039,sign_language,sign_language,,20,bone_vector126\039\04039.npy,0,ok,test
05039,039,039,sign_language,sign_language,,15,bone_vector126\039\05039.npy,0,ok,test
06039,039,039,sign_language,sign_language,,15,bone_vector126\039\06039.npy,0,ok,train
07039,039,039,sign_language,sign_language,,19,bone_vector126\039\07039.npy,0,ok,validation
08039,039,039,sign_language,sign_language,,12,bone_vector126\039\08039.npy,0,ok,train
09039,039,039,sign_language,sign_language,,12,bone_vector126\039\09039.npy,0,ok,validation
10039,039,039,sign_language,sign_language,,10,bone_vector126\039\10039.npy,0,ok,validation
11039,039,039,sign_language,sign_language,,13,bone_vector126\039\11039.npy,0,ok,test
01040,040,040,exam,exam,,19,bone_vector126\040\01040.npy,0,ok,validation
02040,040,040,exam,exam,,11,bone_vector126\040\02040.npy,0,ok,train
03040,040,040,exam,exam,,11,bone_vector126\040\03040.npy,0,ok,validation
04040,040,040,exam,exam,,10,bone_vector126\040\04040.npy,0,ok,train
05040,040,040,exam,exam,,14,bone_vector126\040\05040.npy,0,ok,train
06040,040,040,exam,exam,,14,bone_vector126\040\06040.npy,0,ok,validation
07040,040,040,exam,exam,,19,bone_vector126\040\07040.npy,0,ok,train
08040,040,040,exam,exam,,11,bone_vector126\040\08040.npy,0,ok,train
09040,040,040,exam,exam,,11,bone_vector126\040\09040.npy,0,ok,test
10040,040,040,exam,exam,,12,bone_vector126\040\10040.npy,0,ok,train
11040,040,040,exam,exam,,13,bone_vector126\040\11040.npy,0,ok,train
01041,041,041,writing,writing,,18,bone_vector126\041\01041.npy,0,ok,train
02041,041,041,writing,writing,,13,bone_vector126\041\02041.npy,0,ok,train
03041,041,041,writing,writing,,15,bone_vector126\041\03041.npy,0,ok,train
05041,041,041,writing,writing,,13,bone_vector126\041\05041.npy,0,ok,train
06041,041,041,writing,writing,,14,bone_vector126\041\06041.npy,0,ok,test
07041,041,041,writing,writing,,16,bone_vector126\041\07041.npy,0,ok,validation
08041,041,041,writing,writing,,13,bone_vector126\041\08041.npy,0,ok,train
09041,041,041,writing,writing,,12,bone_vector126\041\09041.npy,0,ok,train
10041,041,041,writing,writing,,13,bone_vector126\041\10041.npy,0,ok,train
11041,041,041,writing,writing,,14,bone_vector126\041\11041.npy,0,ok,train
01042,042,042,eraser,eraser,,24,bone_vector126\042\01042.npy,0,ok,test
02042,042,042,eraser,eraser,,13,bone_vector126\042\02042.npy,0,ok,train
04042,042,042,eraser,eraser,,13,bone_vector126\042\04042.npy,0,ok,train
05042,042,042,eraser,eraser,,15,bone_vector126\042\05042.npy,0,ok,test
06042,042,042,eraser,eraser,,10,bone_vector126\042\06042.npy,0,ok,train
07042,042,042,eraser,eraser,,12,bone_vector126\042\07042.npy,0,ok,train
08042,042,042,eraser,eraser,,11,bone_vector126\042\08042.npy,0,ok,test
09042,042,042,eraser,eraser,,11,bone_vector126\042\09042.npy,0,ok,validation
10042,042,042,eraser,eraser,,10,bone_vector126\042\10042.npy,0,ok,test
11042,042,042,eraser,eraser,,15,bone_vector126\042\11042.npy,0,ok,test
01043,043,043,pencil_sharpener,pencil_sharpener,,17,bone_vector126\043\01043.npy,0,ok,train
02043,043,043,pencil_sharpener,pencil_sharpener,,12,bone_vector126\043\02043.npy,0,ok,train
03043,043,043,pencil_sharpener,pencil_sharpener,,9,bone_vector126\043\03043.npy,0,ok,train
04043,043,043,pencil_sharpener,pencil_sharpener,,13,bone_vector126\043\04043.npy,0,ok,test
05043,043,043,pencil_sharpener,pencil_sharpener,,12,bone_vector126\043\05043.npy,0,ok,test
06043,043,043,pencil_sharpener,pencil_sharpener,,12,bone_vector126\043\06043.npy,0,ok,train
07043,043,043,pencil_sharpener,pencil_sharpener,,13,bone_vector126\043\07043.npy,0,ok,test
08043,043,043,pencil_sharpener,pencil_sharpener,,12,bone_vector126\043\08043.npy,0,ok,train
09043,043,043,pencil_sharpener,pencil_sharpener,,10,bone_vector126\043\09043.npy,0,ok,train
10043,043,043,pencil_sharpener,pencil_sharpener,,14,bone_vector126\043\10043.npy,0,ok,train
11043,043,043,pencil_sharpener,pencil_sharpener,,15,bone_vector126\043\11043.npy,0,ok,train
01044,044,044,ruler,ruler,,15,bone_vector126\044\01044.npy,0,ok,train
02044,044,044,ruler,ruler,,12,bone_vector126\044\02044.npy,0,ok,validation
03044,044,044,ruler,ruler,,10,bone_vector126\044\03044.npy,0,ok,train
04044,044,044,ruler,ruler,,13,bone_vector126\044\04044.npy,0,ok,train
06044,044,044,ruler,ruler,,10,bone_vector126\044\06044.npy,0,ok,test
07044,044,044,ruler,ruler,,10,bone_vector126\044\07044.npy,0,ok,train
08044,044,044,ruler,ruler,,11,bone_vector126\044\08044.npy,0,ok,train
09044,044,044,ruler,ruler,,10,bone_vector126\044\09044.npy,0,ok,train
10044,044,044,ruler,ruler,,14,bone_vector126\044\10044.npy,0,ok,train
11044,044,044,ruler,ruler,,15,bone_vector126\044\11044.npy,0,ok,train
01045,045,045,colors,colors,,18,bone_vector126\045\01045.npy,0,ok,train
02045,045,045,colors,colors,,13,bone_vector126\045\02045.npy,0,ok,train
03045,045,045,colors,colors,,15,bone_vector126\045\03045.npy,0,ok,train
04045,045,045,colors,colors,,10,bone_vector126\045\04045.npy,0,ok,train
05045,045,045,colors,colors,,14,bone_vector126\045\05045.npy,0,ok,validation
06045,045,045,colors,colors,,15,bone_vector126\045\06045.npy,0,ok,train
07045,045,045,colors,colors,,12,bone_vector126\045\07045.npy,0,ok,validation
08045,045,045,colors,colors,,12,bone_vector126\045\08045.npy,0,ok,train
09045,045,045,colors,colors,,11,bone_vector126\045\09045.npy,0,ok,train
10045,045,045,colors,colors,,15,bone_vector126\045\10045.npy,0,ok,test
11045,045,045,colors,colors,,12,bone_vector126\045\11045.npy,0,ok,test
01046,046,046,grandmother,grandmother,Family,18,bone_vector126\046\01046.npy,0,ok,train
02046,046,046,grandmother,grandmother,Family,13,bone_vector126\046\02046.npy,0,ok,train
03046,046,046,grandmother,grandmother,Family,12,bone_vector126\046\03046.npy,0,ok,train
04046,046,046,grandmother,grandmother,Family,12,bone_vector126\046\04046.npy,0,ok,validation
05046,046,046,grandmother,grandmother,Family,12,bone_vector126\046\05046.npy,0,ok,train
06046,046,046,grandmother,grandmother,Family,15,bone_vector126\046\06046.npy,0,ok,test
07046,046,046,grandmother,grandmother,Family,11,bone_vector126\046\07046.npy,0,ok,validation
08046,046,046,grandmother,grandmother,Family,12,bone_vector126\046\08046.npy,0,ok,train
09046,046,046,grandmother,grandmother,Family,14,bone_vector126\046\09046.npy,0,ok,train
10046,046,046,grandmother,grandmother,Family,13,bone_vector126\046\10046.npy,0,ok,train
11046,046,046,grandmother,grandmother,Family,15,bone_vector126\046\11046.npy,0,ok,train
01047,047,047,grandfather,grandfather,,14,bone_vector126\047\01047.npy,0,ok,train
02047,047,047,grandfather,grandfather,,14,bone_vector126\047\02047.npy,0,ok,train
03047,047,047,grandfather,grandfather,,13,bone_vector126\047\03047.npy,0,ok,train
04047,047,047,grandfather,grandfather,,10,bone_vector126\047\04047.npy,0,ok,train
05047,047,047,grandfather,grandfather,,11,bone_vector126\047\05047.npy,0,ok,train
06047,047,047,grandfather,grandfather,,13,bone_vector126\047\06047.npy,0,ok,test
07047,047,047,grandfather,grandfather,,10,bone_vector126\047\07047.npy,0,ok,test
08047,047,047,grandfather,grandfather,,11,bone_vector126\047\08047.npy,0,ok,train
09047,047,047,grandfather,grandfather,,12,bone_vector126\047\09047.npy,0,ok,test
10047,047,047,grandfather,grandfather,,14,bone_vector126\047\10047.npy,0,ok,train
11047,047,047,grandfather,grandfather,,14,bone_vector126\047\11047.npy,0,ok,validation
01048,048,048,wife,wife,,18,bone_vector126\048\01048.npy,0,ok,train
02048,048,048,wife,wife,,14,bone_vector126\048\02048.npy,0,ok,train
03048,048,048,wife,wife,,11,bone_vector126\048\03048.npy,0,ok,train
04048,048,048,wife,wife,,10,bone_vector126\048\04048.npy,0,ok,train
05048,048,048,wife,wife,,12,bone_vector126\048\05048.npy,0,ok,train
06048,048,048,wife,wife,,11,bone_vector126\048\06048.npy,0,ok,train
07048,048,048,wife,wife,,11,bone_vector126\048\07048.npy,0,ok,train
08048,048,048,wife,wife,,12,bone_vector126\048\08048.npy,0,ok,test
09048,048,048,wife,wife,,13,bone_vector126\048\09048.npy,0,ok,validation
10048,048,048,wife,wife,,15,bone_vector126\048\10048.npy,0,ok,train
11048,048,048,wife,wife,,15,bone_vector126\048\11048.npy,0,ok,train
01049,049,049,husband,husband,,15,bone_vector126\049\01049.npy,0,ok,train
02049,049,049,husband,husband,,13,bone_vector126\049\02049.npy,0,ok,train
03049,049,049,husband,husband,,11,bone_vector126\049\03049.npy,0,ok,train
04049,049,049,husband,husband,,10,bone_vector126\049\04049.npy,0,ok,train
05049,049,049,husband,husband,,12,bone_vector126\049\05049.npy,0,ok,train
06049,049,049,husband,husband,,11,bone_vector126\049\06049.npy,0,ok,train
07049,049,049,husband,husband,,12,bone_vector126\049\07049.npy,0,ok,train
08049,049,049,husband,husband,,12,bone_vector126\049\08049.npy,0,ok,train
09049,049,049,husband,husband,,12,bone_vector126\049\09049.npy,0,ok,train
10049,049,049,husband,husband,,12,bone_vector126\049\10049.npy,0,ok,validation
11049,049,049,husband,husband,,12,bone_vector126\049\11049.npy,0,ok,train
01050,050,050,family,family,,15,bone_vector126\050\01050.npy,0,ok,validation
02050,050,050,family,family,,12,bone_vector126\050\02050.npy,0,ok,validation
03050,050,050,family,family,,10,bone_vector126\050\03050.npy,0,ok,train
04050,050,050,family,family,,10,bone_vector126\050\04050.npy,0,ok,train
05050,050,050,family,family,,14,bone_vector126\050\05050.npy,0,ok,train
06050,050,050,family,family,,11,bone_vector126\050\06050.npy,0,ok,train
07050,050,050,family,family,,10,bone_vector126\050\07050.npy,0,ok,validation
08050,050,050,family,family,,13,bone_vector126\050\08050.npy,0,ok,train
09050,050,050,family,family,,12,bone_vector126\050\09050.npy,0,ok,train
10050,050,050,family,family,,12,bone_vector126\050\10050.npy,0,ok,train
11050,050,050,family,family,,12,bone_vector126\050\11050.npy,0,ok,train
01051,051,051,sister,sister,,15,bone_vector126\051\01051.npy,0,ok,train
02051,051,051,sister,sister,,10,bone_vector126\051\02051.npy,0,ok,train
03051,051,051,sister,sister,,12,bone_vector126\051\03051.npy,0,ok,validation
04051,051,051,sister,sister,,11,bone_vector126\051\04051.npy,0,ok,train
05051,051,051,sister,sister,,14,bone_vector126\051\05051.npy,0,ok,train
06051,051,051,sister,sister,,12,bone_vector126\051\06051.npy,0,ok,test
07051,051,051,sister,sister,,13,bone_vector126\051\07051.npy,0,ok,validation
08051,051,051,sister,sister,,12,bone_vector126\051\08051.npy,0,ok,train
09051,051,051,sister,sister,,15,bone_vector126\051\09051.npy,0,ok,train
10051,051,051,sister,sister,,11,bone_vector126\051\10051.npy,0,ok,test
11051,051,051,sister,sister,,12,bone_vector126\051\11051.npy,0,ok,test
01052,052,052,brother,brother,,15,bone_vector126\052\01052.npy,0,ok,train
02052,052,052,brother,brother,,10,bone_vector126\052\02052.npy,0,ok,test
03052,052,052,brother,brother,,10,bone_vector126\052\03052.npy,0,ok,train
04052,052,052,brother,brother,,11,bone_vector126\052\04052.npy,0,ok,train
05052,052,052,brother,brother,,12,bone_vector126\052\05052.npy,0,ok,train
06052,052,052,brother,brother,,11,bone_vector126\052\06052.npy,0,ok,train
07052,052,052,brother,brother,,12,bone_vector126\052\07052.npy,0,ok,test
08052,052,052,brother,brother,,13,bone_vector126\052\08052.npy,0,ok,train
09052,052,052,brother,brother,,12,bone_vector126\052\09052.npy,0,ok,train
10052,052,052,brother,brother,,13,bone_vector126\052\10052.npy,0,ok,train
11052,052,052,brother,brother,,12,bone_vector126\052\11052.npy,0,ok,train
01053,053,053,son,son,,12,bone_vector126\053\01053.npy,0,ok,train
02053,053,053,son,son,,11,bone_vector126\053\02053.npy,0,ok,test
03053,053,053,son,son,,14,bone_vector126\053\03053.npy,0,ok,train
04053,053,053,son,son,,13,bone_vector126\053\04053.npy,0,ok,train
05053,053,053,son,son,,14,bone_vector126\053\05053.npy,0,ok,validation
06053,053,053,son,son,,10,bone_vector126\053\06053.npy,0,ok,validation
07053,053,053,son,son,,12,bone_vector126\053\07053.npy,0,ok,train
08053,053,053,son,son,,13,bone_vector126\053\08053.npy,0,ok,train
09053,053,053,son,son,,11,bone_vector126\053\09053.npy,0,ok,train
10053,053,053,son,son,,10,bone_vector126\053\10053.npy,0,ok,train
11053,053,053,son,son,,12,bone_vector126\053\11053.npy,0,ok,validation
01054,054,054,daughter,daughter,,7,bone_vector126\054\01054.npy,0,ok,validation
02054,054,054,daughter,daughter,,10,bone_vector126\054\02054.npy,0,ok,train
03054,054,054,daughter,daughter,,13,bone_vector126\054\03054.npy,0,ok,train
04054,054,054,daughter,daughter,,10,bone_vector126\054\04054.npy,0,ok,train
05054,054,054,daughter,daughter,,14,bone_vector126\054\05054.npy,0,ok,train
06054,054,054,daughter,daughter,,14,bone_vector126\054\06054.npy,0,ok,train
07054,054,054,daughter,daughter,,14,bone_vector126\054\07054.npy,0,ok,test
08054,054,054,daughter,daughter,,11,bone_vector126\054\08054.npy,0,ok,train
09054,054,054,daughter,daughter,,14,bone_vector126\054\09054.npy,0,ok,train
10054,054,054,daughter,daughter,,10,bone_vector126\054\10054.npy,0,ok,validation
11054,054,054,daughter,daughter,,11,bone_vector126\054\11054.npy,0,ok,test
01055,055,055,man,man,,21,bone_vector126\055\01055.npy,0,ok,train
02055,055,055,man,man,,15,bone_vector126\055\02055.npy,0,ok,train
03055,055,055,man,man,,14,bone_vector126\055\03055.npy,0,ok,train
04055,055,055,man,man,,10,bone_vector126\055\04055.npy,0,ok,test
05055,055,055,man,man,,12,bone_vector126\055\05055.npy,0,ok,train
06055,055,055,man,man,,11,bone_vector126\055\06055.npy,0,ok,train
07055,055,055,man,man,,10,bone_vector126\055\07055.npy,0,ok,train
08055,055,055,man,man,,12,bone_vector126\055\08055.npy,0,ok,train
09055,055,055,man,man,,11,bone_vector126\055\09055.npy,0,ok,train
10055,055,055,man,man,,10,bone_vector126\055\10055.npy,0,ok,test
11055,055,055,man,man,,11,bone_vector126\055\11055.npy,0,ok,train
01056,056,056,women,women,,18,bone_vector126\056\01056.npy,0,ok,train
02056,056,056,women,women,,11,bone_vector126\056\02056.npy,0,ok,train
03056,056,056,women,women,,10,bone_vector126\056\03056.npy,0,ok,train
04056,056,056,women,women,,11,bone_vector126\056\04056.npy,0,ok,train
05056,056,056,women,women,,16,bone_vector126\056\05056.npy,0,ok,test
06056,056,056,women,women,,10,bone_vector126\056\06056.npy,0,ok,train
07056,056,056,women,women,,11,bone_vector126\056\07056.npy,0,ok,train
08056,056,056,women,women,,12,bone_vector126\056\08056.npy,0,ok,train
09056,056,056,women,women,,11,bone_vector126\056\09056.npy,0,ok,validation
10056,056,056,women,women,,10,bone_vector126\056\10056.npy,0,ok,test
11056,056,056,women,women,,14,bone_vector126\056\11056.npy,0,ok,train
01057,057,057,father,father,,14,bone_vector126\057\01057.npy,0,ok,validation
02057,057,057,father,father,,10,bone_vector126\057\02057.npy,0,ok,validation
03057,057,057,father,father,,10,bone_vector126\057\03057.npy,0,ok,validation
04057,057,057,father,father,,10,bone_vector126\057\04057.npy,0,ok,train
05057,057,057,father,father,,14,bone_vector126\057\05057.npy,0,ok,train
06057,057,057,father,father,,12,bone_vector126\057\06057.npy,0,ok,train
07057,057,057,father,father,,11,bone_vector126\057\07057.npy,0,ok,train
08057,057,057,father,father,,12,bone_vector126\057\08057.npy,0,ok,train
09057,057,057,father,father,,13,bone_vector126\057\09057.npy,0,ok,train
10057,057,057,father,father,,15,bone_vector126\057\10057.npy,0,ok,validation
11057,057,057,father,father,,15,bone_vector126\057\11057.npy,0,ok,validation
01058,058,058,mother,mother,,16,bone_vector126\058\01058.npy,0,ok,train
02058,058,058,mother,mother,,10,bone_vector126\058\02058.npy,0,ok,train
03058,058,058,mother,mother,,11,bone_vector126\058\03058.npy,0,ok,train
04058,058,058,mother,mother,,10,bone_vector126\058\04058.npy,0,ok,train
05058,058,058,mother,mother,,15,bone_vector126\058\05058.npy,0,ok,train
06058,058,058,mother,mother,,14,bone_vector126\058\06058.npy,0,ok,train
07058,058,058,mother,mother,,12,bone_vector126\058\07058.npy,0,ok,train
08058,058,058,mother,mother,,13,bone_vector126\058\08058.npy,0,ok,train
09058,058,058,mother,mother,,12,bone_vector126\058\09058.npy,0,ok,train
10058,058,058,mother,mother,,15,bone_vector126\058\10058.npy,0,ok,train
11058,058,058,mother,mother,,13,bone_vector126\058\11058.npy,0,ok,test
01059,059,059,girlfriend,girlfriend,,14,bone_vector126\059\01059.npy,0,ok,train
02059,059,059,girlfriend,girlfriend,,10,bone_vector126\059\02059.npy,0,ok,train
03059,059,059,girlfriend,girlfriend,,12,bone_vector126\059\03059.npy,0,ok,validation
04059,059,059,girlfriend,girlfriend,,12,bone_vector126\059\04059.npy,0,ok,test
05059,059,059,girlfriend,girlfriend,,17,bone_vector126\059\05059.npy,0,ok,train
06059,059,059,girlfriend,girlfriend,,11,bone_vector126\059\06059.npy,0,ok,train
07059,059,059,girlfriend,girlfriend,,14,bone_vector126\059\07059.npy,0,ok,train
08059,059,059,girlfriend,girlfriend,,13,bone_vector126\059\08059.npy,0,ok,test
09059,059,059,girlfriend,girlfriend,,13,bone_vector126\059\09059.npy,0,ok,test
10059,059,059,girlfriend,girlfriend,,14,bone_vector126\059\10059.npy,0,ok,train
01060,060,060,boyfriend,boyfriend,,13,bone_vector126\060\01060.npy,0,ok,train
02060,060,060,boyfriend,boyfriend,,10,bone_vector126\060\02060.npy,0,ok,train
03060,060,060,boyfriend,boyfriend,,15,bone_vector126\060\03060.npy,0,ok,train
04060,060,060,boyfriend,boyfriend,,13,bone_vector126\060\04060.npy,0,ok,train
05060,060,060,boyfriend,boyfriend,,14,bone_vector126\060\05060.npy,0,ok,train
06060,060,060,boyfriend,boyfriend,,15,bone_vector126\060\06060.npy,0,ok,test
07060,060,060,boyfriend,boyfriend,,13,bone_vector126\060\07060.npy,0,ok,train
08060,060,060,boyfriend,boyfriend,,12,bone_vector126\060\08060.npy,0,ok,train
09060,060,060,boyfriend,boyfriend,,11,bone_vector126\060\09060.npy,0,ok,train
10060,060,060,boyfriend,boyfriend,,13,bone_vector126\060\10060.npy,0,ok,train
01061,061,061,cousin_girl,cousin_girl,,15,bone_vector126\061\01061.npy,0,ok,train
02061,061,061,cousin_girl,cousin_girl,,12,bone_vector126\061\02061.npy,0,ok,train
03061,061,061,cousin_girl,cousin_girl,,15,bone_vector126\061\03061.npy,0,ok,train
04061,061,061,cousin_girl,cousin_girl,,14,bone_vector126\061\04061.npy,0,ok,train
05061,061,061,cousin_girl,cousin_girl,,14,bone_vector126\061\05061.npy,0,ok,train
06061,061,061,cousin_girl,cousin_girl,,13,bone_vector126\061\06061.npy,0,ok,validation
07061,061,061,cousin_girl,cousin_girl,,15,bone_vector126\061\07061.npy,0,ok,train
08061,061,061,cousin_girl,cousin_girl,,12,bone_vector126\061\08061.npy,0,ok,train
09061,061,061,cousin_girl,cousin_girl,,11,bone_vector126\061\09061.npy,0,ok,test
10061,061,061,cousin_girl,cousin_girl,,14,bone_vector126\061\10061.npy,0,ok,train
11061,061,061,cousin_girl,cousin_girl,,15,bone_vector126\061\11061.npy,0,ok,train
01062,062,062,cousin_boy,cousin_boy,,18,bone_vector126\062\01062.npy,0,ok,test
02062,062,062,cousin_boy,cousin_boy,,13,bone_vector126\062\02062.npy,0,ok,train
03062,062,062,cousin_boy,cousin_boy,,10,bone_vector126\062\03062.npy,0,ok,train
04062,062,062,cousin_boy,cousin_boy,,13,bone_vector126\062\04062.npy,0,ok,test
05062,062,062,cousin_boy,cousin_boy,,13,bone_vector126\062\05062.npy,0,ok,validation
06062,062,062,cousin_boy,cousin_boy,,13,bone_vector126\062\06062.npy,0,ok,train
07062,062,062,cousin_boy,cousin_boy,,10,bone_vector126\062\07062.npy,0,ok,train
08062,062,062,cousin_boy,cousin_boy,,13,bone_vector126\062\08062.npy,0,ok,train
09062,062,062,cousin_boy,cousin_boy,,11,bone_vector126\062\09062.npy,0,ok,train
10062,062,062,cousin_boy,cousin_boy,,12,bone_vector126\062\10062.npy,0,ok,train
11062,062,062,cousin_boy,cousin_boy,,14,bone_vector126\062\11062.npy,0,ok,train
01063,063,063,niece,niece,,24,bone_vector126\063\01063.npy,0,ok,validation
02063,063,063,niece,niece,,11,bone_vector126\063\02063.npy,0,ok,validation
03063,063,063,niece,niece,,13,bone_vector126\063\03063.npy,0,ok,train
04063,063,063,niece,niece,,13,bone_vector126\063\04063.npy,0,ok,test
05063,063,063,niece,niece,,13,bone_vector126\063\05063.npy,0,ok,train
06063,063,063,niece,niece,,13,bone_vector126\063\06063.npy,0,ok,train
07063,063,063,niece,niece,,13,bone_vector126\063\07063.npy,0,ok,train
08063,063,063,niece,niece,,12,bone_vector126\063\08063.npy,0,ok,test
09063,063,063,niece,niece,,12,bone_vector126\063\09063.npy,0,ok,validation
10063,063,063,niece,niece,,15,bone_vector126\063\10063.npy,0,ok,test
11063,063,063,niece,niece,,12,bone_vector126\063\11063.npy,0,ok,train
01064,064,064,nephew,nephew,,23,bone_vector126\064\01064.npy,0,ok,train
02064,064,064,nephew,nephew,,12,bone_vector126\064\02064.npy,0,ok,train
03064,064,064,nephew,nephew,,10,bone_vector126\064\03064.npy,0,ok,train
04064,064,064,nephew,nephew,,12,bone_vector126\064\04064.npy,0,ok,train
05064,064,064,nephew,nephew,,13,bone_vector126\064\05064.npy,0,ok,train
06064,064,064,nephew,nephew,,14,bone_vector126\064\06064.npy,0,ok,train
07064,064,064,nephew,nephew,,11,bone_vector126\064\07064.npy,0,ok,train
08064,064,064,nephew,nephew,,13,bone_vector126\064\08064.npy,0,ok,validation
09064,064,064,nephew,nephew,,11,bone_vector126\064\09064.npy,0,ok,validation
10064,064,064,nephew,nephew,,15,bone_vector126\064\10064.npy,0,ok,train
11064,064,064,nephew,nephew,,15,bone_vector126\064\11064.npy,0,ok,train
01065,065,065,aunt,aunt,,10,bone_vector126\065\01065.npy,0,ok,train
02065,065,065,aunt,aunt,,12,bone_vector126\065\02065.npy,0,ok,train
03065,065,065,aunt,aunt,,15,bone_vector126\065\03065.npy,0,ok,train
04065,065,065,aunt,aunt,,14,bone_vector126\065\04065.npy,0,ok,validation
05065,065,065,aunt,aunt,,12,bone_vector126\065\05065.npy,0,ok,validation
06065,065,065,aunt,aunt,,13,bone_vector126\065\06065.npy,0,ok,train
07065,065,065,aunt,aunt,,14,bone_vector126\065\07065.npy,0,ok,train
08065,065,065,aunt,aunt,,12,bone_vector126\065\08065.npy,0,ok,validation
09065,065,065,aunt,aunt,,12,bone_vector126\065\09065.npy,0,ok,train
10065,065,065,aunt,aunt,,14,bone_vector126\065\10065.npy,0,ok,train
11065,065,065,aunt,aunt,,13,bone_vector126\065\11065.npy,0,ok,train
01066,066,066,uncle,uncle,,16,bone_vector126\066\01066.npy,0,ok,test
02066,066,066,uncle,uncle,,10,bone_vector126\066\02066.npy,0,ok,train
03066,066,066,uncle,uncle,,11,bone_vector126\066\03066.npy,0,ok,train
04066,066,066,uncle,uncle,,13,bone_vector126\066\04066.npy,0,ok,train
05066,066,066,uncle,uncle,,11,bone_vector126\066\05066.npy,0,ok,train
06066,066,066,uncle,uncle,,10,bone_vector126\066\06066.npy,0,ok,train
07066,066,066,uncle,uncle,,14,bone_vector126\066\07066.npy,0,ok,test
08066,066,066,uncle,uncle,,12,bone_vector126\066\08066.npy,0,ok,test
09066,066,066,uncle,uncle,,12,bone_vector126\066\09066.npy,0,ok,train
10066,066,066,uncle,uncle,,14,bone_vector126\066\10066.npy,0,ok,train
11066,066,066,uncle,uncle,,15,bone_vector126\066\11066.npy,0,ok,test
01067,067,067,room,room,House stuff,18,bone_vector126\067\01067.npy,0,ok,test
02067,067,067,room,room,House stuff,12,bone_vector126\067\02067.npy,0,ok,train
03067,067,067,room,room,House stuff,15,bone_vector126\067\03067.npy,0,ok,train
04067,067,067,room,room,House stuff,11,bone_vector126\067\04067.npy,0,ok,train
05067,067,067,room,room,House stuff,11,bone_vector126\067\05067.npy,0,ok,test
06067,067,067,room,room,House stuff,10,bone_vector126\067\06067.npy,0,ok,train
07067,067,067,room,room,House stuff,11,bone_vector126\067\07067.npy,0,ok,train
08067,067,067,room,room,House stuff,11,bone_vector126\067\08067.npy,0,ok,validation
09067,067,067,room,room,House stuff,12,bone_vector126\067\09067.npy,0,ok,train
10067,067,067,room,room,House stuff,11,bone_vector126\067\10067.npy,0,ok,train
11067,067,067,room,room,House stuff,11,bone_vector126\067\11067.npy,0,ok,train
01068,068,068,bathroom,bathroom,,15,bone_vector126\068\01068.npy,0,ok,train
02068,068,068,bathroom,bathroom,,10,bone_vector126\068\02068.npy,0,ok,validation
03068,068,068,bathroom,bathroom,,12,bone_vector126\068\03068.npy,0,ok,train
04068,068,068,bathroom,bathroom,,11,bone_vector126\068\04068.npy,0,ok,train
05068,068,068,bathroom,bathroom,,13,bone_vector126\068\05068.npy,0,ok,train
06068,068,068,bathroom,bathroom,,11,bone_vector126\068\06068.npy,0,ok,test
07068,068,068,bathroom,bathroom,,14,bone_vector126\068\07068.npy,0,ok,train
08068,068,068,bathroom,bathroom,,11,bone_vector126\068\08068.npy,0,ok,validation
09068,068,068,bathroom,bathroom,,12,bone_vector126\068\09068.npy,0,ok,test
10068,068,068,bathroom,bathroom,,13,bone_vector126\068\10068.npy,0,ok,train
11068,068,068,bathroom,bathroom,,13,bone_vector126\068\11068.npy,0,ok,train
01069,069,069,kitchen,kitchen,,19,bone_vector126\069\01069.npy,0,ok,train
03069,069,069,kitchen,kitchen,,15,bone_vector126\069\03069.npy,0,ok,train
04069,069,069,kitchen,kitchen,,11,bone_vector126\069\04069.npy,0,ok,validation
05069,069,069,kitchen,kitchen,,10,bone_vector126\069\05069.npy,0,ok,train
06069,069,069,kitchen,kitchen,,14,bone_vector126\069\06069.npy,0,ok,test
07069,069,069,kitchen,kitchen,,15,bone_vector126\069\07069.npy,0,ok,train
08069,069,069,kitchen,kitchen,,12,bone_vector126\069\08069.npy,0,ok,train
09069,069,069,kitchen,kitchen,,12,bone_vector126\069\09069.npy,0,ok,train
10069,069,069,kitchen,kitchen,,11,bone_vector126\069\10069.npy,0,ok,train
11069,069,069,kitchen,kitchen,,11,bone_vector126\069\11069.npy,0,ok,train
01070,070,070,bed,bed,,16,bone_vector126\070\01070.npy,0,ok,train
02070,070,070,bed,bed,,12,bone_vector126\070\02070.npy,0,ok,train
03070,070,070,bed,bed,,10,bone_vector126\070\03070.npy,0,ok,train
04070,070,070,bed,bed,,10,bone_vector126\070\04070.npy,0,ok,train
05070,070,070,bed,bed,,12,bone_vector126\070\05070.npy,0,ok,test
06070,070,070,bed,bed,,14,bone_vector126\070\06070.npy,0,ok,train
07070,070,070,bed,bed,,24,bone_vector126\070\07070.npy,0,ok,train
08070,070,070,bed,bed,,12,bone_vector126\070\08070.npy,0,ok,train
09070,070,070,bed,bed,,11,bone_vector126\070\09070.npy,0,ok,train
10070,070,070,bed,bed,,14,bone_vector126\070\10070.npy,0,ok,train
11070,070,070,bed,bed,,15,bone_vector126\070\11070.npy,0,ok,train
01071,071,071,home,home,,18,bone_vector126\071\01071.npy,0,ok,train
02071,071,071,home,home,,11,bone_vector126\071\02071.npy,0,ok,validation
03071,071,071,home,home,,15,bone_vector126\071\03071.npy,0,ok,test
04071,071,071,home,home,,10,bone_vector126\071\04071.npy,0,ok,train
05071,071,071,home,home,,11,bone_vector126\071\05071.npy,0,ok,train
06071,071,071,home,home,,11,bone_vector126\071\06071.npy,0,ok,validation
07071,071,071,home,home,,10,bone_vector126\071\07071.npy,0,ok,train
08071,071,071,home,home,,11,bone_vector126\071\08071.npy,0,ok,train
09071,071,071,home,home,,11,bone_vector126\071\09071.npy,0,ok,validation
10071,071,071,home,home,,12,bone_vector126\071\10071.npy,0,ok,train
11071,071,071,home,home,,15,bone_vector126\071\11071.npy,0,ok,test
01072,072,072,closet,closet,,20,bone_vector126\072\01072.npy,0,ok,train
02072,072,072,closet,closet,,14,bone_vector126\072\02072.npy,0,ok,train
03072,072,072,closet,closet,,15,bone_vector126\072\03072.npy,0,ok,test
04072,072,072,closet,closet,,14,bone_vector126\072\04072.npy,0,ok,train
05072,072,072,closet,closet,,14,bone_vector126\072\05072.npy,0,ok,train
06072,072,072,closet,closet,,14,bone_vector126\072\06072.npy,0,ok,train
07072,072,072,closet,closet,,15,bone_vector126\072\07072.npy,0,ok,validation
08072,072,072,closet,closet,,13,bone_vector126\072\08072.npy,0,ok,validation
09072,072,072,closet,closet,,14,bone_vector126\072\09072.npy,0,ok,train
10072,072,072,closet,closet,,13,bone_vector126\072\10072.npy,0,ok,train
11072,072,072,closet,closet,,12,bone_vector126\072\11072.npy,0,ok,train
01073,073,073,curtain,curtain,,19,bone_vector126\073\01073.npy,0,ok,test
02073,073,073,curtain,curtain,,10,bone_vector126\073\02073.npy,0,ok,train
03073,073,073,curtain,curtain,,15,bone_vector126\073\03073.npy,0,ok,train
04073,073,073,curtain,curtain,,12,bone_vector126\073\04073.npy,0,ok,train
05073,073,073,curtain,curtain,,11,bone_vector126\073\05073.npy,0,ok,train
06073,073,073,curtain,curtain,,14,bone_vector126\073\06073.npy,0,ok,train
07073,073,073,curtain,curtain,,12,bone_vector126\073\07073.npy,0,ok,train
08073,073,073,curtain,curtain,,13,bone_vector126\073\08073.npy,0,ok,train
09073,073,073,curtain,curtain,,10,bone_vector126\073\09073.npy,0,ok,train
10073,073,073,curtain,curtain,,15,bone_vector126\073\10073.npy,0,ok,validation
11073,073,073,curtain,curtain,,10,bone_vector126\073\11073.npy,0,ok,test
01074,074,074,cradle,cradle,,13,bone_vector126\074\01074.npy,0,ok,train
02074,074,074,cradle,cradle,,10,bone_vector126\074\02074.npy,0,ok,test
03074,074,074,cradle,cradle,,15,bone_vector126\074\03074.npy,0,ok,validation
04074,074,074,cradle,cradle,,10,bone_vector126\074\04074.npy,0,ok,train
05074,074,074,cradle,cradle,,12,bone_vector126\074\05074.npy,0,ok,train
06074,074,074,cradle,cradle,,15,bone_vector126\074\06074.npy,0,ok,train
07074,074,074,cradle,cradle,,14,bone_vector126\074\07074.npy,0,ok,train
08074,074,074,cradle,cradle,,13,bone_vector126\074\08074.npy,0,ok,train
09074,074,074,cradle,cradle,,14,bone_vector126\074\09074.npy,0,ok,test
10074,074,074,cradle,cradle,,14,bone_vector126\074\10074.npy,0,ok,validation
11074,074,074,cradle,cradle,,15,bone_vector126\074\11074.npy,0,ok,train
01075,075,075,ceiling,ceiling,,17,bone_vector126\075\01075.npy,0,ok,train
02075,075,075,ceiling,ceiling,,13,bone_vector126\075\02075.npy,0,ok,train
03075,075,075,ceiling,ceiling,,14,bone_vector126\075\03075.npy,0,ok,train
04075,075,075,ceiling,ceiling,,13,bone_vector126\075\04075.npy,0,ok,validation
05075,075,075,ceiling,ceiling,,12,bone_vector126\075\05075.npy,0,ok,test
06075,075,075,ceiling,ceiling,,13,bone_vector126\075\06075.npy,0,ok,train
07075,075,075,ceiling,ceiling,,15,bone_vector126\075\07075.npy,0,ok,train
08075,075,075,ceiling,ceiling,,12,bone_vector126\075\08075.npy,0,ok,train
09075,075,075,ceiling,ceiling,,10,bone_vector126\075\09075.npy,0,ok,train
10075,075,075,ceiling,ceiling,,11,bone_vector126\075\10075.npy,0,ok,train
11075,075,075,ceiling,ceiling,,15,bone_vector126\075\11075.npy,0,ok,train
01076,076,076,floor,floor,,16,bone_vector126\076\01076.npy,0,ok,test
02076,076,076,floor,floor,,12,bone_vector126\076\02076.npy,0,ok,train
03076,076,076,floor,floor,,11,bone_vector126\076\03076.npy,0,ok,test
04076,076,076,floor,floor,,10,bone_vector126\076\04076.npy,0,ok,train
06076,076,076,floor,floor,,11,bone_vector126\076\06076.npy,0,ok,train
07076,076,076,floor,floor,,10,bone_vector126\076\07076.npy,0,ok,train
08076,076,076,floor,floor,,12,bone_vector126\076\08076.npy,0,ok,test
09076,076,076,floor,floor,,10,bone_vector126\076\09076.npy,0,ok,train
10076,076,076,floor,floor,,10,bone_vector126\076\10076.npy,0,ok,test
11076,076,076,floor,floor,,12,bone_vector126\076\11076.npy,0,ok,validation
01077,077,077,stairs,stairs,,14,bone_vector126\077\01077.npy,0,ok,train
02077,077,077,stairs,stairs,,12,bone_vector126\077\02077.npy,0,ok,test
03077,077,077,stairs,stairs,,15,bone_vector126\077\03077.npy,0,ok,train
04077,077,077,stairs,stairs,,10,bone_vector126\077\04077.npy,0,ok,train
05077,077,077,stairs,stairs,,16,bone_vector126\077\05077.npy,0,ok,validation
06077,077,077,stairs,stairs,,15,bone_vector126\077\06077.npy,0,ok,validation
07077,077,077,stairs,stairs,,12,bone_vector126\077\07077.npy,0,ok,test
08077,077,077,stairs,stairs,,13,bone_vector126\077\08077.npy,0,ok,train
09077,077,077,stairs,stairs,,10,bone_vector126\077\09077.npy,0,ok,validation
10077,077,077,stairs,stairs,,14,bone_vector126\077\10077.npy,0,ok,train
11077,077,077,stairs,stairs,,14,bone_vector126\077\11077.npy,0,ok,validation
01078,078,078,broom,broom,,15,bone_vector126\078\01078.npy,0,ok,validation
02078,078,078,broom,broom,,14,bone_vector126\078\02078.npy,0,ok,test
03078,078,078,broom,broom,,15,bone_vector126\078\03078.npy,0,ok,train
04078,078,078,broom,broom,,10,bone_vector126\078\04078.npy,0,ok,train
05078,078,078,broom,broom,,13,bone_vector126\078\05078.npy,0,ok,train
06078,078,078,broom,broom,,13,bone_vector126\078\06078.npy,0,ok,test
07078,078,078,broom,broom,,10,bone_vector126\078\07078.npy,0,ok,train
08078,078,078,broom,broom,,11,bone_vector126\078\08078.npy,0,ok,train
09078,078,078,broom,broom,,10,bone_vector126\078\09078.npy,0,ok,train
10078,078,078,broom,broom,,15,bone_vector126\078\10078.npy,0,ok,train
11078,078,078,broom,broom,,14,bone_vector126\078\11078.npy,0,ok,validation
01079,079,079,lamp,lamp,,16,bone_vector126\079\01079.npy,0,ok,test
02079,079,079,lamp,lamp,,11,bone_vector126\079\02079.npy,0,ok,validation
03079,079,079,lamp,lamp,,10,bone_vector126\079\03079.npy,0,ok,train
04079,079,079,lamp,lamp,,11,bone_vector126\079\04079.npy,0,ok,validation
05079,079,079,lamp,lamp,,15,bone_vector126\079\05079.npy,0,ok,test
06079,079,079,lamp,lamp,,12,bone_vector126\079\06079.npy,0,ok,train
07079,079,079,lamp,lamp,,11,bone_vector126\079\07079.npy,0,ok,test
08079,079,079,lamp,lamp,,12,bone_vector126\079\08079.npy,0,ok,train
09079,079,079,lamp,lamp,,10,bone_vector126\079\09079.npy,0,ok,train
10079,079,079,lamp,lamp,,14,bone_vector126\079\10079.npy,0,ok,train
11079,079,079,lamp,lamp,,15,bone_vector126\079\11079.npy,0,ok,test
01080,080,080,table,table,,23,bone_vector126\080\01080.npy,0,ok,validation
02080,080,080,table,table,,13,bone_vector126\080\02080.npy,0,ok,train
03080,080,080,table,table,,12,bone_vector126\080\03080.npy,0,ok,train
04080,080,080,table,table,,13,bone_vector126\080\04080.npy,0,ok,train
05080,080,080,table,table,,11,bone_vector126\080\05080.npy,0,ok,train
06080,080,080,table,table,,12,bone_vector126\080\06080.npy,0,ok,validation
07080,080,080,table,table,,12,bone_vector126\080\07080.npy,0,ok,train
08080,080,080,table,table,,14,bone_vector126\080\08080.npy,0,ok,train
09080,080,080,table,table,,13,bone_vector126\080\09080.npy,0,ok,train
10080,080,080,table,table,,14,bone_vector126\080\10080.npy,0,ok,validation
11080,080,080,table,table,,15,bone_vector126\080\11080.npy,0,ok,train
01081,081,081,wall,wall,,14,bone_vector126\081\01081.npy,0,ok,train
02081,081,081,wall,wall,,11,bone_vector126\081\02081.npy,0,ok,train
03081,081,081,wall,wall,,11,bone_vector126\081\03081.npy,0,ok,train
04081,081,081,wall,wall,,13,bone_vector126\081\04081.npy,0,ok,validation
05081,081,081,wall,wall,,17,bone_vector126\081\05081.npy,0,ok,train
06081,081,081,wall,wall,,14,bone_vector126\081\06081.npy,0,ok,train
07081,081,081,wall,wall,,12,bone_vector126\081\07081.npy,0,ok,train
08081,081,081,wall,wall,,14,bone_vector126\081\08081.npy,0,ok,train
09081,081,081,wall,wall,,11,bone_vector126\081\09081.npy,0,ok,train
10081,081,081,wall,wall,,13,bone_vector126\081\10081.npy,0,ok,train
11081,081,081,wall,wall,,11,bone_vector126\081\11081.npy,0,ok,validation
01082,082,082,hall,hall,,19,bone_vector126\082\01082.npy,0,ok,train
02082,082,082,hall,hall,,14,bone_vector126\082\02082.npy,0,ok,test
03082,082,082,hall,hall,,9,bone_vector126\082\03082.npy,0,ok,train
04082,082,082,hall,hall,,10,bone_vector126\082\04082.npy,0,ok,train
05082,082,082,hall,hall,,12,bone_vector126\082\05082.npy,0,ok,train
06082,082,082,hall,hall,,13,bone_vector126\082\06082.npy,0,ok,train
07082,082,082,hall,hall,,11,bone_vector126\082\07082.npy,0,ok,train
08082,082,082,hall,hall,,14,bone_vector126\082\08082.npy,0,ok,validation
09082,082,082,hall,hall,,11,bone_vector126\082\09082.npy,0,ok,validation
11082,082,082,hall,hall,,14,bone_vector126\082\11082.npy,0,ok,train
01083,083,083,pane,pane,,17,bone_vector126\083\01083.npy,0,ok,train
02083,083,083,pane,pane,,12,bone_vector126\083\02083.npy,0,ok,test
03083,083,083,pane,pane,,10,bone_vector126\083\03083.npy,0,ok,test
04083,083,083,pane,pane,,11,bone_vector126\083\04083.npy,0,ok,validation
05083,083,083,pane,pane,,11,bone_vector126\083\05083.npy,0,ok,train
06083,083,083,pane,pane,,13,bone_vector126\083\06083.npy,0,ok,train
07083,083,083,pane,pane,,16,bone_vector126\083\07083.npy,0,ok,train
08083,083,083,pane,pane,,13,bone_vector126\083\08083.npy,0,ok,test
09083,083,083,pane,pane,,14,bone_vector126\083\09083.npy,0,ok,train
10083,083,083,pane,pane,,12,bone_vector126\083\10083.npy,0,ok,validation
11083,083,083,pane,pane,,15,bone_vector126\083\11083.npy,0,ok,train
01084,084,084,window,window,,15,bone_vector126\084\01084.npy,0,ok,train
02084,084,084,window,window,,12,bone_vector126\084\02084.npy,0,ok,test
03084,084,084,window,window,,10,bone_vector126\084\03084.npy,0,ok,validation
04084,084,084,window,window,,10,bone_vector126\084\04084.npy,0,ok,train
05084,084,084,window,window,,13,bone_vector126\084\05084.npy,0,ok,validation
06084,084,084,window,window,,10,bone_vector126\084\06084.npy,0,ok,train
07084,084,084,window,window,,16,bone_vector126\084\07084.npy,0,ok,test
08084,084,084,window,window,,12,bone_vector126\084\08084.npy,0,ok,train
09084,084,084,window,window,,11,bone_vector126\084\09084.npy,0,ok,train
10084,084,084,window,window,,11,bone_vector126\084\10084.npy,0,ok,validation
11084,084,084,window,window,,13,bone_vector126\084\11084.npy,0,ok,train
01085,085,085,door,door,,17,bone_vector126\085\01085.npy,0,ok,validation
02085,085,085,door,door,,10,bone_vector126\085\02085.npy,0,ok,train
03085,085,085,door,door,,10,bone_vector126\085\03085.npy,0,ok,train
04085,085,085,door,door,,13,bone_vector126\085\04085.npy,0,ok,train
05085,085,085,door,door,,13,bone_vector126\085\05085.npy,0,ok,train
06085,085,085,door,door,,12,bone_vector126\085\06085.npy,0,ok,train
07085,085,085,door,door,,10,bone_vector126\085\07085.npy,0,ok,train
08085,085,085,door,door,,11,bone_vector126\085\08085.npy,0,ok,train
09085,085,085,door,door,,10,bone_vector126\085\09085.npy,0,ok,train
10085,085,085,door,door,,10,bone_vector126\085\10085.npy,0,ok,train
11085,085,085,door,door,,11,bone_vector126\085\11085.npy,0,ok,train
01086,086,086,adult,adult,Adjectives,17,bone_vector126\086\01086.npy,0,ok,train
02086,086,086,adult,adult,Adjectives,10,bone_vector126\086\02086.npy,0,ok,train
03086,086,086,adult,adult,Adjectives,10,bone_vector126\086\03086.npy,0,ok,train
04086,086,086,adult,adult,Adjectives,11,bone_vector126\086\04086.npy,0,ok,train
05086,086,086,adult,adult,Adjectives,9,bone_vector126\086\05086.npy,0,ok,validation
06086,086,086,adult,adult,Adjectives,15,bone_vector126\086\06086.npy,0,ok,train
07086,086,086,adult,adult,Adjectives,10,bone_vector126\086\07086.npy,0,ok,train
08086,086,086,adult,adult,Adjectives,12,bone_vector126\086\08086.npy,0,ok,validation
09086,086,086,adult,adult,Adjectives,14,bone_vector126\086\09086.npy,0,ok,train
10086,086,086,adult,adult,Adjectives,11,bone_vector126\086\10086.npy,0,ok,train
11086,086,086,adult,adult,Adjectives,12,bone_vector126\086\11086.npy,0,ok,train
01087,087,087,young,young,,15,bone_vector126\087\01087.npy,0,ok,train
02087,087,087,young,young,,14,bone_vector126\087\02087.npy,0,ok,train
03087,087,087,young,young,,13,bone_vector126\087\03087.npy,0,ok,train
04087,087,087,young,young,,14,bone_vector126\087\04087.npy,0,ok,validation
05087,087,087,young,young,,15,bone_vector126\087\05087.npy,0,ok,validation
06087,087,087,young,young,,14,bone_vector126\087\06087.npy,0,ok,train
07087,087,087,young,young,,12,bone_vector126\087\07087.npy,0,ok,test
08087,087,087,young,young,,13,bone_vector126\087\08087.npy,0,ok,validation
09087,087,087,young,young,,12,bone_vector126\087\09087.npy,0,ok,train
10087,087,087,young,young,,16,bone_vector126\087\10087.npy,0,ok,test
11087,087,087,young,young,,12,bone_vector126\087\11087.npy,0,ok,train
01088,088,088,child,child,,15,bone_vector126\088\01088.npy,0,ok,train
02088,088,088,child,child,,10,bone_vector126\088\02088.npy,0,ok,train
03088,088,088,child,child,,13,bone_vector126\088\03088.npy,0,ok,validation
04088,088,088,child,child,,11,bone_vector126\088\04088.npy,0,ok,train
05088,088,088,child,child,,16,bone_vector126\088\05088.npy,0,ok,test
06088,088,088,child,child,,14,bone_vector126\088\06088.npy,0,ok,train
07088,088,088,child,child,,10,bone_vector126\088\07088.npy,0,ok,train
08088,088,088,child,child,,12,bone_vector126\088\08088.npy,0,ok,train
09088,088,088,child,child,,14,bone_vector126\088\09088.npy,0,ok,train
10088,088,088,child,child,,14,bone_vector126\088\10088.npy,0,ok,train
11088,088,088,child,child,,12,bone_vector126\088\11088.npy,0,ok,train
01089,089,089,baby,baby,,16,bone_vector126\089\01089.npy,0,ok,train
02089,089,089,baby,baby,,12,bone_vector126\089\02089.npy,0,ok,train
03089,089,089,baby,baby,,12,bone_vector126\089\03089.npy,0,ok,train
04089,089,089,baby,baby,,13,bone_vector126\089\04089.npy,0,ok,train
05089,089,089,baby,baby,,10,bone_vector126\089\05089.npy,0,ok,train
06089,089,089,baby,baby,,14,bone_vector126\089\06089.npy,0,ok,test
07089,089,089,baby,baby,,10,bone_vector126\089\07089.npy,0,ok,test
08089,089,089,baby,baby,,13,bone_vector126\089\08089.npy,0,ok,train
09089,089,089,baby,baby,,11,bone_vector126\089\09089.npy,0,ok,test
10089,089,089,baby,baby,,10,bone_vector126\089\10089.npy,0,ok,train
11089,089,089,baby,baby,,13,bone_vector126\089\11089.npy,0,ok,validation
01090,090,090,ugly,ugly,,13,bone_vector126\090\01090.npy,0,ok,train
02090,090,090,ugly,ugly,,11,bone_vector126\090\02090.npy,0,ok,train
03090,090,090,ugly,ugly,,10,bone_vector126\090\03090.npy,0,ok,train
04090,090,090,ugly,ugly,,10,bone_vector126\090\04090.npy,0,ok,train
05090,090,090,ugly,ugly,,10,bone_vector126\090\05090.npy,0,ok,train
06090,090,090,ugly,ugly,,11,bone_vector126\090\06090.npy,0,ok,train
07090,090,090,ugly,ugly,,11,bone_vector126\090\07090.npy,0,ok,train
08090,090,090,ugly,ugly,,12,bone_vector126\090\08090.npy,0,ok,train
09090,090,090,ugly,ugly,,11,bone_vector126\090\09090.npy,0,ok,train
10090,090,090,ugly,ugly,,10,bone_vector126\090\10090.npy,0,ok,test
11090,090,090,ugly,ugly,,13,bone_vector126\090\11090.npy,0,ok,test
01091,091,091,pretty,pretty,,12,bone_vector126\091\01091.npy,0,ok,train
02091,091,091,pretty,pretty,,10,bone_vector126\091\02091.npy,0,ok,validation
03091,091,091,pretty,pretty,,11,bone_vector126\091\03091.npy,0,ok,train
04091,091,091,pretty,pretty,,11,bone_vector126\091\04091.npy,0,ok,train
05091,091,091,pretty,pretty,,11,bone_vector126\091\05091.npy,0,ok,test
06091,091,091,pretty,pretty,,12,bone_vector126\091\06091.npy,0,ok,train
07091,091,091,pretty,pretty,,15,bone_vector126\091\07091.npy,0,ok,train
08091,091,091,pretty,pretty,,11,bone_vector126\091\08091.npy,0,ok,train
09091,091,091,pretty,pretty,,11,bone_vector126\091\09091.npy,0,ok,train
10091,091,091,pretty,pretty,,14,bone_vector126\091\10091.npy,0,ok,test
01092,092,092,bad_person,bad_person,,14,bone_vector126\092\01092.npy,0,ok,train
02092,092,092,bad_person,bad_person,,14,bone_vector126\092\02092.npy,0,ok,test
03092,092,092,bad_person,bad_person,,11,bone_vector126\092\03092.npy,0,ok,train
04092,092,092,bad_person,bad_person,,10,bone_vector126\092\04092.npy,0,ok,train
05092,092,092,bad_person,bad_person,,10,bone_vector126\092\05092.npy,0,ok,train
06092,092,092,bad_person,bad_person,,13,bone_vector126\092\06092.npy,0,ok,validation
07092,092,092,bad_person,bad_person,,11,bone_vector126\092\07092.npy,0,ok,test
08092,092,092,bad_person,bad_person,,11,bone_vector126\092\08092.npy,0,ok,test
09092,092,092,bad_person,bad_person,,11,bone_vector126\092\09092.npy,0,ok,test
10092,092,092,bad_person,bad_person,,10,bone_vector126\092\10092.npy,0,ok,train
01093,093,093,deaf,deaf,,14,bone_vector126\093\01093.npy,0,ok,train
02093,093,093,deaf,deaf,,12,bone_vector126\093\02093.npy,0,ok,validation
04093,093,093,deaf,deaf,,13,bone_vector126\093\04093.npy,0,ok,train
05093,093,093,deaf,deaf,,12,bone_vector126\093\05093.npy,0,ok,train
06093,093,093,deaf,deaf,,15,bone_vector126\093\06093.npy,0,ok,test
07093,093,093,deaf,deaf,,13,bone_vector126\093\07093.npy,0,ok,train
08093,093,093,deaf,deaf,,12,bone_vector126\093\08093.npy,0,ok,validation
09093,093,093,deaf,deaf,,11,bone_vector126\093\09093.npy,0,ok,train
10093,093,093,deaf,deaf,,14,bone_vector126\093\10093.npy,0,ok,train
01094,094,094,dumb,dumb,,16,bone_vector126\094\01094.npy,0,ok,validation
02094,094,094,dumb,dumb,,10,bone_vector126\094\02094.npy,0,ok,train
03094,094,094,dumb,dumb,,14,bone_vector126\094\03094.npy,0,ok,train
04094,094,094,dumb,dumb,,10,bone_vector126\094\04094.npy,0,ok,train
05094,094,094,dumb,dumb,,15,bone_vector126\094\05094.npy,0,ok,validation
06094,094,094,dumb,dumb,,11,bone_vector126\094\06094.npy,0,ok,train
07094,094,094,dumb,dumb,,14,bone_vector126\094\07094.npy,0,ok,train
08094,094,094,dumb,dumb,,13,bone_vector126\094\08094.npy,0,ok,train
09094,094,094,dumb,dumb,,12,bone_vector126\094\09094.npy,0,ok,test
10094,094,094,dumb,dumb,,14,bone_vector126\094\10094.npy,0,ok,test
01095,095,095,strong,strong,,16,bone_vector126\095\01095.npy,0,ok,train
02095,095,095,strong,strong,,11,bone_vector126\095\02095.npy,0,ok,train
03095,095,095,strong,strong,,11,bone_vector126\095\03095.npy,0,ok,test
04095,095,095,strong,strong,,10,bone_vector126\095\04095.npy,0,ok,train
06095,095,095,strong,strong,,11,bone_vector126\095\06095.npy,0,ok,train
07095,095,095,strong,strong,,16,bone_vector126\095\07095.npy,0,ok,train
09095,095,095,strong,strong,,11,bone_vector126\095\09095.npy,0,ok,test
10095,095,095,strong,strong,,15,bone_vector126\095\10095.npy,0,ok,train
01096,096,096,fat,fat,,26,bone_vector126\096\01096.npy,0,ok,train
02096,096,096,fat,fat,,14,bone_vector126\096\02096.npy,0,ok,train
03096,096,096,fat,fat,,13,bone_vector126\096\03096.npy,0,ok,train
04096,096,096,fat,fat,,10,bone_vector126\096\04096.npy,0,ok,train
05096,096,096,fat,fat,,12,bone_vector126\096\05096.npy,0,ok,validation
06096,096,096,fat,fat,,14,bone_vector126\096\06096.npy,0,ok,train
07096,096,096,fat,fat,,13,bone_vector126\096\07096.npy,0,ok,train
08096,096,096,fat,fat,,14,bone_vector126\096\08096.npy,0,ok,test
09096,096,096,fat,fat,,15,bone_vector126\096\09096.npy,0,ok,test
10096,096,096,fat,fat,,13,bone_vector126\096\10096.npy,0,ok,test
01097,097,097,high,high,,17,bone_vector126\097\01097.npy,0,ok,test
02097,097,097,high,high,,10,bone_vector126\097\02097.npy,0,ok,train
03097,097,097,high,high,,11,bone_vector126\097\03097.npy,0,ok,train
04097,097,097,high,high,,11,bone_vector126\097\04097.npy,0,ok,train
05097,097,097,high,high,,14,bone_vector126\097\05097.npy,0,ok,train
06097,097,097,high,high,,12,bone_vector126\097\06097.npy,0,ok,test
07097,097,097,high,high,,9,bone_vector126\097\07097.npy,0,ok,test
08097,097,097,high,high,,15,bone_vector126\097\08097.npy,0,ok,train
09097,097,097,high,high,,10,bone_vector126\097\09097.npy,0,ok,train
10097,097,097,high,high,,13,bone_vector126\097\10097.npy,0,ok,train
01098,098,098,low,low,,15,bone_vector126\098\01098.npy,0,ok,test
02098,098,098,low,low,,10,bone_vector126\098\02098.npy,0,ok,validation
03098,098,098,low,low,,10,bone_vector126\098\03098.npy,0,ok,train
04098,098,098,low,low,,11,bone_vector126\098\04098.npy,0,ok,test
05098,098,098,low,low,,11,bone_vector126\098\05098.npy,0,ok,train
06098,098,098,low,low,,14,bone_vector126\098\06098.npy,0,ok,test
07098,098,098,low,low,,10,bone_vector126\098\07098.npy,0,ok,train
08098,098,098,low,low,,15,bone_vector126\098\08098.npy,0,ok,train
09098,098,098,low,low,,10,bone_vector126\098\09098.npy,0,ok,train
10098,098,098,low,low,,13,bone_vector126\098\10098.npy,0,ok,train
01099,099,099,good_person,good_person,,17,bone_vector126\099\01099.npy,0,ok,train
02099,099,099,good_person,good_person,,11,bone_vector126\099\02099.npy,0,ok,validation
03099,099,099,good_person,good_person,,11,bone_vector126\099\03099.npy,0,ok,train
04099,099,099,good_person,good_person,,14,bone_vector126\099\04099.npy,0,ok,train
05099,099,099,good_person,good_person,,14,bone_vector126\099\05099.npy,0,ok,train
06099,099,099,good_person,good_person,,12,bone_vector126\099\06099.npy,0,ok,validation
07099,099,099,good_person,good_person,,10,bone_vector126\099\07099.npy,0,ok,train
08099,099,099,good_person,good_person,,14,bone_vector126\099\08099.npy,0,ok,test
09099,099,099,good_person,good_person,,14,bone_vector126\099\09099.npy,0,ok,train
10099,099,099,good_person,good_person,,14,bone_vector126\099\10099.npy,0,ok,train
01100,100,100,blind,blind,,13,bone_vector126\100\01100.npy,0,ok,train
02100,100,100,blind,blind,,11,bone_vector126\100\02100.npy,0,ok,validation
03100,100,100,blind,blind,,15,bone_vector126\100\03100.npy,0,ok,train
04100,100,100,blind,blind,,10,bone_vector126\100\04100.npy,0,ok,validation
05100,100,100,blind,blind,,10,bone_vector126\100\05100.npy,0,ok,train
06100,100,100,blind,blind,,15,bone_vector126\100\06100.npy,0,ok,test
07100,100,100,blind,blind,,12,bone_vector126\100\07100.npy,0,ok,train
08100,100,100,blind,blind,,14,bone_vector126\100\08100.npy,0,ok,train
09100,100,100,blind,blind,,11,bone_vector126\100\09100.npy,0,ok,test
10100,100,100,blind,blind,,13,bone_vector126\100\10100.npy,0,ok,validation
01101,101,101,weak,weak,,14,bone_vector126\101\01101.npy,0,ok,train
02101,101,101,weak,weak,,13,bone_vector126\101\02101.npy,0,ok,train
03101,101,101,weak,weak,,15,bone_vector126\101\03101.npy,0,ok,validation
04101,101,101,weak,weak,,13,bone_vector126\101\04101.npy,0,ok,train
05101,101,101,weak,weak,,11,bone_vector126\101\05101.npy,0,ok,train
06101,101,101,weak,weak,,12,bone_vector126\101\06101.npy,0,ok,train
07101,101,101,weak,weak,,12,bone_vector126\101\07101.npy,0,ok,validation
08101,101,101,weak,weak,,15,bone_vector126\101\08101.npy,0,ok,train
09101,101,101,weak,weak,,11,bone_vector126\101\09101.npy,0,ok,train
10101,101,101,weak,weak,,14,bone_vector126\101\10101.npy,0,ok,train
01102,102,102,slim,slim,,11,bone_vector126\102\01102.npy,0,ok,train
02102,102,102,slim,slim,,11,bone_vector126\102\02102.npy,0,ok,train
03102,102,102,slim,slim,,15,bone_vector126\102\03102.npy,0,ok,train
04102,102,102,slim,slim,,13,bone_vector126\102\04102.npy,0,ok,train
05102,102,102,slim,slim,,16,bone_vector126\102\05102.npy,0,ok,train
06102,102,102,slim,slim,,12,bone_vector126\102\06102.npy,0,ok,train
07102,102,102,slim,slim,,16,bone_vector126\102\07102.npy,0,ok,train
08102,102,102,slim,slim,,15,bone_vector126\102\08102.npy,0,ok,train
09102,102,102,slim,slim,,12,bone_vector126\102\09102.npy,0,ok,train
10102,102,102,slim,slim,,10,bone_vector126\102\10102.npy,0,ok,test
01103,103,103,spoon,spoon,Cuisine,15,bone_vector126\103\01103.npy,0,ok,validation
02103,103,103,spoon,spoon,Cuisine,11,bone_vector126\103\02103.npy,0,ok,train
03103,103,103,spoon,spoon,Cuisine,15,bone_vector126\103\03103.npy,0,ok,train
04103,103,103,spoon,spoon,Cuisine,10,bone_vector126\103\04103.npy,0,ok,train
05103,103,103,spoon,spoon,Cuisine,10,bone_vector126\103\05103.npy,0,ok,validation
06103,103,103,spoon,spoon,Cuisine,13,bone_vector126\103\06103.npy,0,ok,validation
07103,103,103,spoon,spoon,Cuisine,11,bone_vector126\103\07103.npy,0,ok,train
08103,103,103,spoon,spoon,Cuisine,14,bone_vector126\103\08103.npy,0,ok,train
09103,103,103,spoon,spoon,Cuisine,13,bone_vector126\103\09103.npy,0,ok,test
10103,103,103,spoon,spoon,Cuisine,9,bone_vector126\103\10103.npy,0,ok,validation
01104,104,104,knife,knife,,21,bone_vector126\104\01104.npy,0,ok,train
02104,104,104,knife,knife,,12,bone_vector126\104\02104.npy,0,ok,train
03104,104,104,knife,knife,,15,bone_vector126\104\03104.npy,0,ok,train
04104,104,104,knife,knife,,12,bone_vector126\104\04104.npy,0,ok,train
05104,104,104,knife,knife,,11,bone_vector126\104\05104.npy,0,ok,train
06104,104,104,knife,knife,,11,bone_vector126\104\06104.npy,0,ok,validation
07104,104,104,knife,knife,,12,bone_vector126\104\07104.npy,0,ok,train
08104,104,104,knife,knife,,15,bone_vector126\104\08104.npy,0,ok,train
09104,104,104,knife,knife,,15,bone_vector126\104\09104.npy,0,ok,train
10104,104,104,knife,knife,,14,bone_vector126\104\10104.npy,0,ok,train
01105,105,105,dish,dish,,10,bone_vector126\105\01105.npy,0,ok,train
02105,105,105,dish,dish,,10,bone_vector126\105\02105.npy,0,ok,train
03105,105,105,dish,dish,,11,bone_vector126\105\03105.npy,0,ok,train
04105,105,105,dish,dish,,10,bone_vector126\105\04105.npy,0,ok,test
05105,105,105,dish,dish,,15,bone_vector126\105\05105.npy,0,ok,train
06105,105,105,dish,dish,,12,bone_vector126\105\06105.npy,0,ok,validation
07105,105,105,dish,dish,,10,bone_vector126\105\07105.npy,0,ok,test
08105,105,105,dish,dish,,14,bone_vector126\105\08105.npy,0,ok,validation
09105,105,105,dish,dish,,14,bone_vector126\105\09105.npy,0,ok,train
10105,105,105,dish,dish,,14,bone_vector126\105\10105.npy,0,ok,train
01106,106,106,glass,glass,,16,bone_vector126\106\01106.npy,0,ok,train
02106,106,106,glass,glass,,14,bone_vector126\106\02106.npy,0,ok,train
03106,106,106,glass,glass,,11,bone_vector126\106\03106.npy,0,ok,train
04106,106,106,glass,glass,,15,bone_vector126\106\04106.npy,0,ok,train
05106,106,106,glass,glass,,11,bone_vector126\106\05106.npy,0,ok,test
06106,106,106,glass,glass,,11,bone_vector126\106\06106.npy,0,ok,train
07106,106,106,glass,glass,,12,bone_vector126\106\07106.npy,0,ok,validation
08106,106,106,glass,glass,,15,bone_vector126\106\08106.npy,0,ok,train
09106,106,106,glass,glass,,13,bone_vector126\106\09106.npy,0,ok,test
10106,106,106,glass,glass,,11,bone_vector126\106\10106.npy,0,ok,train
01107,107,107,meal,meal,,13,bone_vector126\107\01107.npy,0,ok,validation
02107,107,107,meal,meal,,11,bone_vector126\107\02107.npy,0,ok,train
03107,107,107,meal,meal,,15,bone_vector126\107\03107.npy,0,ok,validation
04107,107,107,meal,meal,,15,bone_vector126\107\04107.npy,0,ok,validation
05107,107,107,meal,meal,,11,bone_vector126\107\05107.npy,0,ok,test
06107,107,107,meal,meal,,14,bone_vector126\107\06107.npy,0,ok,train
07107,107,107,meal,meal,,11,bone_vector126\107\07107.npy,0,ok,validation
08107,107,107,meal,meal,,15,bone_vector126\107\08107.npy,0,ok,test
09107,107,107,meal,meal,,15,bone_vector126\107\09107.npy,0,ok,train
10107,107,107,meal,meal,,10,bone_vector126\107\10107.npy,0,ok,train
01108,108,108,dinner,dinner,,12,bone_vector126\108\01108.npy,0,ok,train
02108,108,108,dinner,dinner,,11,bone_vector126\108\02108.npy,0,ok,train
03108,108,108,dinner,dinner,,15,bone_vector126\108\03108.npy,0,ok,test
04108,108,108,dinner,dinner,,11,bone_vector126\108\04108.npy,0,ok,train
05108,108,108,dinner,dinner,,15,bone_vector126\108\05108.npy,0,ok,test
06108,108,108,dinner,dinner,,15,bone_vector126\108\06108.npy,0,ok,train
07108,108,108,dinner,dinner,,11,bone_vector126\108\07108.npy,0,ok,test
08108,108,108,dinner,dinner,,14,bone_vector126\108\08108.npy,0,ok,train
09108,108,108,dinner,dinner,,12,bone_vector126\108\09108.npy,0,ok,validation
01109,109,109,breakfast,breakfast,,26,bone_vector126\109\01109.npy,0,ok,train
02109,109,109,breakfast,breakfast,,14,bone_vector126\109\02109.npy,0,ok,train
03109,109,109,breakfast,breakfast,,15,bone_vector126\109\03109.npy,0,ok,validation
04109,109,109,breakfast,breakfast,,10,bone_vector126\109\04109.npy,0,ok,train
05109,109,109,breakfast,breakfast,,11,bone_vector126\109\05109.npy,0,ok,test
06109,109,109,breakfast,breakfast,,11,bone_vector126\109\06109.npy,0,ok,train
07109,109,109,breakfast,breakfast,,11,bone_vector126\109\07109.npy,0,ok,validation
08109,109,109,breakfast,breakfast,,15,bone_vector126\109\08109.npy,0,ok,validation
09109,109,109,breakfast,breakfast,,13,bone_vector126\109\09109.npy,0,ok,validation
10109,109,109,breakfast,breakfast,,14,bone_vector126\109\10109.npy,0,ok,test
01110,110,110,fork,fork,,19,bone_vector126\110\01110.npy,0,ok,train
02110,110,110,fork,fork,,10,bone_vector126\110\02110.npy,0,ok,test
03110,110,110,fork,fork,,11,bone_vector126\110\03110.npy,0,ok,train
04110,110,110,fork,fork,,11,bone_vector126\110\04110.npy,0,ok,train
05110,110,110,fork,fork,,13,bone_vector126\110\05110.npy,0,ok,train
06110,110,110,fork,fork,,13,bone_vector126\110\06110.npy,0,ok,train
07110,110,110,fork,fork,,11,bone_vector126\110\07110.npy,0,ok,train
08110,110,110,fork,fork,,14,bone_vector126\110\08110.npy,0,ok,train
09110,110,110,fork,fork,,15,bone_vector126\110\09110.npy,0,ok,train
10110,110,110,fork,fork,,15,bone_vector126\110\10110.npy,0,ok,train
01111,111,111,napkin,napkin,,12,bone_vector126\111\01111.npy,0,ok,test
02111,111,111,napkin,napkin,,11,bone_vector126\111\02111.npy,0,ok,test
03111,111,111,napkin,napkin,,11,bone_vector126\111\03111.npy,0,ok,test
04111,111,111,napkin,napkin,,10,bone_vector126\111\04111.npy,0,ok,train
05111,111,111,napkin,napkin,,11,bone_vector126\111\05111.npy,0,ok,train
06111,111,111,napkin,napkin,,11,bone_vector126\111\06111.npy,0,ok,train
07111,111,111,napkin,napkin,,11,bone_vector126\111\07111.npy,0,ok,train
08111,111,111,napkin,napkin,,14,bone_vector126\111\08111.npy,0,ok,train
09111,111,111,napkin,napkin,,13,bone_vector126\111\09111.npy,0,ok,validation
10111,111,111,napkin,napkin,,14,bone_vector126\111\10111.npy,0,ok,train
01112,112,112,salt,salt,,10,bone_vector126\112\01112.npy,0,ok,train
02112,112,112,salt,salt,,11,bone_vector126\112\02112.npy,0,ok,train
03112,112,112,salt,salt,,10,bone_vector126\112\03112.npy,0,ok,train
04112,112,112,salt,salt,,10,bone_vector126\112\04112.npy,0,ok,train
05112,112,112,salt,salt,,12,bone_vector126\112\05112.npy,0,ok,test
06112,112,112,salt,salt,,11,bone_vector126\112\06112.npy,0,ok,train
07112,112,112,salt,salt,,13,bone_vector126\112\07112.npy,0,ok,train
08112,112,112,salt,salt,,14,bone_vector126\112\08112.npy,0,ok,test
09112,112,112,salt,salt,,13,bone_vector126\112\09112.npy,0,ok,train
10112,112,112,salt,salt,,11,bone_vector126\112\10112.npy,0,ok,validation
01113,113,113,i_want_more,i_want_more,,10,bone_vector126\113\01113.npy,0,ok,validation
02113,113,113,i_want_more,i_want_more,,10,bone_vector126\113\02113.npy,0,ok,train
03113,113,113,i_want_more,i_want_more,,14,bone_vector126\113\03113.npy,0,ok,train
04113,113,113,i_want_more,i_want_more,,13,bone_vector126\113\04113.npy,0,ok,train
05113,113,113,i_want_more,i_want_more,,15,bone_vector126\113\05113.npy,0,ok,train
06113,113,113,i_want_more,i_want_more,,10,bone_vector126\113\06113.npy,0,ok,test
07113,113,113,i_want_more,i_want_more,,14,bone_vector126\113\07113.npy,0,ok,test
08113,113,113,i_want_more,i_want_more,,15,bone_vector126\113\08113.npy,0,ok,train
09113,113,113,i_want_more,i_want_more,,12,bone_vector126\113\09113.npy,0,ok,test
10113,113,113,i_want_more,i_want_more,,14,bone_vector126\113\10113.npy,0,ok,validation
01114,114,114,i_did_not_like,i_did_not_like,,10,bone_vector126\114\01114.npy,0,ok,train
02114,114,114,i_did_not_like,i_did_not_like,,12,bone_vector126\114\02114.npy,0,ok,train
03114,114,114,i_did_not_like,i_did_not_like,,10,bone_vector126\114\03114.npy,0,ok,train
04114,114,114,i_did_not_like,i_did_not_like,,13,bone_vector126\114\04114.npy,0,ok,train
05114,114,114,i_did_not_like,i_did_not_like,,15,bone_vector126\114\05114.npy,0,ok,train
06114,114,114,i_did_not_like,i_did_not_like,,12,bone_vector126\114\06114.npy,0,ok,train
07114,114,114,i_did_not_like,i_did_not_like,,10,bone_vector126\114\07114.npy,0,ok,train
08114,114,114,i_did_not_like,i_did_not_like,,14,bone_vector126\114\08114.npy,0,ok,validation
09114,114,114,i_did_not_like,i_did_not_like,,10,bone_vector126\114\09114.npy,0,ok,train
10114,114,114,i_did_not_like,i_did_not_like,,14,bone_vector126\114\10114.npy,0,ok,train
01115,115,115,earring,earring,Clothes,10,bone_vector126\115\01115.npy,0,ok,test
02115,115,115,earring,earring,Clothes,12,bone_vector126\115\02115.npy,0,ok,train
03115,115,115,earring,earring,Clothes,12,bone_vector126\115\03115.npy,0,ok,train
04115,115,115,earring,earring,Clothes,11,bone_vector126\115\04115.npy,0,ok,train
05115,115,115,earring,earring,Clothes,12,bone_vector126\115\05115.npy,0,ok,train
06115,115,115,earring,earring,Clothes,14,bone_vector126\115\06115.npy,0,ok,train
07115,115,115,earring,earring,Clothes,10,bone_vector126\115\07115.npy,0,ok,train
08115,115,115,earring,earring,Clothes,15,bone_vector126\115\08115.npy,0,ok,validation
09115,115,115,earring,earring,Clothes,13,bone_vector126\115\09115.npy,0,ok,validation
10115,115,115,earring,earring,Clothes,15,bone_vector126\115\10115.npy,0,ok,train
01116,116,116,blouse,blouse,,11,bone_vector126\116\01116.npy,0,ok,train
02116,116,116,blouse,blouse,,13,bone_vector126\116\02116.npy,0,ok,train
03116,116,116,blouse,blouse,,12,bone_vector126\116\03116.npy,0,ok,train
04116,116,116,blouse,blouse,,13,bone_vector126\116\04116.npy,0,ok,train
05116,116,116,blouse,blouse,,11,bone_vector126\116\05116.npy,0,ok,train
06116,116,116,blouse,blouse,,13,bone_vector126\116\06116.npy,0,ok,test
07116,116,116,blouse,blouse,,11,bone_vector126\116\07116.npy,0,ok,train
08116,116,116,blouse,blouse,,14,bone_vector126\116\08116.npy,0,ok,test
09116,116,116,blouse,blouse,,13,bone_vector126\116\09116.npy,0,ok,test
10116,116,116,blouse,blouse,,14,bone_vector126\116\10116.npy,0,ok,train
01117,117,117,boot,boot,,12,bone_vector126\117\01117.npy,0,ok,train
02117,117,117,boot,boot,,10,bone_vector126\117\02117.npy,0,ok,train
03117,117,117,boot,boot,,13,bone_vector126\117\03117.npy,0,ok,test
04117,117,117,boot,boot,,14,bone_vector126\117\04117.npy,0,ok,test
05117,117,117,boot,boot,,14,bone_vector126\117\05117.npy,0,ok,train
06117,117,117,boot,boot,,11,bone_vector126\117\06117.npy,0,ok,train
07117,117,117,boot,boot,,13,bone_vector126\117\07117.npy,0,ok,test
08117,117,117,boot,boot,,14,bone_vector126\117\08117.npy,0,ok,train
09117,117,117,boot,boot,,11,bone_vector126\117\09117.npy,0,ok,train
10117,117,117,boot,boot,,14,bone_vector126\117\10117.npy,0,ok,train
01118,118,118,shirt,shirt,,12,bone_vector126\118\01118.npy,0,ok,test
02118,118,118,shirt,shirt,,11,bone_vector126\118\02118.npy,0,ok,test
03118,118,118,shirt,shirt,,10,bone_vector126\118\03118.npy,0,ok,validation
04118,118,118,shirt,shirt,,14,bone_vector126\118\04118.npy,0,ok,train
05118,118,118,shirt,shirt,,10,bone_vector126\118\05118.npy,0,ok,train
06118,118,118,shirt,shirt,,11,bone_vector126\118\06118.npy,0,ok,train
07118,118,118,shirt,shirt,,11,bone_vector126\118\07118.npy,0,ok,train
08118,118,118,shirt,shirt,,15,bone_vector126\118\08118.npy,0,ok,train
09118,118,118,shirt,shirt,,15,bone_vector126\118\09118.npy,0,ok,train
10118,118,118,shirt,shirt,,14,bone_vector126\118\10118.npy,0,ok,train
01119,119,119,necklace,necklace,,14,bone_vector126\119\01119.npy,0,ok,train
02119,119,119,necklace,necklace,,11,bone_vector126\119\02119.npy,0,ok,train
03119,119,119,necklace,necklace,,15,bone_vector126\119\03119.npy,0,ok,train
04119,119,119,necklace,necklace,,15,bone_vector126\119\04119.npy,0,ok,train
05119,119,119,necklace,necklace,,12,bone_vector126\119\05119.npy,0,ok,validation
06119,119,119,necklace,necklace,,10,bone_vector126\119\06119.npy,0,ok,train
07119,119,119,necklace,necklace,,11,bone_vector126\119\07119.npy,0,ok,train
08119,119,119,necklace,necklace,,15,bone_vector126\119\08119.npy,0,ok,test
09119,119,119,necklace,necklace,,12,bone_vector126\119\09119.npy,0,ok,train
10119,119,119,necklace,necklace,,14,bone_vector126\119\10119.npy,0,ok,test
01120,120,120,glove,glove,,11,bone_vector126\120\01120.npy,0,ok,train
02120,120,120,glove,glove,,10,bone_vector126\120\02120.npy,0,ok,train
03120,120,120,glove,glove,,15,bone_vector126\120\03120.npy,0,ok,train
04120,120,120,glove,glove,,10,bone_vector126\120\04120.npy,0,ok,train
05120,120,120,glove,glove,,13,bone_vector126\120\05120.npy,0,ok,test
06120,120,120,glove,glove,,14,bone_vector126\120\06120.npy,0,ok,train
07120,120,120,glove,glove,,11,bone_vector126\120\07120.npy,0,ok,validation
08120,120,120,glove,glove,,14,bone_vector126\120\08120.npy,0,ok,train
09120,120,120,glove,glove,,12,bone_vector126\120\09120.npy,0,ok,train
10120,120,120,glove,glove,,15,bone_vector126\120\10120.npy,0,ok,validation
01121,121,121,pants,pants,,29,bone_vector126\121\01121.npy,0,ok,train
02121,121,121,pants,pants,,13,bone_vector126\121\02121.npy,0,ok,train
03121,121,121,pants,pants,,12,bone_vector126\121\03121.npy,0,ok,validation
04121,121,121,pants,pants,,13,bone_vector126\121\04121.npy,0,ok,validation
05121,121,121,pants,pants,,11,bone_vector126\121\05121.npy,0,ok,validation
06121,121,121,pants,pants,,11,bone_vector126\121\06121.npy,0,ok,train
07121,121,121,pants,pants,,10,bone_vector126\121\07121.npy,0,ok,train
08121,121,121,pants,pants,,15,bone_vector126\121\08121.npy,0,ok,validation
09121,121,121,pants,pants,,13,bone_vector126\121\09121.npy,0,ok,train
10121,121,121,pants,pants,,14,bone_vector126\121\10121.npy,0,ok,train
01122,122,122,pijama,pijama,,26,bone_vector126\122\01122.npy,0,ok,train
02122,122,122,pijama,pijama,,14,bone_vector126\122\02122.npy,0,ok,train
03122,122,122,pijama,pijama,,12,bone_vector126\122\03122.npy,0,ok,train
04122,122,122,pijama,pijama,,15,bone_vector126\122\04122.npy,0,ok,train
05122,122,122,pijama,pijama,,15,bone_vector126\122\05122.npy,0,ok,train
06122,122,122,pijama,pijama,,11,bone_vector126\122\06122.npy,0,ok,train
07122,122,122,pijama,pijama,,15,bone_vector126\122\07122.npy,0,ok,train
08122,122,122,pijama,pijama,,14,bone_vector126\122\08122.npy,0,ok,train
09122,122,122,pijama,pijama,,10,bone_vector126\122\09122.npy,0,ok,test
10122,122,122,pijama,pijama,,15,bone_vector126\122\10122.npy,0,ok,test
01123,123,123,shorts,shorts,,15,bone_vector126\123\01123.npy,0,ok,train
02123,123,123,shorts,shorts,,10,bone_vector126\123\02123.npy,0,ok,test
03123,123,123,shorts,shorts,,11,bone_vector126\123\03123.npy,0,ok,train
04123,123,123,shorts,shorts,,15,bone_vector126\123\04123.npy,0,ok,train
05123,123,123,shorts,shorts,,12,bone_vector126\123\05123.npy,0,ok,train
06123,123,123,shorts,shorts,,13,bone_vector126\123\06123.npy,0,ok,validation
08123,123,123,shorts,shorts,,15,bone_vector126\123\08123.npy,0,ok,validation
01124,124,124,suit,suit,,16,bone_vector126\124\01124.npy,0,ok,train
02124,124,124,suit,suit,,10,bone_vector126\124\02124.npy,0,ok,train
04124,124,124,suit,suit,,15,bone_vector126\124\04124.npy,0,ok,validation
05124,124,124,suit,suit,,12,bone_vector126\124\05124.npy,0,ok,train
06124,124,124,suit,suit,,14,bone_vector126\124\06124.npy,0,ok,test
07124,124,124,suit,suit,,13,bone_vector126\124\07124.npy,0,ok,train
08124,124,124,suit,suit,,14,bone_vector126\124\08124.npy,0,ok,test
09124,124,124,suit,suit,,13,bone_vector126\124\09124.npy,0,ok,train
01125,125,125,dress,dress,,18,bone_vector126\125\01125.npy,0,ok,validation
02125,125,125,dress,dress,,10,bone_vector126\125\02125.npy,0,ok,validation
03125,125,125,dress,dress,,13,bone_vector126\125\03125.npy,0,ok,test
04125,125,125,dress,dress,,12,bone_vector126\125\04125.npy,0,ok,train
05125,125,125,dress,dress,,11,bone_vector126\125\05125.npy,0,ok,train
06125,125,125,dress,dress,,13,bone_vector126\125\06125.npy,0,ok,train
07125,125,125,dress,dress,,13,bone_vector126\125\07125.npy,0,ok,train
08125,125,125,dress,dress,,14,bone_vector126\125\08125.npy,0,ok,test
09125,125,125,dress,dress,,10,bone_vector126\125\09125.npy,0,ok,train
10125,125,125,dress,dress,,15,bone_vector126\125\10125.npy,0,ok,train
01126,126,126,shoes,shoes,,14,bone_vector126\126\01126.npy,0,ok,train
02126,126,126,shoes,shoes,,13,bone_vector126\126\02126.npy,0,ok,train
03126,126,126,shoes,shoes,,11,bone_vector126\126\03126.npy,0,ok,test
04126,126,126,shoes,shoes,,13,bone_vector126\126\04126.npy,0,ok,test
05126,126,126,shoes,shoes,,12,bone_vector126\126\05126.npy,0,ok,test
06126,126,126,shoes,shoes,,13,bone_vector126\126\06126.npy,0,ok,train
07126,126,126,shoes,shoes,,13,bone_vector126\126\07126.npy,0,ok,train
08126,126,126,shoes,shoes,,14,bone_vector126\126\08126.npy,0,ok,train
09126,126,126,shoes,shoes,,10,bone_vector126\126\09126.npy,0,ok,test
10126,126,126,shoes,shoes,,14,bone_vector126\126\10126.npy,0,ok,train
01127,127,127,skirt,skirt,,17,bone_vector126\127\01127.npy,0,ok,test
02127,127,127,skirt,skirt,,12,bone_vector126\127\02127.npy,0,ok,validation
04127,127,127,skirt,skirt,,15,bone_vector126\127\04127.npy,0,ok,train
05127,127,127,skirt,skirt,,13,bone_vector126\127\05127.npy,0,ok,test
06127,127,127,skirt,skirt,,15,bone_vector126\127\06127.npy,0,ok,validation
07127,127,127,skirt,skirt,,14,bone_vector126\127\07127.npy,0,ok,validation
08127,127,127,skirt,skirt,,14,bone_vector126\127\08127.npy,0,ok,train
09127,127,127,skirt,skirt,,12,bone_vector126\127\09127.npy,0,ok,train
10127,127,127,skirt,skirt,,14,bone_vector126\127\10127.npy,0,ok,train
01128,128,128,underwear,underwear,,10,bone_vector126\128\01128.npy,0,ok,train
02128,128,128,underwear,underwear,,10,bone_vector126\128\02128.npy,0,ok,test
03128,128,128,underwear,underwear,,10,bone_vector126\128\03128.npy,0,ok,train
04128,128,128,underwear,underwear,,11,bone_vector126\128\04128.npy,0,ok,train
05128,128,128,underwear,underwear,,12,bone_vector126\128\05128.npy,0,ok,train
06128,128,128,underwear,underwear,,10,bone_vector126\128\06128.npy,0,ok,train
07128,128,128,underwear,underwear,,10,bone_vector126\128\07128.npy,0,ok,train
08128,128,128,underwear,underwear,,15,bone_vector126\128\08128.npy,0,ok,test
09128,128,128,underwear,underwear,,13,bone_vector126\128\09128.npy,0,ok,test
10128,128,128,underwear,underwear,,13,bone_vector126\128\10128.npy,0,ok,train
01129,129,129,beard,beard,Body parts,14,bone_vector126\129\01129.npy,0,ok,train
02129,129,129,beard,beard,Body parts,12,bone_vector126\129\02129.npy,0,ok,train
03129,129,129,beard,beard,Body parts,10,bone_vector126\129\03129.npy,0,ok,train
04129,129,129,beard,beard,Body parts,11,bone_vector126\129\04129.npy,0,ok,train
05129,129,129,beard,beard,Body parts,11,bone_vector126\129\05129.npy,0,ok,train
06129,129,129,beard,beard,Body parts,11,bone_vector126\129\06129.npy,0,ok,train
07129,129,129,beard,beard,Body parts,11,bone_vector126\129\07129.npy,0,ok,train
08129,129,129,beard,beard,Body parts,14,bone_vector126\129\08129.npy,0,ok,train
09129,129,129,beard,beard,Body parts,10,bone_vector126\129\09129.npy,0,ok,validation
10129,129,129,beard,beard,Body parts,15,bone_vector126\129\10129.npy,0,ok,test
01130,130,130,moustache,moustache,,11,bone_vector126\130\01130.npy,0,ok,train
02130,130,130,moustache,moustache,,11,bone_vector126\130\02130.npy,0,ok,test
03130,130,130,moustache,moustache,,10,bone_vector126\130\03130.npy,0,ok,train
04130,130,130,moustache,moustache,,10,bone_vector126\130\04130.npy,0,ok,validation
05130,130,130,moustache,moustache,,10,bone_vector126\130\05130.npy,0,ok,train
06130,130,130,moustache,moustache,,11,bone_vector126\130\06130.npy,0,ok,test
07130,130,130,moustache,moustache,,11,bone_vector126\130\07130.npy,0,ok,train
08130,130,130,moustache,moustache,,15,bone_vector126\130\08130.npy,0,ok,train
09130,130,130,moustache,moustache,,11,bone_vector126\130\09130.npy,0,ok,test
10130,130,130,moustache,moustache,,14,bone_vector126\130\10130.npy,0,ok,test
01131,131,131,arm,arm,,15,bone_vector126\131\01131.npy,0,ok,train
02131,131,131,arm,arm,,11,bone_vector126\131\02131.npy,0,ok,validation
03131,131,131,arm,arm,,11,bone_vector126\131\03131.npy,0,ok,train
04131,131,131,arm,arm,,10,bone_vector126\131\04131.npy,0,ok,train
05131,131,131,arm,arm,,10,bone_vector126\131\05131.npy,0,ok,train
06131,131,131,arm,arm,,11,bone_vector126\131\06131.npy,0,ok,train
07131,131,131,arm,arm,,10,bone_vector126\131\07131.npy,0,ok,test
08131,131,131,arm,arm,,14,bone_vector126\131\08131.npy,0,ok,train
09131,131,131,arm,arm,,14,bone_vector126\131\09131.npy,0,ok,train
10131,131,131,arm,arm,,14,bone_vector126\131\10131.npy,0,ok,test
01132,132,132,mouth,mouth,,11,bone_vector126\132\01132.npy,0,ok,train
02132,132,132,mouth,mouth,,13,bone_vector126\132\02132.npy,0,ok,validation
03132,132,132,mouth,mouth,,10,bone_vector126\132\03132.npy,0,ok,train
04132,132,132,mouth,mouth,,11,bone_vector126\132\04132.npy,0,ok,test
05132,132,132,mouth,mouth,,13,bone_vector126\132\05132.npy,0,ok,train
06132,132,132,mouth,mouth,,14,bone_vector126\132\06132.npy,0,ok,train
07132,132,132,mouth,mouth,,13,bone_vector126\132\07132.npy,0,ok,train
08132,132,132,mouth,mouth,,15,bone_vector126\132\08132.npy,0,ok,train
09132,132,132,mouth,mouth,,15,bone_vector126\132\09132.npy,0,ok,train
10132,132,132,mouth,mouth,,14,bone_vector126\132\10132.npy,0,ok,train
01133,133,133,hair,hair,,11,bone_vector126\133\01133.npy,0,ok,test
02133,133,133,hair,hair,,11,bone_vector126\133\02133.npy,0,ok,train
03133,133,133,hair,hair,,8,bone_vector126\133\03133.npy,0,ok,train
04133,133,133,hair,hair,,15,bone_vector126\133\04133.npy,0,ok,train
05133,133,133,hair,hair,,15,bone_vector126\133\05133.npy,0,ok,validation
06133,133,133,hair,hair,,13,bone_vector126\133\06133.npy,0,ok,test
07133,133,133,hair,hair,,12,bone_vector126\133\07133.npy,0,ok,train
08133,133,133,hair,hair,,14,bone_vector126\133\08133.npy,0,ok,train
09133,133,133,hair,hair,,13,bone_vector126\133\09133.npy,0,ok,test
10133,133,133,hair,hair,,15,bone_vector126\133\10133.npy,0,ok,train
01134,134,134,head,head,,10,bone_vector126\134\01134.npy,0,ok,train
02134,134,134,head,head,,12,bone_vector126\134\02134.npy,0,ok,train
03134,134,134,head,head,,9,bone_vector126\134\03134.npy,0,ok,test
04134,134,134,head,head,,11,bone_vector126\134\04134.npy,0,ok,train
05134,134,134,head,head,,14,bone_vector126\134\05134.npy,0,ok,validation
06134,134,134,head,head,,13,bone_vector126\134\06134.npy,0,ok,test
07134,134,134,head,head,,12,bone_vector126\134\07134.npy,0,ok,train
08134,134,134,head,head,,15,bone_vector126\134\08134.npy,0,ok,train
09134,134,134,head,head,,13,bone_vector126\134\09134.npy,0,ok,train
10134,134,134,head,head,,14,bone_vector126\134\10134.npy,0,ok,train
01135,135,135,face,face,,12,bone_vector126\135\01135.npy,0,ok,train
02135,135,135,face,face,,13,bone_vector126\135\02135.npy,0,ok,train
03135,135,135,face,face,,15,bone_vector126\135\03135.npy,0,ok,train
04135,135,135,face,face,,12,bone_vector126\135\04135.npy,0,ok,train
05135,135,135,face,face,,11,bone_vector126\135\05135.npy,0,ok,train
06135,135,135,face,face,,15,bone_vector126\135\06135.npy,0,ok,train
07135,135,135,face,face,,15,bone_vector126\135\07135.npy,0,ok,train
08135,135,135,face,face,,15,bone_vector126\135\08135.npy,0,ok,train
09135,135,135,face,face,,14,bone_vector126\135\09135.npy,0,ok,train
10135,135,135,face,face,,14,bone_vector126\135\10135.npy,0,ok,train
01136,136,136,feet,feet,,14,bone_vector126\136\01136.npy,0,ok,test
02136,136,136,feet,feet,,12,bone_vector126\136\02136.npy,0,ok,validation
03136,136,136,feet,feet,,11,bone_vector126\136\03136.npy,0,ok,test
04136,136,136,feet,feet,,14,bone_vector126\136\04136.npy,0,ok,train
05136,136,136,feet,feet,,15,bone_vector126\136\05136.npy,0,ok,validation
06136,136,136,feet,feet,,12,bone_vector126\136\06136.npy,0,ok,train
07136,136,136,feet,feet,,11,bone_vector126\136\07136.npy,0,ok,train
08136,136,136,feet,feet,,15,bone_vector126\136\08136.npy,0,ok,test
09136,136,136,feet,feet,,13,bone_vector126\136\09136.npy,0,ok,validation
10136,136,136,feet,feet,,14,bone_vector126\136\10136.npy,0,ok,train
01137,137,137,teeth,teeth,,15,bone_vector126\137\01137.npy,0,ok,train
02137,137,137,teeth,teeth,,11,bone_vector126\137\02137.npy,0,ok,train
03137,137,137,teeth,teeth,,15,bone_vector126\137\03137.npy,0,ok,train
04137,137,137,teeth,teeth,,12,bone_vector126\137\04137.npy,0,ok,train
05137,137,137,teeth,teeth,,13,bone_vector126\137\05137.npy,0,ok,train
06137,137,137,teeth,teeth,,11,bone_vector126\137\06137.npy,0,ok,validation
07137,137,137,teeth,teeth,,14,bone_vector126\137\07137.npy,0,ok,train
08137,137,137,teeth,teeth,,15,bone_vector126\137\08137.npy,0,ok,test
09137,137,137,teeth,teeth,,13,bone_vector126\137\09137.npy,0,ok,validation
10137,137,137,teeth,teeth,,15,bone_vector126\137\10137.npy,0,ok,train
01138,138,138,eyes,eyes,,11,bone_vector126\138\01138.npy,0,ok,validation
02138,138,138,eyes,eyes,,10,bone_vector126\138\02138.npy,0,ok,train
03138,138,138,eyes,eyes,,11,bone_vector126\138\03138.npy,0,ok,train
04138,138,138,eyes,eyes,,11,bone_vector126\138\04138.npy,0,ok,validation
05138,138,138,eyes,eyes,,15,bone_vector126\138\05138.npy,0,ok,train
06138,138,138,eyes,eyes,,14,bone_vector126\138\06138.npy,0,ok,train
07138,138,138,eyes,eyes,,11,bone_vector126\138\07138.npy,0,ok,test
08138,138,138,eyes,eyes,,15,bone_vector126\138\08138.npy,0,ok,train
09138,138,138,eyes,eyes,,12,bone_vector126\138\09138.npy,0,ok,train
10138,138,138,eyes,eyes,,14,bone_vector126\138\10138.npy,0,ok,train
01139,139,139,ears,ears,,12,bone_vector126\139\01139.npy,0,ok,train
02139,139,139,ears,ears,,14,bone_vector126\139\02139.npy,0,ok,test
03139,139,139,ears,ears,,11,bone_vector126\139\03139.npy,0,ok,train
04139,139,139,ears,ears,,15,bone_vector126\139\04139.npy,0,ok,train
05139,139,139,ears,ears,,15,bone_vector126\139\05139.npy,0,ok,train
06139,139,139,ears,ears,,11,bone_vector126\139\06139.npy,0,ok,train
07139,139,139,ears,ears,,15,bone_vector126\139\07139.npy,0,ok,train
08139,139,139,ears,ears,,15,bone_vector126\139\08139.npy,0,ok,train
09139,139,139,ears,ears,,12,bone_vector126\139\09139.npy,0,ok,train
10139,139,139,ears,ears,,15,bone_vector126\139\10139.npy,0,ok,train
01140,140,140,nose,nose,,12,bone_vector126\140\01140.npy,0,ok,train
02140,140,140,nose,nose,,11,bone_vector126\140\02140.npy,0,ok,train
03140,140,140,nose,nose,,10,bone_vector126\140\03140.npy,0,ok,validation
04140,140,140,nose,nose,,14,bone_vector126\140\04140.npy,0,ok,train
05140,140,140,nose,nose,,15,bone_vector126\140\05140.npy,0,ok,train
06140,140,140,nose,nose,,10,bone_vector126\140\06140.npy,0,ok,train
07140,140,140,nose,nose,,12,bone_vector126\140\07140.npy,0,ok,test
08140,140,140,nose,nose,,14,bone_vector126\140\08140.npy,0,ok,train
09140,140,140,nose,nose,,15,bone_vector126\140\09140.npy,0,ok,train
10140,140,140,nose,nose,,15,bone_vector126\140\10140.npy,0,ok,validation
01141,141,141,ear,ear,,15,bone_vector126\141\01141.npy,0,ok,train
02141,141,141,ear,ear,,13,bone_vector126\141\02141.npy,0,ok,train
03141,141,141,ear,ear,,15,bone_vector126\141\03141.npy,0,ok,test
04141,141,141,ear,ear,,11,bone_vector126\141\04141.npy,0,ok,test
05141,141,141,ear,ear,,10,bone_vector126\141\05141.npy,0,ok,validation
06141,141,141,ear,ear,,11,bone_vector126\141\06141.npy,0,ok,train
07141,141,141,ear,ear,,14,bone_vector126\141\07141.npy,0,ok,train
08141,141,141,ear,ear,,15,bone_vector126\141\08141.npy,0,ok,test
09141,141,141,ear,ear,,14,bone_vector126\141\09141.npy,0,ok,train
10141,141,141,ear,ear,,14,bone_vector126\141\10141.npy,0,ok,validation
01142,142,142,cheek,cheek,,15,bone_vector126\142\01142.npy,0,ok,validation
02142,142,142,cheek,cheek,,13,bone_vector126\142\02142.npy,0,ok,validation
03142,142,142,cheek,cheek,,12,bone_vector126\142\03142.npy,0,ok,test
04142,142,142,cheek,cheek,,13,bone_vector126\142\04142.npy,0,ok,test
05142,142,142,cheek,cheek,,13,bone_vector126\142\05142.npy,0,ok,train
07142,142,142,cheek,cheek,,15,bone_vector126\142\07142.npy,0,ok,train
08142,142,142,cheek,cheek,,14,bone_vector126\142\08142.npy,0,ok,train
09142,142,142,cheek,cheek,,16,bone_vector126\142\09142.npy,0,ok,test
10142,142,142,cheek,cheek,,14,bone_vector126\142\10142.npy,0,ok,train
01143,143,143,nail,nail,,11,bone_vector126\143\01143.npy,0,ok,test
02143,143,143,nail,nail,,12,bone_vector126\143\02143.npy,0,ok,train
03143,143,143,nail,nail,,13,bone_vector126\143\03143.npy,0,ok,train
04143,143,143,nail,nail,,13,bone_vector126\143\04143.npy,0,ok,validation
05143,143,143,nail,nail,,11,bone_vector126\143\05143.npy,0,ok,train
06143,143,143,nail,nail,,15,bone_vector126\143\06143.npy,0,ok,test
07143,143,143,nail,nail,,14,bone_vector126\143\07143.npy,0,ok,validation
09143,143,143,nail,nail,,14,bone_vector126\143\09143.npy,0,ok,train
10143,143,143,nail,nail,,15,bone_vector126\143\10143.npy,0,ok,train
01144,144,144,plane,plane,Vehicles,14,bone_vector126\144\01144.npy,0,ok,test
02144,144,144,plane,plane,Vehicles,13,bone_vector126\144\02144.npy,0,ok,train
03144,144,144,plane,plane,Vehicles,10,bone_vector126\144\03144.npy,0,ok,train
04144,144,144,plane,plane,Vehicles,11,bone_vector126\144\04144.npy,0,ok,train
05144,144,144,plane,plane,Vehicles,11,bone_vector126\144\05144.npy,0,ok,validation
06144,144,144,plane,plane,Vehicles,11,bone_vector126\144\06144.npy,0,ok,train
07144,144,144,plane,plane,Vehicles,13,bone_vector126\144\07144.npy,0,ok,train
08144,144,144,plane,plane,Vehicles,15,bone_vector126\144\08144.npy,0,ok,validation
09144,144,144,plane,plane,Vehicles,15,bone_vector126\144\09144.npy,0,ok,train
10144,144,144,plane,plane,Vehicles,15,bone_vector126\144\10144.npy,0,ok,test
01145,145,145,ship,ship,,13,bone_vector126\145\01145.npy,0,ok,test
02145,145,145,ship,ship,,14,bone_vector126\145\02145.npy,0,ok,test
03145,145,145,ship,ship,,13,bone_vector126\145\03145.npy,0,ok,train
04145,145,145,ship,ship,,13,bone_vector126\145\04145.npy,0,ok,train
05145,145,145,ship,ship,,12,bone_vector126\145\05145.npy,0,ok,train
06145,145,145,ship,ship,,15,bone_vector126\145\06145.npy,0,ok,test
07145,145,145,ship,ship,,11,bone_vector126\145\07145.npy,0,ok,train
08145,145,145,ship,ship,,12,bone_vector126\145\08145.npy,0,ok,test
09145,145,145,ship,ship,,8,bone_vector126\145\09145.npy,0,ok,train
10145,145,145,ship,ship,,14,bone_vector126\145\10145.npy,0,ok,validation
01146,146,146,bicycle,bicycle,,13,bone_vector126\146\01146.npy,0,ok,train
02146,146,146,bicycle,bicycle,,10,bone_vector126\146\02146.npy,0,ok,train
03146,146,146,bicycle,bicycle,,10,bone_vector126\146\03146.npy,0,ok,train
04146,146,146,bicycle,bicycle,,12,bone_vector126\146\04146.npy,0,ok,train
05146,146,146,bicycle,bicycle,,10,bone_vector126\146\05146.npy,0,ok,train
06146,146,146,bicycle,bicycle,,13,bone_vector126\146\06146.npy,0,ok,validation
07146,146,146,bicycle,bicycle,,11,bone_vector126\146\07146.npy,0,ok,validation
08146,146,146,bicycle,bicycle,,10,bone_vector126\146\08146.npy,0,ok,train
09146,146,146,bicycle,bicycle,,17,bone_vector126\146\09146.npy,0,ok,train
10146,146,146,bicycle,bicycle,,14,bone_vector126\146\10146.npy,0,ok,train
01147,147,147,truck,truck,,12,bone_vector126\147\01147.npy,0,ok,test
02147,147,147,truck,truck,,11,bone_vector126\147\02147.npy,0,ok,validation
03147,147,147,truck,truck,,10,bone_vector126\147\03147.npy,0,ok,train
04147,147,147,truck,truck,,11,bone_vector126\147\04147.npy,0,ok,train
05147,147,147,truck,truck,,10,bone_vector126\147\05147.npy,0,ok,test
06147,147,147,truck,truck,,12,bone_vector126\147\06147.npy,0,ok,train
07147,147,147,truck,truck,,14,bone_vector126\147\07147.npy,0,ok,train
08147,147,147,truck,truck,,10,bone_vector126\147\08147.npy,0,ok,validation
09147,147,147,truck,truck,,11,bone_vector126\147\09147.npy,0,ok,validation
10147,147,147,truck,truck,,14,bone_vector126\147\10147.npy,0,ok,train
01148,148,148,helicopter,helicopter,,13,bone_vector126\148\01148.npy,0,ok,validation
02148,148,148,helicopter,helicopter,,14,bone_vector126\148\02148.npy,0,ok,train
03148,148,148,helicopter,helicopter,,13,bone_vector126\148\03148.npy,0,ok,train
04148,148,148,helicopter,helicopter,,13,bone_vector126\148\04148.npy,0,ok,train
05148,148,148,helicopter,helicopter,,13,bone_vector126\148\05148.npy,0,ok,train
06148,148,148,helicopter,helicopter,,11,bone_vector126\148\06148.npy,0,ok,train
07148,148,148,helicopter,helicopter,,14,bone_vector126\148\07148.npy,0,ok,train
08148,148,148,helicopter,helicopter,,11,bone_vector126\148\08148.npy,0,ok,train
09148,148,148,helicopter,helicopter,,14,bone_vector126\148\09148.npy,0,ok,train
10148,148,148,helicopter,helicopter,,15,bone_vector126\148\10148.npy,0,ok,train
01149,149,149,car,car,,16,bone_vector126\149\01149.npy,0,ok,test
02149,149,149,car,car,,13,bone_vector126\149\02149.npy,0,ok,train
03149,149,149,car,car,,11,bone_vector126\149\03149.npy,0,ok,train
04149,149,149,car,car,,15,bone_vector126\149\04149.npy,0,ok,train
05149,149,149,car,car,,11,bone_vector126\149\05149.npy,0,ok,train
06149,149,149,car,car,,14,bone_vector126\149\06149.npy,0,ok,train
07149,149,149,car,car,,15,bone_vector126\149\07149.npy,0,ok,validation
08149,149,149,car,car,,12,bone_vector126\149\08149.npy,0,ok,test
09149,149,149,car,car,,15,bone_vector126\149\09149.npy,0,ok,train
10149,149,149,car,car,,14,bone_vector126\149\10149.npy,0,ok,train
01150,150,150,motorcycle,motorcycle,,13,bone_vector126\150\01150.npy,0,ok,train
02150,150,150,motorcycle,motorcycle,,11,bone_vector126\150\02150.npy,0,ok,train
03150,150,150,motorcycle,motorcycle,,14,bone_vector126\150\03150.npy,0,ok,train
04150,150,150,motorcycle,motorcycle,,14,bone_vector126\150\04150.npy,0,ok,train
05150,150,150,motorcycle,motorcycle,,14,bone_vector126\150\05150.npy,0,ok,train
06150,150,150,motorcycle,motorcycle,,12,bone_vector126\150\06150.npy,0,ok,validation
07150,150,150,motorcycle,motorcycle,,14,bone_vector126\150\07150.npy,0,ok,train
08150,150,150,motorcycle,motorcycle,,12,bone_vector126\150\08150.npy,0,ok,validation
09150,150,150,motorcycle,motorcycle,,16,bone_vector126\150\09150.npy,0,ok,validation
10150,150,150,motorcycle,motorcycle,,14,bone_vector126\150\10150.npy,0,ok,validation
01151,151,151,taxi,taxi,,29,bone_vector126\151\01151.npy,0,ok,train
02151,151,151,taxi,taxi,,12,bone_vector126\151\02151.npy,0,ok,train
03151,151,151,taxi,taxi,,11,bone_vector126\151\03151.npy,0,ok,train
04151,151,151,taxi,taxi,,14,bone_vector126\151\04151.npy,0,ok,test
05151,151,151,taxi,taxi,,11,bone_vector126\151\05151.npy,0,ok,train
07151,151,151,taxi,taxi,,14,bone_vector126\151\07151.npy,0,ok,validation
08151,151,151,taxi,taxi,,11,bone_vector126\151\08151.npy,0,ok,train
09151,151,151,taxi,taxi,,14,bone_vector126\151\09151.npy,0,ok,train
10151,151,151,taxi,taxi,,15,bone_vector126\151\10151.npy,0,ok,train
01152,152,152,tractor,tractor,,19,bone_vector126\152\01152.npy,0,ok,train
02152,152,152,tractor,tractor,,10,bone_vector126\152\02152.npy,0,ok,train
03152,152,152,tractor,tractor,,11,bone_vector126\152\03152.npy,0,ok,train
04152,152,152,tractor,tractor,,15,bone_vector126\152\04152.npy,0,ok,test
05152,152,152,tractor,tractor,,11,bone_vector126\152\05152.npy,0,ok,train
06152,152,152,tractor,tractor,,11,bone_vector126\152\06152.npy,0,ok,test
07152,152,152,tractor,tractor,,15,bone_vector126\152\07152.npy,0,ok,test
08152,152,152,tractor,tractor,,10,bone_vector126\152\08152.npy,0,ok,train
09152,152,152,tractor,tractor,,18,bone_vector126\152\09152.npy,0,ok,train
10152,152,152,tractor,tractor,,15,bone_vector126\152\10152.npy,0,ok,test
01153,153,153,train,train,,16,bone_vector126\153\01153.npy,0,ok,train
02153,153,153,train,train,,11,bone_vector126\153\02153.npy,0,ok,train
03153,153,153,train,train,,11,bone_vector126\153\03153.npy,0,ok,validation
04153,153,153,train,train,,15,bone_vector126\153\04153.npy,0,ok,train
05153,153,153,train,train,,13,bone_vector126\153\05153.npy,0,ok,test
06153,153,153,train,train,,15,bone_vector126\153\06153.npy,0,ok,validation
07153,153,153,train,train,,14,bone_vector126\153\07153.npy,0,ok,validation
08153,153,153,train,train,,12,bone_vector126\153\08153.npy,0,ok,test
09153,153,153,train,train,,16,bone_vector126\153\09153.npy,0,ok,validation
10153,153,153,train,train,,15,bone_vector126\153\10153.npy,0,ok,train
01154,154,154,subway,subway,,15,bone_vector126\154\01154.npy,0,ok,train
02154,154,154,subway,subway,,12,bone_vector126\154\02154.npy,0,ok,test
03154,154,154,subway,subway,,12,bone_vector126\154\03154.npy,0,ok,train
04154,154,154,subway,subway,,13,bone_vector126\154\04154.npy,0,ok,train
05154,154,154,subway,subway,,14,bone_vector126\154\05154.npy,0,ok,validation
06154,154,154,subway,subway,,10,bone_vector126\154\06154.npy,0,ok,train
07154,154,154,subway,subway,,15,bone_vector126\154\07154.npy,0,ok,train
08154,154,154,subway,subway,,18,bone_vector126\154\08154.npy,0,ok,validation
09154,154,154,subway,subway,,9,bone_vector126\154\09154.npy,0,ok,train
10154,154,154,subway,subway,,14,bone_vector126\154\10154.npy,0,ok,train
01155,155,155,bus,bus,,11,bone_vector126\155\01155.npy,0,ok,test
02155,155,155,bus,bus,,12,bone_vector126\155\02155.npy,0,ok,train
03155,155,155,bus,bus,,15,bone_vector126\155\03155.npy,0,ok,train
04155,155,155,bus,bus,,12,bone_vector126\155\04155.npy,0,ok,validation
05155,155,155,bus,bus,,13,bone_vector126\155\05155.npy,0,ok,validation
06155,155,155,bus,bus,,12,bone_vector126\155\06155.npy,0,ok,test
07155,155,155,bus,bus,,14,bone_vector126\155\07155.npy,0,ok,test
08155,155,155,bus,bus,,10,bone_vector126\155\08155.npy,0,ok,train
09155,155,155,bus,bus,,14,bone_vector126\155\09155.npy,0,ok,train
10155,155,155,bus,bus,,14,bone_vector126\155\10155.npy,0,ok,train
01156,156,156,van,van,,13,bone_vector126\156\01156.npy,0,ok,train
02156,156,156,van,van,,10,bone_vector126\156\02156.npy,0,ok,train
03156,156,156,van,van,,10,bone_vector126\156\03156.npy,0,ok,train
04156,156,156,van,van,,12,bone_vector126\156\04156.npy,0,ok,train
05156,156,156,van,van,,10,bone_vector126\156\05156.npy,0,ok,test
07156,156,156,van,van,,14,bone_vector126\156\07156.npy,0,ok,test
08156,156,156,van,van,,11,bone_vector126\156\08156.npy,0,ok,train
09156,156,156,van,van,,13,bone_vector126\156\09156.npy,0,ok,train
10156,156,156,van,van,,13,bone_vector126\156\10156.npy,0,ok,train
01157,157,157,airport,airport,Places,13,bone_vector126\157\01157.npy,0,ok,test
02157,157,157,airport,airport,Places,13,bone_vector126\157\02157.npy,0,ok,validation
03157,157,157,airport,airport,Places,11,bone_vector126\157\03157.npy,0,ok,train
04157,157,157,airport,airport,Places,15,bone_vector126\157\04157.npy,0,ok,test
05157,157,157,airport,airport,Places,10,bone_vector126\157\05157.npy,0,ok,train
06157,157,157,airport,airport,Places,13,bone_vector126\157\06157.npy,0,ok,train
07157,157,157,airport,airport,Places,11,bone_vector126\157\07157.npy,0,ok,validation
08157,157,157,airport,airport,Places,11,bone_vector126\157\08157.npy,0,ok,validation
09157,157,157,airport,airport,Places,15,bone_vector126\157\09157.npy,0,ok,train
10157,157,157,airport,airport,Places,15,bone_vector126\157\10157.npy,0,ok,train
01158,158,158,library,library,,13,bone_vector126\158\01158.npy,0,ok,train
02158,158,158,library,library,,14,bone_vector126\158\02158.npy,0,ok,validation
03158,158,158,library,library,,12,bone_vector126\158\03158.npy,0,ok,train
04158,158,158,library,library,,13,bone_vector126\158\04158.npy,0,ok,train
05158,158,158,library,library,,14,bone_vector126\158\05158.npy,0,ok,train
06158,158,158,library,library,,12,bone_vector126\158\06158.npy,0,ok,train
07158,158,158,library,library,,10,bone_vector126\158\07158.npy,0,ok,train
08158,158,158,library,library,,12,bone_vector126\158\08158.npy,0,ok,test
09158,158,158,library,library,,16,bone_vector126\158\09158.npy,0,ok,train
10158,158,158,library,library,,15,bone_vector126\158\10158.npy,0,ok,train
01159,159,159,downtown,downtown,,11,bone_vector126\159\01159.npy,0,ok,train
02159,159,159,downtown,downtown,,10,bone_vector126\159\02159.npy,0,ok,train
03159,159,159,downtown,downtown,,15,bone_vector126\159\03159.npy,0,ok,train
04159,159,159,downtown,downtown,,12,bone_vector126\159\04159.npy,0,ok,validation
05159,159,159,downtown,downtown,,12,bone_vector126\159\05159.npy,0,ok,train
06159,159,159,downtown,downtown,,10,bone_vector126\159\06159.npy,0,ok,test
07159,159,159,downtown,downtown,,14,bone_vector126\159\07159.npy,0,ok,train
08159,159,159,downtown,downtown,,11,bone_vector126\159\08159.npy,0,ok,test
09159,159,159,downtown,downtown,,8,bone_vector126\159\09159.npy,0,ok,test
10159,159,159,downtown,downtown,,14,bone_vector126\159\10159.npy,0,ok,validation
01160,160,160,cinema,cinema,,10,bone_vector126\160\01160.npy,0,ok,validation
02160,160,160,cinema,cinema,,11,bone_vector126\160\02160.npy,0,ok,train
03160,160,160,cinema,cinema,,15,bone_vector126\160\03160.npy,0,ok,validation
04160,160,160,cinema,cinema,,11,bone_vector126\160\04160.npy,0,ok,train
05160,160,160,cinema,cinema,,12,bone_vector126\160\05160.npy,0,ok,train
06160,160,160,cinema,cinema,,10,bone_vector126\160\06160.npy,0,ok,train
07160,160,160,cinema,cinema,,15,bone_vector126\160\07160.npy,0,ok,train
08160,160,160,cinema,cinema,,11,bone_vector126\160\08160.npy,0,ok,train
09160,160,160,cinema,cinema,,13,bone_vector126\160\09160.npy,0,ok,test
10160,160,160,cinema,cinema,,15,bone_vector126\160\10160.npy,0,ok,train
01161,161,161,circus,circus,,11,bone_vector126\161\01161.npy,0,ok,test
02161,161,161,circus,circus,,12,bone_vector126\161\02161.npy,0,ok,train
03161,161,161,circus,circus,,15,bone_vector126\161\03161.npy,0,ok,train
04161,161,161,circus,circus,,12,bone_vector126\161\04161.npy,0,ok,train
05161,161,161,circus,circus,,13,bone_vector126\161\05161.npy,0,ok,test
06161,161,161,circus,circus,,13,bone_vector126\161\06161.npy,0,ok,test
07161,161,161,circus,circus,,14,bone_vector126\161\07161.npy,0,ok,test
08161,161,161,circus,circus,,10,bone_vector126\161\08161.npy,0,ok,train
09161,161,161,circus,circus,,11,bone_vector126\161\09161.npy,0,ok,test
10161,161,161,circus,circus,,14,bone_vector126\161\10161.npy,0,ok,train
01162,162,162,building,building,,11,bone_vector126\162\01162.npy,0,ok,test
02162,162,162,building,building,,15,bone_vector126\162\02162.npy,0,ok,train
03162,162,162,building,building,,14,bone_vector126\162\03162.npy,0,ok,train
04162,162,162,building,building,,11,bone_vector126\162\04162.npy,0,ok,validation
05162,162,162,building,building,,13,bone_vector126\162\05162.npy,0,ok,train
07162,162,162,building,building,,14,bone_vector126\162\07162.npy,0,ok,train
08162,162,162,building,building,,10,bone_vector126\162\08162.npy,0,ok,train
09162,162,162,building,building,,5,bone_vector126\162\09162.npy,0,ok,train
10162,162,162,building,building,,7,bone_vector126\162\10162.npy,0,ok,train
01163,163,163,hospital,hospital,,12,bone_vector126\163\01163.npy,0,ok,train
02163,163,163,hospital,hospital,,10,bone_vector126\163\02163.npy,0,ok,train
03163,163,163,hospital,hospital,,10,bone_vector126\163\03163.npy,0,ok,train
04163,163,163,hospital,hospital,,11,bone_vector126\163\04163.npy,0,ok,train
05163,163,163,hospital,hospital,,10,bone_vector126\163\05163.npy,0,ok,train
06163,163,163,hospital,hospital,,10,bone_vector126\163\06163.npy,0,ok,validation
07163,163,163,hospital,hospital,,15,bone_vector126\163\07163.npy,0,ok,train
08163,163,163,hospital,hospital,,11,bone_vector126\163\08163.npy,0,ok,train
09163,163,163,hospital,hospital,,14,bone_vector126\163\09163.npy,0,ok,validation
10163,163,163,hospital,hospital,,11,bone_vector126\163\10163.npy,0,ok,train
01164,164,164,hotel,hotel,,16,bone_vector126\164\01164.npy,0,ok,train
02164,164,164,hotel,hotel,,14,bone_vector126\164\02164.npy,0,ok,train
03164,164,164,hotel,hotel,,11,bone_vector126\164\03164.npy,0,ok,train
04164,164,164,hotel,hotel,,15,bone_vector126\164\04164.npy,0,ok,train
05164,164,164,hotel,hotel,,10,bone_vector126\164\05164.npy,0,ok,validation
06164,164,164,hotel,hotel,,12,bone_vector126\164\06164.npy,0,ok,train
07164,164,164,hotel,hotel,,15,bone_vector126\164\07164.npy,0,ok,train
08164,164,164,hotel,hotel,,10,bone_vector126\164\08164.npy,0,ok,train
09164,164,164,hotel,hotel,,14,bone_vector126\164\09164.npy,0,ok,train
10164,164,164,hotel,hotel,,14,bone_vector126\164\10164.npy,0,ok,train
01165,165,165,market,market,,13,bone_vector126\165\01165.npy,0,ok,train
02165,165,165,market,market,,12,bone_vector126\165\02165.npy,0,ok,test
03165,165,165,market,market,,13,bone_vector126\165\03165.npy,0,ok,train
04165,165,165,market,market,,16,bone_vector126\165\04165.npy,0,ok,validation
05165,165,165,market,market,,14,bone_vector126\165\05165.npy,0,ok,train
06165,165,165,market,market,,11,bone_vector126\165\06165.npy,0,ok,train
07165,165,165,market,market,,12,bone_vector126\165\07165.npy,0,ok,train
08165,165,165,market,market,,10,bone_vector126\165\08165.npy,0,ok,train
09165,165,165,market,market,,18,bone_vector126\165\09165.npy,0,ok,train
10165,165,165,market,market,,14,bone_vector126\165\10165.npy,0,ok,train
01166,166,166,museum,museum,,13,bone_vector126\166\01166.npy,0,ok,train
02166,166,166,museum,museum,,15,bone_vector126\166\02166.npy,0,ok,train
03166,166,166,museum,museum,,13,bone_vector126\166\03166.npy,0,ok,test
04166,166,166,museum,museum,,13,bone_vector126\166\04166.npy,0,ok,train
05166,166,166,museum,museum,,16,bone_vector126\166\05166.npy,0,ok,train
06166,166,166,museum,museum,,15,bone_vector126\166\06166.npy,0,ok,train
07166,166,166,museum,museum,,10,bone_vector126\166\07166.npy,0,ok,train
08166,166,166,museum,museum,,11,bone_vector126\166\08166.npy,0,ok,train
09166,166,166,museum,museum,,18,bone_vector126\166\09166.npy,0,ok,train
10166,166,166,museum,museum,,14,bone_vector126\166\10166.npy,0,ok,train
01167,167,167,restaurant,restaurant,,27,bone_vector126\167\01167.npy,0,ok,train
02167,167,167,restaurant,restaurant,,10,bone_vector126\167\02167.npy,0,ok,train
03167,167,167,restaurant,restaurant,,14,bone_vector126\167\03167.npy,0,ok,train
04167,167,167,restaurant,restaurant,,14,bone_vector126\167\04167.npy,0,ok,train
05167,167,167,restaurant,restaurant,,13,bone_vector126\167\05167.npy,0,ok,train
06167,167,167,restaurant,restaurant,,10,bone_vector126\167\06167.npy,0,ok,test
07167,167,167,restaurant,restaurant,,14,bone_vector126\167\07167.npy,0,ok,validation
08167,167,167,restaurant,restaurant,,12,bone_vector126\167\08167.npy,0,ok,train
09167,167,167,restaurant,restaurant,,8,bone_vector126\167\09167.npy,0,ok,train
10167,167,167,restaurant,restaurant,,14,bone_vector126\167\10167.npy,0,ok,train
01168,168,168,supermarket,supermarket,,20,bone_vector126\168\01168.npy,0,ok,train
02168,168,168,supermarket,supermarket,,13,bone_vector126\168\02168.npy,0,ok,train
03168,168,168,supermarket,supermarket,,15,bone_vector126\168\03168.npy,0,ok,train
05168,168,168,supermarket,supermarket,,14,bone_vector126\168\05168.npy,0,ok,test
06168,168,168,supermarket,supermarket,,15,bone_vector126\168\06168.npy,0,ok,train
07168,168,168,supermarket,supermarket,,20,bone_vector126\168\07168.npy,0,ok,validation
08168,168,168,supermarket,supermarket,,27,bone_vector126\168\08168.npy,0,ok,train
09168,168,168,supermarket,supermarket,,23,bone_vector126\168\09168.npy,0,ok,train
01169,169,169,cafe,cafe,,31,bone_vector126\169\01169.npy,0,ok,train
02169,169,169,cafe,cafe,,12,bone_vector126\169\02169.npy,0,ok,train
03169,169,169,cafe,cafe,,12,bone_vector126\169\03169.npy,0,ok,train
04169,169,169,cafe,cafe,,14,bone_vector126\169\04169.npy,0,ok,train
05169,169,169,cafe,cafe,,11,bone_vector126\169\05169.npy,0,ok,test
06169,169,169,cafe,cafe,,12,bone_vector126\169\06169.npy,0,ok,train
07169,169,169,cafe,cafe,,21,bone_vector126\169\07169.npy,0,ok,validation
08169,169,169,cafe,cafe,,11,bone_vector126\169\08169.npy,0,ok,train
09169,169,169,cafe,cafe,,16,bone_vector126\169\09169.npy,0,ok,validation
01170,170,170,i,i,Pronouns,10,bone_vector126\170\01170.npy,0,ok,train
02170,170,170,i,i,Pronouns,10,bone_vector126\170\02170.npy,0,ok,train
03170,170,170,i,i,Pronouns,10,bone_vector126\170\03170.npy,0,ok,train
04170,170,170,i,i,Pronouns,12,bone_vector126\170\04170.npy,0,ok,validation
05170,170,170,i,i,Pronouns,11,bone_vector126\170\05170.npy,0,ok,train
06170,170,170,i,i,Pronouns,11,bone_vector126\170\06170.npy,0,ok,test
07170,170,170,i,i,Pronouns,9,bone_vector126\170\07170.npy,0,ok,train
08170,170,170,i,i,Pronouns,11,bone_vector126\170\08170.npy,0,ok,train
09170,170,170,i,i,Pronouns,11,bone_vector126\170\09170.npy,0,ok,train
01171,171,171,you,you,,9,bone_vector126\171\01171.npy,0,ok,train
02171,171,171,you,you,,10,bone_vector126\171\02171.npy,0,ok,train
03171,171,171,you,you,,11,bone_vector126\171\03171.npy,0,ok,train
04171,171,171,you,you,,11,bone_vector126\171\04171.npy,0,ok,train
05171,171,171,you,you,,12,bone_vector126\171\05171.npy,0,ok,train
06171,171,171,you,you,,11,bone_vector126\171\06171.npy,0,ok,train
07171,171,171,you,you,,6,bone_vector126\171\07171.npy,0,ok,train
08171,171,171,you,you,,11,bone_vector126\171\08171.npy,0,ok,test
09171,171,171,you,you,,9,bone_vector126\171\09171.npy,0,ok,train
01172,172,172,he,he,,11,bone_vector126\172\01172.npy,0,ok,train
02172,172,172,he,he,,10,bone_vector126\172\02172.npy,0,ok,test
03172,172,172,he,he,,15,bone_vector126\172\03172.npy,0,ok,train
04172,172,172,he,he,,14,bone_vector126\172\04172.npy,0,ok,test
05172,172,172,he,he,,8,bone_vector126\172\05172.npy,0,ok,validation
06172,172,172,he,he,,12,bone_vector126\172\06172.npy,0,ok,train
07172,172,172,he,he,,14,bone_vector126\172\07172.npy,0,ok,validation
08172,172,172,he,he,,10,bone_vector126\172\08172.npy,0,ok,train
09172,172,172,he,he,,11,bone_vector126\172\09172.npy,0,ok,test
01173,173,173,she,she,,13,bone_vector126\173\01173.npy,0,ok,validation
02173,173,173,she,she,,12,bone_vector126\173\02173.npy,0,ok,train
03173,173,173,she,she,,15,bone_vector126\173\03173.npy,0,ok,test
04173,173,173,she,she,,15,bone_vector126\173\04173.npy,0,ok,validation
05173,173,173,she,she,,12,bone_vector126\173\05173.npy,0,ok,test
06173,173,173,she,she,,13,bone_vector126\173\06173.npy,0,ok,train
07173,173,173,she,she,,20,bone_vector126\173\07173.npy,0,ok,train
08173,173,173,she,she,,11,bone_vector126\173\08173.npy,0,ok,train
09173,173,173,she,she,,13,bone_vector126\173\09173.npy,0,ok,train
01174,174,174,theymale,theymale,,14,bone_vector126\174\01174.npy,0,ok,validation
02174,174,174,theymale,theymale,,11,bone_vector126\174\02174.npy,0,ok,train
03174,174,174,theymale,theymale,,15,bone_vector126\174\03174.npy,0,ok,test
04174,174,174,theymale,theymale,,11,bone_vector126\174\04174.npy,0,ok,train
05174,174,174,theymale,theymale,,10,bone_vector126\174\05174.npy,0,ok,train
06174,174,174,theymale,theymale,,14,bone_vector126\174\06174.npy,0,ok,train
07174,174,174,theymale,theymale,,16,bone_vector126\174\07174.npy,0,ok,train
08174,174,174,theymale,theymale,,10,bone_vector126\174\08174.npy,0,ok,train
09174,174,174,theymale,theymale,,14,bone_vector126\174\09174.npy,0,ok,validation
01175,175,175,theyfemale,theyfemale,,13,bone_vector126\175\01175.npy,0,ok,train
02175,175,175,theyfemale,theyfemale,,14,bone_vector126\175\02175.npy,0,ok,validation
03175,175,175,theyfemale,theyfemale,,15,bone_vector126\175\03175.npy,0,ok,test
04175,175,175,theyfemale,theyfemale,,15,bone_vector126\175\04175.npy,0,ok,test
05175,175,175,theyfemale,theyfemale,,12,bone_vector126\175\05175.npy,0,ok,train
06175,175,175,theyfemale,theyfemale,,12,bone_vector126\175\06175.npy,0,ok,validation
07175,175,175,theyfemale,theyfemale,,25,bone_vector126\175\07175.npy,0,ok,train
08175,175,175,theyfemale,theyfemale,,11,bone_vector126\175\08175.npy,0,ok,train
09175,175,175,theyfemale,theyfemale,,17,bone_vector126\175\09175.npy,0,ok,validation
02176,176,176,usmale,usmale,,11,bone_vector126\176\02176.npy,0,ok,train
03176,176,176,usmale,usmale,,10,bone_vector126\176\03176.npy,0,ok,validation
04176,176,176,usmale,usmale,,13,bone_vector126\176\04176.npy,0,ok,train
05176,176,176,usmale,usmale,,12,bone_vector126\176\05176.npy,0,ok,test
06176,176,176,usmale,usmale,,13,bone_vector126\176\06176.npy,0,ok,train
07176,176,176,usmale,usmale,,10,bone_vector126\176\07176.npy,0,ok,train
08176,176,176,usmale,usmale,,12,bone_vector126\176\08176.npy,0,ok,train
09176,176,176,usmale,usmale,,14,bone_vector126\176\09176.npy,0,ok,train
01177,177,177,usfemale,usfemale,,17,bone_vector126\177\01177.npy,0,ok,validation
02177,177,177,usfemale,usfemale,,11,bone_vector126\177\02177.npy,0,ok,test
03177,177,177,usfemale,usfemale,,12,bone_vector126\177\03177.npy,0,ok,train
04177,177,177,usfemale,usfemale,,15,bone_vector126\177\04177.npy,0,ok,train
05177,177,177,usfemale,usfemale,,10,bone_vector126\177\05177.npy,0,ok,train
06177,177,177,usfemale,usfemale,,12,bone_vector126\177\06177.npy,0,ok,train
07177,177,177,usfemale,usfemale,,13,bone_vector126\177\07177.npy,0,ok,train
08177,177,177,usfemale,usfemale,,12,bone_vector126\177\08177.npy,0,ok,train
09177,177,177,usfemale,usfemale,,18,bone_vector126\177\09177.npy,0,ok,train
01178,178,178,youplural,youplural,,9,bone_vector126\178\01178.npy,0,ok,test
02178,178,178,youplural,youplural,,11,bone_vector126\178\02178.npy,0,ok,train
03178,178,178,youplural,youplural,,12,bone_vector126\178\03178.npy,0,ok,train
04178,178,178,youplural,youplural,,14,bone_vector126\178\04178.npy,0,ok,train
05178,178,178,youplural,youplural,,12,bone_vector126\178\05178.npy,0,ok,validation
06178,178,178,youplural,youplural,,11,bone_vector126\178\06178.npy,0,ok,train
08178,178,178,youplural,youplural,,11,bone_vector126\178\08178.npy,0,ok,test
09178,178,178,youplural,youplural,,15,bone_vector126\178\09178.npy,0,ok,validation
01179,179,179,none,none,,13,bone_vector126\179\01179.npy,0,ok,train
02179,179,179,none,none,,14,bone_vector126\179\02179.npy,0,ok,test
03179,179,179,none,none,,15,bone_vector126\179\03179.npy,0,ok,test
04179,179,179,none,none,,15,bone_vector126\179\04179.npy,0,ok,train
05179,179,179,none,none,,10,bone_vector126\179\05179.npy,0,ok,train
06179,179,179,none,none,,10,bone_vector126\179\06179.npy,0,ok,validation
07179,179,179,none,none,,10,bone_vector126\179\07179.npy,0,ok,train
08179,179,179,none,none,,12,bone_vector126\179\08179.npy,0,ok,train
09179,179,179,none,none,,15,bone_vector126\179\09179.npy,0,ok,validation
01180,180,180,someone,someone,,14,bone_vector126\180\01180.npy,0,ok,validation
02180,180,180,someone,someone,,14,bone_vector126\180\02180.npy,0,ok,validation
03180,180,180,someone,someone,,13,bone_vector126\180\03180.npy,0,ok,train
04180,180,180,someone,someone,,15,bone_vector126\180\04180.npy,0,ok,train
05180,180,180,someone,someone,,13,bone_vector126\180\05180.npy,0,ok,train
06180,180,180,someone,someone,,13,bone_vector126\180\06180.npy,0,ok,test
07180,180,180,someone,someone,,12,bone_vector126\180\07180.npy,0,ok,train
08180,180,180,someone,someone,,11,bone_vector126\180\08180.npy,0,ok,train
09180,180,180,someone,someone,,15,bone_vector126\180\09180.npy,0,ok,validation
01181,181,181,embrace,embrace,Verbs,14,bone_vector126\181\01181.npy,0,ok,train
02181,181,181,embrace,embrace,Verbs,12,bone_vector126\181\02181.npy,0,ok,train
03181,181,181,embrace,embrace,Verbs,13,bone_vector126\181\03181.npy,0,ok,train
04181,181,181,embrace,embrace,Verbs,16,bone_vector126\181\04181.npy,0,ok,train
05181,181,181,embrace,embrace,Verbs,11,bone_vector126\181\05181.npy,0,ok,train
06181,181,181,embrace,embrace,Verbs,11,bone_vector126\181\06181.npy,0,ok,train
07181,181,181,embrace,embrace,Verbs,10,bone_vector126\181\07181.npy,0,ok,train
08181,181,181,embrace,embrace,Verbs,11,bone_vector126\181\08181.npy,0,ok,train
09181,181,181,embrace,embrace,Verbs,15,bone_vector126\181\09181.npy,0,ok,train
01182,182,182,love,love,,10,bone_vector126\182\01182.npy,0,ok,train
02182,182,182,love,love,,11,bone_vector126\182\02182.npy,0,ok,train
03182,182,182,love,love,,12,bone_vector126\182\03182.npy,0,ok,train
04182,182,182,love,love,,13,bone_vector126\182\04182.npy,0,ok,validation
05182,182,182,love,love,,10,bone_vector126\182\05182.npy,0,ok,train
06182,182,182,love,love,,14,bone_vector126\182\06182.npy,0,ok,train
07182,182,182,love,love,,11,bone_vector126\182\07182.npy,0,ok,validation
08182,182,182,love,love,,10,bone_vector126\182\08182.npy,0,ok,train
09182,182,182,love,love,,11,bone_vector126\182\09182.npy,0,ok,train
01183,183,183,fix,fix,,13,bone_vector126\183\01183.npy,0,ok,train
02183,183,183,fix,fix,,13,bone_vector126\183\02183.npy,0,ok,train
03183,183,183,fix,fix,,11,bone_vector126\183\03183.npy,0,ok,train
04183,183,183,fix,fix,,15,bone_vector126\183\04183.npy,0,ok,train
05183,183,183,fix,fix,,10,bone_vector126\183\05183.npy,0,ok,train
06183,183,183,fix,fix,,12,bone_vector126\183\06183.npy,0,ok,test
07183,183,183,fix,fix,,12,bone_vector126\183\07183.npy,0,ok,train
08183,183,183,fix,fix,,14,bone_vector126\183\08183.npy,0,ok,train
09183,183,183,fix,fix,,17,bone_vector126\183\09183.npy,0,ok,train
01184,184,184,frighten,frighten,,9,bone_vector126\184\01184.npy,0,ok,train
02184,184,184,frighten,frighten,,12,bone_vector126\184\02184.npy,0,ok,validation
03184,184,184,frighten,frighten,,10,bone_vector126\184\03184.npy,0,ok,validation
04184,184,184,frighten,frighten,,11,bone_vector126\184\04184.npy,0,ok,test
05184,184,184,frighten,frighten,,11,bone_vector126\184\05184.npy,0,ok,train
06184,184,184,frighten,frighten,,10,bone_vector126\184\06184.npy,0,ok,train
07184,184,184,frighten,frighten,,10,bone_vector126\184\07184.npy,0,ok,train
08184,184,184,frighten,frighten,,11,bone_vector126\184\08184.npy,0,ok,train
01185,185,185,help,help,,11,bone_vector126\185\01185.npy,0,ok,test
02185,185,185,help,help,,10,bone_vector126\185\02185.npy,0,ok,train
03185,185,185,help,help,,10,bone_vector126\185\03185.npy,0,ok,train
04185,185,185,help,help,,11,bone_vector126\185\04185.npy,0,ok,train
05185,185,185,help,help,,10,bone_vector126\185\05185.npy,0,ok,validation
06185,185,185,help,help,,12,bone_vector126\185\06185.npy,0,ok,train
07185,185,185,help,help,,15,bone_vector126\185\07185.npy,0,ok,train
08185,185,185,help,help,,15,bone_vector126\185\08185.npy,0,ok,train
09185,185,185,help,help,,11,bone_vector126\185\09185.npy,0,ok,train
01186,186,186,look_for,look_for,,12,bone_vector126\186\01186.npy,0,ok,train
02186,186,186,look_for,look_for,,12,bone_vector126\186\02186.npy,0,ok,train
03186,186,186,look_for,look_for,,11,bone_vector126\186\03186.npy,0,ok,train
04186,186,186,look_for,look_for,,13,bone_vector126\186\04186.npy,0,ok,train
05186,186,186,look_for,look_for,,12,bone_vector126\186\05186.npy,0,ok,test
06186,186,186,look_for,look_for,,13,bone_vector126\186\06186.npy,0,ok,test
07186,186,186,look_for,look_for,,11,bone_vector126\186\07186.npy,0,ok,validation
08186,186,186,look_for,look_for,,12,bone_vector126\186\08186.npy,0,ok,train
09186,186,186,look_for,look_for,,13,bone_vector126\186\09186.npy,0,ok,validation
01187,187,187,to_silence,to_silence,,11,bone_vector126\187\01187.npy,0,ok,train
02187,187,187,to_silence,to_silence,,11,bone_vector126\187\02187.npy,0,ok,validation
03187,187,187,to_silence,to_silence,,10,bone_vector126\187\03187.npy,0,ok,train
04187,187,187,to_silence,to_silence,,14,bone_vector126\187\04187.npy,0,ok,train
05187,187,187,to_silence,to_silence,,14,bone_vector126\187\05187.npy,0,ok,validation
06187,187,187,to_silence,to_silence,,10,bone_vector126\187\06187.npy,0,ok,train
07187,187,187,to_silence,to_silence,,10,bone_vector126\187\07187.npy,0,ok,train
08187,187,187,to_silence,to_silence,,12,bone_vector126\187\08187.npy,0,ok,train
09187,187,187,to_silence,to_silence,,12,bone_vector126\187\09187.npy,0,ok,train
01188,188,188,close,close,,14,bone_vector126\188\01188.npy,0,ok,train
02188,188,188,close,close,,12,bone_vector126\188\02188.npy,0,ok,train
03188,188,188,close,close,,15,bone_vector126\188\03188.npy,0,ok,train
04188,188,188,close,close,,10,bone_vector126\188\04188.npy,0,ok,validation
05188,188,188,close,close,,12,bone_vector126\188\05188.npy,0,ok,validation
06188,188,188,close,close,,10,bone_vector126\188\06188.npy,0,ok,train
07188,188,188,close,close,,10,bone_vector126\188\07188.npy,0,ok,train
08188,188,188,close,close,,14,bone_vector126\188\08188.npy,0,ok,train
09188,188,188,close,close,,11,bone_vector126\188\09188.npy,0,ok,train
01189,189,189,believe,believe,,12,bone_vector126\189\01189.npy,0,ok,train
02189,189,189,believe,believe,,13,bone_vector126\189\02189.npy,0,ok,train
03189,189,189,believe,believe,,15,bone_vector126\189\03189.npy,0,ok,train
04189,189,189,believe,believe,,12,bone_vector126\189\04189.npy,0,ok,train
05189,189,189,believe,believe,,11,bone_vector126\189\05189.npy,0,ok,train
06189,189,189,believe,believe,,11,bone_vector126\189\06189.npy,0,ok,validation
08189,189,189,believe,believe,,11,bone_vector126\189\08189.npy,0,ok,test
09189,189,189,believe,believe,,14,bone_vector126\189\09189.npy,0,ok,test
01190,190,190,eat,eat,,14,bone_vector126\190\01190.npy,0,ok,train
02190,190,190,eat,eat,,12,bone_vector126\190\02190.npy,0,ok,train
03190,190,190,eat,eat,,15,bone_vector126\190\03190.npy,0,ok,train
04190,190,190,eat,eat,,15,bone_vector126\190\04190.npy,0,ok,train
05190,190,190,eat,eat,,11,bone_vector126\190\05190.npy,0,ok,test
06190,190,190,eat,eat,,11,bone_vector126\190\06190.npy,0,ok,train
07190,190,190,eat,eat,,13,bone_vector126\190\07190.npy,0,ok,train
08190,190,190,eat,eat,,13,bone_vector126\190\08190.npy,0,ok,train
09190,190,190,eat,eat,,14,bone_vector126\190\09190.npy,0,ok,train
01191,191,191,stop,stop,,10,bone_vector126\191\01191.npy,0,ok,train
02191,191,191,stop,stop,,12,bone_vector126\191\02191.npy,0,ok,train
03191,191,191,stop,stop,,15,bone_vector126\191\03191.npy,0,ok,validation
04191,191,191,stop,stop,,11,bone_vector126\191\04191.npy,0,ok,test
05191,191,191,stop,stop,,10,bone_vector126\191\05191.npy,0,ok,train
06191,191,191,stop,stop,,13,bone_vector126\191\06191.npy,0,ok,train
07191,191,191,stop,stop,,10,bone_vector126\191\07191.npy,0,ok,validation
08191,191,191,stop,stop,,13,bone_vector126\191\08191.npy,0,ok,train
09191,191,191,stop,stop,,11,bone_vector126\191\09191.npy,0,ok,train
01192,192,192,sleep,sleep,,13,bone_vector126\192\01192.npy,0,ok,train
02192,192,192,sleep,sleep,,12,bone_vector126\192\02192.npy,0,ok,validation
03192,192,192,sleep,sleep,,15,bone_vector126\192\03192.npy,0,ok,validation
04192,192,192,sleep,sleep,,11,bone_vector126\192\04192.npy,0,ok,train
05192,192,192,sleep,sleep,,14,bone_vector126\192\05192.npy,0,ok,train
06192,192,192,sleep,sleep,,10,bone_vector126\192\06192.npy,0,ok,train
07192,192,192,sleep,sleep,,14,bone_vector126\192\07192.npy,0,ok,train
08192,192,192,sleep,sleep,,11,bone_vector126\192\08192.npy,0,ok,test
09192,192,192,sleep,sleep,,13,bone_vector126\192\09192.npy,0,ok,train
01193,193,193,slap,slap,,11,bone_vector126\193\01193.npy,0,ok,train
02193,193,193,slap,slap,,10,bone_vector126\193\02193.npy,0,ok,train
03193,193,193,slap,slap,,10,bone_vector126\193\03193.npy,0,ok,test
04193,193,193,slap,slap,,12,bone_vector126\193\04193.npy,0,ok,test
05193,193,193,slap,slap,,10,bone_vector126\193\05193.npy,0,ok,validation
06193,193,193,slap,slap,,13,bone_vector126\193\06193.npy,0,ok,train
07193,193,193,slap,slap,,9,bone_vector126\193\07193.npy,0,ok,train
08193,193,193,slap,slap,,11,bone_vector126\193\08193.npy,0,ok,train
09193,193,193,slap,slap,,9,bone_vector126\193\09193.npy,0,ok,train
01194,194,194,keep,keep,,11,bone_vector126\194\01194.npy,0,ok,test
02194,194,194,keep,keep,,13,bone_vector126\194\02194.npy,0,ok,validation
03194,194,194,keep,keep,,13,bone_vector126\194\03194.npy,0,ok,train
04194,194,194,keep,keep,,14,bone_vector126\194\04194.npy,0,ok,train
05194,194,194,keep,keep,,11,bone_vector126\194\05194.npy,0,ok,train
06194,194,194,keep,keep,,13,bone_vector126\194\06194.npy,0,ok,train
07194,194,194,keep,keep,,14,bone_vector126\194\07194.npy,0,ok,validation
08194,194,194,keep,keep,,17,bone_vector126\194\08194.npy,0,ok,train
09194,194,194,keep,keep,,12,bone_vector126\194\09194.npy,0,ok,train
01195,195,195,play,play,,14,bone_vector126\195\01195.npy,0,ok,test
02195,195,195,play,play,,13,bone_vector126\195\02195.npy,0,ok,train
03195,195,195,play,play,,12,bone_vector126\195\03195.npy,0,ok,validation
04195,195,195,play,play,,14,bone_vector126\195\04195.npy,0,ok,train
05195,195,195,play,play,,11,bone_vector126\195\05195.npy,0,ok,train
06195,195,195,play,play,,12,bone_vector126\195\06195.npy,0,ok,train
07195,195,195,play,play,,15,bone_vector126\195\07195.npy,0,ok,test
08195,195,195,play,play,,25,bone_vector126\195\08195.npy,0,ok,train
09195,195,195,play,play,,14,bone_vector126\195\09195.npy,0,ok,validation
01196,196,196,pick_up,pick_up,,14,bone_vector126\196\01196.npy,0,ok,train
02196,196,196,pick_up,pick_up,,8,bone_vector126\196\02196.npy,0,ok,train
03196,196,196,pick_up,pick_up,,12,bone_vector126\196\03196.npy,0,ok,validation
04196,196,196,pick_up,pick_up,,10,bone_vector126\196\04196.npy,0,ok,test
05196,196,196,pick_up,pick_up,,11,bone_vector126\196\05196.npy,0,ok,validation
06196,196,196,pick_up,pick_up,,14,bone_vector126\196\06196.npy,0,ok,train
07196,196,196,pick_up,pick_up,,12,bone_vector126\196\07196.npy,0,ok,test
08196,196,196,pick_up,pick_up,,12,bone_vector126\196\08196.npy,0,ok,train
09196,196,196,pick_up,pick_up,,12,bone_vector126\196\09196.npy,0,ok,train
01197,197,197,cry,cry,,12,bone_vector126\197\01197.npy,0,ok,train
02197,197,197,cry,cry,,11,bone_vector126\197\02197.npy,0,ok,train
03197,197,197,cry,cry,,12,bone_vector126\197\03197.npy,0,ok,test
04197,197,197,cry,cry,,14,bone_vector126\197\04197.npy,0,ok,validation
05197,197,197,cry,cry,,11,bone_vector126\197\05197.npy,0,ok,train
06197,197,197,cry,cry,,12,bone_vector126\197\06197.npy,0,ok,validation
07197,197,197,cry,cry,,17,bone_vector126\197\07197.npy,0,ok,test
08197,197,197,cry,cry,,13,bone_vector126\197\08197.npy,0,ok,train
09197,197,197,cry,cry,,12,bone_vector126\197\09197.npy,0,ok,test
02198,198,198,lie,lie,,10,bone_vector126\198\02198.npy,0,ok,validation
03198,198,198,lie,lie,,11,bone_vector126\198\03198.npy,0,ok,train
04198,198,198,lie,lie,,13,bone_vector126\198\04198.npy,0,ok,train
05198,198,198,lie,lie,,10,bone_vector126\198\05198.npy,0,ok,validation
06198,198,198,lie,lie,,11,bone_vector126\198\06198.npy,0,ok,test
07198,198,198,lie,lie,,9,bone_vector126\198\07198.npy,0,ok,test
08198,198,198,lie,lie,,12,bone_vector126\198\08198.npy,0,ok,train
09198,198,198,lie,lie,,12,bone_vector126\198\09198.npy,0,ok,train
01199,199,199,hear,hear,,13,bone_vector126\199\01199.npy,0,ok,train
02199,199,199,hear,hear,,14,bone_vector126\199\02199.npy,0,ok,train
03199,199,199,hear,hear,,14,bone_vector126\199\03199.npy,0,ok,test
04199,199,199,hear,hear,,13,bone_vector126\199\04199.npy,0,ok,train
05199,199,199,hear,hear,,15,bone_vector126\199\05199.npy,0,ok,validation
06199,199,199,hear,hear,,12,bone_vector126\199\06199.npy,0,ok,train
07199,199,199,hear,hear,,11,bone_vector126\199\07199.npy,0,ok,test
08199,199,199,hear,hear,,14,bone_vector126\199\08199.npy,0,ok,train
09199,199,199,hear,hear,,11,bone_vector126\199\09199.npy,0,ok,train
01200,200,200,forget,forget,,11,bone_vector126\200\01200.npy,0,ok,train
02200,200,200,forget,forget,,13,bone_vector126\200\02200.npy,0,ok,train
03200,200,200,forget,forget,,10,bone_vector126\200\03200.npy,0,ok,validation
04200,200,200,forget,forget,,11,bone_vector126\200\04200.npy,0,ok,validation
05200,200,200,forget,forget,,12,bone_vector126\200\05200.npy,0,ok,train
06200,200,200,forget,forget,,11,bone_vector126\200\06200.npy,0,ok,train
07200,200,200,forget,forget,,12,bone_vector126\200\07200.npy,0,ok,train
08200,200,200,forget,forget,,11,bone_vector126\200\08200.npy,0,ok,train
09200,200,200,forget,forget,,13,bone_vector126\200\09200.npy,0,ok,train
01201,201,201,do,do,,15,bone_vector126\201\01201.npy,0,ok,train
02201,201,201,do,do,,17,bone_vector126\201\02201.npy,0,ok,train
03201,201,201,do,do,,12,bone_vector126\201\03201.npy,0,ok,test
04201,201,201,do,do,,11,bone_vector126\201\04201.npy,0,ok,train
05201,201,201,do,do,,10,bone_vector126\201\05201.npy,0,ok,train
06201,201,201,do,do,,14,bone_vector126\201\06201.npy,0,ok,validation
07201,201,201,do,do,,14,bone_vector126\201\07201.npy,0,ok,train
08201,201,201,do,do,,13,bone_vector126\201\08201.npy,0,ok,train
09201,201,201,do,do,,11,bone_vector126\201\09201.npy,0,ok,train
01202,202,202,laugh,laugh,,14,bone_vector126\202\01202.npy,0,ok,train
02202,202,202,laugh,laugh,,17,bone_vector126\202\02202.npy,0,ok,train
03202,202,202,laugh,laugh,,13,bone_vector126\202\03202.npy,0,ok,train
04202,202,202,laugh,laugh,,13,bone_vector126\202\04202.npy,0,ok,train
05202,202,202,laugh,laugh,,10,bone_vector126\202\05202.npy,0,ok,train
06202,202,202,laugh,laugh,,13,bone_vector126\202\06202.npy,0,ok,validation
07202,202,202,laugh,laugh,,10,bone_vector126\202\07202.npy,0,ok,train
08202,202,202,laugh,laugh,,14,bone_vector126\202\08202.npy,0,ok,train
09202,202,202,laugh,laugh,,15,bone_vector126\202\09202.npy,0,ok,validation
01203,203,203,throw,throw,,10,bone_vector126\203\01203.npy,0,ok,train
02203,203,203,throw,throw,,15,bone_vector126\203\02203.npy,0,ok,train
03203,203,203,throw,throw,,10,bone_vector126\203\03203.npy,0,ok,train
04203,203,203,throw,throw,,10,bone_vector126\203\04203.npy,0,ok,train
05203,203,203,throw,throw,,22,bone_vector126\203\05203.npy,0,ok,test
06203,203,203,throw,throw,,12,bone_vector126\203\06203.npy,0,ok,train
08203,203,203,throw,throw,,11,bone_vector126\203\08203.npy,0,ok,train
09203,203,203,throw,throw,,9,bone_vector126\203\09203.npy,0,ok,train
01204,204,204,order,order,,14,bone_vector126\204\01204.npy,0,ok,train
02204,204,204,order,order,,10,bone_vector126\204\02204.npy,0,ok,train
03204,204,204,order,order,,14,bone_vector126\204\03204.npy,0,ok,test
04204,204,204,order,order,,12,bone_vector126\204\04204.npy,0,ok,train
05204,204,204,order,order,,10,bone_vector126\204\05204.npy,0,ok,train
06204,204,204,order,order,,10,bone_vector126\204\06204.npy,0,ok,test
07204,204,204,order,order,,10,bone_vector126\204\07204.npy,0,ok,train
08204,204,204,order,order,,14,bone_vector126\204\08204.npy,0,ok,test
09204,204,204,order,order,,12,bone_vector126\204\09204.npy,0,ok,train
01205,205,205,clean,clean,,13,bone_vector126\205\01205.npy,0,ok,train
02205,205,205,clean,clean,,22,bone_vector126\205\02205.npy,0,ok,train
03205,205,205,clean,clean,,12,bone_vector126\205\03205.npy,0,ok,train
04205,205,205,clean,clean,,12,bone_vector126\205\04205.npy,0,ok,validation
05205,205,205,clean,clean,,12,bone_vector126\205\05205.npy,0,ok,train
06205,205,205,clean,clean,,13,bone_vector126\205\06205.npy,0,ok,train
07205,205,205,clean,clean,,17,bone_vector126\205\07205.npy,0,ok,train
08205,205,205,clean,clean,,13,bone_vector126\205\08205.npy,0,ok,test
09205,205,205,clean,clean,,14,bone_vector126\205\09205.npy,0,ok,train
01206,206,206,actor,actor,Professions,14,bone_vector126\206\01206.npy,0,ok,validation
02206,206,206,actor,actor,Professions,19,bone_vector126\206\02206.npy,0,ok,train
03206,206,206,actor,actor,Professions,12,bone_vector126\206\03206.npy,0,ok,train
04206,206,206,actor,actor,Professions,15,bone_vector126\206\04206.npy,0,ok,train
05206,206,206,actor,actor,Professions,12,bone_vector126\206\05206.npy,0,ok,train
06206,206,206,actor,actor,Professions,11,bone_vector126\206\06206.npy,0,ok,train
07206,206,206,actor,actor,Professions,12,bone_vector126\206\07206.npy,0,ok,train
08206,206,206,actor,actor,Professions,15,bone_vector126\206\08206.npy,0,ok,test
09206,206,206,actor,actor,Professions,18,bone_vector126\206\09206.npy,0,ok,train
01207,207,207,firefighter,firefighter,,16,bone_vector126\207\01207.npy,0,ok,train
02207,207,207,firefighter,firefighter,,27,bone_vector126\207\02207.npy,0,ok,train
03207,207,207,firefighter,firefighter,,30,bone_vector126\207\03207.npy,0,ok,validation
04207,207,207,firefighter,firefighter,,15,bone_vector126\207\04207.npy,0,ok,train
05207,207,207,firefighter,firefighter,,13,bone_vector126\207\05207.npy,0,ok,train
06207,207,207,firefighter,firefighter,,14,bone_vector126\207\06207.npy,0,ok,test
07207,207,207,firefighter,firefighter,,13,bone_vector126\207\07207.npy,0,ok,train
08207,207,207,firefighter,firefighter,,13,bone_vector126\207\08207.npy,0,ok,train
09207,207,207,firefighter,firefighter,,18,bone_vector126\207\09207.npy,0,ok,test
01208,208,208,doctor,doctor,,16,bone_vector126\208\01208.npy,0,ok,test
02208,208,208,doctor,doctor,,18,bone_vector126\208\02208.npy,0,ok,validation
03208,208,208,doctor,doctor,,15,bone_vector126\208\03208.npy,0,ok,validation
04208,208,208,doctor,doctor,,10,bone_vector126\208\04208.npy,0,ok,train
05208,208,208,doctor,doctor,,14,bone_vector126\208\05208.npy,0,ok,train
06208,208,208,doctor,doctor,,11,bone_vector126\208\06208.npy,0,ok,train
07208,208,208,doctor,doctor,,11,bone_vector126\208\07208.npy,0,ok,test
09208,208,208,doctor,doctor,,13,bone_vector126\208\09208.npy,0,ok,train
01209,209,209,teacher,teacher,,14,bone_vector126\209\01209.npy,0,ok,validation
02209,209,209,teacher,teacher,,22,bone_vector126\209\02209.npy,0,ok,train
03209,209,209,teacher,teacher,,12,bone_vector126\209\03209.npy,0,ok,validation
04209,209,209,teacher,teacher,,8,bone_vector126\209\04209.npy,0,ok,validation
05209,209,209,teacher,teacher,,10,bone_vector126\209\05209.npy,0,ok,train
06209,209,209,teacher,teacher,,12,bone_vector126\209\06209.npy,0,ok,validation
07209,209,209,teacher,teacher,,12,bone_vector126\209\07209.npy,0,ok,train
08209,209,209,teacher,teacher,,12,bone_vector126\209\08209.npy,0,ok,validation
09209,209,209,teacher,teacher,,13,bone_vector126\209\09209.npy,0,ok,train
01210,210,210,waiter,waiter,,22,bone_vector126\210\01210.npy,0,ok,train
02210,210,210,waiter,waiter,,20,bone_vector126\210\02210.npy,0,ok,train
03210,210,210,waiter,waiter,,12,bone_vector126\210\03210.npy,0,ok,train
04210,210,210,waiter,waiter,,11,bone_vector126\210\04210.npy,0,ok,train
05210,210,210,waiter,waiter,,12,bone_vector126\210\05210.npy,0,ok,train
06210,210,210,waiter,waiter,,14,bone_vector126\210\06210.npy,0,ok,train
07210,210,210,waiter,waiter,,12,bone_vector126\210\07210.npy,0,ok,train
08210,210,210,waiter,waiter,,12,bone_vector126\210\08210.npy,0,ok,train
09210,210,210,waiter,waiter,,18,bone_vector126\210\09210.npy,0,ok,train
01211,211,211,police,police,,13,bone_vector126\211\01211.npy,0,ok,train
02211,211,211,police,police,,18,bone_vector126\211\02211.npy,0,ok,train
03211,211,211,police,police,,8,bone_vector126\211\03211.npy,0,ok,train
04211,211,211,police,police,,12,bone_vector126\211\04211.npy,0,ok,validation
05211,211,211,police,police,,15,bone_vector126\211\05211.npy,0,ok,validation
06211,211,211,police,police,,10,bone_vector126\211\06211.npy,0,ok,train
07211,211,211,police,police,,12,bone_vector126\211\07211.npy,0,ok,train
08211,211,211,police,police,,12,bone_vector126\211\08211.npy,0,ok,train
09211,211,211,police,police,,14,bone_vector126\211\09211.npy,0,ok,train
01212,212,212,president,president,,14,bone_vector126\212\01212.npy,0,ok,train
02212,212,212,president,president,,13,bone_vector126\212\02212.npy,0,ok,train
03212,212,212,president,president,,12,bone_vector126\212\03212.npy,0,ok,train
04212,212,212,president,president,,10,bone_vector126\212\04212.npy,0,ok,train
05212,212,212,president,president,,12,bone_vector126\212\05212.npy,0,ok,train
06212,212,212,president,president,,13,bone_vector126\212\06212.npy,0,ok,train
07212,212,212,president,president,,11,bone_vector126\212\07212.npy,0,ok,train
08212,212,212,president,president,,11,bone_vector126\212\08212.npy,0,ok,validation
09212,212,212,president,president,,13,bone_vector126\212\09212.npy,0,ok,train
01213,213,213,secretary,secretary,,10,bone_vector126\213\01213.npy,0,ok,train
02213,213,213,secretary,secretary,,19,bone_vector126\213\02213.npy,0,ok,train
03213,213,213,secretary,secretary,,14,bone_vector126\213\03213.npy,0,ok,train
04213,213,213,secretary,secretary,,14,bone_vector126\213\04213.npy,0,ok,train
05213,213,213,secretary,secretary,,14,bone_vector126\213\05213.npy,0,ok,train
06213,213,213,secretary,secretary,,14,bone_vector126\213\06213.npy,0,ok,train
07213,213,213,secretary,secretary,,12,bone_vector126\213\07213.npy,0,ok,validation
08213,213,213,secretary,secretary,,14,bone_vector126\213\08213.npy,0,ok,train
09213,213,213,secretary,secretary,,15,bone_vector126\213\09213.npy,0,ok,test
01214,214,214,carpenter,carpenter,,32,bone_vector126\214\01214.npy,0,ok,validation
02214,214,214,carpenter,carpenter,,17,bone_vector126\214\02214.npy,0,ok,train
03214,214,214,carpenter,carpenter,,15,bone_vector126\214\03214.npy,0,ok,train
04214,214,214,carpenter,carpenter,,13,bone_vector126\214\04214.npy,0,ok,train
05214,214,214,carpenter,carpenter,,13,bone_vector126\214\05214.npy,0,ok,train
06214,214,214,carpenter,carpenter,,13,bone_vector126\214\06214.npy,0,ok,train
07214,214,214,carpenter,carpenter,,13,bone_vector126\214\07214.npy,0,ok,train
08214,214,214,carpenter,carpenter,,14,bone_vector126\214\08214.npy,0,ok,validation
09214,214,214,carpenter,carpenter,,14,bone_vector126\214\09214.npy,0,ok,train
01215,215,215,mechanic,mechanic,,11,bone_vector126\215\01215.npy,0,ok,train
02215,215,215,mechanic,mechanic,,13,bone_vector126\215\02215.npy,0,ok,validation
03215,215,215,mechanic,mechanic,,14,bone_vector126\215\03215.npy,0,ok,train
04215,215,215,mechanic,mechanic,,14,bone_vector126\215\04215.npy,0,ok,train
05215,215,215,mechanic,mechanic,,15,bone_vector126\215\05215.npy,0,ok,train
06215,215,215,mechanic,mechanic,,14,bone_vector126\215\06215.npy,0,ok,train
07215,215,215,mechanic,mechanic,,13,bone_vector126\215\07215.npy,0,ok,train
08215,215,215,mechanic,mechanic,,14,bone_vector126\215\08215.npy,0,ok,validation
09215,215,215,mechanic,mechanic,,15,bone_vector126\215\09215.npy,0,ok,train
01216,216,216,shoemaker,shoemaker,,33,bone_vector126\216\01216.npy,0,ok,test
02216,216,216,shoemaker,shoemaker,,10,bone_vector126\216\02216.npy,0,ok,train
03216,216,216,shoemaker,shoemaker,,16,bone_vector126\216\03216.npy,0,ok,validation
04216,216,216,shoemaker,shoemaker,,15,bone_vector126\216\04216.npy,0,ok,train
05216,216,216,shoemaker,shoemaker,,12,bone_vector126\216\05216.npy,0,ok,train
06216,216,216,shoemaker,shoemaker,,15,bone_vector126\216\06216.npy,0,ok,train
07216,216,216,shoemaker,shoemaker,,14,bone_vector126\216\07216.npy,0,ok,train
08216,216,216,shoemaker,shoemaker,,14,bone_vector126\216\08216.npy,0,ok,train
09216,216,216,shoemaker,shoemaker,,16,bone_vector126\216\09216.npy,0,ok,train
01217,217,217,stylist,stylist,,12,bone_vector126\217\01217.npy,0,ok,train
02217,217,217,stylist,stylist,,16,bone_vector126\217\02217.npy,0,ok,validation
03217,217,217,stylist,stylist,,14,bone_vector126\217\03217.npy,0,ok,train
04217,217,217,stylist,stylist,,10,bone_vector126\217\04217.npy,0,ok,train
05217,217,217,stylist,stylist,,12,bone_vector126\217\05217.npy,0,ok,train
06217,217,217,stylist,stylist,,15,bone_vector126\217\06217.npy,0,ok,train
07217,217,217,stylist,stylist,,11,bone_vector126\217\07217.npy,0,ok,train
08217,217,217,stylist,stylist,,13,bone_vector126\217\08217.npy,0,ok,train
09217,217,217,stylist,stylist,,13,bone_vector126\217\09217.npy,0,ok,validation
01218,218,218,sewing,sewing,,11,bone_vector126\218\01218.npy,0,ok,validation
02218,218,218,sewing,sewing,,13,bone_vector126\218\02218.npy,0,ok,train
03218,218,218,sewing,sewing,,15,bone_vector126\218\03218.npy,0,ok,train
04218,218,218,sewing,sewing,,16,bone_vector126\218\04218.npy,0,ok,validation
05218,218,218,sewing,sewing,,13,bone_vector126\218\05218.npy,0,ok,train
06218,218,218,sewing,sewing,,13,bone_vector126\218\06218.npy,0,ok,train
07218,218,218,sewing,sewing,,11,bone_vector126\218\07218.npy,0,ok,train
08218,218,218,sewing,sewing,,12,bone_vector126\218\08218.npy,0,ok,train
09218,218,218,sewing,sewing,,15,bone_vector126\218\09218.npy,0,ok,train
01219,219,219,aguascalientes,aguascalientes,States of México,12,bone_vector126\219\01219.npy,0,ok,train
02219,219,219,aguascalientes,aguascalientes,States of México,18,bone_vector126\219\02219.npy,0,ok,test
03219,219,219,aguascalientes,aguascalientes,States of México,12,bone_vector126\219\03219.npy,0,ok,test
04219,219,219,aguascalientes,aguascalientes,States of México,11,bone_vector126\219\04219.npy,0,ok,train
05219,219,219,aguascalientes,aguascalientes,States of México,11,bone_vector126\219\05219.npy,0,ok,train
06219,219,219,aguascalientes,aguascalientes,States of México,14,bone_vector126\219\06219.npy,0,ok,train
07219,219,219,aguascalientes,aguascalientes,States of México,11,bone_vector126\219\07219.npy,0,ok,train
08219,219,219,aguascalientes,aguascalientes,States of México,11,bone_vector126\219\08219.npy,0,ok,train
09219,219,219,aguascalientes,aguascalientes,States of México,14,bone_vector126\219\09219.npy,0,ok,train
01220,220,220,b_c_norte,b_c_norte,,11,bone_vector126\220\01220.npy,0,ok,validation
02220,220,220,b_c_norte,b_c_norte,,18,bone_vector126\220\02220.npy,0,ok,train
03220,220,220,b_c_norte,b_c_norte,,13,bone_vector126\220\03220.npy,0,ok,train
04220,220,220,b_c_norte,b_c_norte,,13,bone_vector126\220\04220.npy,0,ok,train
05220,220,220,b_c_norte,b_c_norte,,17,bone_vector126\220\05220.npy,0,ok,validation
06220,220,220,b_c_norte,b_c_norte,,14,bone_vector126\220\06220.npy,0,ok,train
07220,220,220,b_c_norte,b_c_norte,,14,bone_vector126\220\07220.npy,0,ok,train
08220,220,220,b_c_norte,b_c_norte,,13,bone_vector126\220\08220.npy,0,ok,validation
09220,220,220,b_c_norte,b_c_norte,,15,bone_vector126\220\09220.npy,0,ok,train
01221,221,221,b_c_sur,b_c_sur,,10,bone_vector126\221\01221.npy,0,ok,train
02221,221,221,b_c_sur,b_c_sur,,15,bone_vector126\221\02221.npy,0,ok,train
03221,221,221,b_c_sur,b_c_sur,,11,bone_vector126\221\03221.npy,0,ok,train
04221,221,221,b_c_sur,b_c_sur,,11,bone_vector126\221\04221.npy,0,ok,test
05221,221,221,b_c_sur,b_c_sur,,13,bone_vector126\221\05221.npy,0,ok,validation
06221,221,221,b_c_sur,b_c_sur,,12,bone_vector126\221\06221.npy,0,ok,train
07221,221,221,b_c_sur,b_c_sur,,11,bone_vector126\221\07221.npy,0,ok,train
08221,221,221,b_c_sur,b_c_sur,,11,bone_vector126\221\08221.npy,0,ok,train
09221,221,221,b_c_sur,b_c_sur,,14,bone_vector126\221\09221.npy,0,ok,train
01222,222,222,campeche,campeche,,15,bone_vector126\222\01222.npy,0,ok,train
02222,222,222,campeche,campeche,,17,bone_vector126\222\02222.npy,0,ok,train
03222,222,222,campeche,campeche,,15,bone_vector126\222\03222.npy,0,ok,train
04222,222,222,campeche,campeche,,13,bone_vector126\222\04222.npy,0,ok,validation
05222,222,222,campeche,campeche,,11,bone_vector126\222\05222.npy,0,ok,train
06222,222,222,campeche,campeche,,12,bone_vector126\222\06222.npy,0,ok,train
07222,222,222,campeche,campeche,,12,bone_vector126\222\07222.npy,0,ok,train
08222,222,222,campeche,campeche,,11,bone_vector126\222\08222.npy,0,ok,train
09222,222,222,campeche,campeche,,14,bone_vector126\222\09222.npy,0,ok,test
01223,223,223,coahuila,coahuila,,11,bone_vector126\223\01223.npy,0,ok,validation
02223,223,223,coahuila,coahuila,,8,bone_vector126\223\02223.npy,0,ok,train
03223,223,223,coahuila,coahuila,,15,bone_vector126\223\03223.npy,0,ok,test
04223,223,223,coahuila,coahuila,,11,bone_vector126\223\04223.npy,0,ok,test
05223,223,223,coahuila,coahuila,,10,bone_vector126\223\05223.npy,0,ok,train
06223,223,223,coahuila,coahuila,,11,bone_vector126\223\06223.npy,0,ok,validation
07223,223,223,coahuila,coahuila,,14,bone_vector126\223\07223.npy,0,ok,test
08223,223,223,coahuila,coahuila,,12,bone_vector126\223\08223.npy,0,ok,train
09223,223,223,coahuila,coahuila,,7,bone_vector126\223\09223.npy,0,ok,train
01224,224,224,colima,colima,,13,bone_vector126\224\01224.npy,0,ok,validation
02224,224,224,colima,colima,,14,bone_vector126\224\02224.npy,0,ok,train
04224,224,224,colima,colima,,14,bone_vector126\224\04224.npy,0,ok,test
05224,224,224,colima,colima,,11,bone_vector126\224\05224.npy,0,ok,train
06224,224,224,colima,colima,,12,bone_vector126\224\06224.npy,0,ok,train
07224,224,224,colima,colima,,13,bone_vector126\224\07224.npy,0,ok,train
08224,224,224,colima,colima,,10,bone_vector126\224\08224.npy,0,ok,train
09224,224,224,colima,colima,,7,bone_vector126\224\09224.npy,0,ok,train
01225,225,225,chiapas,chiapas,,17,bone_vector126\225\01225.npy,0,ok,train
02225,225,225,chiapas,chiapas,,13,bone_vector126\225\02225.npy,0,ok,train
03225,225,225,chiapas,chiapas,,15,bone_vector126\225\03225.npy,0,ok,train
04225,225,225,chiapas,chiapas,,12,bone_vector126\225\04225.npy,0,ok,train
05225,225,225,chiapas,chiapas,,10,bone_vector126\225\05225.npy,0,ok,train
06225,225,225,chiapas,chiapas,,15,bone_vector126\225\06225.npy,0,ok,train
07225,225,225,chiapas,chiapas,,11,bone_vector126\225\07225.npy,0,ok,train
08225,225,225,chiapas,chiapas,,12,bone_vector126\225\08225.npy,0,ok,train
09225,225,225,chiapas,chiapas,,6,bone_vector126\225\09225.npy,0,ok,train
01226,226,226,chihuahua,chihuahua,,13,bone_vector126\226\01226.npy,0,ok,train
02226,226,226,chihuahua,chihuahua,,8,bone_vector126\226\02226.npy,0,ok,train
03226,226,226,chihuahua,chihuahua,,15,bone_vector126\226\03226.npy,0,ok,train
04226,226,226,chihuahua,chihuahua,,15,bone_vector126\226\04226.npy,0,ok,train
05226,226,226,chihuahua,chihuahua,,14,bone_vector126\226\05226.npy,0,ok,test
06226,226,226,chihuahua,chihuahua,,14,bone_vector126\226\06226.npy,0,ok,validation
07226,226,226,chihuahua,chihuahua,,12,bone_vector126\226\07226.npy,0,ok,train
08226,226,226,chihuahua,chihuahua,,17,bone_vector126\226\08226.npy,0,ok,train
09226,226,226,chihuahua,chihuahua,,9,bone_vector126\226\09226.npy,0,ok,train
01227,227,227,sinaloa,sinaloa,,15,bone_vector126\227\01227.npy,0,ok,train
02227,227,227,sinaloa,sinaloa,,18,bone_vector126\227\02227.npy,0,ok,test
03227,227,227,sinaloa,sinaloa,,11,bone_vector126\227\03227.npy,0,ok,train
04227,227,227,sinaloa,sinaloa,,12,bone_vector126\227\04227.npy,0,ok,train
05227,227,227,sinaloa,sinaloa,,11,bone_vector126\227\05227.npy,0,ok,validation
06227,227,227,sinaloa,sinaloa,,15,bone_vector126\227\06227.npy,0,ok,train
07227,227,227,sinaloa,sinaloa,,14,bone_vector126\227\07227.npy,0,ok,train
08227,227,227,sinaloa,sinaloa,,14,bone_vector126\227\08227.npy,0,ok,train
09227,227,227,sinaloa,sinaloa,,14,bone_vector126\227\09227.npy,0,ok,train
01228,228,228,durango,durango,,14,bone_vector126\228\01228.npy,0,ok,validation
02228,228,228,durango,durango,,20,bone_vector126\228\02228.npy,0,ok,train
03228,228,228,durango,durango,,15,bone_vector126\228\03228.npy,0,ok,test
04228,228,228,durango,durango,,13,bone_vector126\228\04228.npy,0,ok,train
05228,228,228,durango,durango,,12,bone_vector126\228\05228.npy,0,ok,train
06228,228,228,durango,durango,,15,bone_vector126\228\06228.npy,0,ok,validation
07228,228,228,durango,durango,,13,bone_vector126\228\07228.npy,0,ok,train
07229,228,228,durango,durango,,13,bone_vector126\228\07229.npy,0,ok,test
08228,228,228,durango,durango,,14,bone_vector126\228\08228.npy,0,ok,train
09228,228,228,durango,durango,,14,bone_vector126\228\09228.npy,0,ok,train
01229,229,229,guanajuato,guanajuato,,12,bone_vector126\229\01229.npy,0,ok,test
02229,229,229,guanajuato,guanajuato,,21,bone_vector126\229\02229.npy,0,ok,train
03229,229,229,guanajuato,guanajuato,,14,bone_vector126\229\03229.npy,0,ok,test
04229,229,229,guanajuato,guanajuato,,12,bone_vector126\229\04229.npy,0,ok,train
05229,229,229,guanajuato,guanajuato,,12,bone_vector126\229\05229.npy,0,ok,validation
06229,229,229,guanajuato,guanajuato,,14,bone_vector126\229\06229.npy,0,ok,validation
08229,229,229,guanajuato,guanajuato,,12,bone_vector126\229\08229.npy,0,ok,train
09229,229,229,guanajuato,guanajuato,,16,bone_vector126\229\09229.npy,0,ok,validation
01230,230,230,guerrero,guerrero,,13,bone_vector126\230\01230.npy,0,ok,validation
02230,230,230,guerrero,guerrero,,24,bone_vector126\230\02230.npy,0,ok,validation
03230,230,230,guerrero,guerrero,,12,bone_vector126\230\03230.npy,0,ok,test
04230,230,230,guerrero,guerrero,,12,bone_vector126\230\04230.npy,0,ok,validation
05230,230,230,guerrero,guerrero,,12,bone_vector126\230\05230.npy,0,ok,train
06230,230,230,guerrero,guerrero,,14,bone_vector126\230\06230.npy,0,ok,train
07230,230,230,guerrero,guerrero,,13,bone_vector126\230\07230.npy,0,ok,train
08230,230,230,guerrero,guerrero,,15,bone_vector126\230\08230.npy,0,ok,test
09230,230,230,guerrero,guerrero,,11,bone_vector126\230\09230.npy,0,ok,train
01231,231,231,hidalgo,hidalgo,,15,bone_vector126\231\01231.npy,0,ok,train
02231,231,231,hidalgo,hidalgo,,19,bone_vector126\231\02231.npy,0,ok,train
03231,231,231,hidalgo,hidalgo,,11,bone_vector126\231\03231.npy,0,ok,train
04231,231,231,hidalgo,hidalgo,,12,bone_vector126\231\04231.npy,0,ok,train
05231,231,231,hidalgo,hidalgo,,12,bone_vector126\231\05231.npy,0,ok,validation
06231,231,231,hidalgo,hidalgo,,14,bone_vector126\231\06231.npy,0,ok,test
07231,231,231,hidalgo,hidalgo,,12,bone_vector126\231\07231.npy,0,ok,train
08231,231,231,hidalgo,hidalgo,,10,bone_vector126\231\08231.npy,0,ok,test
09231,231,231,hidalgo,hidalgo,,10,bone_vector126\231\09231.npy,0,ok,validation
01232,232,232,jalisco,jalisco,,10,bone_vector126\232\01232.npy,0,ok,train
02232,232,232,jalisco,jalisco,,14,bone_vector126\232\02232.npy,0,ok,train
03232,232,232,jalisco,jalisco,,11,bone_vector126\232\03232.npy,0,ok,train
04232,232,232,jalisco,jalisco,,13,bone_vector126\232\04232.npy,0,ok,test
05232,232,232,jalisco,jalisco,,10,bone_vector126\232\05232.npy,0,ok,train
06232,232,232,jalisco,jalisco,,12,bone_vector126\232\06232.npy,0,ok,test
07232,232,232,jalisco,jalisco,,12,bone_vector126\232\07232.npy,0,ok,validation
08232,232,232,jalisco,jalisco,,10,bone_vector126\232\08232.npy,0,ok,test
09232,232,232,jalisco,jalisco,,6,bone_vector126\232\09232.npy,0,ok,train
01233,233,233,mexico,mexico,,9,bone_vector126\233\01233.npy,0,ok,train
02233,233,233,mexico,mexico,,16,bone_vector126\233\02233.npy,0,ok,test
03233,233,233,mexico,mexico,,10,bone_vector126\233\03233.npy,0,ok,test
04233,233,233,mexico,mexico,,11,bone_vector126\233\04233.npy,0,ok,train
05233,233,233,mexico,mexico,,11,bone_vector126\233\05233.npy,0,ok,test
06233,233,233,mexico,mexico,,12,bone_vector126\233\06233.npy,0,ok,train
07233,233,233,mexico,mexico,,14,bone_vector126\233\07233.npy,0,ok,train
08233,233,233,mexico,mexico,,14,bone_vector126\233\08233.npy,0,ok,train
09233,233,233,mexico,mexico,,11,bone_vector126\233\09233.npy,0,ok,validation
01234,234,234,michoacan,michoacan,,12,bone_vector126\234\01234.npy,0,ok,train
02234,234,234,michoacan,michoacan,,22,bone_vector126\234\02234.npy,0,ok,train
03234,234,234,michoacan,michoacan,,13,bone_vector126\234\03234.npy,0,ok,train
04234,234,234,michoacan,michoacan,,15,bone_vector126\234\04234.npy,0,ok,test
06234,234,234,michoacan,michoacan,,13,bone_vector126\234\06234.npy,0,ok,train
07234,234,234,michoacan,michoacan,,14,bone_vector126\234\07234.npy,0,ok,test
08234,234,234,michoacan,michoacan,,12,bone_vector126\234\08234.npy,0,ok,train
09234,234,234,michoacan,michoacan,,14,bone_vector126\234\09234.npy,0,ok,train
01235,235,235,morelos,morelos,,12,bone_vector126\235\01235.npy,0,ok,train
02235,235,235,morelos,morelos,,18,bone_vector126\235\02235.npy,0,ok,test
03235,235,235,morelos,morelos,,11,bone_vector126\235\03235.npy,0,ok,validation
04235,235,235,morelos,morelos,,16,bone_vector126\235\04235.npy,0,ok,train
05235,235,235,morelos,morelos,,15,bone_vector126\235\05235.npy,0,ok,test
06235,235,235,morelos,morelos,,15,bone_vector126\235\06235.npy,0,ok,train
07235,235,235,morelos,morelos,,13,bone_vector126\235\07235.npy,0,ok,test
08235,235,235,morelos,morelos,,14,bone_vector126\235\08235.npy,0,ok,train
09235,235,235,morelos,morelos,,15,bone_vector126\235\09235.npy,0,ok,train
01236,236,236,nayarit,nayarit,,10,bone_vector126\236\01236.npy,0,ok,test
02236,236,236,nayarit,nayarit,,16,bone_vector126\236\02236.npy,0,ok,test
03236,236,236,nayarit,nayarit,,10,bone_vector126\236\03236.npy,0,ok,train
04236,236,236,nayarit,nayarit,,10,bone_vector126\236\04236.npy,0,ok,train
05236,236,236,nayarit,nayarit,,14,bone_vector126\236\05236.npy,0,ok,train
06236,236,236,nayarit,nayarit,,14,bone_vector126\236\06236.npy,0,ok,train
07236,236,236,nayarit,nayarit,,12,bone_vector126\236\07236.npy,0,ok,train
08236,236,236,nayarit,nayarit,,17,bone_vector126\236\08236.npy,0,ok,validation
09236,236,236,nayarit,nayarit,,13,bone_vector126\236\09236.npy,0,ok,train
01237,237,237,nuevo_leon,nuevo_leon,,11,bone_vector126\237\01237.npy,0,ok,validation
02237,237,237,nuevo_leon,nuevo_leon,,22,bone_vector126\237\02237.npy,0,ok,train
03237,237,237,nuevo_leon,nuevo_leon,,15,bone_vector126\237\03237.npy,0,ok,train
04237,237,237,nuevo_leon,nuevo_leon,,16,bone_vector126\237\04237.npy,0,ok,train
05237,237,237,nuevo_leon,nuevo_leon,,15,bone_vector126\237\05237.npy,0,ok,train
06237,237,237,nuevo_leon,nuevo_leon,,15,bone_vector126\237\06237.npy,0,ok,train
07237,237,237,nuevo_leon,nuevo_leon,,13,bone_vector126\237\07237.npy,0,ok,test
08237,237,237,nuevo_leon,nuevo_leon,,14,bone_vector126\237\08237.npy,0,ok,train
09237,237,237,nuevo_leon,nuevo_leon,,11,bone_vector126\237\09237.npy,0,ok,train
01238,238,238,oaxaca,oaxaca,,10,bone_vector126\238\01238.npy,0,ok,train
02238,238,238,oaxaca,oaxaca,,18,bone_vector126\238\02238.npy,0,ok,validation
03238,238,238,oaxaca,oaxaca,,12,bone_vector126\238\03238.npy,0,ok,test
04238,238,238,oaxaca,oaxaca,,13,bone_vector126\238\04238.npy,0,ok,train
05238,238,238,oaxaca,oaxaca,,15,bone_vector126\238\05238.npy,0,ok,train
06238,238,238,oaxaca,oaxaca,,15,bone_vector126\238\06238.npy,0,ok,train
07238,238,238,oaxaca,oaxaca,,14,bone_vector126\238\07238.npy,0,ok,train
08238,238,238,oaxaca,oaxaca,,12,bone_vector126\238\08238.npy,0,ok,train
09238,238,238,oaxaca,oaxaca,,13,bone_vector126\238\09238.npy,0,ok,test
01239,239,239,puebla,puebla,,10,bone_vector126\239\01239.npy,0,ok,validation
02239,239,239,puebla,puebla,,18,bone_vector126\239\02239.npy,0,ok,train
03239,239,239,puebla,puebla,,11,bone_vector126\239\03239.npy,0,ok,train
04239,239,239,puebla,puebla,,12,bone_vector126\239\04239.npy,0,ok,test
05239,239,239,puebla,puebla,,15,bone_vector126\239\05239.npy,0,ok,train
06239,239,239,puebla,puebla,,14,bone_vector126\239\06239.npy,0,ok,train
07239,239,239,puebla,puebla,,14,bone_vector126\239\07239.npy,0,ok,train
08239,239,239,puebla,puebla,,14,bone_vector126\239\08239.npy,0,ok,train
09239,239,239,puebla,puebla,,13,bone_vector126\239\09239.npy,0,ok,test
01240,240,240,queretaro,queretaro,,12,bone_vector126\240\01240.npy,0,ok,train
02240,240,240,queretaro,queretaro,,16,bone_vector126\240\02240.npy,0,ok,train
03240,240,240,queretaro,queretaro,,11,bone_vector126\240\03240.npy,0,ok,train
04240,240,240,queretaro,queretaro,,19,bone_vector126\240\04240.npy,0,ok,train
05240,240,240,queretaro,queretaro,,11,bone_vector126\240\05240.npy,0,ok,train
06240,240,240,queretaro,queretaro,,14,bone_vector126\240\06240.npy,0,ok,validation
07240,240,240,queretaro,queretaro,,13,bone_vector126\240\07240.npy,0,ok,train
08240,240,240,queretaro,queretaro,,11,bone_vector126\240\08240.npy,0,ok,train
09240,240,240,queretaro,queretaro,,17,bone_vector126\240\09240.npy,0,ok,train
01241,241,241,quintana_roo,quintana_roo,,6,bone_vector126\241\01241.npy,0,ok,train
02241,241,241,quintana_roo,quintana_roo,,13,bone_vector126\241\02241.npy,0,ok,train
03241,241,241,quintana_roo,quintana_roo,,12,bone_vector126\241\03241.npy,0,ok,validation
04241,241,241,quintana_roo,quintana_roo,,15,bone_vector126\241\04241.npy,0,ok,test
05241,241,241,quintana_roo,quintana_roo,,11,bone_vector126\241\05241.npy,0,ok,test
06241,241,241,quintana_roo,quintana_roo,,13,bone_vector126\241\06241.npy,0,ok,train
07241,241,241,quintana_roo,quintana_roo,,12,bone_vector126\241\07241.npy,0,ok,train
08241,241,241,quintana_roo,quintana_roo,,11,bone_vector126\241\08241.npy,0,ok,train
09241,241,241,quintana_roo,quintana_roo,,8,bone_vector126\241\09241.npy,0,ok,validation
01242,242,242,san_luis_potosi,san_luis_potosi,,11,bone_vector126\242\01242.npy,0,ok,train
02242,242,242,san_luis_potosi,san_luis_potosi,,10,bone_vector126\242\02242.npy,0,ok,train
03242,242,242,san_luis_potosi,san_luis_potosi,,12,bone_vector126\242\03242.npy,0,ok,train
05242,242,242,san_luis_potosi,san_luis_potosi,,12,bone_vector126\242\05242.npy,0,ok,test
06242,242,242,san_luis_potosi,san_luis_potosi,,12,bone_vector126\242\06242.npy,0,ok,train
07242,242,242,san_luis_potosi,san_luis_potosi,,12,bone_vector126\242\07242.npy,0,ok,test
08242,242,242,san_luis_potosi,san_luis_potosi,,11,bone_vector126\242\08242.npy,0,ok,train
09242,242,242,san_luis_potosi,san_luis_potosi,,8,bone_vector126\242\09242.npy,0,ok,train
01243,243,243,sonora,sonora,,9,bone_vector126\243\01243.npy,0,ok,train
02243,243,243,sonora,sonora,,15,bone_vector126\243\02243.npy,0,ok,train
03243,243,243,sonora,sonora,,10,bone_vector126\243\03243.npy,0,ok,train
04243,243,243,sonora,sonora,,15,bone_vector126\243\04243.npy,0,ok,train
06243,243,243,sonora,sonora,,12,bone_vector126\243\06243.npy,0,ok,train
07243,243,243,sonora,sonora,,12,bone_vector126\243\07243.npy,0,ok,train
08243,243,243,sonora,sonora,,11,bone_vector126\243\08243.npy,0,ok,train
09243,243,243,sonora,sonora,,18,bone_vector126\243\09243.npy,0,ok,train
01244,244,244,tabasco,tabasco,,11,bone_vector126\244\01244.npy,0,ok,train
02244,244,244,tabasco,tabasco,,18,bone_vector126\244\02244.npy,0,ok,train
03244,244,244,tabasco,tabasco,,11,bone_vector126\244\03244.npy,0,ok,test
04244,244,244,tabasco,tabasco,,14,bone_vector126\244\04244.npy,0,ok,train
05244,244,244,tabasco,tabasco,,11,bone_vector126\244\05244.npy,0,ok,validation
06244,244,244,tabasco,tabasco,,15,bone_vector126\244\06244.npy,0,ok,train
07244,244,244,tabasco,tabasco,,13,bone_vector126\244\07244.npy,0,ok,validation
08244,244,244,tabasco,tabasco,,13,bone_vector126\244\08244.npy,0,ok,train
09244,244,244,tabasco,tabasco,,14,bone_vector126\244\09244.npy,0,ok,train
02245,245,245,tamaulipas,tamaulipas,,23,bone_vector126\245\02245.npy,0,ok,test
03245,245,245,tamaulipas,tamaulipas,,13,bone_vector126\245\03245.npy,0,ok,train
04245,245,245,tamaulipas,tamaulipas,,17,bone_vector126\245\04245.npy,0,ok,train
05245,245,245,tamaulipas,tamaulipas,,12,bone_vector126\245\05245.npy,0,ok,test
06245,245,245,tamaulipas,tamaulipas,,12,bone_vector126\245\06245.npy,0,ok,train
07245,245,245,tamaulipas,tamaulipas,,11,bone_vector126\245\07245.npy,0,ok,validation
08245,245,245,tamaulipas,tamaulipas,,15,bone_vector126\245\08245.npy,0,ok,train
09245,245,245,tamaulipas,tamaulipas,,14,bone_vector126\245\09245.npy,0,ok,train
01246,246,246,tlaxcala,tlaxcala,,13,bone_vector126\246\01246.npy,0,ok,train
02246,246,246,tlaxcala,tlaxcala,,9,bone_vector126\246\02246.npy,0,ok,validation
03246,246,246,tlaxcala,tlaxcala,,11,bone_vector126\246\03246.npy,0,ok,train
04246,246,246,tlaxcala,tlaxcala,,13,bone_vector126\246\04246.npy,0,ok,train
05246,246,246,tlaxcala,tlaxcala,,13,bone_vector126\246\05246.npy,0,ok,train
06246,246,246,tlaxcala,tlaxcala,,12,bone_vector126\246\06246.npy,0,ok,train
07246,246,246,tlaxcala,tlaxcala,,11,bone_vector126\246\07246.npy,0,ok,train
08246,246,246,tlaxcala,tlaxcala,,11,bone_vector126\246\08246.npy,0,ok,train
09246,246,246,tlaxcala,tlaxcala,,7,bone_vector126\246\09246.npy,0,ok,train
01247,247,247,veracruz,veracruz,,11,bone_vector126\247\01247.npy,0,ok,train
02247,247,247,veracruz,veracruz,,18,bone_vector126\247\02247.npy,0,ok,train
03247,247,247,veracruz,veracruz,,12,bone_vector126\247\03247.npy,0,ok,train
04247,247,247,veracruz,veracruz,,13,bone_vector126\247\04247.npy,0,ok,train
05247,247,247,veracruz,veracruz,,12,bone_vector126\247\05247.npy,0,ok,validation
06247,247,247,veracruz,veracruz,,14,bone_vector126\247\06247.npy,0,ok,train
07247,247,247,veracruz,veracruz,,13,bone_vector126\247\07247.npy,0,ok,test
08247,247,247,veracruz,veracruz,,15,bone_vector126\247\08247.npy,0,ok,train
09247,247,247,veracruz,veracruz,,14,bone_vector126\247\09247.npy,0,ok,train
01248,248,248,yucatan,yucatan,,10,bone_vector126\248\01248.npy,0,ok,validation
02248,248,248,yucatan,yucatan,,16,bone_vector126\248\02248.npy,0,ok,train
03248,248,248,yucatan,yucatan,,10,bone_vector126\248\03248.npy,0,ok,train
04248,248,248,yucatan,yucatan,,15,bone_vector126\248\04248.npy,0,ok,validation
05248,248,248,yucatan,yucatan,,11,bone_vector126\248\05248.npy,0,ok,validation
06248,248,248,yucatan,yucatan,,15,bone_vector126\248\06248.npy,0,ok,test
07248,248,248,yucatan,yucatan,,11,bone_vector126\248\07248.npy,0,ok,train
08248,248,248,yucatan,yucatan,,13,bone_vector126\248\08248.npy,0,ok,train
09248,248,248,yucatan,yucatan,,11,bone_vector126\248\09248.npy,0,ok,train
01249,249,249,zacatecas,zacatecas,,10,bone_vector126\249\01249.npy,0,ok,train
02249,249,249,zacatecas,zacatecas,,16,bone_vector126\249\02249.npy,0,ok,train
03249,249,249,zacatecas,zacatecas,,14,bone_vector126\249\03249.npy,0,ok,train
04249,249,249,zacatecas,zacatecas,,10,bone_vector126\249\04249.npy,0,ok,train
05249,249,249,zacatecas,zacatecas,,12,bone_vector126\249\05249.npy,0,ok,train
06249,249,249,zacatecas,zacatecas,,13,bone_vector126\249\06249.npy,0,ok,train
07249,249,249,zacatecas,zacatecas,,12,bone_vector126\249\07249.npy,0,ok,train
08248,249,249,zacatecas,zacatecas,,13,bone_vector126\249\08248.npy,0,ok,train
09249,249,249,zacatecas,zacatecas,,12,bone_vector126\249\09249.npy,0,ok,train
